application_id,application_time,credit_score,annual_income,debt_to_income,employment_length,loan_amount,loan_purpose,home_ownership,number_of_delinquent_accounts,delinquent_months,months_since_last_delinquent,revolving_utilization,inquiries_last_6m,model_score,probability_of_default,risk_rating,application_status,actual_default,past_due_days,score_band,income_band
CS000000,2025-01-16 15:26:26,688,97529,17.8,1,18491,credit_card,RENT,0,0,0,43.0,0,704,0.0166,LOW,APPROVED,0,0,700-800,75-100K
CS000001,2025-02-23 08:26:38,746,96489,38.8,6,14045,major_purchase,RENT,0,0,0,67.07,0,694,0.031775,MEDIUM,APPROVED,0,0,600-700,75-100K
CS000002,2025-03-02 01:36:23,729,55304,24.16,11,39028,home_improvement,MORTGAGE,1,2,33,62.59,4,650,0.069484,HIGH,APPROVED,0,0,600-700,50-75K
CS000003,2025-04-13 04:17:41,728,73321,13.82,11,11711,credit_card,RENT,0,0,0,43.62,2,716,0.007768,LOW,APPROVED,0,0,700-800,50-75K
CS000004,2025-02-17 15:53:37,777,97784,31.45,9,16761,major_purchase,RENT,0,0,0,51.19,0,727,0.006522,LOW,APPROVED,0,0,700-800,75-100K
CS000005,2025-06-15 09:32:16,622,119318,32.33,18,35239,credit_card,MORTGAGE,0,0,0,52.78,2,603,0.199473,VERY_HIGH,APPROVED,0,0,600-700,100K+
CS000006,2025-06-12 19:41:42,654,44234,15.34,5,53601,credit_card,MORTGAGE,0,0,0,29.56,1,623,0.105823,HIGH,APPROVED,0,0,600-700,<50K
CS000007,2025-01-18 13:08:09,616,72334,42.85,4,26918,debt_consolidation,RENT,2,1,54,25.15,0,550,0.525936,VERY_HIGH,DECLINED,0,0,<600,50-75K
CS000008,2025-03-03 09:20:12,682,38686,32.61,1,34323,major_purchase,MORTGAGE,2,2,46,86.42,0,563,0.259025,VERY_HIGH,DECLINED,0,0,<600,<50K
CS000009,2025-02-21 11:25:20,743,42118,10.03,0,12508,major_purchase,RENT,0,0,0,27.79,1,819,0.001204,LOW,APPROVED,0,0,800+,<50K
CS000010,2025-03-08 14:53:05,687,60659,26.31,3,7675,credit_card,RENT,1,4,43,44.1,2,654,0.078767,HIGH,APPROVED,0,0,600-700,50-75K
CS000011,2025-03-03 11:07:27,716,57038,18.31,11,33340,home_improvement,RENT,0,0,0,55.82,2,653,0.035966,MEDIUM,APPROVED,0,0,600-700,50-75K
CS000012,2025-03-01 07:55:01,583,38276,11.0,1,16499,debt_consolidation,MORTGAGE,2,3,4,10.98,4,545,0.461806,VERY_HIGH,DECLINED,0,0,<600,<50K
CS000013,2025-01-22 19:17:26,696,41577,26.15,12,30841,credit_card,OWN,1,2,45,16.69,0,731,0.005972,LOW,APPROVED,0,0,700-800,<50K
CS000014,2025-04-16 12:20:58,638,60102,29.71,22,24842,major_purchase,MORTGAGE,3,3,3,53.55,1,565,0.329615,VERY_HIGH,DECLINED,1,60,<600,50-75K
CS000015,2025-05-29 08:28:18,786,32512,20.5,5,23293,credit_card,MORTGAGE,2,4,54,48.76,1,698,0.021273,MEDIUM,APPROVED,0,0,600-700,<50K
CS000016,2025-03-06 05:33:07,737,66664,24.96,20,20426,major_purchase,OWN,1,3,11,53.26,1,665,0.033869,MEDIUM,APPROVED,0,0,600-700,50-75K
CS000017,2025-01-28 15:29:11,740,36193,25.44,6,18802,home_improvement,MORTGAGE,2,4,3,33.85,4,694,0.014549,LOW,APPROVED,0,0,600-700,<50K
CS000018,2025-02-22 17:41:55,685,116806,22.11,9,9290,other,RENT,0,0,0,4.81,1,686,0.026932,MEDIUM,APPROVED,0,0,600-700,100K+
CS000019,2025-04-19 06:04:27,722,66890,17.59,0,10826,credit_card,RENT,1,4,30,56.23,0,727,0.011071,LOW,APPROVED,0,0,700-800,50-75K
CS000020,2025-01-19 20:56:06,724,86323,22.58,5,10497,major_purchase,OWN,0,0,0,52.22,2,680,0.023679,MEDIUM,APPROVED,0,0,600-700,75-100K
CS000021,2025-01-22 00:28:35,669,52297,33.6,1,22105,debt_consolidation,RENT,0,0,0,43.51,3,612,0.150366,HIGH,APPROVED,0,0,600-700,50-75K
CS000022,2025-02-28 17:52:45,661,101660,33.57,1,10316,major_purchase,RENT,0,0,0,19.43,0,641,0.04945,HIGH,DECLINED,0,0,600-700,100K+
CS000023,2025-01-05 10:12:52,682,77752,31.52,22,8823,debt_consolidation,RENT,1,2,20,22.38,1,640,0.09217,HIGH,APPROVED,0,0,600-700,75-100K
CS000024,2025-01-16 07:48:48,655,86451,34.13,9,31080,other,OWN,1,3,21,22.06,1,654,0.090019,HIGH,APPROVED,0,0,600-700,75-100K
CS000025,2025-06-27 02:21:23,656,64898,22.86,1,6242,debt_consolidation,MORTGAGE,1,2,20,29.86,2,627,0.112822,HIGH,APPROVED,0,60,600-700,50-75K
CS000026,2025-03-30 20:43:01,673,81901,17.24,7,4055,debt_consolidation,RENT,0,0,0,8.12,0,706,0.013448,LOW,APPROVED,0,0,700-800,75-100K
CS000027,2025-05-31 19:31:56,648,59001,11.59,15,78773,other,MORTGAGE,0,0,0,36.72,0,690,0.012026,LOW,DECLINED,0,0,600-700,50-75K
CS000028,2025-03-05 23:01:56,730,81465,33.67,0,7489,debt_consolidation,MORTGAGE,1,5,7,28.59,2,685,0.021335,MEDIUM,APPROVED,0,0,600-700,75-100K
CS000029,2025-01-17 08:18:48,600,53943,30.07,4,16841,credit_card,MORTGAGE,0,0,0,42.22,2,551,0.318994,VERY_HIGH,APPROVED,0,0,<600,50-75K
CS000030,2025-01-24 08:51:17,734,53673,21.46,9,31983,credit_card,MORTGAGE,1,2,4,46.62,0,732,0.008397,LOW,APPROVED,0,0,700-800,50-75K
CS000031,2025-05-10 06:47:24,654,66370,24.66,3,8023,home_improvement,RENT,0,0,0,20.01,1,684,0.038448,MEDIUM,APPROVED,0,0,600-700,50-75K
CS000032,2025-05-12 18:56:50,658,64865,28.1,4,14656,major_purchase,RENT,1,4,12,53.89,0,644,0.092197,HIGH,APPROVED,0,0,600-700,50-75K
CS000033,2025-02-18 22:57:30,614,60381,22.01,4,45907,debt_consolidation,MORTGAGE,1,0,2,75.79,1,619,0.125101,HIGH,APPROVED,1,90,600-700,50-75K
CS000034,2025-03-03 09:40:06,680,43612,22.0,3,10036,credit_card,OWN,0,0,0,72.85,0,667,0.042395,MEDIUM,APPROVED,0,0,600-700,<50K
CS000035,2025-06-04 12:16:17,675,54957,27.66,5,13054,credit_card,MORTGAGE,2,3,25,77.4,0,596,0.171943,HIGH,APPROVED,1,120,<600,50-75K
CS000036,2025-04-18 20:04:33,699,94666,13.1,3,6837,debt_consolidation,OWN,1,4,58,54.67,1,707,0.014022,LOW,APPROVED,0,0,700-800,75-100K
CS000037,2025-02-10 20:07:48,659,65732,10.15,30,28876,home_improvement,RENT,1,3,24,54.67,0,719,0.010351,LOW,APPROVED,0,0,700-800,50-75K
CS000038,2025-02-04 15:27:03,693,72153,26.37,10,27703,debt_consolidation,RENT,1,4,39,73.3,2,610,0.145119,HIGH,APPROVED,1,150,600-700,50-75K
CS000039,2025-01-29 20:22:26,788,49155,20.33,1,24188,credit_card,OWN,2,3,2,23.99,2,670,0.017033,MEDIUM,APPROVED,0,0,600-700,<50K
CS000040,2025-05-07 22:17:36,711,116196,22.86,7,4808,credit_card,OWN,0,0,0,56.84,1,661,0.045831,HIGH,APPROVED,0,0,600-700,100K+
CS000041,2025-03-16 03:05:25,657,56522,34.07,2,37067,debt_consolidation,RENT,1,3,44,0.0,1,658,0.051189,HIGH,APPROVED,0,0,600-700,50-75K
CS000042,2025-06-22 11:15:35,741,79485,26.35,2,43999,credit_card,MORTGAGE,1,5,34,55.5,0,674,0.024925,MEDIUM,APPROVED,0,0,600-700,75-100K
CS000043,2025-03-04 20:43:32,681,61491,33.4,7,31220,debt_consolidation,RENT,1,5,28,24.61,2,652,0.058942,HIGH,APPROVED,0,0,600-700,50-75K
CS000044,2025-02-18 05:18:16,721,106672,26.11,3,15051,debt_consolidation,MORTGAGE,2,3,22,38.22,2,695,0.022292,MEDIUM,APPROVED,0,0,600-700,100K+
CS000045,2025-05-09 13:34:25,722,30467,40.52,1,27348,credit_card,RENT,1,4,57,24.95,0,618,0.071697,HIGH,DECLINED,0,30,600-700,<50K
CS000046,2025-05-03 01:37:23,667,24353,17.71,0,38997,debt_consolidation,MORTGAGE,2,5,56,33.5,0,665,0.04835,HIGH,APPROVED,0,0,600-700,<50K
CS000047,2025-03-26 13:16:08,582,52802,28.16,3,17187,credit_card,MORTGAGE,0,0,0,32.55,0,601,0.156922,HIGH,DECLINED,1,90,600-700,50-75K
CS000048,2025-05-25 12:11:40,669,19847,23.21,8,30722,major_purchase,RENT,0,0,0,56.25,1,629,0.069625,HIGH,APPROVED,0,0,600-700,<50K
CS000049,2025-02-16 14:29:24,719,42919,19.8,12,27176,other,RENT,0,0,0,60.94,1,673,0.031943,MEDIUM,APPROVED,0,0,600-700,<50K
CS000050,2025-04-16 00:55:15,667,44088,29.16,6,20910,major_purchase,RENT,1,2,44,40.69,1,606,0.13029,HIGH,DECLINED,0,0,600-700,<50K
CS000051,2025-05-25 16:37:09,712,54185,25.89,12,8188,major_purchase,MORTGAGE,1,3,52,6.36,0,691,0.016924,MEDIUM,DECLINED,0,0,600-700,50-75K
CS000052,2025-01-11 15:57:00,742,82006,23.56,1,11378,home_improvement,MORTGAGE,0,0,0,47.77,1,697,0.012534,LOW,APPROVED,0,0,600-700,75-100K
CS000053,2025-01-18 12:25:10,658,33057,21.09,2,20561,other,RENT,0,0,0,67.06,0,607,0.130199,HIGH,APPROVED,0,0,600-700,<50K
CS000054,2025-06-13 06:29:27,756,77287,4.29,3,29910,debt_consolidation,RENT,0,0,0,61.95,3,736,0.004294,LOW,APPROVED,0,0,700-800,75-100K
CS000055,2025-06-14 12:57:36,777,107427,20.35,3,13496,debt_consolidation,RENT,1,3,23,43.25,1,757,0.002948,LOW,APPROVED,0,0,700-800,100K+
CS000056,2025-04-25 10:20:59,748,126980,1.0,11,33493,credit_card,MORTGAGE,0,0,0,47.01,1,782,0.00133,LOW,APPROVED,0,0,700-800,100K+
CS000057,2025-06-22 22:17:41,752,37029,43.11,4,22595,other,OTHER,0,0,0,40.59,3,638,0.051728,HIGH,DECLINED,0,0,600-700,<50K
CS000058,2025-03-17 13:36:10,749,52222,49.85,4,30812,credit_card,RENT,0,0,0,61.16,2,693,0.024573,MEDIUM,APPROVED,0,0,600-700,50-75K
CS000059,2025-06-03 17:02:36,812,146631,25.23,0,56262,major_purchase,OTHER,1,3,23,64.39,2,756,0.003562,LOW,APPROVED,0,0,700-800,100K+
CS000060,2025-04-15 11:33:32,698,39305,43.05,1,8489,debt_consolidation,RENT,0,0,0,31.27,1,691,0.02156,MEDIUM,APPROVED,0,0,600-700,<50K
CS000061,2025-01-09 18:42:33,688,103623,9.6,1,27834,credit_card,MORTGAGE,0,0,0,37.93,0,732,0.010613,LOW,APPROVED,0,0,700-800,100K+
CS000062,2025-02-08 16:16:10,721,73434,21.44,2,19137,major_purchase,RENT,0,0,0,12.13,1,763,0.003529,LOW,APPROVED,0,0,700-800,50-75K
CS000063,2025-06-21 06:43:35,638,80080,24.82,1,32182,credit_card,MORTGAGE,0,0,0,60.4,2,639,0.071585,HIGH,APPROVED,0,0,600-700,75-100K
CS000064,2025-05-30 11:27:12,603,29204,18.33,6,47337,debt_consolidation,RENT,1,6,9,46.52,0,579,0.218397,VERY_HIGH,DECLINED,0,0,<600,<50K
CS000065,2025-06-21 05:43:32,640,32681,14.05,12,28601,debt_consolidation,MORTGAGE,0,0,0,60.44,1,670,0.040936,MEDIUM,APPROVED,0,0,600-700,<50K
CS000066,2025-01-29 09:02:51,709,41615,21.91,10,14893,debt_consolidation,RENT,1,3,2,86.13,0,681,0.028726,MEDIUM,APPROVED,0,0,600-700,<50K
CS000067,2025-04-23 03:48:05,714,82267,27.05,6,13159,debt_consolidation,RENT,0,0,0,11.08,1,733,0.008695,LOW,APPROVED,0,30,700-800,75-100K
CS000068,2025-04-19 05:43:49,604,89603,37.03,9,38568,credit_card,RENT,1,3,12,58.92,4,518,0.645346,VERY_HIGH,APPROVED,1,60,<600,75-100K
CS000069,2025-02-13 06:04:21,585,43364,27.97,5,31793,debt_consolidation,MORTGAGE,0,0,0,29.87,0,579,0.254983,VERY_HIGH,DECLINED,0,0,<600,<50K
CS000070,2025-03-06 20:18:04,671,71097,33.09,1,15672,other,MORTGAGE,0,0,0,68.66,0,605,0.097774,HIGH,DECLINED,0,0,600-700,50-75K
CS000071,2025-01-22 00:15:12,678,66197,11.61,2,18551,debt_consolidation,MORTGAGE,1,3,24,49.65,1,664,0.044508,MEDIUM,APPROVED,0,0,600-700,50-75K
CS000072,2025-03-13 08:41:11,686,40100,9.79,1,7632,debt_consolidation,OWN,2,5,14,70.02,3,588,0.162197,HIGH,DECLINED,0,0,<600,<50K
CS000073,2025-01-24 23:18:59,725,37647,23.42,2,12229,home_improvement,RENT,1,2,19,86.5,1,685,0.019782,MEDIUM,APPROVED,0,0,600-700,<50K
CS000074,2025-06-18 09:43:02,756,25532,26.39,1,25240,home_improvement,MORTGAGE,0,0,0,33.8,1,709,0.013963,LOW,APPROVED,0,0,700-800,<50K
CS000075,2025-01-07 23:58:51,701,36484,17.94,3,3920,major_purchase,RENT,3,4,29,16.77,0,659,0.043981,MEDIUM,APPROVED,0,0,600-700,<50K
CS000076,2025-03-13 17:23:18,722,42001,20.09,0,10507,credit_card,RENT,1,2,35,21.66,0,724,0.007953,LOW,APPROVED,0,0,700-800,<50K
CS000077,2025-04-30 05:33:39,628,105726,27.48,1,42171,home_improvement,RENT,0,0,0,76.64,2,561,0.402714,VERY_HIGH,APPROVED,0,0,<600,100K+
CS000078,2025-04-18 09:10:50,624,88512,37.16,37,41569,credit_card,MORTGAGE,1,3,26,71.23,1,512,0.571443,VERY_HIGH,APPROVED,1,90,<600,75-100K
CS000079,2025-03-23 12:25:56,701,55204,38.8,6,40553,home_improvement,RENT,0,0,0,65.93,1,644,0.06472,HIGH,APPROVED,1,90,600-700,50-75K
CS000080,2025-02-08 17:13:10,725,69516,14.27,7,15413,major_purchase,OWN,0,0,0,54.6,1,723,0.011907,LOW,APPROVED,0,0,700-800,50-75K
CS000081,2025-05-07 03:26:49,728,40932,15.5,4,23432,major_purchase,MORTGAGE,1,4,59,59.22,0,712,0.015466,LOW,APPROVED,0,0,700-800,<50K
CS000082,2025-02-03 20:57:58,721,20742,20.2,14,17867,major_purchase,RENT,0,0,0,39.85,2,669,0.023062,MEDIUM,APPROVED,0,0,600-700,<50K
CS000083,2025-05-08 23:39:15,731,66920,27.74,15,42637,other,MORTGAGE,1,5,21,25.52,0,695,0.022164,MEDIUM,APPROVED,0,0,600-700,50-75K
CS000084,2025-03-23 09:50:39,733,77202,17.52,2,38067,home_improvement,MORTGAGE,0,0,0,51.49,1,736,0.006675,LOW,APPROVED,0,0,700-800,75-100K
CS000085,2025-01-18 18:06:23,592,41799,22.56,5,20553,other,RENT,1,4,48,58.3,2,525,0.539988,VERY_HIGH,APPROVED,1,90,<600,<50K
CS000086,2025-03-09 19:04:30,648,102749,18.69,0,40422,other,RENT,0,0,0,76.46,1,621,0.079124,HIGH,DECLINED,0,0,600-700,100K+
CS000087,2025-06-23 07:35:51,713,95863,24.53,11,30155,home_improvement,MORTGAGE,4,5,4,54.49,0,620,0.107464,HIGH,DECLINED,0,0,600-700,75-100K
CS000088,2025-03-02 12:42:56,721,86064,19.77,0,19243,other,MORTGAGE,1,5,35,13.1,3,726,0.011442,LOW,APPROVED,0,0,700-800,75-100K
CS000089,2025-03-30 08:51:12,605,25295,25.98,7,42575,major_purchase,RENT,0,0,0,44.21,0,618,0.131923,HIGH,APPROVED,0,0,600-700,<50K
CS000090,2025-01-18 18:22:49,753,60691,24.8,11,32511,major_purchase,RENT,1,4,5,54.85,0,709,0.009312,LOW,APPROVED,0,0,700-800,50-75K
CS000091,2025-01-02 22:26:54,664,79181,10.52,13,50469,debt_consolidation,MORTGAGE,0,0,0,56.24,1,661,0.042909,MEDIUM,DECLINED,0,0,600-700,75-100K
CS000092,2025-05-13 12:18:17,675,40085,26.52,3,10770,major_purchase,MORTGAGE,0,0,0,35.49,2,664,0.051025,HIGH,APPROVED,0,0,600-700,<50K
CS000093,2025-02-19 20:49:25,703,47010,19.41,7,75694,credit_card,RENT,1,7,6,24.41,0,686,0.02135,MEDIUM,APPROVED,0,0,600-700,<50K
CS000094,2025-05-05 07:59:22,729,87745,21.23,19,61005,major_purchase,RENT,0,0,0,9.09,2,712,0.010003,LOW,APPROVED,0,0,700-800,75-100K
CS000095,2025-03-15 08:19:13,609,151706,33.19,9,37676,debt_consolidation,RENT,0,0,0,100.0,4,530,0.604209,VERY_HIGH,APPROVED,1,90,<600,100K+
CS000096,2025-02-15 18:47:32,743,86600,29.19,8,16332,other,MORTGAGE,0,0,0,46.9,1,669,0.019372,MEDIUM,APPROVED,0,0,600-700,75-100K
CS000097,2025-06-04 13:21:51,693,66925,22.42,8,17084,debt_consolidation,OWN,0,0,0,0.0,0,716,0.011376,LOW,APPROVED,0,0,700-800,50-75K
CS000098,2025-02-05 04:27:52,646,47768,23.91,6,5108,debt_consolidation,MORTGAGE,0,0,0,100.0,1,608,0.106898,HIGH,APPROVED,0,0,600-700,<50K
CS000099,2025-01-31 17:57:12,673,36800,26.67,12,12395,credit_card,RENT,1,3,36,63.32,1,638,0.071413,HIGH,APPROVED,0,0,600-700,<50K
CS000100,2025-06-27 09:08:49,568,40920,6.65,4,16419,debt_consolidation,MORTGAGE,2,5,13,60.12,1,567,0.360939,VERY_HIGH,DECLINED,1,90,<600,<50K
CS000101,2025-05-23 07:55:14,653,71564,16.7,4,9199,credit_card,RENT,0,0,0,76.27,1,617,0.11713,HIGH,APPROVED,1,60,600-700,50-75K
CS000102,2025-05-20 00:23:25,698,48373,25.65,1,17152,major_purchase,RENT,0,0,0,72.74,2,640,0.056867,HIGH,APPROVED,0,0,600-700,<50K
CS000103,2025-02-28 23:20:10,649,111260,25.49,15,50462,debt_consolidation,MORTGAGE,1,3,41,28.73,0,648,0.051952,HIGH,APPROVED,0,0,600-700,100K+
CS000104,2025-03-25 09:04:08,670,33088,12.4,6,10508,credit_card,OTHER,1,7,21,55.35,0,656,0.057502,HIGH,APPROVED,0,0,600-700,<50K
CS000105,2025-01-30 21:22:19,680,36011,22.2,3,59443,debt_consolidation,MORTGAGE,1,3,23,42.89,0,632,0.060727,HIGH,APPROVED,0,0,600-700,<50K
CS000106,2025-04-29 22:04:06,691,59463,33.91,3,53240,other,RENT,1,1,50,71.12,3,599,0.148338,HIGH,DECLINED,0,0,<600,50-75K
CS000107,2025-02-23 05:54:17,744,67334,36.31,8,17866,debt_consolidation,RENT,0,0,0,11.37,2,703,0.015413,LOW,APPROVED,0,0,700-800,50-75K
CS000108,2025-03-18 01:13:54,687,64467,28.27,3,48748,debt_consolidation,MORTGAGE,1,2,20,47.78,0,676,0.0349,MEDIUM,APPROVED,0,0,600-700,50-75K
CS000109,2025-05-22 00:54:47,674,37565,19.94,3,25317,major_purchase,RENT,0,0,0,20.97,1,669,0.033802,MEDIUM,APPROVED,0,0,600-700,<50K
CS000110,2025-03-21 18:39:26,718,44041,18.66,3,6522,major_purchase,RENT,2,6,51,20.66,1,664,0.033723,MEDIUM,APPROVED,0,0,600-700,<50K
CS000111,2025-01-18 11:33:13,802,94686,24.43,3,13544,major_purchase,RENT,1,4,30,9.94,2,789,0.001831,LOW,APPROVED,0,0,700-800,75-100K
CS000112,2025-01-29 17:48:23,669,52243,17.05,1,6145,debt_consolidation,RENT,2,3,22,42.85,0,632,0.077297,HIGH,DECLINED,0,0,600-700,50-75K
CS000113,2025-04-12 13:31:50,716,49865,22.84,6,6706,other,MORTGAGE,0,0,0,23.14,2,707,0.021975,MEDIUM,APPROVED,0,0,700-800,<50K
CS000114,2025-01-06 14:24:06,601,83036,8.19,6,19633,credit_card,RENT,0,0,0,16.01,3,689,0.028803,MEDIUM,APPROVED,0,0,600-700,75-100K
CS000115,2025-05-01 18:51:06,762,74833,39.16,25,2815,debt_consolidation,OTHER,2,7,44,59.94,0,673,0.050442,HIGH,APPROVED,0,0,600-700,50-75K
CS000116,2025-01-22 21:58:45,725,62715,27.45,2,35007,major_purchase,RENT,2,2,53,71.72,0,662,0.03148,MEDIUM,APPROVED,0,0,600-700,50-75K
CS000117,2025-03-31 12:30:05,762,133946,31.23,0,14987,other,OTHER,0,0,0,33.34,0,718,0.008376,LOW,APPROVED,0,0,700-800,100K+
CS000118,2025-06-01 11:07:31,685,33850,11.44,1,14671,major_purchase,MORTGAGE,2,2,34,41.07,0,711,0.010743,LOW,APPROVED,0,0,700-800,<50K
CS000119,2025-06-07 23:20:55,631,74253,21.49,13,16494,major_purchase,RENT,1,5,24,73.08,2,570,0.251035,VERY_HIGH,APPROVED,0,0,<600,50-75K
CS000120,2025-03-08 17:27:02,737,47695,27.41,4,8585,other,OWN,2,6,22,49.87,0,680,0.022007,MEDIUM,APPROVED,0,0,600-700,<50K
CS000121,2025-01-16 02:00:51,730,98350,28.26,7,12180,other,RENT,0,0,0,41.54,1,731,0.008859,LOW,APPROVED,0,0,700-800,75-100K
CS000122,2025-04-03 00:32:00,641,40550,27.52,2,32696,home_improvement,MORTGAGE,2,2,56,96.65,1,530,0.505704,VERY_HIGH,DECLINED,1,120,<600,<50K
CS000123,2025-05-03 22:36:03,607,84241,18.73,3,88303,home_improvement,MORTGAGE,2,4,46,41.9,0,609,0.136344,HIGH,DECLINED,0,0,600-700,75-100K
CS000124,2025-03-02 04:07:57,713,52282,29.25,6,10505,debt_consolidation,OWN,0,0,0,42.89,1,657,0.067863,HIGH,APPROVED,0,0,600-700,50-75K
CS000125,2025-06-19 00:28:47,679,196775,18.79,1,37212,home_improvement,OWN,0,0,0,73.56,1,692,0.020582,MEDIUM,APPROVED,0,30,600-700,100K+
CS000126,2025-03-31 02:36:16,832,69605,38.46,11,18426,major_purchase,RENT,0,0,0,29.61,1,800,0.001287,LOW,APPROVED,0,30,800+,50-75K
CS000127,2025-03-25 17:39:38,654,169969,21.6,11,18792,other,RENT,0,0,0,30.66,0,718,0.009584,LOW,APPROVED,0,0,700-800,100K+
CS000128,2025-05-06 19:12:40,659,46246,31.72,1,24710,debt_consolidation,RENT,0,0,0,29.93,0,644,0.054038,HIGH,APPROVED,0,0,600-700,<50K
CS000129,2025-02-14 23:29:29,682,47712,29.29,7,7318,major_purchase,RENT,1,8,6,63.51,1,643,0.058632,HIGH,APPROVED,0,0,600-700,<50K
CS000130,2025-04-06 14:12:16,597,73662,18.05,2,18979,debt_consolidation,RENT,1,5,21,43.7,2,607,0.162993,HIGH,APPROVED,0,0,600-700,50-75K
CS000131,2025-01-09 02:14:20,639,28985,28.07,20,48388,debt_consolidation,RENT,0,0,0,79.95,1,607,0.132218,HIGH,APPROVED,1,90,600-700,<50K
CS000132,2025-04-14 13:13:40,779,41029,34.12,10,24059,other,MORTGAGE,1,4,46,47.02,1,662,0.04152,MEDIUM,APPROVED,0,0,600-700,<50K
CS000133,2025-05-15 16:47:48,681,123281,27.21,8,23440,home_improvement,MORTGAGE,1,6,51,66.14,3,626,0.088783,HIGH,APPROVED,0,0,600-700,100K+
CS000134,2025-02-14 21:16:03,655,103230,22.37,0,9578,debt_consolidation,RENT,0,0,0,61.03,0,672,0.031166,MEDIUM,APPROVED,0,0,600-700,100K+
CS000135,2025-06-17 00:58:08,618,56818,27.76,2,16014,home_improvement,MORTGAGE,0,0,0,61.75,2,600,0.248294,VERY_HIGH,APPROVED,1,90,600-700,50-75K
CS000136,2025-06-27 16:19:11,720,103989,28.24,26,51583,credit_card,RENT,1,5,21,32.79,1,684,0.027168,MEDIUM,APPROVED,1,120,600-700,100K+
CS000137,2025-04-07 19:13:32,724,77135,11.59,4,6972,home_improvement,MORTGAGE,0,0,0,73.68,0,723,0.005998,LOW,APPROVED,0,0,700-800,75-100K
CS000138,2025-06-15 12:27:36,702,77592,3.9,7,9749,debt_consolidation,MORTGAGE,1,3,37,46.64,2,656,0.044881,MEDIUM,APPROVED,0,0,600-700,75-100K
CS000139,2025-04-14 13:31:18,667,40725,18.04,15,25475,other,MORTGAGE,0,0,0,13.77,3,649,0.09033,HIGH,APPROVED,0,0,600-700,<50K
CS000140,2025-02-09 08:43:04,705,97014,17.07,13,43289,major_purchase,MORTGAGE,1,5,52,39.36,1,716,0.016385,LOW,APPROVED,0,0,700-800,75-100K
CS000141,2025-04-05 09:53:49,709,48540,30.1,3,27696,debt_consolidation,RENT,0,0,0,49.13,2,638,0.054631,HIGH,DECLINED,0,0,600-700,<50K
CS000142,2025-03-22 00:37:01,651,122915,28.45,8,33161,credit_card,MORTGAGE,2,7,17,57.52,1,544,0.513604,VERY_HIGH,DECLINED,1,90,<600,100K+
CS000143,2025-04-22 15:01:13,722,39396,19.26,8,13887,other,RENT,1,3,51,73.12,1,699,0.015977,LOW,APPROVED,0,0,600-700,<50K
CS000144,2025-05-26 17:43:49,572,194253,29.67,26,47198,major_purchase,OWN,2,4,16,59.89,1,537,0.359435,VERY_HIGH,DECLINED,1,90,<600,100K+
CS000145,2025-04-14 10:03:52,617,46530,27.28,5,24330,credit_card,MORTGAGE,0,0,0,25.35,1,636,0.082498,HIGH,APPROVED,0,0,600-700,<50K
CS000146,2025-02-19 08:45:15,672,33956,38.21,1,21197,home_improvement,MORTGAGE,2,0,46,54.02,1,551,0.57375,VERY_HIGH,DECLINED,1,90,<600,<50K
CS000147,2025-03-19 11:13:03,682,37754,33.67,4,15451,major_purchase,RENT,0,0,0,0.0,2,675,0.024366,MEDIUM,APPROVED,0,0,600-700,<50K
CS000148,2025-01-25 19:42:28,624,74573,12.55,3,18575,credit_card,RENT,0,0,0,45.7,1,633,0.076254,HIGH,APPROVED,0,0,600-700,50-75K
CS000149,2025-02-11 22:22:10,706,71386,25.75,3,8897,major_purchase,OWN,1,5,49,83.79,1,627,0.120898,HIGH,APPROVED,0,0,600-700,50-75K
CS000150,2025-04-08 14:39:27,746,46007,28.73,5,24136,home_improvement,MORTGAGE,1,3,4,38.42,1,651,0.047631,HIGH,APPROVED,0,0,600-700,<50K
CS000151,2025-01-12 03:30:55,713,88723,26.29,2,45664,major_purchase,OWN,0,0,0,13.23,1,717,0.008731,LOW,APPROVED,0,0,700-800,75-100K
CS000152,2025-01-04 17:51:24,701,151054,28.51,4,32050,major_purchase,OWN,2,7,29,26.47,0,663,0.04255,MEDIUM,APPROVED,0,0,600-700,100K+
CS000153,2025-02-02 23:17:14,734,66505,10.91,0,13646,major_purchase,RENT,0,0,0,81.16,3,700,0.01048,LOW,APPROVED,0,0,700-800,50-75K
CS000154,2025-02-19 03:44:19,710,89072,24.61,8,23490,credit_card,RENT,1,1,28,18.59,1,712,0.01272,LOW,APPROVED,0,0,700-800,75-100K
CS000155,2025-05-27 17:17:20,625,93863,22.03,10,28053,home_improvement,RENT,0,0,0,37.65,2,606,0.11288,HIGH,APPROVED,1,60,600-700,75-100K
CS000156,2025-02-08 15:57:58,677,92498,19.33,3,20463,credit_card,OTHER,0,0,0,26.51,2,694,0.018414,MEDIUM,APPROVED,0,0,600-700,75-100K
CS000157,2025-04-17 06:46:56,759,28858,28.83,14,18432,debt_consolidation,RENT,0,0,0,28.78,1,741,0.006539,LOW,APPROVED,0,0,700-800,<50K
CS000158,2025-05-10 04:37:31,626,124964,17.71,4,15951,home_improvement,OWN,0,0,0,68.16,0,678,0.04136,MEDIUM,DECLINED,0,0,600-700,100K+
CS000159,2025-05-18 22:31:58,692,62251,17.82,0,12480,debt_consolidation,MORTGAGE,0,0,0,11.73,4,672,0.025937,MEDIUM,DECLINED,0,0,600-700,50-75K
CS000160,2025-06-20 19:27:33,667,67733,33.18,8,18491,debt_consolidation,MORTGAGE,0,0,0,23.06,0,637,0.079473,HIGH,APPROVED,0,0,600-700,50-75K
CS000161,2025-05-06 20:08:17,639,110006,36.48,1,6199,debt_consolidation,RENT,1,5,46,43.33,2,581,0.274434,VERY_HIGH,APPROVED,0,0,<600,100K+
CS000162,2025-01-13 02:15:21,633,19283,31.07,5,7993,credit_card,RENT,1,5,30,39.66,1,577,0.192873,VERY_HIGH,DECLINED,0,0,<600,<50K
CS000163,2025-04-15 17:17:55,694,92271,29.47,15,21940,debt_consolidation,RENT,1,5,59,58.77,1,621,0.1073,HIGH,APPROVED,0,0,600-700,75-100K
CS000164,2025-04-26 11:31:00,706,73264,33.58,18,10369,debt_consolidation,RENT,0,0,0,70.41,1,676,0.030481,MEDIUM,APPROVED,1,90,600-700,50-75K
CS000165,2025-03-29 08:33:59,705,136278,33.73,6,23934,other,RENT,1,2,18,32.45,1,653,0.058506,HIGH,APPROVED,0,0,600-700,100K+
CS000166,2025-03-17 23:06:45,609,76191,22.9,3,13435,major_purchase,OWN,1,1,9,45.57,0,627,0.15464,HIGH,DECLINED,0,0,600-700,75-100K
CS000167,2025-04-26 13:05:54,672,118709,19.43,16,19712,major_purchase,RENT,0,0,0,53.12,1,689,0.021342,MEDIUM,APPROVED,0,60,600-700,100K+
CS000168,2025-05-01 21:14:48,707,105224,15.01,11,9544,debt_consolidation,MORTGAGE,0,0,0,57.0,2,685,0.022371,MEDIUM,APPROVED,0,0,600-700,100K+
CS000169,2025-05-19 17:06:40,740,37652,31.44,6,23814,credit_card,MORTGAGE,1,3,29,31.39,1,689,0.019922,MEDIUM,APPROVED,0,0,600-700,<50K
CS000170,2025-06-27 19:38:26,725,62788,27.11,1,10170,credit_card,OWN,1,6,23,51.38,0,661,0.041131,MEDIUM,APPROVED,0,0,600-700,50-75K
CS000171,2025-04-30 13:28:38,734,46495,32.55,34,8801,major_purchase,MORTGAGE,2,5,54,70.46,0,654,0.055823,HIGH,APPROVED,0,0,600-700,<50K
CS000172,2025-06-23 15:24:42,749,62520,32.95,2,27931,debt_consolidation,OWN,0,0,0,49.76,1,664,0.058237,HIGH,APPROVED,0,0,600-700,50-75K
CS000173,2025-06-11 21:32:15,734,43225,32.59,0,17036,debt_consolidation,MORTGAGE,1,5,4,58.65,2,609,0.115228,HIGH,APPROVED,0,0,600-700,<50K
CS000174,2025-06-13 12:15:50,643,32450,29.55,13,27093,debt_consolidation,RENT,1,2,40,27.63,1,602,0.172064,HIGH,APPROVED,1,60,600-700,<50K
CS000175,2025-03-12 07:23:36,691,60496,24.88,0,34686,home_improvement,MORTGAGE,0,0,0,29.39,1,649,0.030383,MEDIUM,APPROVED,0,0,600-700,50-75K
CS000176,2025-03-18 12:41:17,649,55363,30.79,2,23126,home_improvement,MORTGAGE,1,3,46,68.74,1,573,0.22006,VERY_HIGH,DECLINED,1,150,<600,50-75K
CS000177,2025-01-04 18:38:18,557,79113,30.85,14,22588,credit_card,RENT,0,0,0,77.25,0,571,0.322512,VERY_HIGH,DECLINED,0,30,<600,75-100K
CS000178,2025-03-02 12:35:49,596,134931,31.42,6,16975,credit_card,OWN,1,6,57,30.04,2,580,0.171806,HIGH,DECLINED,1,60,<600,100K+
CS000179,2025-02-20 09:12:54,803,54158,22.65,5,31417,home_improvement,MORTGAGE,0,0,0,65.06,2,739,0.006128,LOW,APPROVED,0,0,700-800,50-75K
CS000180,2025-01-20 10:23:19,627,57774,28.58,5,12053,other,RENT,2,3,18,32.15,3,605,0.212724,VERY_HIGH,APPROVED,0,0,600-700,50-75K
CS000181,2025-05-24 01:55:13,565,110549,10.86,4,8859,major_purchase,RENT,0,0,0,53.32,2,601,0.141846,HIGH,APPROVED,0,0,600-700,100K+
CS000182,2025-06-16 15:02:18,656,98927,33.69,12,32780,debt_consolidation,MORTGAGE,1,2,42,76.23,2,600,0.150775,HIGH,APPROVED,1,90,600-700,75-100K
CS000183,2025-02-15 05:17:57,772,30991,36.21,4,40302,major_purchase,OTHER,1,3,43,92.38,1,694,0.017736,MEDIUM,APPROVED,0,0,600-700,<50K
CS000184,2025-01-29 06:31:41,686,62668,27.89,2,21615,debt_consolidation,RENT,0,0,0,44.6,1,664,0.033264,MEDIUM,APPROVED,0,0,600-700,50-75K
CS000185,2025-05-29 03:19:04,711,31861,29.67,2,15693,debt_consolidation,MORTGAGE,1,2,43,57.95,1,681,0.024746,MEDIUM,APPROVED,0,30,600-700,<50K
CS000186,2025-02-20 23:57:20,673,42525,16.51,5,24886,debt_consolidation,RENT,0,0,0,76.15,2,602,0.145263,HIGH,APPROVED,0,0,600-700,<50K
CS000187,2025-02-18 08:13:58,684,49702,40.04,1,30843,credit_card,RENT,0,0,0,8.59,1,655,0.060648,HIGH,APPROVED,0,0,600-700,<50K
CS000188,2025-03-05 09:14:20,758,57897,1.0,8,24431,debt_consolidation,OTHER,3,6,34,40.4,1,731,0.007446,LOW,DECLINED,0,0,700-800,50-75K
CS000189,2025-05-20 00:03:04,732,54061,28.97,5,81477,major_purchase,RENT,0,0,0,54.61,0,711,0.01127,LOW,APPROVED,0,30,700-800,50-75K
CS000190,2025-01-08 13:16:17,684,67594,8.06,8,12673,major_purchase,MORTGAGE,2,6,33,79.08,1,708,0.006821,LOW,APPROVED,0,0,700-800,50-75K
CS000191,2025-03-30 23:48:48,737,71227,19.78,13,19218,credit_card,RENT,0,0,0,58.9,1,714,0.008868,LOW,APPROVED,0,0,700-800,50-75K
CS000192,2025-03-09 10:26:30,747,125212,27.33,15,38443,debt_consolidation,RENT,2,8,27,0.0,2,704,0.013989,LOW,APPROVED,0,0,700-800,100K+
CS000193,2025-06-28 23:40:20,676,88075,14.49,9,25675,other,MORTGAGE,0,0,0,38.04,1,699,0.018915,MEDIUM,APPROVED,0,0,600-700,75-100K
CS000194,2025-05-04 00:13:56,703,38046,22.51,0,63901,other,OTHER,0,0,0,62.05,0,659,0.036733,MEDIUM,APPROVED,0,0,600-700,<50K
CS000195,2025-03-24 02:05:19,702,113230,22.37,0,16738,home_improvement,MORTGAGE,0,0,0,65.45,0,677,0.03227,MEDIUM,APPROVED,0,0,600-700,100K+
CS000196,2025-01-26 08:50:51,651,70903,23.04,11,23870,other,RENT,0,0,0,53.85,1,630,0.108133,HIGH,DECLINED,1,120,600-700,50-75K
CS000197,2025-06-04 17:13:15,752,36270,26.94,7,20501,debt_consolidation,RENT,0,0,0,50.11,1,728,0.00638,LOW,APPROVED,0,0,700-800,<50K
CS000198,2025-06-23 18:10:35,679,39430,23.0,0,14943,major_purchase,MORTGAGE,0,0,0,20.4,1,670,0.03948,MEDIUM,APPROVED,0,0,600-700,<50K
CS000199,2025-06-19 18:29:48,654,62689,25.29,4,26254,major_purchase,MORTGAGE,0,0,0,31.41,0,701,0.014284,LOW,APPROVED,0,0,700-800,50-75K
CS000200,2025-04-14 03:57:26,596,64040,26.25,7,51094,debt_consolidation,RENT,2,4,35,43.35,2,535,0.464698,VERY_HIGH,DECLINED,0,0,<600,50-75K
CS000201,2025-01-28 00:38:11,619,71672,15.85,6,17816,home_improvement,MORTGAGE,0,0,0,21.34,2,644,0.062625,HIGH,APPROVED,0,0,600-700,50-75K
CS000202,2025-01-25 21:02:19,772,30865,10.7,7,28518,debt_consolidation,RENT,0,0,0,39.85,3,724,0.011661,LOW,APPROVED,0,0,700-800,<50K
CS000203,2025-03-25 04:04:52,626,52705,36.37,9,37569,debt_consolidation,OWN,1,2,11,15.62,3,595,0.2143,VERY_HIGH,DECLINED,0,0,<600,50-75K
CS000204,2025-05-27 13:32:22,712,156060,32.9,1,9596,credit_card,MORTGAGE,0,0,0,8.21,0,759,0.003347,LOW,APPROVED,0,0,700-800,100K+
CS000205,2025-03-04 20:38:11,668,28036,20.72,1,64858,debt_consolidation,MORTGAGE,0,0,0,58.67,0,643,0.080567,HIGH,DECLINED,1,60,600-700,<50K
CS000206,2025-03-12 22:39:54,716,33312,20.94,6,20476,home_improvement,MORTGAGE,2,5,44,13.32,1,685,0.026923,MEDIUM,APPROVED,0,0,600-700,<50K
CS000207,2025-01-19 11:40:33,721,61908,37.97,1,12187,home_improvement,RENT,2,4,26,71.73,1,639,0.075806,HIGH,APPROVED,0,0,600-700,50-75K
CS000208,2025-05-12 16:51:37,646,69496,27.35,7,15928,other,MORTGAGE,0,0,0,46.84,0,613,0.085457,HIGH,APPROVED,0,0,600-700,50-75K
CS000209,2025-04-29 11:56:33,672,46934,7.94,6,15399,debt_consolidation,MORTGAGE,2,3,19,54.56,0,630,0.047292,HIGH,APPROVED,0,0,600-700,<50K
CS000210,2025-06-21 01:31:47,694,65000,26.29,2,4941,debt_consolidation,RENT,0,0,0,57.2,1,655,0.031618,MEDIUM,DECLINED,0,0,600-700,50-75K
CS000211,2025-01-15 08:12:23,695,57861,34.72,5,38641,debt_consolidation,MORTGAGE,0,0,0,47.31,1,672,0.04825,HIGH,APPROVED,0,0,600-700,50-75K
CS000212,2025-06-26 12:48:59,687,41480,14.84,13,16040,debt_consolidation,RENT,0,0,0,74.84,3,639,0.084843,HIGH,APPROVED,0,0,600-700,<50K
CS000213,2025-03-11 22:33:10,671,59647,22.35,20,22506,credit_card,MORTGAGE,1,4,30,69.9,0,613,0.089823,HIGH,APPROVED,0,0,600-700,50-75K
CS000214,2025-01-21 19:35:59,723,52568,17.38,2,18936,home_improvement,MORTGAGE,0,0,0,44.44,1,747,0.005498,LOW,APPROVED,0,0,700-800,50-75K
CS000215,2025-01-08 02:06:37,761,70828,29.77,1,57519,debt_consolidation,RENT,3,4,41,53.08,2,630,0.062145,HIGH,DECLINED,0,0,600-700,50-75K
CS000216,2025-04-22 13:50:29,718,82515,32.13,16,30327,major_purchase,RENT,0,0,0,46.11,0,724,0.008563,LOW,DECLINED,0,0,700-800,75-100K
CS000217,2025-06-12 12:58:16,648,40554,20.14,2,15039,debt_consolidation,MORTGAGE,0,0,0,36.07,3,643,0.08018,HIGH,APPROVED,0,0,600-700,<50K
CS000218,2025-03-30 02:00:15,710,57847,15.1,2,20890,debt_consolidation,OWN,2,3,9,36.36,2,720,0.008716,LOW,APPROVED,0,0,700-800,50-75K
CS000219,2025-03-22 06:47:33,692,37692,39.44,8,27268,debt_consolidation,MORTGAGE,2,4,14,23.21,0,609,0.171195,HIGH,DECLINED,0,30,600-700,<50K
CS000220,2025-02-15 01:26:20,714,51464,22.76,6,7793,home_improvement,OTHER,1,4,43,27.78,1,691,0.02381,MEDIUM,APPROVED,0,0,600-700,50-75K
CS000221,2025-06-21 09:09:58,790,64017,13.02,14,17893,other,RENT,0,0,0,23.9,0,796,0.000779,LOW,APPROVED,0,0,700-800,50-75K
CS000222,2025-04-04 08:14:14,676,82945,33.0,1,25759,debt_consolidation,RENT,0,0,0,73.2,1,664,0.037084,MEDIUM,APPROVED,1,90,600-700,75-100K
CS000223,2025-02-16 15:54:14,688,42399,46.62,2,13486,other,OWN,0,0,0,13.38,1,632,0.093679,HIGH,DECLINED,1,120,600-700,<50K
CS000224,2025-03-27 14:36:14,639,80261,29.64,21,13693,debt_consolidation,OTHER,0,0,0,47.95,1,590,0.191101,VERY_HIGH,APPROVED,1,60,<600,75-100K
CS000225,2025-01-11 01:29:14,672,57900,28.62,10,21395,debt_consolidation,MORTGAGE,0,0,0,67.71,0,685,0.015466,LOW,APPROVED,0,0,600-700,50-75K
CS000226,2025-05-23 09:20:16,657,53776,30.78,4,11264,major_purchase,RENT,0,0,0,60.13,3,596,0.25274,VERY_HIGH,DECLINED,0,0,<600,50-75K
CS000227,2025-04-26 09:54:58,776,54443,28.01,15,17265,other,RENT,1,2,22,25.21,3,711,0.011845,LOW,DECLINED,0,0,700-800,50-75K
CS000228,2025-06-29 12:59:27,705,46254,22.16,7,15116,debt_consolidation,MORTGAGE,1,5,24,18.05,2,691,0.016186,LOW,DECLINED,0,0,600-700,<50K
CS000229,2025-02-25 00:02:15,657,70885,27.05,16,31253,debt_consolidation,RENT,0,0,0,1.3,1,659,0.033822,MEDIUM,APPROVED,0,30,600-700,50-75K
CS000230,2025-02-12 12:09:39,794,34534,26.3,13,14538,major_purchase,MORTGAGE,0,0,0,25.79,1,691,0.018372,MEDIUM,APPROVED,0,0,600-700,<50K
CS000231,2025-03-23 10:29:58,615,74120,27.73,5,9415,other,MORTGAGE,1,3,46,70.57,2,567,0.405711,VERY_HIGH,DECLINED,0,0,<600,50-75K
CS000232,2025-06-24 20:23:26,736,47475,46.88,14,34235,home_improvement,RENT,1,3,51,60.69,1,614,0.113073,HIGH,APPROVED,0,0,600-700,<50K
CS000233,2025-04-10 04:32:53,744,116470,27.4,2,8058,major_purchase,RENT,1,8,30,41.94,0,716,0.011138,LOW,APPROVED,0,0,700-800,100K+
CS000234,2025-02-24 18:42:48,720,48292,17.73,0,22761,debt_consolidation,RENT,1,2,57,56.42,2,684,0.024183,MEDIUM,APPROVED,0,0,600-700,<50K
CS000235,2025-06-20 19:23:00,674,69595,15.57,3,12598,credit_card,RENT,0,0,0,33.03,0,687,0.019707,MEDIUM,APPROVED,0,0,600-700,50-75K
CS000236,2025-01-07 21:55:49,681,83441,31.95,12,8177,major_purchase,OWN,0,0,0,20.79,1,656,0.04593,HIGH,APPROVED,0,0,600-700,75-100K
CS000237,2025-03-14 19:19:04,669,85495,21.96,6,15928,debt_consolidation,RENT,0,0,0,71.64,1,667,0.035289,MEDIUM,APPROVED,0,0,600-700,75-100K
CS000238,2025-05-03 01:58:19,731,121813,29.21,3,15749,debt_consolidation,MORTGAGE,1,3,36,72.36,1,694,0.013764,LOW,APPROVED,0,0,600-700,100K+
CS000239,2025-03-22 14:36:37,560,127052,24.29,2,13291,other,RENT,1,1,2,28.16,1,577,0.209592,VERY_HIGH,DECLINED,0,0,<600,100K+
CS000240,2025-05-03 11:07:59,660,57381,18.59,15,4358,credit_card,OWN,0,0,0,15.34,2,695,0.020274,MEDIUM,APPROVED,0,0,600-700,50-75K
CS000241,2025-06-16 15:10:28,697,49910,38.83,5,51035,credit_card,MORTGAGE,0,0,0,61.71,3,642,0.092498,HIGH,APPROVED,0,0,600-700,<50K
CS000242,2025-01-02 19:12:11,656,116453,48.12,10,11172,debt_consolidation,RENT,0,0,0,84.27,1,610,0.158499,HIGH,DECLINED,0,0,600-700,100K+
CS000243,2025-02-07 16:49:24,588,74566,30.89,1,31712,debt_consolidation,MORTGAGE,1,3,19,65.15,0,529,0.523537,VERY_HIGH,DECLINED,0,0,<600,50-75K
CS000244,2025-01-26 17:47:02,675,59160,13.45,11,20601,credit_card,OWN,0,0,0,78.46,1,656,0.046129,HIGH,APPROVED,0,0,600-700,50-75K
CS000245,2025-03-11 08:25:28,647,63134,32.92,5,22084,credit_card,RENT,1,2,23,32.35,0,635,0.068329,HIGH,APPROVED,0,0,600-700,50-75K
CS000246,2025-03-31 07:39:29,732,92222,14.6,0,19371,home_improvement,OWN,1,9,21,30.58,1,728,0.005045,LOW,APPROVED,0,60,700-800,75-100K
CS000247,2025-01-24 05:03:40,765,89927,49.35,3,22828,major_purchase,MORTGAGE,0,0,0,48.83,1,681,0.018674,MEDIUM,APPROVED,0,0,600-700,75-100K
CS000248,2025-04-30 23:57:12,692,24274,15.9,16,53660,home_improvement,RENT,2,4,36,54.34,0,603,0.144312,HIGH,APPROVED,0,0,600-700,<50K
CS000249,2025-03-26 05:38:06,582,44199,40.77,1,4820,credit_card,MORTGAGE,1,8,20,49.07,1,512,0.708366,VERY_HIGH,DECLINED,1,150,<600,<50K
CS000250,2025-04-02 08:47:11,677,49201,24.17,1,28470,credit_card,RENT,0,0,0,45.07,0,663,0.029489,MEDIUM,APPROVED,0,0,600-700,<50K
CS000251,2025-01-30 02:52:24,637,39802,11.72,12,13757,major_purchase,RENT,0,0,0,99.56,0,632,0.108905,HIGH,DECLINED,0,30,600-700,<50K
CS000252,2025-03-05 00:36:41,726,104083,28.98,4,15703,credit_card,MORTGAGE,1,5,14,35.91,5,636,0.076883,HIGH,APPROVED,0,0,600-700,100K+
CS000253,2025-01-11 14:28:17,781,109221,23.37,7,22522,credit_card,MORTGAGE,0,0,0,40.26,2,768,0.003485,LOW,APPROVED,0,0,700-800,100K+
CS000254,2025-06-18 02:49:14,706,59491,21.02,18,38671,credit_card,MORTGAGE,0,0,0,39.85,1,700,0.019665,MEDIUM,APPROVED,0,0,700-800,50-75K
CS000255,2025-05-17 23:48:52,800,119824,36.1,7,34342,home_improvement,MORTGAGE,0,0,0,53.38,1,763,0.00312,LOW,APPROVED,0,0,700-800,100K+
CS000256,2025-01-23 04:41:49,772,55428,24.39,6,29641,major_purchase,RENT,0,0,0,29.27,1,744,0.004946,LOW,APPROVED,0,0,700-800,50-75K
CS000257,2025-03-21 06:37:29,727,118586,21.86,4,32862,debt_consolidation,RENT,1,3,50,34.57,1,710,0.012582,LOW,APPROVED,0,60,700-800,100K+
CS000258,2025-05-01 17:24:54,641,91941,25.87,0,23414,home_improvement,MORTGAGE,0,0,0,17.06,2,619,0.12241,HIGH,APPROVED,0,0,600-700,75-100K
CS000259,2025-05-10 03:10:03,700,71860,17.17,18,14105,other,OWN,0,0,0,57.86,1,679,0.031282,MEDIUM,APPROVED,0,0,600-700,50-75K
CS000260,2025-03-03 21:01:01,615,82989,23.95,8,41600,major_purchase,MORTGAGE,1,2,42,48.64,0,626,0.150179,HIGH,DECLINED,1,90,600-700,75-100K
CS000261,2025-01-19 03:30:10,752,52868,33.12,0,17570,credit_card,RENT,0,0,0,32.3,2,715,0.012189,LOW,APPROVED,0,0,700-800,50-75K
CS000262,2025-03-21 23:36:39,701,109791,39.41,0,59803,other,RENT,0,0,0,25.1,0,726,0.011824,LOW,APPROVED,0,0,700-800,100K+
CS000263,2025-03-25 06:59:20,771,56286,29.84,2,41431,home_improvement,MORTGAGE,2,3,1,33.32,0,715,0.013347,LOW,APPROVED,1,60,700-800,50-75K
CS000264,2025-04-18 08:14:41,711,85961,9.53,2,24850,credit_card,MORTGAGE,0,0,0,27.31,1,708,0.011383,LOW,APPROVED,0,0,700-800,75-100K
CS000265,2025-05-19 13:14:35,589,46722,21.38,3,40293,debt_consolidation,OTHER,1,3,45,44.89,0,597,0.210343,VERY_HIGH,APPROVED,0,0,<600,<50K
CS000266,2025-03-23 06:52:57,732,47495,20.81,8,21554,other,RENT,0,0,0,52.59,0,724,0.009836,LOW,APPROVED,0,0,700-800,<50K
CS000267,2025-06-08 20:11:45,747,71156,20.12,7,8823,debt_consolidation,OWN,1,6,27,33.31,3,682,0.030799,MEDIUM,APPROVED,0,0,600-700,50-75K
CS000268,2025-03-16 15:53:29,788,72079,25.4,5,36447,home_improvement,OWN,2,3,22,44.49,1,747,0.004084,LOW,APPROVED,0,0,700-800,50-75K
CS000269,2025-05-13 06:13:15,643,119583,32.54,3,44908,home_improvement,RENT,1,4,37,56.56,2,593,0.257557,VERY_HIGH,DECLINED,0,0,<600,100K+
CS000270,2025-05-27 20:04:14,646,62191,26.01,11,29635,debt_consolidation,OTHER,1,6,45,37.43,0,671,0.027481,MEDIUM,APPROVED,0,0,600-700,50-75K
CS000271,2025-05-25 08:30:02,700,78687,15.11,2,33332,other,RENT,2,5,42,72.17,1,685,0.021508,MEDIUM,APPROVED,0,0,600-700,75-100K
CS000272,2025-06-25 21:09:53,638,80191,24.97,6,69022,debt_consolidation,MORTGAGE,0,0,0,33.86,1,662,0.048141,HIGH,APPROVED,0,0,600-700,75-100K
CS000273,2025-01-22 08:54:34,621,164769,24.68,6,29478,credit_card,MORTGAGE,0,0,0,21.7,2,618,0.121702,HIGH,APPROVED,0,0,600-700,100K+
CS000274,2025-03-31 06:10:21,636,72371,24.9,0,21121,major_purchase,RENT,0,0,0,30.6,1,645,0.050071,HIGH,APPROVED,0,0,600-700,50-75K
CS000275,2025-01-29 12:36:22,838,40734,22.53,3,16779,credit_card,OWN,0,0,0,38.74,2,766,0.001962,LOW,APPROVED,0,0,700-800,<50K
CS000276,2025-01-04 22:14:58,661,34726,17.6,6,30772,debt_consolidation,RENT,0,0,0,50.96,2,658,0.039379,MEDIUM,APPROVED,0,0,600-700,<50K
CS000277,2025-01-31 05:45:22,639,55491,14.58,0,11909,home_improvement,OWN,1,5,18,22.88,1,660,0.035227,MEDIUM,DECLINED,0,0,600-700,50-75K
CS000278,2025-01-16 10:12:00,670,67293,39.46,11,23223,major_purchase,MORTGAGE,0,0,0,79.08,1,625,0.160932,HIGH,APPROVED,1,120,600-700,50-75K
CS000279,2025-01-06 11:19:49,694,38357,41.35,7,53220,other,OWN,0,0,0,6.88,2,627,0.074765,HIGH,APPROVED,0,0,600-700,<50K
CS000280,2025-04-23 19:31:27,765,38001,30.14,2,29700,major_purchase,RENT,0,0,0,53.63,1,651,0.037619,MEDIUM,APPROVED,0,0,600-700,<50K
CS000281,2025-03-23 06:50:04,746,41433,23.75,9,40865,home_improvement,RENT,1,4,24,4.07,1,728,0.013091,LOW,APPROVED,0,0,700-800,<50K
CS000282,2025-02-15 01:59:40,737,61898,36.52,23,23246,debt_consolidation,OTHER,2,2,40,31.8,0,619,0.077363,HIGH,APPROVED,0,0,600-700,50-75K
CS000283,2025-06-14 19:19:24,696,81481,27.9,9,14116,debt_consolidation,MORTGAGE,1,3,50,15.29,1,642,0.056801,HIGH,DECLINED,0,0,600-700,75-100K
CS000284,2025-02-14 10:05:03,702,44984,32.86,1,33952,debt_consolidation,MORTGAGE,1,7,33,75.12,0,641,0.077515,HIGH,APPROVED,0,0,600-700,<50K
CS000285,2025-05-15 08:32:10,659,42673,20.94,6,22698,debt_consolidation,MORTGAGE,0,0,0,37.66,1,684,0.023203,MEDIUM,APPROVED,0,0,600-700,<50K
CS000286,2025-01-05 05:56:46,611,108083,22.66,5,26806,home_improvement,MORTGAGE,0,0,0,56.39,0,605,0.168476,HIGH,APPROVED,0,0,600-700,100K+
CS000287,2025-05-24 16:38:39,806,134196,23.21,2,18104,home_improvement,RENT,0,0,0,75.45,0,745,0.007106,LOW,APPROVED,0,0,700-800,100K+
CS000288,2025-01-27 13:03:57,669,77947,25.46,19,22090,major_purchase,MORTGAGE,2,3,8,62.51,0,637,0.131107,HIGH,APPROVED,0,0,600-700,75-100K
CS000289,2025-05-17 15:34:06,749,47273,18.65,0,16153,debt_consolidation,RENT,0,0,0,28.38,2,733,0.00677,LOW,APPROVED,0,0,700-800,<50K
CS000290,2025-01-01 14:17:49,676,46962,17.86,3,54258,credit_card,RENT,3,5,37,84.82,1,567,0.360826,VERY_HIGH,APPROVED,0,0,<600,<50K
CS000291,2025-05-24 15:44:40,689,82818,27.12,18,21135,debt_consolidation,RENT,1,5,52,46.39,0,620,0.104977,HIGH,APPROVED,0,0,600-700,75-100K
CS000292,2025-03-07 08:52:26,685,27968,16.85,21,18802,major_purchase,MORTGAGE,1,4,37,18.89,0,661,0.035966,MEDIUM,APPROVED,0,0,600-700,<50K
CS000293,2025-03-23 10:48:01,618,29688,21.73,0,23089,debt_consolidation,MORTGAGE,0,0,0,28.54,1,627,0.085919,HIGH,APPROVED,0,0,600-700,<50K
CS000294,2025-02-19 21:52:11,689,91382,21.98,9,8198,major_purchase,RENT,2,7,1,24.37,2,655,0.05031,HIGH,APPROVED,0,0,600-700,75-100K
CS000295,2025-02-21 01:40:06,714,31565,26.51,1,16644,debt_consolidation,OWN,0,0,0,72.38,2,642,0.058932,HIGH,APPROVED,0,30,600-700,<50K
CS000296,2025-01-01 21:35:39,739,42323,8.88,3,57809,major_purchase,MORTGAGE,1,2,25,49.98,1,729,0.007725,LOW,APPROVED,0,0,700-800,<50K
CS000297,2025-04-10 11:16:08,721,149781,20.49,2,27062,major_purchase,RENT,1,3,8,26.28,1,714,0.009306,LOW,APPROVED,0,0,700-800,100K+
CS000298,2025-05-28 16:21:30,749,47980,29.53,1,20655,credit_card,RENT,1,4,14,10.57,2,685,0.016785,LOW,APPROVED,0,0,600-700,<50K
CS000299,2025-05-04 13:16:40,709,108925,27.53,6,23926,debt_consolidation,RENT,2,4,38,28.11,1,656,0.042241,MEDIUM,APPROVED,0,0,600-700,100K+
CS000300,2025-03-15 02:36:22,693,52716,40.32,7,12493,home_improvement,MORTGAGE,0,0,0,41.49,2,644,0.05801,HIGH,APPROVED,0,0,600-700,50-75K
CS000301,2025-06-13 14:12:09,585,36838,15.86,1,25576,other,MORTGAGE,0,0,0,69.59,2,553,0.384209,VERY_HIGH,DECLINED,0,0,<600,<50K
CS000302,2025-04-12 15:47:21,664,72861,35.61,1,61938,debt_consolidation,RENT,1,2,26,53.44,3,576,0.261809,VERY_HIGH,DECLINED,0,0,<600,50-75K
CS000303,2025-05-22 18:39:13,778,57338,32.31,2,37043,other,OWN,1,2,47,28.02,2,733,0.007324,LOW,APPROVED,0,0,700-800,50-75K
CS000304,2025-04-12 14:07:57,700,87257,18.26,0,10792,credit_card,OWN,2,6,7,65.0,0,663,0.027825,MEDIUM,APPROVED,0,0,600-700,75-100K
CS000305,2025-02-03 14:55:20,737,31258,24.39,14,5303,major_purchase,OTHER,0,0,0,3.1,0,755,0.004551,LOW,APPROVED,0,0,700-800,<50K
CS000306,2025-02-15 05:46:58,681,75988,28.16,3,51180,major_purchase,MORTGAGE,0,0,0,53.49,3,652,0.043523,MEDIUM,APPROVED,0,0,600-700,75-100K
CS000307,2025-01-21 03:07:26,656,67089,16.69,5,20546,major_purchase,MORTGAGE,0,0,0,92.42,1,678,0.025541,MEDIUM,APPROVED,0,0,600-700,50-75K
CS000308,2025-02-05 03:22:48,806,87005,19.14,24,14889,debt_consolidation,OWN,3,7,7,42.61,4,678,0.03619,MEDIUM,APPROVED,0,0,600-700,75-100K
CS000309,2025-02-25 09:57:37,713,68811,20.54,4,30440,home_improvement,OTHER,2,4,33,38.3,0,692,0.023133,MEDIUM,APPROVED,0,0,600-700,50-75K
CS000310,2025-03-15 09:12:37,775,39514,21.35,8,20398,major_purchase,MORTGAGE,0,0,0,18.58,1,719,0.005696,LOW,APPROVED,0,0,700-800,<50K
CS000311,2025-03-28 04:00:50,722,110732,17.39,2,28731,credit_card,RENT,0,0,0,60.99,1,728,0.007846,LOW,APPROVED,0,0,700-800,100K+
CS000312,2025-02-02 18:25:17,677,91922,21.38,13,39781,debt_consolidation,MORTGAGE,0,0,0,30.38,0,744,0.006788,LOW,APPROVED,0,0,700-800,75-100K
CS000313,2025-05-10 14:14:45,569,92814,37.86,2,36079,debt_consolidation,RENT,0,0,0,18.32,3,521,0.565951,VERY_HIGH,DECLINED,1,60,<600,75-100K
CS000314,2025-04-30 08:02:06,698,80911,24.54,14,18187,major_purchase,OTHER,1,1,45,34.51,3,656,0.041269,MEDIUM,APPROVED,0,0,600-700,75-100K
CS000315,2025-01-31 15:11:56,607,72337,31.27,0,7685,home_improvement,RENT,1,5,15,66.35,1,579,0.337663,VERY_HIGH,DECLINED,0,0,<600,50-75K
CS000316,2025-01-27 15:56:37,571,47782,14.41,18,22457,debt_consolidation,MORTGAGE,0,0,0,43.01,1,595,0.146505,HIGH,APPROVED,0,0,<600,<50K
CS000317,2025-05-01 22:13:03,761,27920,23.5,0,14494,credit_card,MORTGAGE,0,0,0,48.02,1,712,0.017355,MEDIUM,APPROVED,0,0,700-800,<50K
CS000318,2025-01-16 13:28:49,733,30557,29.96,4,23106,credit_card,MORTGAGE,0,0,0,62.7,3,646,0.042093,MEDIUM,DECLINED,0,0,600-700,<50K
CS000319,2025-06-05 20:20:48,728,57122,29.45,0,18539,major_purchase,RENT,2,3,36,16.18,2,644,0.051961,HIGH,APPROVED,0,0,600-700,50-75K
CS000320,2025-06-04 08:40:02,695,22471,32.22,2,9741,home_improvement,MORTGAGE,1,5,1,21.14,4,605,0.13575,HIGH,APPROVED,0,30,600-700,<50K
CS000321,2025-03-27 14:36:38,691,45824,29.23,6,11896,home_improvement,OTHER,2,1,7,59.06,2,576,0.260301,VERY_HIGH,APPROVED,0,0,<600,<50K
CS000322,2025-05-27 23:13:03,716,88824,37.36,2,40166,other,RENT,0,0,0,62.76,2,638,0.085172,HIGH,APPROVED,0,0,600-700,75-100K
CS000323,2025-05-20 03:51:59,701,40033,12.05,5,26390,debt_consolidation,MORTGAGE,0,0,0,55.64,1,681,0.026827,MEDIUM,APPROVED,0,0,600-700,<50K
CS000324,2025-05-02 01:30:12,697,141269,24.7,10,44495,credit_card,MORTGAGE,1,5,35,27.81,1,676,0.029009,MEDIUM,APPROVED,0,0,600-700,100K+
CS000325,2025-06-14 05:56:10,733,28691,32.59,6,18927,credit_card,RENT,0,0,0,55.28,3,636,0.078551,HIGH,APPROVED,0,0,600-700,<50K
CS000326,2025-01-24 05:51:20,557,81627,26.78,7,25188,debt_consolidation,MORTGAGE,0,0,0,69.85,3,545,0.365206,VERY_HIGH,DECLINED,1,90,<600,75-100K
CS000327,2025-01-09 05:59:58,742,25354,7.91,1,22766,debt_consolidation,RENT,2,7,37,38.75,1,702,0.011949,LOW,APPROVED,0,0,700-800,<50K
CS000328,2025-03-31 16:23:13,658,70198,1.0,3,27950,credit_card,MORTGAGE,4,7,41,43.05,2,615,0.157034,HIGH,APPROVED,0,0,600-700,50-75K
CS000329,2025-01-21 08:12:47,739,126284,12.02,5,81698,debt_consolidation,RENT,2,3,53,51.65,1,689,0.014601,LOW,DECLINED,0,0,600-700,100K+
CS000330,2025-05-09 10:27:43,757,52267,18.55,3,22651,home_improvement,RENT,0,0,0,32.32,1,775,0.003052,LOW,APPROVED,0,0,700-800,50-75K
CS000331,2025-02-26 23:04:23,646,34477,26.36,6,37282,debt_consolidation,MORTGAGE,0,0,0,39.24,2,609,0.135511,HIGH,APPROVED,1,150,600-700,<50K
CS000332,2025-05-12 06:29:09,736,36180,42.1,1,21466,debt_consolidation,MORTGAGE,1,8,4,24.15,1,653,0.037932,MEDIUM,APPROVED,0,0,600-700,<50K
CS000333,2025-01-31 21:37:38,735,80409,31.75,5,35523,home_improvement,MORTGAGE,0,0,0,17.58,2,710,0.014265,LOW,APPROVED,0,0,700-800,75-100K
CS000334,2025-06-01 10:30:22,652,88252,29.88,3,37225,credit_card,MORTGAGE,0,0,0,48.27,0,627,0.111225,HIGH,DECLINED,0,0,600-700,75-100K
CS000335,2025-03-15 18:58:40,661,71978,34.42,9,17313,debt_consolidation,OWN,0,0,0,5.42,0,644,0.052139,HIGH,APPROVED,0,0,600-700,50-75K
CS000336,2025-01-23 18:13:37,696,47936,24.16,11,20109,home_improvement,RENT,0,0,0,32.71,2,669,0.028463,MEDIUM,APPROVED,0,0,600-700,<50K
CS000337,2025-01-11 20:12:15,567,36829,25.43,3,37056,home_improvement,MORTGAGE,1,6,41,49.92,1,546,0.405569,VERY_HIGH,DECLINED,1,60,<600,<50K
CS000338,2025-03-08 17:15:32,665,41168,18.56,16,15661,major_purchase,OTHER,2,4,18,59.87,1,632,0.071725,HIGH,APPROVED,0,0,600-700,<50K
CS000339,2025-05-28 01:57:52,700,37458,20.05,4,34710,credit_card,MORTGAGE,0,0,0,62.06,1,610,0.079625,HIGH,DECLINED,0,0,600-700,<50K
CS000340,2025-04-18 09:26:01,664,29236,27.41,7,17041,credit_card,MORTGAGE,1,7,34,24.9,1,630,0.072762,HIGH,APPROVED,0,0,600-700,<50K
CS000341,2025-03-14 16:19:59,601,95850,11.94,12,22155,debt_consolidation,OTHER,0,0,0,45.22,2,641,0.089848,HIGH,DECLINED,0,0,600-700,75-100K
CS000342,2025-04-23 10:50:23,667,104881,25.66,1,11518,debt_consolidation,OWN,1,2,45,59.75,1,593,0.179855,HIGH,DECLINED,0,0,<600,100K+
CS000343,2025-04-07 15:26:19,772,106813,21.46,3,8581,other,MORTGAGE,0,0,0,43.59,0,770,0.002659,LOW,APPROVED,0,0,700-800,100K+
CS000344,2025-03-18 15:35:21,762,128412,14.25,4,35071,home_improvement,RENT,1,7,21,67.79,1,717,0.011887,LOW,APPROVED,0,0,700-800,100K+
CS000345,2025-05-09 11:13:05,682,44319,14.2,3,23453,major_purchase,OTHER,0,0,0,58.72,1,667,0.036148,MEDIUM,APPROVED,0,0,600-700,<50K
CS000346,2025-02-07 03:15:34,644,25910,13.59,5,13207,major_purchase,MORTGAGE,0,0,0,25.19,0,692,0.016286,LOW,DECLINED,0,0,600-700,<50K
CS000347,2025-02-17 07:56:03,688,65275,38.06,6,10763,debt_consolidation,RENT,1,5,41,39.93,3,588,0.199235,VERY_HIGH,DECLINED,0,0,<600,50-75K
CS000348,2025-05-29 22:07:51,689,52383,18.96,8,7736,home_improvement,RENT,1,1,53,46.06,1,674,0.025583,MEDIUM,APPROVED,0,0,600-700,50-75K
CS000349,2025-05-31 09:59:36,651,35657,22.18,3,20240,debt_consolidation,RENT,1,4,20,49.23,2,571,0.330885,VERY_HIGH,APPROVED,0,0,<600,<50K
CS000350,2025-06-10 02:13:48,670,71557,13.49,0,6119,home_improvement,RENT,0,0,0,81.97,1,612,0.121522,HIGH,APPROVED,0,0,600-700,50-75K
CS000351,2025-01-03 20:01:05,723,48126,28.08,2,30978,debt_consolidation,RENT,0,0,0,29.3,1,658,0.052522,HIGH,APPROVED,0,0,600-700,<50K
CS000352,2025-01-16 02:01:40,740,79161,22.97,1,20146,other,MORTGAGE,0,0,0,55.87,1,700,0.023695,MEDIUM,APPROVED,0,0,700-800,75-100K
CS000353,2025-02-22 01:55:31,554,70360,9.92,8,34153,debt_consolidation,RENT,3,5,20,49.08,1,555,0.437579,VERY_HIGH,DECLINED,0,0,<600,50-75K
CS000354,2025-04-14 04:42:24,742,40146,24.16,2,20073,other,RENT,2,4,44,76.26,3,626,0.067796,HIGH,DECLINED,0,0,600-700,<50K
CS000355,2025-04-18 01:47:37,696,58532,38.75,8,19053,credit_card,MORTGAGE,0,0,0,80.08,2,655,0.051044,HIGH,APPROVED,0,0,600-700,50-75K
CS000356,2025-01-07 19:48:36,752,46211,6.41,2,22781,other,MORTGAGE,1,2,41,17.28,0,753,0.003622,LOW,APPROVED,0,0,700-800,<50K
CS000357,2025-05-07 17:00:57,687,68005,42.79,3,20701,other,RENT,0,0,0,34.37,0,636,0.069152,HIGH,APPROVED,0,0,600-700,50-75K
CS000358,2025-04-27 00:38:05,713,56696,23.35,15,67872,other,RENT,1,2,5,5.72,1,683,0.019537,MEDIUM,DECLINED,0,0,600-700,50-75K
CS000359,2025-06-28 04:19:35,779,37745,41.03,4,76372,debt_consolidation,RENT,1,3,14,11.94,2,693,0.016949,MEDIUM,APPROVED,0,30,600-700,<50K
CS000360,2025-04-30 03:07:05,525,70362,15.57,1,23444,debt_consolidation,RENT,0,0,0,27.94,4,600,0.329831,VERY_HIGH,APPROVED,1,90,600-700,50-75K
CS000361,2025-05-13 07:47:22,776,52514,30.85,0,27555,debt_consolidation,MORTGAGE,0,0,0,91.25,0,746,0.010209,LOW,APPROVED,0,0,700-800,50-75K
CS000362,2025-06-11 17:39:44,699,54125,28.02,6,18903,major_purchase,OWN,2,4,36,48.17,1,670,0.051138,HIGH,APPROVED,0,0,600-700,50-75K
CS000363,2025-05-17 21:07:33,588,61199,23.0,12,12134,credit_card,RENT,1,2,29,44.1,1,586,0.195696,VERY_HIGH,DECLINED,0,0,<600,50-75K
CS000364,2025-03-21 13:25:06,542,156859,29.72,9,36035,credit_card,RENT,0,0,0,42.97,0,611,0.143031,HIGH,APPROVED,0,0,600-700,100K+
CS000365,2025-04-02 00:16:00,706,69155,18.69,15,24748,credit_card,MORTGAGE,0,0,0,69.09,0,720,0.011831,LOW,APPROVED,0,0,700-800,50-75K
CS000366,2025-05-06 23:30:01,632,53256,22.55,6,18149,credit_card,RENT,0,0,0,0.0,1,660,0.038604,MEDIUM,APPROVED,0,0,600-700,50-75K
CS000367,2025-04-12 02:08:47,744,43708,23.66,23,23334,major_purchase,RENT,0,0,0,28.56,4,661,0.047802,HIGH,APPROVED,0,0,600-700,<50K
CS000368,2025-05-25 08:10:55,700,27725,17.33,34,21152,home_improvement,RENT,0,0,0,43.44,1,694,0.023543,MEDIUM,APPROVED,0,0,600-700,<50K
CS000369,2025-02-12 03:55:03,681,57813,26.94,23,9048,credit_card,MORTGAGE,1,6,29,19.13,1,674,0.043797,MEDIUM,APPROVED,1,120,600-700,50-75K
CS000370,2025-03-07 17:05:23,743,58650,7.73,8,23170,home_improvement,OWN,0,0,0,100.0,2,698,0.018019,MEDIUM,APPROVED,0,0,600-700,50-75K
CS000371,2025-01-31 17:03:53,699,45566,28.32,3,13951,major_purchase,RENT,0,0,0,48.98,3,663,0.042996,MEDIUM,APPROVED,0,0,600-700,<50K
CS000372,2025-03-12 04:23:06,729,81090,39.18,5,5434,major_purchase,OWN,1,7,19,62.87,1,606,0.144558,HIGH,APPROVED,0,0,600-700,75-100K
CS000373,2025-05-31 13:29:53,734,70121,18.82,17,24325,other,OTHER,2,4,54,10.39,3,685,0.020428,MEDIUM,APPROVED,0,0,600-700,50-75K
CS000374,2025-03-21 06:30:14,706,79020,18.35,12,21647,credit_card,RENT,0,0,0,53.11,1,692,0.019255,MEDIUM,APPROVED,0,0,600-700,75-100K
CS000375,2025-01-09 08:09:53,732,52461,45.44,12,20132,home_improvement,MORTGAGE,1,4,53,44.47,2,650,0.051927,HIGH,APPROVED,0,0,600-700,50-75K
CS000376,2025-02-17 08:33:07,732,115275,32.59,0,12610,debt_consolidation,RENT,1,4,29,52.47,3,672,0.038201,MEDIUM,APPROVED,0,0,600-700,100K+
CS000377,2025-01-05 18:10:03,613,76641,28.3,1,54258,credit_card,MORTGAGE,1,5,39,47.04,2,607,0.159025,HIGH,APPROVED,0,0,600-700,75-100K
CS000378,2025-02-08 15:38:24,673,44551,25.43,4,20239,debt_consolidation,OWN,0,0,0,67.44,0,678,0.024836,MEDIUM,APPROVED,0,0,600-700,<50K
CS000379,2025-02-16 16:58:15,682,59460,40.27,21,15332,credit_card,MORTGAGE,0,0,0,37.72,0,654,0.070693,HIGH,APPROVED,1,120,600-700,50-75K
CS000380,2025-02-11 01:25:10,668,92792,20.0,13,2668,debt_consolidation,MORTGAGE,0,0,0,64.83,0,663,0.035513,MEDIUM,DECLINED,0,0,600-700,75-100K
CS000381,2025-03-18 16:24:07,601,44811,26.84,0,18088,debt_consolidation,OWN,2,4,45,40.97,3,550,0.476578,VERY_HIGH,APPROVED,0,0,<600,<50K
CS000382,2025-04-15 09:00:06,657,105049,24.53,1,19391,home_improvement,MORTGAGE,0,0,0,17.28,0,674,0.033729,MEDIUM,APPROVED,0,0,600-700,100K+
CS000383,2025-03-14 02:31:22,707,49402,12.26,8,15894,debt_consolidation,MORTGAGE,0,0,0,61.41,3,699,0.013394,LOW,APPROVED,0,0,600-700,<50K
CS000384,2025-06-27 11:20:15,699,26477,32.91,5,12001,debt_consolidation,MORTGAGE,1,7,16,31.58,4,604,0.160578,HIGH,DECLINED,0,0,600-700,<50K
CS000385,2025-02-09 14:02:20,772,82042,23.81,1,49640,major_purchase,MORTGAGE,1,3,16,52.06,1,721,0.009269,LOW,APPROVED,0,30,700-800,75-100K
CS000386,2025-05-14 08:28:34,655,47436,21.21,6,30874,credit_card,RENT,0,0,0,70.33,1,570,0.286524,VERY_HIGH,DECLINED,0,0,<600,<50K
CS000387,2025-04-30 12:48:05,665,60589,19.98,6,6100,debt_consolidation,RENT,0,0,0,9.87,2,651,0.037393,MEDIUM,APPROVED,0,0,600-700,50-75K
CS000388,2025-03-27 05:31:18,657,55666,32.96,16,12809,major_purchase,RENT,0,0,0,60.94,1,643,0.120244,HIGH,DECLINED,0,0,600-700,50-75K
CS000389,2025-02-06 09:32:18,671,95693,30.15,21,5841,major_purchase,OTHER,0,0,0,34.49,0,670,0.027272,MEDIUM,APPROVED,0,0,600-700,75-100K
CS000390,2025-03-07 10:44:17,655,59271,30.66,1,34553,other,RENT,0,0,0,85.41,3,585,0.223563,VERY_HIGH,DECLINED,0,0,<600,50-75K
CS000391,2025-04-23 20:49:37,585,87335,34.02,3,10729,other,MORTGAGE,0,0,0,50.76,3,532,0.54169,VERY_HIGH,DECLINED,1,90,<600,75-100K
CS000392,2025-02-16 05:17:26,707,40392,43.09,2,13902,home_improvement,RENT,2,2,53,35.59,1,594,0.195729,VERY_HIGH,APPROVED,0,0,<600,<50K
CS000393,2025-05-10 10:13:41,743,61062,17.73,3,25412,other,OWN,2,3,23,12.72,2,737,0.007207,LOW,APPROVED,0,0,700-800,50-75K
CS000394,2025-03-22 06:37:08,750,45476,31.21,8,13502,debt_consolidation,OWN,0,0,0,79.13,4,611,0.161397,HIGH,APPROVED,0,0,600-700,<50K
CS000395,2025-03-20 03:13:53,628,58941,27.9,3,22906,home_improvement,RENT,0,0,0,49.58,4,595,0.171795,HIGH,APPROVED,0,0,<600,50-75K
CS000396,2025-04-30 17:49:34,678,155383,32.96,4,35978,debt_consolidation,MORTGAGE,1,3,18,43.06,2,617,0.130305,HIGH,DECLINED,0,0,600-700,100K+
CS000397,2025-05-04 06:24:43,790,41838,13.62,7,10996,other,RENT,0,0,0,27.12,2,783,0.002033,LOW,APPROVED,0,0,700-800,<50K
CS000398,2025-04-25 12:15:49,682,69965,23.65,3,41661,major_purchase,RENT,3,7,33,19.38,0,649,0.05262,HIGH,APPROVED,0,0,600-700,50-75K
CS000399,2025-03-07 01:05:34,707,50479,35.96,1,24947,major_purchase,RENT,2,4,16,48.3,0,667,0.046328,HIGH,APPROVED,0,0,600-700,50-75K
CS000400,2025-02-24 05:27:45,680,71128,12.96,1,67643,other,MORTGAGE,0,0,0,45.6,2,658,0.047415,HIGH,APPROVED,0,0,600-700,50-75K
CS000401,2025-02-06 10:31:03,744,40481,21.62,1,10044,home_improvement,RENT,1,4,4,23.7,2,713,0.01361,LOW,APPROVED,0,60,700-800,<50K
CS000402,2025-04-30 12:34:10,742,46022,7.36,12,12214,major_purchase,RENT,0,0,0,54.1,1,739,0.004192,LOW,APPROVED,0,0,700-800,<50K
CS000403,2025-03-30 04:43:11,816,27319,17.2,4,35278,other,OWN,0,0,0,37.09,0,833,0.000752,LOW,APPROVED,0,0,800+,<50K
CS000404,2025-01-06 07:11:49,716,101444,20.14,2,52897,debt_consolidation,MORTGAGE,0,0,0,47.73,2,663,0.037557,MEDIUM,APPROVED,0,30,600-700,100K+
CS000405,2025-04-22 15:28:06,713,59998,30.43,7,10862,debt_consolidation,RENT,0,0,0,43.07,3,654,0.038627,MEDIUM,APPROVED,0,0,600-700,50-75K
CS000406,2025-04-22 14:15:52,622,65589,27.1,4,23733,home_improvement,MORTGAGE,0,0,0,84.16,1,548,0.398621,VERY_HIGH,DECLINED,1,150,<600,50-75K
CS000407,2025-01-21 21:38:34,666,32748,13.52,2,23082,debt_consolidation,OTHER,0,0,0,30.19,0,721,0.007358,LOW,APPROVED,0,0,700-800,<50K
CS000408,2025-05-08 10:07:38,650,113520,29.16,3,9163,other,RENT,2,4,35,38.05,5,594,0.215167,VERY_HIGH,APPROVED,0,0,<600,100K+
CS000409,2025-03-23 18:32:52,670,95528,19.82,0,20596,credit_card,MORTGAGE,0,0,0,33.27,3,621,0.063615,HIGH,APPROVED,0,0,600-700,75-100K
CS000410,2025-04-05 04:03:18,616,49766,24.21,5,35119,other,MORTGAGE,1,5,2,60.85,0,610,0.113661,HIGH,APPROVED,1,120,600-700,<50K
CS000411,2025-01-27 05:25:27,755,66155,19.12,2,11240,major_purchase,MORTGAGE,1,4,17,53.24,1,751,0.005404,LOW,APPROVED,0,0,700-800,50-75K
CS000412,2025-05-28 13:49:11,630,51972,22.6,15,26407,major_purchase,MORTGAGE,0,0,0,57.2,1,629,0.121545,HIGH,APPROVED,0,0,600-700,50-75K
CS000413,2025-06-19 10:37:03,703,88994,30.93,2,14742,other,MORTGAGE,0,0,0,27.18,1,675,0.022657,MEDIUM,APPROVED,0,0,600-700,75-100K
CS000414,2025-04-26 09:58:08,619,22203,31.5,5,19721,debt_consolidation,RENT,1,1,24,60.61,1,543,0.503109,VERY_HIGH,DECLINED,0,0,<600,<50K
CS000415,2025-03-13 21:48:41,707,63726,20.92,3,31508,credit_card,MORTGAGE,0,0,0,65.6,0,699,0.016871,MEDIUM,APPROVED,0,0,600-700,50-75K
CS000416,2025-04-03 17:16:01,779,65734,24.75,0,13891,major_purchase,MORTGAGE,0,0,0,35.02,2,724,0.007995,LOW,APPROVED,0,0,700-800,50-75K
CS000417,2025-05-19 07:20:20,643,85586,29.11,32,32464,debt_consolidation,RENT,1,2,48,39.22,3,624,0.092718,HIGH,APPROVED,0,0,600-700,75-100K
CS000418,2025-01-05 05:55:41,708,37287,20.34,4,61812,credit_card,RENT,0,0,0,48.38,2,689,0.025792,MEDIUM,APPROVED,0,0,600-700,<50K
CS000419,2025-06-08 08:34:40,685,42195,33.42,2,38939,home_improvement,MORTGAGE,1,2,2,87.72,2,557,0.387139,VERY_HIGH,DECLINED,1,150,<600,<50K
CS000420,2025-04-07 13:14:08,704,36674,29.93,14,15098,other,MORTGAGE,1,4,4,38.28,0,680,0.027568,MEDIUM,APPROVED,0,0,600-700,<50K
CS000421,2025-05-08 13:19:42,711,89132,23.02,18,6157,debt_consolidation,MORTGAGE,0,0,0,53.61,1,680,0.032636,MEDIUM,APPROVED,0,30,600-700,75-100K
CS000422,2025-06-29 04:09:18,653,71255,9.16,5,11108,debt_consolidation,MORTGAGE,0,0,0,72.47,3,644,0.052326,HIGH,APPROVED,0,0,600-700,50-75K
CS000423,2025-06-03 07:39:19,678,95357,11.41,5,14392,home_improvement,RENT,0,0,0,95.58,2,642,0.055456,HIGH,APPROVED,0,0,600-700,75-100K
CS000424,2025-04-14 09:35:55,656,85620,19.22,3,21907,credit_card,MORTGAGE,0,0,0,29.13,2,708,0.023004,MEDIUM,APPROVED,0,0,700-800,75-100K
CS000425,2025-05-22 17:11:43,643,80176,21.6,0,12866,debt_consolidation,RENT,0,0,0,69.94,1,596,0.160839,HIGH,APPROVED,0,0,<600,75-100K
CS000426,2025-03-08 09:54:56,621,36043,30.94,2,32426,major_purchase,RENT,0,0,0,27.82,0,598,0.237896,VERY_HIGH,DECLINED,0,0,<600,<50K
CS000427,2025-06-21 14:35:16,741,55155,22.89,3,52284,major_purchase,RENT,2,2,22,64.86,2,669,0.04779,HIGH,APPROVED,0,0,600-700,50-75K
CS000428,2025-04-29 12:06:07,648,108998,18.37,14,8700,debt_consolidation,MORTGAGE,0,0,0,58.91,2,615,0.134828,HIGH,APPROVED,0,0,600-700,100K+
CS000429,2025-02-19 18:17:55,725,70766,7.01,9,20851,home_improvement,RENT,0,0,0,61.22,0,740,0.005193,LOW,APPROVED,0,0,700-800,50-75K
CS000430,2025-04-19 03:53:43,719,39699,30.4,4,15546,credit_card,RENT,2,0,7,31.98,1,669,0.034471,MEDIUM,APPROVED,0,0,600-700,<50K
CS000431,2025-03-02 10:09:19,633,42130,24.94,0,11436,debt_consolidation,MORTGAGE,1,3,27,21.62,0,647,0.050868,HIGH,APPROVED,0,0,600-700,<50K
CS000432,2025-06-01 13:33:51,746,50378,31.66,14,66755,major_purchase,RENT,0,0,0,67.15,1,688,0.021888,MEDIUM,APPROVED,0,0,600-700,50-75K
CS000433,2025-02-02 05:04:19,641,55204,33.26,11,23937,debt_consolidation,MORTGAGE,1,4,49,39.29,1,631,0.085487,HIGH,DECLINED,0,0,600-700,50-75K
CS000434,2025-01-22 19:09:29,723,64796,32.13,15,6337,major_purchase,MORTGAGE,0,0,0,38.56,2,674,0.026899,MEDIUM,APPROVED,0,0,600-700,50-75K
CS000435,2025-03-01 20:19:11,768,62007,25.68,21,25095,debt_consolidation,MORTGAGE,4,3,43,42.92,0,672,0.029337,MEDIUM,APPROVED,0,0,600-700,50-75K
CS000436,2025-02-20 13:20:20,649,75510,40.76,0,9441,home_improvement,RENT,1,5,24,63.96,0,593,0.247899,VERY_HIGH,APPROVED,0,0,<600,75-100K
CS000437,2025-01-24 01:07:38,637,98384,31.98,6,19779,other,RENT,1,5,52,64.15,1,564,0.365639,VERY_HIGH,DECLINED,1,120,<600,75-100K
CS000438,2025-02-03 08:09:57,636,81935,12.34,3,14926,home_improvement,MORTGAGE,2,3,57,55.15,3,582,0.253399,VERY_HIGH,DECLINED,0,0,<600,75-100K
CS000439,2025-01-21 03:40:30,815,39382,30.03,9,19488,other,RENT,0,0,0,64.63,6,725,0.013652,LOW,APPROVED,0,0,700-800,<50K
CS000440,2025-01-25 13:32:49,668,153340,15.32,2,29621,major_purchase,MORTGAGE,0,0,0,71.8,0,729,0.0075,LOW,APPROVED,0,60,700-800,100K+
CS000441,2025-01-04 06:34:24,619,56447,32.38,1,16504,credit_card,RENT,4,6,1,68.62,2,516,0.706174,VERY_HIGH,APPROVED,1,60,<600,50-75K
CS000442,2025-05-30 10:10:41,733,46300,23.58,6,18115,credit_card,RENT,0,0,0,51.68,0,665,0.031207,MEDIUM,APPROVED,0,0,600-700,<50K
CS000443,2025-01-05 07:46:50,678,101237,26.36,11,12474,other,RENT,0,0,0,37.83,2,671,0.025615,MEDIUM,DECLINED,1,120,600-700,100K+
CS000444,2025-04-09 00:58:21,686,115416,35.17,9,10871,debt_consolidation,MORTGAGE,0,0,0,56.33,0,651,0.061935,HIGH,APPROVED,0,0,600-700,100K+
CS000445,2025-04-30 11:19:07,633,77505,28.68,4,13296,credit_card,OWN,1,3,32,73.44,3,560,0.446356,VERY_HIGH,DECLINED,0,0,<600,75-100K
CS000446,2025-04-06 18:15:43,566,111394,29.75,3,53717,debt_consolidation,RENT,1,2,53,55.18,2,505,0.554737,VERY_HIGH,DECLINED,0,0,<600,100K+
CS000447,2025-05-09 03:53:21,648,58441,20.85,6,26230,debt_consolidation,MORTGAGE,1,6,59,40.77,2,626,0.118653,HIGH,DECLINED,0,0,600-700,50-75K
CS000448,2025-02-01 17:58:34,630,59130,17.12,0,30699,credit_card,OWN,0,0,0,40.2,0,643,0.080493,HIGH,APPROVED,0,0,600-700,50-75K
CS000449,2025-04-14 21:22:36,599,38889,20.24,10,40478,home_improvement,RENT,0,0,0,51.11,1,616,0.127997,HIGH,DECLINED,0,0,600-700,<50K
CS000450,2025-01-07 06:27:49,628,99816,32.24,2,47662,debt_consolidation,RENT,1,6,51,31.62,1,608,0.17533,HIGH,APPROVED,0,0,600-700,75-100K
CS000451,2025-03-04 07:08:57,636,69216,42.08,6,6861,credit_card,RENT,1,2,41,45.93,1,578,0.228709,VERY_HIGH,DECLINED,1,60,<600,50-75K
CS000452,2025-04-10 08:53:35,732,131709,30.81,0,26726,major_purchase,OTHER,1,8,12,32.38,2,703,0.015905,LOW,APPROVED,0,0,700-800,100K+
CS000453,2025-05-16 03:49:22,727,55650,55.86,8,66528,home_improvement,OWN,1,5,22,61.49,1,572,0.25662,VERY_HIGH,APPROVED,0,0,<600,50-75K
CS000454,2025-01-05 06:14:24,716,105463,19.45,5,25208,debt_consolidation,RENT,0,0,0,67.1,1,705,0.012934,LOW,APPROVED,0,0,700-800,100K+
CS000455,2025-05-29 15:44:30,658,67508,19.56,3,16452,debt_consolidation,OWN,0,0,0,62.46,3,595,0.186038,VERY_HIGH,APPROVED,1,90,<600,50-75K
CS000456,2025-04-13 14:59:56,618,136107,34.43,0,15382,debt_consolidation,MORTGAGE,0,0,0,51.45,1,585,0.251688,VERY_HIGH,APPROVED,0,0,<600,100K+
CS000457,2025-01-18 07:51:03,704,65426,28.02,2,7624,major_purchase,MORTGAGE,0,0,0,16.47,2,654,0.036367,MEDIUM,DECLINED,0,0,600-700,50-75K
CS000458,2025-02-13 22:05:55,713,121235,20.47,6,11259,debt_consolidation,OWN,0,0,0,49.64,0,730,0.007746,LOW,APPROVED,0,0,700-800,100K+
CS000459,2025-03-12 10:18:00,743,41727,21.57,1,12824,major_purchase,RENT,0,0,0,13.94,3,719,0.010393,LOW,APPROVED,0,0,700-800,<50K
CS000460,2025-06-17 13:34:40,686,54257,29.74,1,6944,debt_consolidation,MORTGAGE,0,0,0,54.64,2,606,0.203227,VERY_HIGH,DECLINED,0,0,600-700,50-75K
CS000461,2025-06-15 11:01:01,681,51747,26.92,7,17077,credit_card,MORTGAGE,0,0,0,73.38,1,675,0.025641,MEDIUM,APPROVED,0,0,600-700,50-75K
CS000462,2025-02-14 00:36:45,705,103449,25.62,8,37849,debt_consolidation,RENT,0,0,0,44.94,2,662,0.045928,HIGH,APPROVED,0,0,600-700,100K+
CS000463,2025-02-07 20:26:55,637,26043,22.19,5,72518,debt_consolidation,RENT,0,0,0,48.91,1,577,0.251544,VERY_HIGH,DECLINED,0,0,<600,<50K
CS000464,2025-04-19 10:11:38,643,39168,29.7,10,26472,debt_consolidation,MORTGAGE,1,6,27,100.0,5,529,0.614743,VERY_HIGH,DECLINED,0,0,<600,<50K
CS000465,2025-03-30 15:10:29,723,71685,20.23,1,21403,major_purchase,RENT,1,5,17,72.23,1,692,0.016099,LOW,APPROVED,0,0,600-700,50-75K
CS000466,2025-01-24 10:14:08,618,63565,14.28,5,16279,major_purchase,MORTGAGE,1,4,32,17.01,3,625,0.078583,HIGH,APPROVED,0,0,600-700,50-75K
CS000467,2025-06-05 20:45:36,683,63769,31.26,1,18202,debt_consolidation,MORTGAGE,0,0,0,35.31,2,670,0.029138,MEDIUM,APPROVED,1,150,600-700,50-75K
CS000468,2025-04-22 05:42:39,731,78197,19.78,23,8573,other,MORTGAGE,0,0,0,36.35,3,731,0.010454,LOW,APPROVED,0,0,700-800,75-100K
CS000469,2025-01-10 09:54:46,701,58571,16.83,5,27059,credit_card,RENT,0,0,0,50.37,0,723,0.012575,LOW,APPROVED,0,0,700-800,50-75K
CS000470,2025-01-25 00:41:05,711,86453,27.63,3,20903,home_improvement,OWN,1,7,39,54.27,1,667,0.037216,MEDIUM,APPROVED,0,0,600-700,75-100K
CS000471,2025-05-24 05:06:32,627,113873,29.32,5,3957,credit_card,RENT,2,3,19,46.07,1,580,0.274637,VERY_HIGH,DECLINED,1,60,<600,100K+
CS000472,2025-03-23 22:11:12,681,42894,13.4,3,17148,other,RENT,1,6,3,42.61,0,687,0.024225,MEDIUM,DECLINED,0,0,600-700,<50K
CS000473,2025-06-07 11:59:37,673,112022,12.07,6,26414,major_purchase,MORTGAGE,2,3,40,55.42,1,639,0.050513,HIGH,DECLINED,0,30,600-700,100K+
CS000474,2025-06-02 05:46:08,721,45706,43.96,8,15972,home_improvement,RENT,1,6,41,33.96,0,675,0.048569,HIGH,APPROVED,0,0,600-700,<50K
CS000475,2025-03-20 15:58:05,711,35951,27.99,6,28833,credit_card,OTHER,0,0,0,20.97,0,666,0.029127,MEDIUM,APPROVED,0,0,600-700,<50K
CS000476,2025-03-30 04:05:32,690,61326,25.67,3,21809,debt_consolidation,RENT,0,0,0,32.74,1,673,0.022751,MEDIUM,APPROVED,0,0,600-700,50-75K
CS000477,2025-01-16 08:17:14,793,60186,29.9,1,15948,other,MORTGAGE,2,6,26,64.85,1,659,0.042335,MEDIUM,APPROVED,0,0,600-700,50-75K
CS000478,2025-06-26 15:04:02,718,70990,22.57,4,10022,debt_consolidation,RENT,1,5,19,21.18,2,659,0.034841,MEDIUM,APPROVED,0,0,600-700,50-75K
CS000479,2025-06-14 11:45:56,673,37953,25.09,2,11521,major_purchase,RENT,1,0,35,71.19,1,622,0.116253,HIGH,APPROVED,0,0,600-700,<50K
CS000480,2025-02-28 11:27:57,655,59699,25.18,9,25351,home_improvement,OTHER,2,3,55,17.87,0,628,0.111211,HIGH,DECLINED,1,90,600-700,50-75K
CS000481,2025-01-18 00:02:10,687,48016,22.24,7,19026,debt_consolidation,RENT,0,0,0,32.46,1,683,0.021945,MEDIUM,APPROVED,0,0,600-700,<50K
CS000482,2025-06-19 11:44:27,658,99705,25.09,2,32436,debt_consolidation,MORTGAGE,1,4,14,69.35,0,645,0.065434,HIGH,APPROVED,1,90,600-700,75-100K
CS000483,2025-06-28 02:43:46,779,63451,24.36,12,15298,home_improvement,MORTGAGE,1,8,47,0.0,1,737,0.005078,LOW,APPROVED,0,0,700-800,50-75K
CS000484,2025-06-26 07:56:10,720,47083,25.17,0,44268,debt_consolidation,MORTGAGE,1,8,21,52.73,1,653,0.034036,MEDIUM,APPROVED,0,0,600-700,<50K
CS000485,2025-05-12 03:09:26,672,39021,30.7,17,31707,major_purchase,RENT,2,6,43,52.17,1,590,0.171628,HIGH,APPROVED,0,0,<600,<50K
CS000486,2025-06-19 14:30:43,653,61120,31.87,20,59437,major_purchase,OWN,2,4,56,31.36,2,636,0.12336,HIGH,APPROVED,0,0,600-700,50-75K
CS000487,2025-01-26 19:23:30,630,144057,19.09,24,5355,credit_card,RENT,0,0,0,76.34,1,652,0.05193,HIGH,APPROVED,0,0,600-700,100K+
CS000488,2025-04-26 07:54:26,674,28887,9.37,8,31006,other,MORTGAGE,2,3,39,96.93,2,594,0.13821,HIGH,DECLINED,1,120,<600,<50K
CS000489,2025-06-29 09:38:52,762,45677,31.6,3,40448,credit_card,MORTGAGE,0,0,0,52.42,0,703,0.010778,LOW,APPROVED,0,0,700-800,<50K
CS000490,2025-01-13 02:15:45,736,105216,26.42,2,23738,home_improvement,MORTGAGE,0,0,0,57.83,2,688,0.01695,MEDIUM,APPROVED,0,0,600-700,100K+
CS000491,2025-06-07 10:25:46,687,95842,29.06,0,24775,credit_card,MORTGAGE,2,5,11,25.14,4,599,0.211399,VERY_HIGH,DECLINED,0,30,<600,75-100K
CS000492,2025-02-17 07:06:32,697,55993,20.43,1,19832,other,RENT,0,0,0,45.4,1,698,0.016629,LOW,APPROVED,0,0,600-700,50-75K
CS000493,2025-03-30 13:32:35,587,58084,28.86,5,21381,other,MORTGAGE,1,4,27,59.31,2,578,0.359303,VERY_HIGH,APPROVED,0,0,<600,50-75K
CS000494,2025-03-26 01:10:35,732,50790,30.76,5,24073,other,MORTGAGE,1,2,42,26.72,3,673,0.049435,HIGH,APPROVED,0,0,600-700,50-75K
CS000495,2025-06-18 15:04:07,678,41696,38.45,9,19091,home_improvement,RENT,0,0,0,57.38,2,621,0.12925,HIGH,APPROVED,0,0,600-700,<50K
CS000496,2025-01-03 04:14:27,765,54242,11.03,10,10295,home_improvement,MORTGAGE,0,0,0,43.17,1,724,0.009726,LOW,DECLINED,0,0,700-800,50-75K
CS000497,2025-04-08 18:50:55,680,77792,21.89,32,37093,debt_consolidation,RENT,0,0,0,27.73,1,696,0.023543,MEDIUM,APPROVED,0,0,600-700,75-100K
CS000498,2025-03-28 12:41:47,663,72433,23.9,0,9716,debt_consolidation,RENT,0,0,0,54.39,2,624,0.094107,HIGH,APPROVED,0,0,600-700,50-75K
CS000499,2025-05-30 20:43:34,702,32139,31.13,11,13796,credit_card,MORTGAGE,1,6,34,26.35,0,642,0.063884,HIGH,APPROVED,0,0,600-700,<50K
CS000500,2025-05-06 04:04:31,655,56638,16.91,2,28699,home_improvement,RENT,0,0,0,30.33,1,663,0.02661,MEDIUM,APPROVED,0,0,600-700,50-75K
CS000501,2025-05-10 14:21:14,764,46415,19.21,0,19735,credit_card,MORTGAGE,1,1,52,20.1,0,781,0.002291,LOW,APPROVED,0,60,700-800,<50K
CS000502,2025-01-02 11:46:16,706,105999,21.13,0,16994,credit_card,MORTGAGE,0,0,0,64.84,1,650,0.044372,MEDIUM,APPROVED,0,0,600-700,100K+
CS000503,2025-01-19 15:53:34,711,33971,25.0,2,6609,debt_consolidation,RENT,2,3,11,61.26,3,616,0.133997,HIGH,APPROVED,0,60,600-700,<50K
CS000504,2025-03-05 20:07:57,709,37418,7.43,9,24623,credit_card,RENT,0,0,0,73.36,1,750,0.007822,LOW,APPROVED,0,0,700-800,<50K
CS000505,2025-01-07 02:21:10,671,34351,32.76,34,18562,debt_consolidation,MORTGAGE,0,0,0,68.8,2,585,0.185741,VERY_HIGH,APPROVED,0,0,<600,<50K
CS000506,2025-01-02 19:37:17,717,297415,10.24,7,16935,debt_consolidation,MORTGAGE,2,6,8,63.77,3,721,0.007939,LOW,APPROVED,0,0,700-800,100K+
CS000507,2025-03-28 20:38:17,700,134749,29.29,4,7838,debt_consolidation,RENT,1,4,23,37.75,0,702,0.011326,LOW,APPROVED,0,0,700-800,100K+
CS000508,2025-03-14 15:00:45,787,56955,21.39,5,26388,debt_consolidation,RENT,1,7,34,54.76,2,712,0.008378,LOW,APPROVED,0,0,700-800,50-75K
CS000509,2025-03-13 02:44:16,694,96300,21.23,3,14565,debt_consolidation,RENT,3,3,23,27.83,0,685,0.027533,MEDIUM,APPROVED,0,0,600-700,75-100K
CS000510,2025-06-29 22:11:40,712,29401,8.19,11,19646,credit_card,OWN,0,0,0,33.79,0,697,0.011188,LOW,APPROVED,0,0,600-700,<50K
CS000511,2025-06-18 14:19:29,666,56739,28.45,11,19437,debt_consolidation,OWN,0,0,0,31.19,0,674,0.032365,MEDIUM,APPROVED,0,0,600-700,50-75K
CS000512,2025-06-17 00:02:50,671,174074,1.0,2,64959,debt_consolidation,RENT,1,4,46,67.1,0,715,0.010643,LOW,APPROVED,0,0,700-800,100K+
CS000513,2025-03-21 04:26:45,675,58732,15.3,10,10624,debt_consolidation,MORTGAGE,0,0,0,48.13,1,699,0.020943,MEDIUM,APPROVED,0,0,600-700,50-75K
CS000514,2025-04-09 05:19:11,763,35030,24.5,17,24656,debt_consolidation,MORTGAGE,0,0,0,78.2,1,701,0.00944,LOW,APPROVED,0,0,700-800,<50K
CS000515,2025-06-29 01:53:44,697,47710,23.4,3,5821,credit_card,OTHER,0,0,0,23.71,1,710,0.008586,LOW,APPROVED,0,0,700-800,<50K
CS000516,2025-03-24 06:20:44,746,48225,26.23,1,31271,major_purchase,MORTGAGE,0,0,0,27.4,1,736,0.007914,LOW,APPROVED,0,0,700-800,<50K
CS000517,2025-05-21 09:19:38,678,58340,13.91,9,14963,debt_consolidation,RENT,1,6,22,30.97,1,632,0.054881,HIGH,APPROVED,0,0,600-700,50-75K
CS000518,2025-06-17 21:17:13,673,58468,38.99,1,48789,other,OWN,0,0,0,40.81,3,611,0.14353,HIGH,DECLINED,0,0,600-700,50-75K
CS000519,2025-01-26 14:43:49,587,50374,40.6,1,8940,credit_card,RENT,1,5,27,74.65,1,516,0.72272,VERY_HIGH,DECLINED,1,120,<600,50-75K
CS000520,2025-05-03 18:52:58,739,32137,23.41,1,14231,credit_card,RENT,1,6,37,50.07,4,653,0.03449,MEDIUM,APPROVED,0,0,600-700,<50K
CS000521,2025-05-19 01:57:27,806,61315,20.69,15,38090,other,MORTGAGE,3,6,21,61.74,1,738,0.004332,LOW,APPROVED,0,0,700-800,50-75K
CS000522,2025-06-29 08:43:37,681,61611,13.4,14,8278,credit_card,MORTGAGE,0,0,0,35.02,3,696,0.021323,MEDIUM,APPROVED,0,0,600-700,50-75K
CS000523,2025-06-17 15:19:23,772,30730,29.94,10,17211,other,MORTGAGE,0,0,0,7.97,0,746,0.003345,LOW,APPROVED,0,0,700-800,<50K
CS000524,2025-05-08 04:39:58,740,79900,19.57,13,23515,credit_card,RENT,1,6,4,44.24,1,714,0.013331,LOW,APPROVED,0,0,700-800,75-100K
CS000525,2025-03-12 18:14:40,656,57846,15.12,2,20396,debt_consolidation,MORTGAGE,0,0,0,33.63,1,701,0.020226,MEDIUM,APPROVED,0,0,700-800,50-75K
CS000526,2025-03-05 11:36:45,736,134340,25.25,1,15274,home_improvement,MORTGAGE,0,0,0,28.25,0,772,0.002372,LOW,APPROVED,0,0,700-800,100K+
CS000527,2025-02-23 01:36:52,644,77510,26.16,1,7479,credit_card,RENT,2,5,26,40.92,0,604,0.157148,HIGH,DECLINED,0,30,600-700,75-100K
CS000528,2025-02-06 15:09:07,677,46907,33.04,7,5895,other,MORTGAGE,0,0,0,33.75,1,654,0.048633,HIGH,APPROVED,0,0,600-700,<50K
CS000529,2025-05-11 08:56:56,761,42161,15.12,5,40364,home_improvement,RENT,0,0,0,34.0,1,738,0.004815,LOW,APPROVED,0,0,700-800,<50K
CS000530,2025-06-01 12:30:21,702,138184,31.82,4,13290,major_purchase,RENT,0,0,0,22.36,2,718,0.011896,LOW,APPROVED,0,0,700-800,100K+
CS000531,2025-03-03 02:24:11,629,105783,40.27,3,15424,debt_consolidation,RENT,1,7,22,61.68,1,548,0.504321,VERY_HIGH,DECLINED,0,0,<600,100K+
CS000532,2025-02-17 01:25:40,771,80547,32.6,1,11972,debt_consolidation,OWN,0,0,0,34.17,0,747,0.004437,LOW,APPROVED,0,0,700-800,75-100K
CS000533,2025-02-24 19:17:29,633,92382,35.32,7,19278,credit_card,MORTGAGE,0,0,0,43.25,0,632,0.089734,HIGH,APPROVED,0,0,600-700,75-100K
CS000534,2025-05-06 16:26:11,685,34705,32.74,14,8756,home_improvement,RENT,1,2,32,52.95,3,575,0.220771,VERY_HIGH,APPROVED,0,0,<600,<50K
CS000535,2025-01-01 11:15:17,675,106787,46.54,3,21959,debt_consolidation,MORTGAGE,1,5,38,44.48,3,580,0.217723,VERY_HIGH,DECLINED,0,30,<600,100K+
CS000536,2025-01-05 03:23:37,685,59906,21.11,10,18214,major_purchase,RENT,1,4,43,59.12,1,592,0.130876,HIGH,APPROVED,0,0,<600,50-75K
CS000537,2025-05-27 04:10:11,647,62932,20.27,3,15184,home_improvement,MORTGAGE,1,2,20,49.62,0,629,0.079297,HIGH,APPROVED,0,0,600-700,50-75K
CS000538,2025-01-23 03:52:07,604,101330,46.13,0,36075,debt_consolidation,RENT,1,5,25,51.42,0,566,0.391491,VERY_HIGH,APPROVED,0,0,<600,100K+
CS000539,2025-06-13 18:39:44,796,82553,18.47,1,16080,debt_consolidation,MORTGAGE,1,1,1,7.91,0,771,0.002565,LOW,APPROVED,0,0,700-800,75-100K
CS000540,2025-05-02 09:46:18,642,32695,27.4,13,11780,major_purchase,OWN,0,0,0,12.27,2,621,0.097672,HIGH,DECLINED,0,0,600-700,<50K
CS000541,2025-03-04 23:47:08,645,86812,24.22,5,23672,other,MORTGAGE,0,0,0,42.3,2,614,0.117622,HIGH,APPROVED,0,0,600-700,75-100K
CS000542,2025-06-16 05:09:52,560,59982,25.68,1,26108,other,RENT,0,0,0,62.67,1,540,0.480631,VERY_HIGH,DECLINED,1,60,<600,50-75K
CS000543,2025-01-28 07:08:04,699,109602,33.88,1,47040,home_improvement,RENT,1,4,7,60.34,0,647,0.075234,HIGH,APPROVED,0,30,600-700,100K+
CS000544,2025-03-02 19:09:48,765,70923,13.09,0,3349,debt_consolidation,RENT,0,0,0,36.51,1,747,0.003326,LOW,APPROVED,0,0,700-800,50-75K
CS000545,2025-03-27 10:58:40,771,86114,35.67,0,15116,credit_card,OTHER,0,0,0,32.93,1,736,0.008055,LOW,APPROVED,0,0,700-800,75-100K
CS000546,2025-04-17 20:31:45,846,42942,23.59,1,15925,credit_card,RENT,1,5,3,31.17,0,783,0.002017,LOW,APPROVED,0,60,700-800,<50K
CS000547,2025-05-07 08:58:49,776,45786,34.86,11,15240,credit_card,OWN,0,0,0,46.73,0,704,0.009249,LOW,APPROVED,0,0,700-800,<50K
CS000548,2025-05-04 08:08:01,716,40502,31.25,3,32598,debt_consolidation,RENT,1,7,8,48.48,1,621,0.126908,HIGH,APPROVED,0,0,600-700,<50K
CS000549,2025-01-18 09:26:24,695,77248,26.57,3,37942,other,OWN,0,0,0,41.05,1,669,0.040421,MEDIUM,APPROVED,0,30,600-700,75-100K
CS000550,2025-02-05 14:02:45,773,44436,39.1,1,8320,major_purchase,RENT,0,0,0,42.88,0,676,0.025344,MEDIUM,APPROVED,0,60,600-700,<50K
CS000551,2025-03-07 10:10:58,692,58345,31.86,3,33362,debt_consolidation,OTHER,0,0,0,31.82,1,665,0.05908,HIGH,APPROVED,0,0,600-700,50-75K
CS000552,2025-01-12 10:21:08,705,178125,27.49,12,18186,debt_consolidation,OTHER,2,4,11,38.67,1,626,0.080804,HIGH,APPROVED,0,0,600-700,100K+
CS000553,2025-05-12 20:22:11,641,104135,35.74,1,12655,major_purchase,MORTGAGE,0,0,0,34.48,2,584,0.228804,VERY_HIGH,APPROVED,0,0,<600,100K+
CS000554,2025-01-04 14:31:43,700,207611,38.42,1,35713,major_purchase,MORTGAGE,0,0,0,9.12,2,692,0.01966,MEDIUM,APPROVED,0,0,600-700,100K+
CS000555,2025-05-29 19:21:38,803,52148,22.33,13,22171,home_improvement,MORTGAGE,0,0,0,18.04,4,786,0.001843,LOW,APPROVED,0,0,700-800,50-75K
CS000556,2025-04-28 02:47:34,690,49111,41.41,0,39716,debt_consolidation,OTHER,2,2,6,55.71,3,555,0.402399,VERY_HIGH,DECLINED,0,0,<600,<50K
CS000557,2025-03-02 03:15:01,716,60080,20.99,4,29010,credit_card,MORTGAGE,1,4,30,34.69,1,736,0.007528,LOW,APPROVED,0,0,700-800,50-75K
CS000558,2025-05-04 14:10:32,562,97574,13.51,3,24313,major_purchase,MORTGAGE,0,0,0,35.32,1,583,0.224362,VERY_HIGH,DECLINED,0,0,<600,75-100K
CS000559,2025-06-04 04:26:58,768,50822,27.74,1,32124,home_improvement,MORTGAGE,0,0,0,66.9,2,653,0.057099,HIGH,APPROVED,0,0,600-700,50-75K
CS000560,2025-02-06 11:41:18,714,180758,20.9,1,18571,credit_card,MORTGAGE,0,0,0,58.29,0,714,0.010369,LOW,APPROVED,0,0,700-800,100K+
CS000561,2025-04-07 00:51:02,771,49607,20.37,0,16659,debt_consolidation,RENT,1,7,58,69.27,1,694,0.017907,MEDIUM,DECLINED,0,0,600-700,<50K
CS000562,2025-05-14 21:00:29,707,136231,21.21,4,9382,home_improvement,RENT,0,0,0,40.62,1,684,0.0181,MEDIUM,APPROVED,0,0,600-700,100K+
CS000563,2025-05-07 20:29:17,647,46847,31.37,10,21926,debt_consolidation,MORTGAGE,0,0,0,44.94,1,598,0.177848,HIGH,APPROVED,0,0,<600,<50K
CS000564,2025-05-03 17:10:57,618,50251,15.36,6,54105,major_purchase,OTHER,2,9,36,33.75,4,569,0.247356,VERY_HIGH,DECLINED,0,0,<600,50-75K
CS000565,2025-03-08 17:14:39,721,85514,37.07,5,11745,credit_card,MORTGAGE,1,3,6,19.57,1,659,0.03024,MEDIUM,APPROVED,0,0,600-700,75-100K
CS000566,2025-03-17 16:37:59,691,71550,41.03,4,41055,major_purchase,MORTGAGE,1,5,47,0.0,0,671,0.030507,MEDIUM,APPROVED,0,0,600-700,50-75K
CS000567,2025-04-14 20:09:40,639,61997,23.64,10,31326,debt_consolidation,MORTGAGE,1,8,33,36.54,3,618,0.140911,HIGH,APPROVED,0,0,600-700,50-75K
CS000568,2025-03-22 01:08:22,688,58218,30.37,1,36535,credit_card,MORTGAGE,0,0,0,73.97,1,670,0.025183,MEDIUM,APPROVED,0,0,600-700,50-75K
CS000569,2025-04-29 18:58:22,657,80805,1.0,1,11240,home_improvement,RENT,0,0,0,31.44,2,673,0.034048,MEDIUM,APPROVED,0,0,600-700,75-100K
CS000570,2025-04-02 19:37:09,731,54979,14.34,1,54175,debt_consolidation,MORTGAGE,1,2,37,53.41,1,704,0.02438,MEDIUM,APPROVED,0,0,700-800,50-75K
CS000571,2025-05-11 10:15:07,668,162241,21.25,0,34607,home_improvement,MORTGAGE,0,0,0,34.11,1,669,0.038263,MEDIUM,APPROVED,0,0,600-700,100K+
CS000572,2025-01-12 22:20:06,623,99791,28.99,5,17605,credit_card,RENT,0,0,0,32.52,2,567,0.373896,VERY_HIGH,APPROVED,1,90,<600,75-100K
CS000573,2025-02-05 18:42:08,685,87885,22.93,2,10962,home_improvement,OWN,0,0,0,28.71,1,701,0.014367,LOW,APPROVED,0,0,700-800,75-100K
CS000574,2025-01-29 07:30:41,659,44877,21.44,3,15964,major_purchase,MORTGAGE,0,0,0,71.47,1,645,0.038258,MEDIUM,DECLINED,0,0,600-700,<50K
CS000575,2025-05-23 05:14:21,771,248025,21.25,9,28144,debt_consolidation,MORTGAGE,1,5,38,23.69,1,741,0.004738,LOW,APPROVED,0,0,700-800,100K+
CS000576,2025-01-07 02:28:50,664,79544,22.96,2,33473,debt_consolidation,MORTGAGE,3,5,23,37.98,2,578,0.279657,VERY_HIGH,DECLINED,0,0,<600,75-100K
CS000577,2025-01-30 07:41:21,616,50867,19.32,4,17366,debt_consolidation,MORTGAGE,1,3,33,48.89,2,551,0.363485,VERY_HIGH,DECLINED,0,0,<600,50-75K
CS000578,2025-03-20 04:40:26,685,45174,15.12,2,25320,debt_consolidation,MORTGAGE,0,0,0,43.4,0,715,0.010724,LOW,APPROVED,0,0,700-800,<50K
CS000579,2025-04-29 04:28:16,674,21804,17.15,10,16115,home_improvement,RENT,4,1,2,33.25,3,535,0.494009,VERY_HIGH,DECLINED,0,0,<600,<50K
CS000580,2025-03-23 14:12:10,702,50198,29.87,7,20284,debt_consolidation,MORTGAGE,2,5,31,47.28,0,639,0.086473,HIGH,APPROVED,0,0,600-700,50-75K
CS000581,2025-03-24 22:31:45,699,26637,19.0,3,8210,credit_card,RENT,1,2,39,11.82,2,670,0.033999,MEDIUM,APPROVED,0,0,600-700,<50K
CS000582,2025-05-31 17:47:11,630,33776,24.02,0,14535,major_purchase,MORTGAGE,0,0,0,90.75,0,592,0.219403,VERY_HIGH,APPROVED,0,0,<600,<50K
CS000583,2025-02-01 02:24:23,684,117640,22.95,15,18274,home_improvement,RENT,1,7,54,28.82,0,673,0.033894,MEDIUM,APPROVED,0,0,600-700,100K+
CS000584,2025-06-12 01:51:50,681,54892,18.17,2,16530,home_improvement,RENT,0,0,0,20.85,3,729,0.006977,LOW,APPROVED,0,0,700-800,50-75K
CS000585,2025-02-02 06:30:46,621,44064,37.0,2,31429,home_improvement,MORTGAGE,0,0,0,59.28,4,566,0.444269,VERY_HIGH,DECLINED,1,60,<600,<50K
CS000586,2025-03-19 16:38:18,655,136318,35.74,8,21554,credit_card,OWN,1,2,40,42.1,3,574,0.238998,VERY_HIGH,DECLINED,0,0,<600,100K+
CS000587,2025-01-30 01:10:43,697,47327,24.07,20,30151,debt_consolidation,MORTGAGE,0,0,0,25.12,1,679,0.021155,MEDIUM,APPROVED,0,0,600-700,<50K
CS000588,2025-06-07 08:03:03,598,159103,19.21,0,8942,debt_consolidation,OWN,1,4,6,62.59,2,557,0.396522,VERY_HIGH,DECLINED,0,0,<600,100K+
CS000589,2025-06-13 22:28:16,626,55997,16.26,6,19666,home_improvement,RENT,1,4,24,63.15,2,631,0.089381,HIGH,APPROVED,0,0,600-700,50-75K
CS000590,2025-04-14 05:12:34,659,75689,33.31,9,16447,other,RENT,1,3,36,26.16,2,596,0.14321,HIGH,DECLINED,0,0,<600,75-100K
CS000591,2025-01-24 07:15:07,680,53747,33.77,2,5059,debt_consolidation,MORTGAGE,1,6,40,38.17,1,598,0.226903,VERY_HIGH,APPROVED,0,0,<600,50-75K
CS000592,2025-03-26 23:36:43,713,49483,3.6,1,9342,debt_consolidation,MORTGAGE,0,0,0,38.52,2,733,0.006237,LOW,APPROVED,0,0,700-800,<50K
CS000593,2025-03-03 17:11:54,610,69981,22.5,11,8739,other,RENT,1,4,45,64.68,1,605,0.182401,HIGH,APPROVED,0,0,600-700,50-75K
CS000594,2025-03-26 07:28:01,700,118302,19.7,11,40715,credit_card,RENT,0,0,0,93.52,2,653,0.044158,MEDIUM,APPROVED,0,0,600-700,100K+
CS000595,2025-04-04 15:55:54,718,66749,21.82,2,7198,debt_consolidation,RENT,0,0,0,84.19,2,654,0.043571,MEDIUM,APPROVED,0,30,600-700,50-75K
CS000596,2025-04-29 21:34:59,769,40837,29.87,10,26067,debt_consolidation,MORTGAGE,0,0,0,38.5,3,728,0.00788,LOW,APPROVED,0,0,700-800,<50K
CS000597,2025-04-03 13:41:27,661,29211,33.02,11,27287,debt_consolidation,OWN,0,0,0,38.25,2,637,0.067477,HIGH,APPROVED,0,0,600-700,<50K
CS000598,2025-05-09 16:11:41,633,110289,33.77,2,14848,home_improvement,RENT,0,0,0,48.01,1,601,0.14852,HIGH,APPROVED,0,0,600-700,100K+
CS000599,2025-01-19 11:18:55,599,46389,24.01,5,50669,credit_card,OTHER,0,0,0,45.79,2,576,0.304854,VERY_HIGH,DECLINED,0,0,<600,<50K
CS000600,2025-06-26 14:09:35,714,39572,29.09,2,18266,home_improvement,RENT,2,3,41,63.97,0,650,0.06557,HIGH,APPROVED,0,0,600-700,<50K
CS000601,2025-02-05 22:45:44,754,79172,4.68,5,16015,debt_consolidation,OWN,0,0,0,17.62,1,777,0.001939,LOW,APPROVED,0,0,700-800,75-100K
CS000602,2025-05-06 02:22:26,646,79853,43.55,4,35152,other,OWN,2,4,56,64.49,1,574,0.322226,VERY_HIGH,DECLINED,0,0,<600,75-100K
CS000603,2025-06-21 10:20:14,708,84072,27.46,2,28868,credit_card,MORTGAGE,1,5,23,83.92,2,648,0.047332,HIGH,APPROVED,0,0,600-700,75-100K
CS000604,2025-04-29 17:04:13,732,48739,15.94,4,12728,other,MORTGAGE,1,6,44,71.98,1,670,0.036266,MEDIUM,APPROVED,0,0,600-700,<50K
CS000605,2025-05-12 11:52:19,737,27293,24.03,3,48797,major_purchase,RENT,0,0,0,55.73,0,645,0.049793,HIGH,DECLINED,0,0,600-700,<50K
CS000606,2025-01-26 12:14:16,663,82474,24.83,12,16222,debt_consolidation,RENT,0,0,0,53.18,1,647,0.063979,HIGH,APPROVED,0,0,600-700,75-100K
CS000607,2025-01-19 14:13:55,721,63017,23.39,6,4286,debt_consolidation,RENT,0,0,0,37.54,1,722,0.006698,LOW,APPROVED,0,0,700-800,50-75K
CS000608,2025-06-26 16:05:35,684,62599,11.29,0,38558,credit_card,MORTGAGE,1,2,20,11.42,0,683,0.025001,MEDIUM,APPROVED,0,0,600-700,50-75K
CS000609,2025-03-08 14:04:43,635,42678,33.08,9,31755,home_improvement,MORTGAGE,1,5,15,18.8,1,581,0.314145,VERY_HIGH,APPROVED,0,0,<600,<50K
CS000610,2025-01-20 18:27:35,702,81460,29.1,5,17170,home_improvement,OWN,1,5,19,28.02,2,694,0.018267,MEDIUM,APPROVED,0,0,600-700,75-100K
CS000611,2025-03-22 13:57:27,708,65710,27.85,3,26703,debt_consolidation,RENT,0,0,0,10.82,0,660,0.028017,MEDIUM,APPROVED,0,0,600-700,50-75K
CS000612,2025-06-15 10:06:15,635,72634,25.28,4,25144,major_purchase,MORTGAGE,0,0,0,53.43,1,626,0.134994,HIGH,APPROVED,0,0,600-700,50-75K
CS000613,2025-05-15 18:05:16,713,110992,11.36,1,23490,major_purchase,RENT,0,0,0,31.21,2,735,0.005226,LOW,APPROVED,0,0,700-800,100K+
CS000614,2025-01-22 16:46:06,798,57429,34.18,36,64490,credit_card,RENT,0,0,0,26.99,0,743,0.002843,LOW,APPROVED,0,0,700-800,50-75K
CS000615,2025-04-19 14:51:27,607,54695,13.33,8,18876,home_improvement,RENT,0,0,0,26.5,3,601,0.251851,VERY_HIGH,APPROVED,0,0,600-700,50-75K
CS000616,2025-02-04 13:54:07,728,55001,18.54,2,10189,home_improvement,MORTGAGE,0,0,0,15.2,2,729,0.006149,LOW,APPROVED,0,0,700-800,50-75K
CS000617,2025-01-07 10:20:31,739,30726,17.99,1,46765,debt_consolidation,RENT,3,1,41,57.28,1,634,0.09379,HIGH,APPROVED,0,0,600-700,<50K
CS000618,2025-03-04 08:48:22,692,53053,21.47,0,49369,credit_card,RENT,0,0,0,37.11,1,642,0.069438,HIGH,APPROVED,0,0,600-700,50-75K
CS000619,2025-01-05 16:06:06,707,97614,22.77,4,20964,other,RENT,1,3,11,65.77,2,664,0.06075,HIGH,APPROVED,0,0,600-700,75-100K
CS000620,2025-03-05 10:54:44,675,88834,22.0,6,4824,debt_consolidation,RENT,0,0,0,45.19,4,609,0.202961,VERY_HIGH,APPROVED,1,120,600-700,75-100K
CS000621,2025-05-08 22:34:07,764,48368,34.8,11,31933,other,RENT,0,0,0,46.94,2,641,0.043945,MEDIUM,APPROVED,0,0,600-700,<50K
CS000622,2025-01-12 01:24:22,637,35858,36.78,11,8508,other,MORTGAGE,1,2,31,19.49,0,593,0.221663,VERY_HIGH,APPROVED,0,0,<600,<50K
CS000623,2025-02-26 23:16:53,681,75770,15.34,8,22887,major_purchase,MORTGAGE,0,0,0,49.98,1,642,0.05061,HIGH,APPROVED,0,0,600-700,75-100K
CS000624,2025-02-07 20:35:52,582,62930,22.14,13,18258,home_improvement,MORTGAGE,0,0,0,52.73,3,531,0.557097,VERY_HIGH,DECLINED,0,0,<600,50-75K
CS000625,2025-05-22 14:01:52,706,66265,27.52,14,9741,debt_consolidation,MORTGAGE,1,5,16,46.66,1,642,0.062264,HIGH,APPROVED,0,0,600-700,50-75K
CS000626,2025-01-22 06:49:11,708,120029,18.8,17,13497,home_improvement,RENT,1,5,53,33.06,0,671,0.030182,MEDIUM,APPROVED,0,0,600-700,100K+
CS000627,2025-05-11 21:03:52,596,55872,29.13,1,6950,major_purchase,MORTGAGE,0,0,0,12.36,1,547,0.382313,VERY_HIGH,DECLINED,0,0,<600,50-75K
CS000628,2025-04-30 16:36:43,640,101749,20.64,2,20818,home_improvement,MORTGAGE,0,0,0,62.64,2,645,0.070764,HIGH,DECLINED,0,0,600-700,100K+
CS000629,2025-06-10 23:13:55,713,70673,15.35,1,8129,home_improvement,MORTGAGE,0,0,0,45.74,0,746,0.005606,LOW,APPROVED,0,0,700-800,50-75K
CS000630,2025-01-25 17:50:48,660,90246,39.81,11,19512,major_purchase,MORTGAGE,2,4,50,57.35,2,610,0.16817,HIGH,APPROVED,1,150,600-700,75-100K
CS000631,2025-06-25 11:17:23,620,44877,31.03,16,47887,major_purchase,RENT,0,0,0,43.05,1,587,0.328318,VERY_HIGH,APPROVED,0,0,<600,<50K
CS000632,2025-01-25 06:07:05,549,59663,32.27,4,45378,debt_consolidation,MORTGAGE,0,0,0,48.72,3,511,0.67526,VERY_HIGH,DECLINED,0,0,<600,50-75K
CS000633,2025-03-31 06:44:49,705,70675,33.71,2,15072,credit_card,OTHER,0,0,0,56.22,3,644,0.050414,HIGH,APPROVED,0,0,600-700,50-75K
CS000634,2025-01-24 23:32:47,792,57496,31.88,2,12909,home_improvement,MORTGAGE,2,4,12,44.66,2,675,0.029558,MEDIUM,DECLINED,0,0,600-700,50-75K
CS000635,2025-06-23 04:39:39,661,63513,32.45,12,7734,debt_consolidation,RENT,1,2,36,84.18,0,571,0.189013,VERY_HIGH,DECLINED,0,0,<600,50-75K
CS000636,2025-04-10 02:22:46,709,54219,29.49,3,84240,credit_card,RENT,0,0,0,51.55,1,614,0.121321,HIGH,APPROVED,0,0,600-700,50-75K
CS000637,2025-01-17 16:53:35,709,138391,32.0,8,10643,home_improvement,MORTGAGE,0,0,0,21.26,2,648,0.041358,MEDIUM,APPROVED,0,0,600-700,100K+
CS000638,2025-03-02 20:15:19,681,22460,27.41,1,31137,other,RENT,0,0,0,96.49,0,583,0.197431,VERY_HIGH,DECLINED,0,0,<600,<50K
CS000639,2025-03-03 20:37:06,691,88438,22.92,1,20903,major_purchase,RENT,1,5,13,27.96,0,645,0.043713,MEDIUM,APPROVED,0,0,600-700,75-100K
CS000640,2025-05-17 05:16:50,692,64462,33.3,1,54588,credit_card,OWN,0,0,0,58.98,0,656,0.033872,MEDIUM,APPROVED,0,0,600-700,50-75K
CS000641,2025-02-27 23:55:08,637,36960,31.3,0,42400,debt_consolidation,OWN,0,0,0,33.6,3,620,0.115899,HIGH,APPROVED,0,0,600-700,<50K
CS000642,2025-05-07 05:18:59,823,46428,17.8,2,12799,other,RENT,1,5,48,13.83,0,794,0.000819,LOW,APPROVED,0,0,700-800,<50K
CS000643,2025-01-17 12:40:03,835,31430,12.74,11,23677,debt_consolidation,RENT,0,0,0,82.19,3,745,0.003555,LOW,APPROVED,0,0,700-800,<50K
CS000644,2025-04-04 08:14:12,702,80868,29.41,4,38518,other,RENT,0,0,0,68.31,2,677,0.027007,MEDIUM,APPROVED,0,0,600-700,75-100K
CS000645,2025-03-10 09:27:39,784,86039,17.67,6,25839,other,RENT,0,0,0,72.28,2,747,0.004032,LOW,APPROVED,0,0,700-800,75-100K
CS000646,2025-02-02 17:18:07,640,74639,30.72,3,42122,debt_consolidation,MORTGAGE,0,0,0,57.55,0,595,0.250056,VERY_HIGH,APPROVED,0,0,<600,50-75K
CS000647,2025-01-31 19:42:00,673,129688,40.89,4,6459,major_purchase,MORTGAGE,0,0,0,63.79,2,614,0.126195,HIGH,DECLINED,0,0,600-700,100K+
CS000648,2025-04-27 16:02:41,748,28962,28.49,6,26617,home_improvement,RENT,0,0,0,51.27,1,727,0.012266,LOW,APPROVED,0,0,700-800,<50K
CS000649,2025-06-17 22:12:38,622,34645,15.94,8,23860,debt_consolidation,RENT,1,7,31,39.67,1,653,0.060769,HIGH,APPROVED,0,0,600-700,<50K
CS000650,2025-03-14 16:22:29,614,50563,24.17,7,33602,home_improvement,MORTGAGE,0,0,0,21.41,1,605,0.121343,HIGH,APPROVED,0,0,600-700,50-75K
CS000651,2025-06-01 17:08:25,704,85246,9.27,1,20289,debt_consolidation,MORTGAGE,1,4,12,27.22,1,642,0.062135,HIGH,APPROVED,0,0,600-700,75-100K
CS000652,2025-01-26 06:45:02,577,76188,34.45,0,42264,credit_card,MORTGAGE,1,4,48,39.49,3,565,0.440194,VERY_HIGH,APPROVED,0,0,<600,75-100K
CS000653,2025-01-15 10:23:39,781,38267,33.58,13,35174,home_improvement,RENT,0,0,0,10.58,0,733,0.004429,LOW,APPROVED,0,0,700-800,<50K
CS000654,2025-02-26 17:58:47,727,62351,41.69,1,30853,credit_card,MORTGAGE,1,3,50,59.7,1,635,0.060284,HIGH,APPROVED,0,60,600-700,50-75K
CS000655,2025-06-15 11:59:56,700,87097,42.57,1,12039,debt_consolidation,MORTGAGE,0,0,0,58.63,1,617,0.076206,HIGH,DECLINED,0,0,600-700,75-100K
CS000656,2025-01-19 16:44:37,723,31697,24.29,0,28151,home_improvement,MORTGAGE,1,4,26,40.31,2,685,0.021183,MEDIUM,APPROVED,0,0,600-700,<50K
CS000657,2025-03-08 14:32:52,637,78925,5.5,11,24108,credit_card,MORTGAGE,0,0,0,63.98,1,704,0.017208,MEDIUM,APPROVED,0,0,700-800,75-100K
CS000658,2025-03-19 06:32:29,635,92913,25.09,3,19746,other,MORTGAGE,0,0,0,51.11,0,639,0.091147,HIGH,DECLINED,1,60,600-700,75-100K
CS000659,2025-06-15 20:46:11,733,99633,26.08,1,23050,credit_card,RENT,0,0,0,53.22,1,707,0.011806,LOW,APPROVED,0,0,700-800,75-100K
CS000660,2025-02-02 19:38:45,739,98635,17.32,9,8855,other,RENT,0,0,0,41.71,4,721,0.006061,LOW,APPROVED,0,0,700-800,75-100K
CS000661,2025-06-01 15:50:54,695,53026,29.32,3,16635,credit_card,MORTGAGE,0,0,0,0.0,1,705,0.013983,LOW,APPROVED,0,0,700-800,50-75K
CS000662,2025-06-26 18:54:46,685,23409,33.78,6,22348,home_improvement,MORTGAGE,1,3,10,41.93,0,631,0.080217,HIGH,APPROVED,0,0,600-700,<50K
CS000663,2025-01-25 07:48:41,658,32539,33.63,3,13124,major_purchase,MORTGAGE,0,0,0,46.43,0,610,0.165602,HIGH,APPROVED,0,0,600-700,<50K
CS000664,2025-02-25 01:07:11,765,40329,25.04,1,68183,home_improvement,MORTGAGE,0,0,0,44.58,2,706,0.013522,LOW,APPROVED,0,0,700-800,<50K
CS000665,2025-03-05 12:46:31,606,54143,20.92,19,33065,major_purchase,OTHER,0,0,0,37.07,0,637,0.097286,HIGH,APPROVED,0,0,600-700,50-75K
CS000666,2025-01-17 21:26:57,641,84395,25.16,15,7033,credit_card,RENT,1,3,37,46.55,0,609,0.123491,HIGH,APPROVED,0,0,600-700,75-100K
CS000667,2025-06-26 21:28:25,658,61403,27.89,0,36858,other,RENT,0,0,0,61.68,3,601,0.169737,HIGH,APPROVED,1,150,600-700,50-75K
CS000668,2025-03-31 04:27:01,604,69283,18.29,14,28711,debt_consolidation,OTHER,0,0,0,25.31,0,691,0.018136,MEDIUM,APPROVED,0,0,600-700,50-75K
CS000669,2025-04-06 10:23:26,615,113382,31.72,7,10384,credit_card,RENT,0,0,0,45.39,0,600,0.158628,HIGH,DECLINED,0,0,600-700,100K+
CS000670,2025-03-11 05:00:03,631,29783,25.25,5,17689,major_purchase,MORTGAGE,1,2,10,25.69,2,540,0.532451,VERY_HIGH,APPROVED,0,0,<600,<50K
CS000671,2025-03-18 00:16:12,744,67913,22.52,4,23426,debt_consolidation,RENT,1,4,35,47.48,2,683,0.015169,LOW,APPROVED,0,0,600-700,50-75K
CS000672,2025-01-21 21:23:20,787,81693,21.37,12,25233,home_improvement,MORTGAGE,0,0,0,60.6,1,721,0.005886,LOW,APPROVED,0,0,700-800,75-100K
CS000673,2025-01-21 02:08:45,707,109115,18.81,2,24809,other,MORTGAGE,0,0,0,11.64,1,730,0.003606,LOW,APPROVED,0,0,700-800,100K+
CS000674,2025-06-21 07:07:00,599,164758,15.12,3,10990,home_improvement,RENT,0,0,0,18.43,1,662,0.04025,MEDIUM,APPROVED,0,0,600-700,100K+
CS000675,2025-05-09 01:54:29,655,97597,26.09,3,24192,major_purchase,MORTGAGE,0,0,0,35.23,2,631,0.103315,HIGH,APPROVED,1,150,600-700,75-100K
CS000676,2025-04-09 16:44:18,681,37876,34.34,4,26171,debt_consolidation,MORTGAGE,0,0,0,33.15,2,616,0.134863,HIGH,APPROVED,0,30,600-700,<50K
CS000677,2025-04-12 11:03:35,673,79711,27.62,4,9861,debt_consolidation,RENT,0,0,0,32.34,0,707,0.018789,MEDIUM,APPROVED,0,0,700-800,75-100K
CS000678,2025-03-01 06:38:44,668,41662,21.97,15,33158,debt_consolidation,RENT,0,0,0,30.13,1,649,0.056137,HIGH,APPROVED,0,0,600-700,<50K
CS000679,2025-06-05 20:48:30,717,74105,10.02,3,16883,debt_consolidation,MORTGAGE,0,0,0,68.27,2,711,0.00897,LOW,APPROVED,0,0,700-800,50-75K
CS000680,2025-05-01 01:39:02,581,46296,33.02,4,27890,credit_card,OWN,1,7,12,14.96,0,560,0.398148,VERY_HIGH,DECLINED,0,0,<600,<50K
CS000681,2025-06-23 16:17:31,657,48368,6.2,14,20074,major_purchase,MORTGAGE,1,3,40,12.41,1,705,0.013913,LOW,APPROVED,0,0,700-800,<50K
CS000682,2025-06-10 09:23:14,700,69409,25.07,6,22008,other,RENT,1,3,9,17.01,1,664,0.040274,MEDIUM,APPROVED,0,0,600-700,50-75K
CS000683,2025-02-23 14:29:31,728,46350,18.82,7,12251,major_purchase,MORTGAGE,1,3,34,44.04,1,681,0.033028,MEDIUM,APPROVED,0,0,600-700,<50K
CS000684,2025-05-28 05:07:14,704,63609,21.34,5,9844,debt_consolidation,MORTGAGE,1,2,37,10.61,2,644,0.050754,HIGH,APPROVED,0,0,600-700,50-75K
CS000685,2025-06-26 10:43:06,690,59799,29.74,1,34072,debt_consolidation,MORTGAGE,0,0,0,64.63,2,639,0.058984,HIGH,DECLINED,0,0,600-700,50-75K
CS000686,2025-03-21 22:22:23,681,78043,26.93,3,9974,debt_consolidation,OWN,1,1,16,22.18,0,635,0.078425,HIGH,APPROVED,0,0,600-700,75-100K
CS000687,2025-02-03 12:14:11,652,47001,18.55,6,10505,debt_consolidation,MORTGAGE,0,0,0,0.0,1,637,0.099795,HIGH,APPROVED,0,0,600-700,<50K
CS000688,2025-01-19 10:17:50,694,36415,15.15,2,23305,major_purchase,RENT,0,0,0,30.08,1,703,0.011476,LOW,APPROVED,0,0,700-800,<50K
CS000689,2025-01-17 07:30:25,678,27567,27.95,7,25908,debt_consolidation,OWN,0,0,0,29.73,2,646,0.082159,HIGH,DECLINED,0,0,600-700,<50K
CS000690,2025-05-21 15:07:09,651,75746,24.44,2,22980,credit_card,RENT,1,2,9,98.42,0,576,0.364031,VERY_HIGH,DECLINED,0,0,<600,75-100K
CS000691,2025-03-08 21:13:24,756,81727,31.91,13,82183,debt_consolidation,MORTGAGE,1,5,25,39.03,1,671,0.029564,MEDIUM,APPROVED,1,90,600-700,75-100K
CS000692,2025-03-26 01:40:27,755,38173,24.55,10,47164,credit_card,MORTGAGE,2,10,47,25.85,2,693,0.015681,LOW,APPROVED,0,0,600-700,<50K
CS000693,2025-06-12 06:04:41,669,26433,20.03,20,23180,debt_consolidation,MORTGAGE,2,2,52,50.16,0,612,0.133308,HIGH,APPROVED,0,0,600-700,<50K
CS000694,2025-02-09 22:19:53,724,83697,29.2,1,21887,other,OWN,2,2,14,67.05,0,608,0.10355,HIGH,APPROVED,0,0,600-700,75-100K
CS000695,2025-01-22 02:54:34,756,62369,20.06,1,9997,home_improvement,RENT,0,0,0,16.05,0,814,0.001156,LOW,APPROVED,0,0,800+,50-75K
CS000696,2025-01-25 12:45:42,705,87751,27.88,7,50220,other,RENT,0,0,0,54.9,0,666,0.03846,MEDIUM,APPROVED,0,0,600-700,75-100K
CS000697,2025-05-20 23:38:44,697,62595,26.6,2,16292,debt_consolidation,MORTGAGE,1,3,18,39.75,2,685,0.029985,MEDIUM,APPROVED,0,0,600-700,50-75K
CS000698,2025-03-13 21:24:58,718,108804,15.66,4,28286,credit_card,RENT,0,0,0,36.28,1,739,0.004711,LOW,APPROVED,0,0,700-800,100K+
CS000699,2025-01-22 07:06:29,600,73421,5.47,16,14203,debt_consolidation,OTHER,0,0,0,73.15,0,640,0.074319,HIGH,APPROVED,0,0,600-700,50-75K
CS000700,2025-01-28 19:15:12,612,59760,25.49,14,50795,home_improvement,MORTGAGE,1,3,43,88.82,1,531,0.559582,VERY_HIGH,DECLINED,0,0,<600,50-75K
CS000701,2025-04-11 09:56:54,719,96209,25.8,2,23627,major_purchase,OWN,0,0,0,22.02,0,704,0.021124,MEDIUM,DECLINED,0,0,700-800,75-100K
CS000702,2025-01-28 23:31:05,706,37310,21.13,6,22706,debt_consolidation,RENT,0,0,0,36.92,2,647,0.044961,MEDIUM,APPROVED,0,0,600-700,<50K
CS000703,2025-02-14 02:33:04,766,60520,33.3,4,24101,credit_card,RENT,0,0,0,41.99,0,739,0.007681,LOW,APPROVED,0,0,700-800,50-75K
CS000704,2025-04-06 15:11:07,663,65186,34.44,13,33446,debt_consolidation,OWN,0,0,0,39.58,1,633,0.083488,HIGH,APPROVED,0,0,600-700,50-75K
CS000705,2025-02-16 18:19:46,751,53768,31.89,3,65484,major_purchase,RENT,0,0,0,48.03,0,689,0.020526,MEDIUM,APPROVED,0,0,600-700,50-75K
CS000706,2025-06-13 19:52:39,749,71527,22.21,0,56776,credit_card,RENT,1,4,42,70.93,1,702,0.009321,LOW,APPROVED,0,0,700-800,50-75K
CS000707,2025-05-31 23:57:51,799,51586,26.41,6,18220,other,MORTGAGE,0,0,0,67.16,0,761,0.003026,LOW,APPROVED,0,0,700-800,50-75K
CS000708,2025-06-24 19:26:42,647,29263,15.28,3,25342,home_improvement,MORTGAGE,0,0,0,42.37,3,634,0.073276,HIGH,APPROVED,0,0,600-700,<50K
CS000709,2025-01-17 13:09:56,671,148115,29.07,18,31366,major_purchase,MORTGAGE,0,0,0,47.21,0,665,0.043842,MEDIUM,APPROVED,0,0,600-700,100K+
CS000710,2025-03-02 06:06:08,706,61281,20.32,2,8855,home_improvement,RENT,0,0,0,63.7,1,705,0.011964,LOW,APPROVED,0,0,700-800,50-75K
CS000711,2025-02-19 02:42:26,706,54634,23.61,0,20277,other,RENT,1,4,50,0.0,2,662,0.034698,MEDIUM,APPROVED,0,0,600-700,50-75K
CS000712,2025-06-12 14:09:21,636,32687,21.78,21,10081,major_purchase,RENT,1,7,11,57.26,0,584,0.293843,VERY_HIGH,APPROVED,0,0,<600,<50K
CS000713,2025-03-28 02:15:42,660,62828,22.05,4,13069,debt_consolidation,RENT,1,4,9,30.9,1,655,0.050581,HIGH,APPROVED,0,0,600-700,50-75K
CS000714,2025-03-24 05:46:53,619,56566,41.5,2,19299,debt_consolidation,MORTGAGE,0,0,0,50.36,3,553,0.39509,VERY_HIGH,DECLINED,0,0,<600,50-75K
CS000715,2025-03-21 13:44:43,818,32725,39.33,11,7815,debt_consolidation,OWN,2,5,39,5.33,0,691,0.020351,MEDIUM,DECLINED,0,0,600-700,<50K
CS000716,2025-06-08 07:59:26,687,104501,17.99,1,14470,debt_consolidation,RENT,0,0,0,54.25,2,699,0.018161,MEDIUM,DECLINED,0,0,600-700,100K+
CS000717,2025-01-30 15:04:23,691,94493,31.76,14,14662,major_purchase,RENT,0,0,0,51.14,1,662,0.038847,MEDIUM,APPROVED,0,0,600-700,75-100K
CS000718,2025-05-05 11:06:09,657,27294,19.45,1,12113,credit_card,OWN,0,0,0,12.88,0,668,0.033819,MEDIUM,APPROVED,0,0,600-700,<50K
CS000719,2025-02-05 15:14:44,693,87992,31.56,0,26185,other,OWN,0,0,0,70.39,0,655,0.070381,HIGH,APPROVED,0,0,600-700,75-100K
CS000720,2025-04-05 06:57:56,734,44411,22.35,1,19796,credit_card,RENT,1,4,31,45.42,1,729,0.007215,LOW,APPROVED,0,0,700-800,<50K
CS000721,2025-01-11 22:56:34,673,88345,19.66,9,11683,debt_consolidation,MORTGAGE,2,4,12,29.81,0,605,0.096858,HIGH,DECLINED,0,0,600-700,75-100K
CS000722,2025-01-14 15:49:23,690,78854,26.29,2,15649,debt_consolidation,OTHER,1,7,47,22.94,2,654,0.060919,HIGH,APPROVED,0,0,600-700,75-100K
CS000723,2025-05-14 14:45:18,810,98854,27.23,3,29835,major_purchase,RENT,1,4,56,49.65,0,807,0.001324,LOW,APPROVED,0,0,800+,75-100K
CS000724,2025-01-30 22:48:56,742,80523,17.49,2,35325,debt_consolidation,RENT,1,2,30,47.29,2,756,0.004683,LOW,APPROVED,0,0,700-800,75-100K
CS000725,2025-03-04 05:17:12,704,121577,20.88,1,12949,credit_card,RENT,2,4,14,46.79,4,652,0.065885,HIGH,DECLINED,0,0,600-700,100K+
CS000726,2025-02-26 09:44:02,668,54237,14.27,7,19286,debt_consolidation,RENT,2,8,31,38.58,3,595,0.12702,HIGH,DECLINED,0,0,<600,50-75K
CS000727,2025-06-22 11:42:59,690,54132,2.6,9,38568,home_improvement,RENT,0,0,0,31.52,1,716,0.008075,LOW,APPROVED,0,30,700-800,50-75K
CS000728,2025-02-26 04:12:30,650,54559,33.3,3,84178,other,MORTGAGE,0,0,0,41.81,4,618,0.120629,HIGH,APPROVED,1,120,600-700,50-75K
CS000729,2025-03-01 21:24:46,706,51858,17.05,4,16820,credit_card,RENT,2,3,35,24.87,2,667,0.036796,MEDIUM,APPROVED,0,0,600-700,50-75K
CS000730,2025-05-20 07:26:45,654,166733,28.61,11,43012,home_improvement,MORTGAGE,0,0,0,22.19,1,665,0.036633,MEDIUM,DECLINED,0,0,600-700,100K+
CS000731,2025-03-09 06:41:06,651,68323,10.71,2,17909,credit_card,OWN,0,0,0,61.48,0,639,0.051935,HIGH,APPROVED,0,0,600-700,50-75K
CS000732,2025-06-14 07:23:25,668,112301,32.88,2,17725,debt_consolidation,RENT,1,2,20,0.74,3,634,0.067799,HIGH,APPROVED,0,0,600-700,100K+
CS000733,2025-05-12 01:24:18,631,71103,28.67,5,29352,other,MORTGAGE,0,0,0,20.5,1,606,0.142961,HIGH,DECLINED,0,0,600-700,50-75K
CS000734,2025-03-09 04:22:08,701,61158,26.68,2,25126,credit_card,RENT,1,3,43,46.73,2,664,0.048285,HIGH,APPROVED,0,0,600-700,50-75K
CS000735,2025-03-05 23:24:28,828,96777,45.78,0,5572,credit_card,RENT,0,0,0,81.02,0,716,0.017388,MEDIUM,APPROVED,0,0,700-800,75-100K
CS000736,2025-01-25 04:19:37,655,47679,25.82,0,53387,debt_consolidation,MORTGAGE,0,0,0,22.3,4,618,0.080783,HIGH,DECLINED,0,0,600-700,<50K
CS000737,2025-01-14 09:05:34,598,86294,41.63,13,15372,debt_consolidation,RENT,0,0,0,22.19,2,595,0.197014,VERY_HIGH,APPROVED,0,0,<600,75-100K
CS000738,2025-06-28 10:53:39,742,113345,10.53,7,27475,home_improvement,MORTGAGE,0,0,0,14.48,2,775,0.001697,LOW,APPROVED,0,0,700-800,100K+
CS000739,2025-01-08 04:49:33,683,66980,25.54,1,27495,other,RENT,2,6,39,31.81,2,608,0.180665,HIGH,DECLINED,0,0,600-700,50-75K
CS000740,2025-01-08 06:03:01,797,68783,20.99,10,17009,other,RENT,1,4,31,56.69,1,772,0.002468,LOW,APPROVED,0,0,700-800,50-75K
CS000741,2025-05-06 03:13:20,709,53602,9.71,14,20033,major_purchase,OTHER,0,0,0,43.39,1,703,0.015687,LOW,APPROVED,0,0,700-800,50-75K
CS000742,2025-05-06 15:09:17,739,87375,8.88,2,15314,debt_consolidation,MORTGAGE,1,2,19,55.41,1,711,0.011709,LOW,APPROVED,0,0,700-800,75-100K
CS000743,2025-02-18 09:55:02,645,97708,19.11,7,27510,other,RENT,0,0,0,39.67,1,641,0.057502,HIGH,DECLINED,0,0,600-700,75-100K
CS000744,2025-05-24 17:48:10,600,103423,27.09,4,45905,major_purchase,OWN,1,5,28,63.63,0,565,0.304427,VERY_HIGH,DECLINED,1,150,<600,100K+
CS000745,2025-03-01 07:50:58,677,53586,13.35,2,35049,credit_card,MORTGAGE,3,6,16,35.67,4,592,0.195683,VERY_HIGH,APPROVED,1,150,<600,50-75K
CS000746,2025-04-09 08:12:54,724,64732,19.57,6,90000,major_purchase,MORTGAGE,0,0,0,13.22,0,744,0.006139,LOW,APPROVED,0,0,700-800,50-75K
CS000747,2025-02-11 11:49:45,640,43918,24.38,2,13272,other,RENT,1,4,36,39.39,2,616,0.188538,VERY_HIGH,DECLINED,0,0,600-700,<50K
CS000748,2025-02-19 01:27:48,599,76057,26.12,1,36733,credit_card,MORTGAGE,1,6,9,26.2,3,589,0.271946,VERY_HIGH,APPROVED,0,0,<600,75-100K
CS000749,2025-01-28 00:33:22,654,87332,11.59,16,40444,major_purchase,RENT,0,0,0,44.36,4,609,0.13778,HIGH,DECLINED,1,60,600-700,75-100K
CS000750,2025-05-14 07:43:50,662,67618,21.98,2,21457,credit_card,MORTGAGE,0,0,0,79.6,2,627,0.136438,HIGH,DECLINED,0,0,600-700,50-75K
CS000751,2025-01-18 19:52:16,668,61156,10.25,3,32437,debt_consolidation,RENT,0,0,0,83.29,4,649,0.060738,HIGH,APPROVED,0,0,600-700,50-75K
CS000752,2025-01-31 04:33:19,684,75858,21.17,14,18131,other,MORTGAGE,2,2,13,21.59,0,654,0.049906,HIGH,DECLINED,0,0,600-700,75-100K
CS000753,2025-01-07 05:12:44,817,71876,23.48,4,11398,debt_consolidation,OWN,1,4,45,62.15,2,725,0.008095,LOW,APPROVED,0,0,700-800,50-75K
CS000754,2025-05-24 05:17:53,687,77875,36.2,2,14109,home_improvement,OWN,1,4,14,43.18,1,620,0.089948,HIGH,APPROVED,0,0,600-700,75-100K
CS000755,2025-01-22 20:25:51,658,46149,29.43,2,58530,other,RENT,0,0,0,75.03,1,607,0.107863,HIGH,DECLINED,0,0,600-700,<50K
CS000756,2025-05-30 19:46:41,626,43479,11.71,2,19276,credit_card,MORTGAGE,2,6,8,58.43,0,638,0.060887,HIGH,APPROVED,1,90,600-700,<50K
CS000757,2025-05-20 06:16:19,729,50606,29.99,5,5448,credit_card,RENT,0,0,0,37.82,1,705,0.012536,LOW,APPROVED,0,0,700-800,50-75K
CS000758,2025-01-30 12:40:26,598,42111,19.79,4,7411,major_purchase,RENT,0,0,0,41.03,1,611,0.142861,HIGH,DECLINED,0,0,600-700,<50K
CS000759,2025-06-02 09:09:11,764,71860,40.65,2,7654,credit_card,OWN,1,3,6,88.94,0,599,0.136782,HIGH,APPROVED,0,0,<600,50-75K
CS000760,2025-03-22 19:52:58,684,152531,20.47,5,29893,other,RENT,0,0,0,54.03,0,646,0.05627,HIGH,APPROVED,0,0,600-700,100K+
CS000761,2025-04-23 00:02:21,602,65268,36.25,4,14394,debt_consolidation,OTHER,0,0,0,57.94,3,504,0.621807,VERY_HIGH,DECLINED,1,150,<600,50-75K
CS000762,2025-04-01 14:08:47,695,30299,38.04,4,21994,debt_consolidation,MORTGAGE,0,0,0,59.36,2,652,0.069804,HIGH,APPROVED,0,0,600-700,<50K
CS000763,2025-04-28 17:48:07,678,43830,15.7,4,24680,debt_consolidation,MORTGAGE,1,3,26,65.87,3,634,0.070013,HIGH,DECLINED,0,0,600-700,<50K
CS000764,2025-04-05 04:08:40,752,40182,14.92,14,30069,credit_card,MORTGAGE,1,5,38,37.17,1,699,0.011842,LOW,APPROVED,0,0,600-700,<50K
CS000765,2025-05-25 15:35:45,602,77697,50.41,12,9579,other,MORTGAGE,1,5,24,94.6,0,523,0.653798,VERY_HIGH,DECLINED,1,150,<600,75-100K
CS000766,2025-06-29 07:58:17,696,68796,27.62,6,10467,credit_card,MORTGAGE,0,0,0,41.62,0,706,0.012986,LOW,APPROVED,0,0,700-800,50-75K
CS000767,2025-03-05 14:04:29,684,136558,25.48,1,32671,home_improvement,RENT,0,0,0,57.48,1,630,0.069352,HIGH,APPROVED,0,0,600-700,100K+
CS000768,2025-03-06 19:45:58,735,65223,10.26,3,12492,debt_consolidation,MORTGAGE,0,0,0,30.53,0,808,0.001401,LOW,APPROVED,0,0,800+,50-75K
CS000769,2025-03-30 01:27:28,622,58385,21.79,17,16678,home_improvement,OTHER,0,0,0,30.29,2,620,0.091709,HIGH,APPROVED,0,0,600-700,50-75K
CS000770,2025-04-25 19:55:38,642,108781,33.06,5,15192,other,RENT,1,3,45,13.05,1,632,0.094587,HIGH,DECLINED,0,0,600-700,100K+
CS000771,2025-03-05 07:47:18,792,40829,1.0,6,13089,major_purchase,OWN,0,0,0,45.25,1,757,0.002962,LOW,APPROVED,0,0,700-800,<50K
CS000772,2025-06-16 23:48:13,715,61659,7.84,0,14779,credit_card,MORTGAGE,1,4,16,0.0,0,778,0.002435,LOW,APPROVED,0,0,700-800,50-75K
CS000773,2025-03-04 16:37:02,603,103572,32.79,7,10152,home_improvement,MORTGAGE,1,3,4,45.55,0,585,0.281522,VERY_HIGH,DECLINED,0,0,<600,100K+
CS000774,2025-03-01 22:55:40,702,69528,17.14,24,28678,home_improvement,OWN,3,7,40,0.0,5,607,0.130024,HIGH,DECLINED,0,0,600-700,50-75K
CS000775,2025-01-26 17:54:21,641,75184,20.23,8,57707,home_improvement,OTHER,0,0,0,41.64,1,688,0.017567,MEDIUM,APPROVED,0,0,600-700,75-100K
CS000776,2025-02-17 16:45:40,646,41369,34.09,3,16030,debt_consolidation,RENT,1,9,12,53.23,0,604,0.206804,VERY_HIGH,APPROVED,0,0,600-700,<50K
CS000777,2025-04-29 11:23:18,617,31408,10.84,1,42337,other,OWN,2,5,57,51.06,3,557,0.41362,VERY_HIGH,DECLINED,0,0,<600,<50K
CS000778,2025-02-12 10:43:10,738,54450,10.19,8,13081,credit_card,MORTGAGE,0,0,0,46.7,1,746,0.005955,LOW,APPROVED,0,0,700-800,50-75K
CS000779,2025-01-05 20:09:57,655,97001,33.82,3,19354,credit_card,MORTGAGE,2,4,53,88.4,2,549,0.472814,VERY_HIGH,APPROVED,0,0,<600,75-100K
CS000780,2025-05-14 12:08:17,695,48722,14.2,0,57090,debt_consolidation,OWN,0,0,0,12.61,2,690,0.026602,MEDIUM,DECLINED,0,0,600-700,<50K
CS000781,2025-05-08 15:37:06,688,38468,22.29,1,41409,credit_card,MORTGAGE,1,7,5,40.07,1,646,0.070255,HIGH,APPROVED,0,0,600-700,<50K
CS000782,2025-03-23 03:39:35,601,31195,24.67,5,12592,debt_consolidation,RENT,4,7,58,34.88,1,527,0.567871,VERY_HIGH,DECLINED,1,150,<600,<50K
CS000783,2025-02-27 05:52:58,643,144123,17.51,14,14032,credit_card,MORTGAGE,0,0,0,52.17,3,670,0.049705,HIGH,APPROVED,0,0,600-700,100K+
CS000784,2025-02-18 01:44:51,726,30945,16.8,20,16624,credit_card,RENT,0,0,0,84.13,2,695,0.017458,MEDIUM,APPROVED,0,0,600-700,<50K
CS000785,2025-04-02 19:57:34,598,47199,19.27,11,24198,other,RENT,1,2,57,68.53,4,540,0.517724,VERY_HIGH,DECLINED,0,0,<600,<50K
CS000786,2025-03-07 14:22:18,698,37064,16.78,4,33463,home_improvement,MORTGAGE,1,2,13,30.52,1,708,0.013759,LOW,APPROVED,0,0,700-800,<50K
CS000787,2025-05-24 14:20:11,678,84124,31.42,3,23108,major_purchase,RENT,0,0,0,22.2,1,691,0.026679,MEDIUM,APPROVED,0,0,600-700,75-100K
CS000788,2025-03-21 01:08:54,719,29200,26.76,4,20583,home_improvement,MORTGAGE,0,0,0,94.11,1,652,0.043405,MEDIUM,APPROVED,0,0,600-700,<50K
CS000789,2025-01-30 01:36:21,722,33203,6.74,1,45033,other,MORTGAGE,0,0,0,95.73,3,668,0.035631,MEDIUM,APPROVED,0,0,600-700,<50K
CS000790,2025-05-29 14:14:42,729,68044,33.37,3,15841,debt_consolidation,RENT,0,0,0,37.33,0,706,0.013098,LOW,APPROVED,0,0,700-800,50-75K
CS000791,2025-06-06 15:13:15,687,30284,32.39,20,16541,major_purchase,MORTGAGE,2,3,12,61.54,0,608,0.14271,HIGH,APPROVED,0,0,600-700,<50K
CS000792,2025-05-17 16:52:17,698,78353,18.51,4,30435,credit_card,MORTGAGE,0,0,0,53.38,2,687,0.016551,LOW,APPROVED,0,0,600-700,75-100K
CS000793,2025-04-27 18:28:36,646,105431,29.32,1,59280,major_purchase,RENT,0,0,0,68.71,2,602,0.09377,HIGH,DECLINED,1,90,600-700,100K+
CS000794,2025-05-28 22:00:43,655,65467,36.51,10,18268,credit_card,RENT,0,0,0,34.15,2,626,0.083047,HIGH,DECLINED,1,60,600-700,50-75K
CS000795,2025-04-04 01:29:04,734,20063,33.54,4,28967,major_purchase,MORTGAGE,0,0,0,57.63,1,646,0.076132,HIGH,DECLINED,0,0,600-700,<50K
CS000796,2025-04-03 06:11:12,652,46622,30.52,4,9433,other,RENT,2,2,32,54.41,2,558,0.387088,VERY_HIGH,APPROVED,0,0,<600,<50K
CS000797,2025-04-21 00:27:26,741,55656,23.87,3,31195,debt_consolidation,MORTGAGE,0,0,0,25.91,3,715,0.009294,LOW,DECLINED,0,0,700-800,50-75K
CS000798,2025-01-21 08:20:41,739,113444,34.43,1,7909,home_improvement,OTHER,0,0,0,0.0,0,739,0.005348,LOW,APPROVED,0,0,700-800,100K+
CS000799,2025-05-17 15:22:26,641,123297,31.0,8,7161,credit_card,RENT,0,0,0,57.98,0,649,0.069572,HIGH,APPROVED,1,60,600-700,100K+
CS000800,2025-06-23 12:21:25,715,98160,26.97,5,8439,debt_consolidation,MORTGAGE,0,0,0,55.87,1,682,0.023383,MEDIUM,APPROVED,0,0,600-700,75-100K
CS000801,2025-03-06 13:19:04,640,64044,26.26,6,28294,debt_consolidation,MORTGAGE,0,0,0,37.52,2,630,0.082506,HIGH,APPROVED,0,0,600-700,50-75K
CS000802,2025-03-27 06:30:51,703,56272,14.34,2,18331,credit_card,MORTGAGE,0,0,0,49.46,1,721,0.010006,LOW,APPROVED,0,0,700-800,50-75K
CS000803,2025-04-21 01:30:51,642,59822,27.48,2,18301,other,OWN,1,1,14,60.5,0,609,0.184296,HIGH,DECLINED,0,0,600-700,50-75K
CS000804,2025-02-19 11:22:55,703,47230,40.62,1,15016,debt_consolidation,OTHER,0,0,0,31.49,1,670,0.036219,MEDIUM,DECLINED,0,0,600-700,<50K
CS000805,2025-04-16 08:09:29,694,51343,1.0,2,23519,debt_consolidation,RENT,0,0,0,20.55,1,715,0.011064,LOW,APPROVED,0,0,700-800,50-75K
CS000806,2025-05-21 18:20:04,628,48040,17.82,1,12911,credit_card,MORTGAGE,0,0,0,61.34,4,576,0.209644,VERY_HIGH,DECLINED,0,0,<600,<50K
CS000807,2025-02-13 12:03:54,797,61865,29.88,8,15704,home_improvement,MORTGAGE,0,0,0,46.06,1,713,0.007213,LOW,APPROVED,0,0,700-800,50-75K
CS000808,2025-01-08 10:44:27,738,110933,28.17,2,15898,debt_consolidation,OWN,0,0,0,42.17,0,740,0.005408,LOW,APPROVED,0,0,700-800,100K+
CS000809,2025-02-12 08:36:42,597,34234,36.22,9,9449,home_improvement,RENT,0,0,0,63.77,1,524,0.575004,VERY_HIGH,DECLINED,1,90,<600,<50K
CS000810,2025-06-20 11:41:52,704,143939,29.65,3,9619,major_purchase,RENT,0,0,0,52.71,1,682,0.021323,MEDIUM,APPROVED,0,0,600-700,100K+
CS000811,2025-01-19 00:14:11,662,82719,42.05,27,13526,other,MORTGAGE,1,1,47,49.97,1,597,0.19734,VERY_HIGH,APPROVED,0,0,<600,75-100K
CS000812,2025-02-11 02:27:22,798,93830,23.24,3,23303,debt_consolidation,RENT,0,0,0,84.77,0,736,0.00722,LOW,APPROVED,0,0,700-800,75-100K
CS000813,2025-05-21 11:56:00,682,61702,13.28,15,20312,debt_consolidation,RENT,0,0,0,70.13,0,723,0.017442,MEDIUM,APPROVED,0,0,700-800,50-75K
CS000814,2025-03-20 12:20:06,707,61096,26.44,0,10884,debt_consolidation,OTHER,0,0,0,21.63,0,696,0.013469,LOW,APPROVED,0,0,600-700,50-75K
CS000815,2025-03-19 17:27:16,676,108620,22.5,6,40067,major_purchase,MORTGAGE,2,3,58,65.18,5,566,0.354144,VERY_HIGH,APPROVED,0,0,<600,100K+
CS000816,2025-02-13 09:24:32,720,52572,21.98,3,9733,home_improvement,OTHER,0,0,0,27.17,1,717,0.017969,MEDIUM,APPROVED,0,0,700-800,50-75K
CS000817,2025-04-18 13:17:12,656,41513,18.38,16,28309,debt_consolidation,MORTGAGE,0,0,0,66.33,1,640,0.05741,HIGH,APPROVED,0,0,600-700,<50K
CS000818,2025-05-01 05:22:29,636,61103,29.98,15,21264,other,RENT,0,0,0,45.67,1,613,0.15165,HIGH,DECLINED,0,0,600-700,50-75K
CS000819,2025-04-03 08:54:37,659,48620,23.35,3,19539,other,OWN,1,4,59,50.16,3,602,0.134763,HIGH,DECLINED,0,0,600-700,<50K
CS000820,2025-05-27 04:14:43,663,114971,19.21,1,12054,debt_consolidation,RENT,1,4,10,33.28,0,695,0.023604,MEDIUM,APPROVED,0,0,600-700,100K+
CS000821,2025-01-01 19:49:08,720,67436,29.81,3,13656,debt_consolidation,RENT,0,0,0,53.99,0,646,0.049992,HIGH,APPROVED,0,0,600-700,50-75K
CS000822,2025-01-04 09:21:36,691,80360,20.13,1,37664,credit_card,RENT,0,0,0,20.01,0,737,0.00681,LOW,DECLINED,0,0,700-800,75-100K
CS000823,2025-06-24 16:47:31,662,65028,13.11,11,16211,credit_card,RENT,1,4,26,37.51,1,701,0.018352,MEDIUM,APPROVED,0,0,700-800,50-75K
CS000824,2025-03-03 17:52:46,664,63449,29.63,9,30349,debt_consolidation,MORTGAGE,0,0,0,40.1,2,645,0.055234,HIGH,APPROVED,1,90,600-700,50-75K
CS000825,2025-06-02 08:23:20,636,107025,11.04,32,33162,major_purchase,RENT,0,0,0,67.3,3,607,0.109422,HIGH,APPROVED,0,60,600-700,100K+
CS000826,2025-03-15 17:07:53,693,73572,22.95,19,5530,major_purchase,RENT,0,0,0,94.66,2,580,0.228678,VERY_HIGH,APPROVED,0,0,<600,50-75K
CS000827,2025-05-23 17:38:49,575,124726,1.0,5,11309,major_purchase,MORTGAGE,0,0,0,53.15,1,614,0.135415,HIGH,APPROVED,0,0,600-700,100K+
CS000828,2025-04-18 12:07:06,674,28278,25.5,6,25470,home_improvement,MORTGAGE,0,0,0,49.85,3,632,0.096148,HIGH,APPROVED,0,0,600-700,<50K
CS000829,2025-02-14 09:07:01,751,78607,27.07,21,10864,major_purchase,MORTGAGE,2,2,6,64.09,1,665,0.046121,HIGH,APPROVED,0,0,600-700,75-100K
CS000830,2025-05-25 19:53:27,666,95927,34.37,2,7190,debt_consolidation,RENT,0,0,0,43.03,1,634,0.065891,HIGH,APPROVED,0,0,600-700,75-100K
CS000831,2025-06-28 01:22:03,650,62806,17.17,2,28190,debt_consolidation,RENT,1,5,6,33.88,0,683,0.033112,MEDIUM,APPROVED,0,0,600-700,50-75K
CS000832,2025-06-25 06:14:33,689,28860,33.75,0,45806,major_purchase,OWN,0,0,0,46.17,1,672,0.035764,MEDIUM,APPROVED,0,0,600-700,<50K
CS000833,2025-01-10 18:39:34,635,63695,12.27,3,16671,other,OTHER,2,6,58,85.18,0,602,0.17093,HIGH,DECLINED,0,0,600-700,50-75K
CS000834,2025-03-17 10:45:29,645,56771,27.81,1,5959,major_purchase,RENT,0,0,0,35.04,0,629,0.079631,HIGH,APPROVED,1,90,600-700,50-75K
CS000835,2025-03-23 09:51:16,724,115463,17.97,5,6593,debt_consolidation,OWN,0,0,0,54.66,1,723,0.00657,LOW,APPROVED,0,0,700-800,100K+
CS000836,2025-05-16 17:04:58,651,109612,5.25,11,6860,other,OWN,0,0,0,34.51,1,685,0.012948,LOW,APPROVED,0,0,600-700,100K+
CS000837,2025-05-20 02:51:04,794,104424,17.82,15,29146,major_purchase,MORTGAGE,0,0,0,78.39,2,744,0.004236,LOW,APPROVED,0,0,700-800,100K+
CS000838,2025-04-08 04:25:18,716,72838,30.57,4,27667,credit_card,RENT,0,0,0,57.14,1,675,0.028581,MEDIUM,APPROVED,0,0,600-700,50-75K
CS000839,2025-02-11 10:31:07,681,76707,31.54,2,5822,home_improvement,RENT,1,2,57,57.24,2,643,0.092548,HIGH,APPROVED,0,0,600-700,75-100K
CS000840,2025-02-03 19:34:13,652,73827,22.94,4,19774,home_improvement,RENT,0,0,0,47.86,1,687,0.02598,MEDIUM,APPROVED,0,0,600-700,50-75K
CS000841,2025-03-19 04:20:44,672,108036,17.89,25,5788,home_improvement,MORTGAGE,1,5,13,13.04,4,625,0.075679,HIGH,APPROVED,0,0,600-700,100K+
CS000842,2025-04-29 19:22:12,562,68470,21.63,14,10600,home_improvement,MORTGAGE,0,0,0,60.89,3,502,0.768251,VERY_HIGH,DECLINED,1,90,<600,50-75K
CS000843,2025-05-20 15:29:02,700,90239,16.01,2,17720,debt_consolidation,RENT,0,0,0,34.07,2,668,0.026438,MEDIUM,APPROVED,0,0,600-700,75-100K
CS000844,2025-04-18 14:05:05,735,100781,18.67,10,45986,other,RENT,0,0,0,46.01,0,747,0.007708,LOW,APPROVED,0,0,700-800,100K+
CS000845,2025-02-20 06:20:28,718,66093,23.16,15,70807,major_purchase,MORTGAGE,1,6,21,39.45,0,712,0.022071,MEDIUM,APPROVED,0,0,700-800,50-75K
CS000846,2025-05-05 16:04:05,663,74330,29.39,3,24589,home_improvement,MORTGAGE,0,0,0,80.03,0,650,0.060768,HIGH,APPROVED,1,120,600-700,50-75K
CS000847,2025-03-31 10:45:46,720,51091,22.54,1,11595,major_purchase,RENT,1,5,42,84.69,0,650,0.048338,HIGH,APPROVED,0,0,600-700,50-75K
CS000848,2025-04-11 07:39:24,721,42023,16.2,7,17661,credit_card,RENT,0,0,0,74.64,0,790,0.002123,LOW,APPROVED,0,0,700-800,<50K
CS000849,2025-05-07 19:13:33,679,51903,13.08,6,26151,debt_consolidation,RENT,0,0,0,49.35,2,707,0.01453,LOW,APPROVED,0,0,700-800,50-75K
CS000850,2025-04-03 06:55:54,706,49384,12.96,2,23239,credit_card,RENT,1,3,14,45.23,2,690,0.022989,MEDIUM,APPROVED,0,0,600-700,<50K
CS000851,2025-05-01 02:34:46,743,34140,26.65,15,14715,home_improvement,MORTGAGE,1,1,39,65.93,1,671,0.035117,MEDIUM,APPROVED,0,0,600-700,<50K
CS000852,2025-04-30 17:42:17,712,72420,21.78,12,13549,major_purchase,MORTGAGE,0,0,0,74.07,1,691,0.016602,LOW,APPROVED,0,0,600-700,50-75K
CS000853,2025-03-19 08:14:54,666,98898,16.79,18,12765,credit_card,RENT,0,0,0,74.67,4,643,0.076906,HIGH,APPROVED,0,0,600-700,75-100K
CS000854,2025-01-29 13:22:40,687,101584,21.6,2,26792,debt_consolidation,MORTGAGE,4,7,41,55.26,1,596,0.250532,VERY_HIGH,APPROVED,0,60,<600,100K+
CS000855,2025-05-11 04:57:15,695,132697,31.85,10,15183,other,RENT,1,3,59,54.98,2,617,0.130486,HIGH,APPROVED,0,0,600-700,100K+
CS000856,2025-04-22 07:58:35,599,61170,26.55,13,9819,home_improvement,OWN,1,5,12,65.96,1,541,0.486045,VERY_HIGH,DECLINED,0,0,<600,50-75K
CS000857,2025-04-19 09:12:25,694,184558,24.21,2,9054,major_purchase,MORTGAGE,1,5,34,49.55,1,662,0.037924,MEDIUM,APPROVED,0,0,600-700,100K+
CS000858,2025-05-09 17:10:57,680,58076,21.37,2,18862,major_purchase,RENT,3,4,29,79.79,1,596,0.227135,VERY_HIGH,APPROVED,0,0,<600,50-75K
CS000859,2025-01-20 11:42:41,568,74634,11.8,3,24987,home_improvement,RENT,0,0,0,89.78,1,603,0.208742,VERY_HIGH,APPROVED,1,60,600-700,50-75K
CS000860,2025-01-16 01:55:54,593,123322,35.21,16,8530,credit_card,RENT,1,2,32,62.07,0,537,0.513686,VERY_HIGH,DECLINED,1,120,<600,100K+
CS000861,2025-03-10 06:21:08,785,33012,20.63,4,37129,other,OTHER,0,0,0,90.06,2,669,0.025727,MEDIUM,APPROVED,0,0,600-700,<50K
CS000862,2025-05-29 20:18:24,692,81163,19.58,6,4181,major_purchase,MORTGAGE,1,6,53,69.06,3,639,0.080791,HIGH,APPROVED,0,0,600-700,75-100K
CS000863,2025-02-04 03:08:09,760,79779,17.08,13,38776,other,OWN,1,4,1,45.6,1,715,0.009757,LOW,APPROVED,0,0,700-800,75-100K
CS000864,2025-05-22 10:03:48,666,176682,12.14,2,37382,debt_consolidation,MORTGAGE,1,7,53,46.73,2,672,0.033391,MEDIUM,APPROVED,0,0,600-700,100K+
CS000865,2025-04-24 16:54:39,771,51901,17.6,17,14592,other,MORTGAGE,0,0,0,5.77,2,791,0.002392,LOW,APPROVED,0,0,700-800,50-75K
CS000866,2025-01-20 18:56:03,718,73407,24.5,27,30751,home_improvement,MORTGAGE,0,0,0,19.67,2,744,0.007085,LOW,APPROVED,0,30,700-800,50-75K
CS000867,2025-03-19 23:50:06,649,22754,29.93,7,30122,major_purchase,MORTGAGE,0,0,0,33.13,0,595,0.130104,HIGH,APPROVED,0,0,<600,<50K
CS000868,2025-01-16 02:21:54,702,67439,29.0,7,14249,home_improvement,RENT,1,4,41,30.43,0,682,0.019548,MEDIUM,APPROVED,0,0,600-700,50-75K
CS000869,2025-06-08 18:37:44,773,33397,29.22,5,23497,other,MORTGAGE,0,0,0,0.0,3,749,0.004365,LOW,APPROVED,0,0,700-800,<50K
CS000870,2025-03-16 01:42:08,818,37943,10.57,0,13026,other,RENT,1,6,22,65.37,2,760,0.002138,LOW,APPROVED,0,0,700-800,<50K
CS000871,2025-01-21 14:42:10,715,88256,32.03,6,26061,debt_consolidation,OTHER,0,0,0,59.22,3,614,0.083827,HIGH,DECLINED,0,0,600-700,75-100K
CS000872,2025-06-23 15:31:57,663,49525,25.72,8,22758,major_purchase,RENT,1,3,27,75.06,2,591,0.199766,VERY_HIGH,APPROVED,0,0,<600,<50K
CS000873,2025-04-07 00:39:10,640,36341,22.79,3,6531,debt_consolidation,RENT,1,6,44,49.38,0,592,0.191962,VERY_HIGH,APPROVED,0,0,<600,<50K
CS000874,2025-03-30 08:40:45,725,91442,15.25,16,14884,debt_consolidation,MORTGAGE,1,2,33,56.06,0,722,0.007967,LOW,APPROVED,0,0,700-800,75-100K
CS000875,2025-01-29 23:04:54,747,70215,27.08,9,14598,debt_consolidation,RENT,0,0,0,39.34,0,734,0.006774,LOW,APPROVED,0,0,700-800,50-75K
CS000876,2025-05-05 10:10:00,695,54463,22.28,4,33593,debt_consolidation,RENT,0,0,0,71.37,1,659,0.036924,MEDIUM,APPROVED,0,0,600-700,50-75K
CS000877,2025-03-20 05:19:01,682,32473,32.17,3,20378,home_improvement,MORTGAGE,0,0,0,71.78,1,617,0.115423,HIGH,APPROVED,0,0,600-700,<50K
CS000878,2025-03-02 17:32:34,733,46604,31.14,15,35237,other,MORTGAGE,1,3,31,75.68,4,628,0.090331,HIGH,APPROVED,0,0,600-700,<50K
CS000879,2025-02-27 10:10:21,715,35635,45.0,10,15644,credit_card,RENT,1,6,25,38.79,1,644,0.080212,HIGH,APPROVED,0,0,600-700,<50K
CS000880,2025-06-28 00:10:38,710,56413,26.12,3,12793,debt_consolidation,RENT,2,4,7,54.9,1,617,0.0748,HIGH,DECLINED,0,0,600-700,50-75K
CS000881,2025-03-25 17:27:58,604,54366,19.58,3,16546,debt_consolidation,RENT,0,0,0,40.47,0,635,0.086299,HIGH,APPROVED,0,0,600-700,50-75K
CS000882,2025-06-09 20:44:43,670,60034,31.26,0,45047,major_purchase,RENT,0,0,0,45.44,2,579,0.182745,HIGH,DECLINED,0,0,<600,50-75K
CS000883,2025-03-31 12:05:51,792,47014,29.91,4,23289,debt_consolidation,MORTGAGE,1,3,3,47.72,1,642,0.045264,HIGH,APPROVED,0,0,600-700,<50K
CS000884,2025-05-09 18:32:19,687,55607,24.31,0,21611,credit_card,MORTGAGE,0,0,0,51.81,2,653,0.053387,HIGH,APPROVED,0,0,600-700,50-75K
CS000885,2025-05-03 19:22:15,822,94358,18.34,2,25376,home_improvement,MORTGAGE,0,0,0,0.0,2,842,0.000405,LOW,APPROVED,0,0,800+,75-100K
CS000886,2025-01-28 01:02:15,709,50449,19.58,8,28528,credit_card,MORTGAGE,0,0,0,100.0,1,679,0.027989,MEDIUM,APPROVED,0,0,600-700,50-75K
CS000887,2025-05-02 04:41:27,673,93354,17.78,1,15976,other,MORTGAGE,0,0,0,31.16,0,695,0.016764,LOW,APPROVED,0,0,600-700,75-100K
CS000888,2025-06-14 15:08:05,704,89237,27.59,2,26852,major_purchase,RENT,0,0,0,59.4,0,674,0.029671,MEDIUM,APPROVED,0,60,600-700,75-100K
CS000889,2025-01-24 15:42:42,722,88447,31.58,6,10103,debt_consolidation,MORTGAGE,0,0,0,69.07,0,662,0.032408,MEDIUM,APPROVED,0,0,600-700,75-100K
CS000890,2025-01-01 23:28:18,649,28444,37.87,9,24720,debt_consolidation,RENT,0,0,0,75.39,0,585,0.24467,VERY_HIGH,APPROVED,0,0,<600,<50K
CS000891,2025-01-20 16:48:07,702,89439,20.54,18,15394,home_improvement,RENT,0,0,0,9.4,2,734,0.008662,LOW,APPROVED,0,0,700-800,75-100K
CS000892,2025-01-22 23:34:26,665,66311,14.12,40,18306,home_improvement,MORTGAGE,0,0,0,82.46,1,629,0.05367,HIGH,DECLINED,0,0,600-700,50-75K
CS000893,2025-05-23 17:50:40,768,76286,12.22,3,13710,credit_card,RENT,0,0,0,59.28,0,712,0.010221,LOW,DECLINED,0,0,700-800,75-100K
CS000894,2025-05-14 22:03:45,663,55454,23.87,4,60265,home_improvement,RENT,0,0,0,52.85,0,658,0.036034,MEDIUM,DECLINED,0,0,600-700,50-75K
CS000895,2025-03-13 16:48:08,695,55116,22.26,1,43949,major_purchase,OTHER,2,3,24,39.91,1,616,0.084316,HIGH,DECLINED,0,0,600-700,50-75K
CS000896,2025-05-15 03:46:36,606,37843,24.06,7,29875,debt_consolidation,MORTGAGE,1,6,23,0.0,2,588,0.210597,VERY_HIGH,DECLINED,1,60,<600,<50K
CS000897,2025-01-08 15:54:52,613,35997,7.17,1,12757,major_purchase,MORTGAGE,0,0,0,28.71,1,683,0.022199,MEDIUM,APPROVED,1,60,600-700,<50K
CS000898,2025-05-20 18:56:14,683,70791,16.88,6,15450,major_purchase,RENT,0,0,0,38.35,7,605,0.082616,HIGH,DECLINED,0,0,600-700,50-75K
CS000899,2025-04-22 22:29:36,638,41357,7.64,5,19840,major_purchase,RENT,1,7,42,80.54,4,576,0.178671,HIGH,DECLINED,0,0,<600,<50K
CS000900,2025-02-06 04:30:46,672,49528,28.73,6,12384,credit_card,MORTGAGE,0,0,0,37.95,4,657,0.044991,MEDIUM,APPROVED,0,0,600-700,<50K
CS000901,2025-01-20 06:28:06,701,93319,27.19,2,21878,debt_consolidation,OTHER,2,4,41,31.41,1,653,0.046583,HIGH,APPROVED,0,0,600-700,75-100K
CS000902,2025-02-26 15:40:28,719,110945,26.63,2,22918,debt_consolidation,MORTGAGE,0,0,0,55.91,1,694,0.02532,MEDIUM,APPROVED,0,0,600-700,100K+
CS000903,2025-06-21 22:58:47,611,58276,21.96,2,26044,other,RENT,0,0,0,70.89,0,653,0.044923,MEDIUM,APPROVED,0,0,600-700,50-75K
CS000904,2025-02-02 00:32:40,678,25446,34.98,0,90000,major_purchase,RENT,0,0,0,43.4,3,628,0.122811,HIGH,APPROVED,0,0,600-700,<50K
CS000905,2025-03-10 06:42:25,725,71878,22.05,1,15699,other,OTHER,0,0,0,43.45,1,699,0.01409,LOW,APPROVED,0,0,600-700,50-75K
CS000906,2025-05-20 12:36:55,651,94499,24.79,2,10657,major_purchase,RENT,0,0,0,14.64,0,657,0.033806,MEDIUM,APPROVED,0,0,600-700,75-100K
CS000907,2025-04-10 17:49:07,617,64529,16.56,1,25950,debt_consolidation,RENT,1,1,37,56.3,2,626,0.102915,HIGH,APPROVED,0,0,600-700,50-75K
CS000908,2025-02-16 15:28:21,650,53203,22.51,1,65535,debt_consolidation,MORTGAGE,1,2,13,39.95,1,580,0.246068,VERY_HIGH,DECLINED,0,0,<600,50-75K
CS000909,2025-05-02 13:27:29,778,38111,26.0,4,45644,major_purchase,OWN,0,0,0,55.84,1,700,0.014811,LOW,APPROVED,0,0,700-800,<50K
CS000910,2025-01-16 05:47:51,689,67997,22.02,10,19748,credit_card,MORTGAGE,1,4,55,60.21,2,628,0.050481,HIGH,APPROVED,0,0,600-700,50-75K
CS000911,2025-03-18 23:52:55,774,216059,20.05,0,20472,other,MORTGAGE,0,0,0,41.93,3,757,0.003881,LOW,APPROVED,0,0,700-800,100K+
CS000912,2025-05-14 02:07:06,671,84173,17.84,3,28811,credit_card,RENT,0,0,0,48.77,2,658,0.043129,MEDIUM,APPROVED,0,0,600-700,75-100K
CS000913,2025-05-15 16:28:18,754,54871,24.99,1,17460,home_improvement,OWN,0,0,0,96.19,1,697,0.017775,MEDIUM,APPROVED,0,0,600-700,50-75K
CS000914,2025-03-05 10:21:51,609,42297,21.19,2,35763,major_purchase,MORTGAGE,0,0,0,57.39,2,622,0.117936,HIGH,APPROVED,0,0,600-700,<50K
CS000915,2025-02-06 21:50:03,674,77593,15.39,1,9816,other,RENT,0,0,0,11.33,5,637,0.112148,HIGH,APPROVED,1,90,600-700,75-100K
CS000916,2025-02-10 16:02:22,693,34491,28.33,1,14323,major_purchase,RENT,1,3,17,69.41,0,612,0.133385,HIGH,APPROVED,0,0,600-700,<50K
CS000917,2025-06-17 11:58:14,785,50630,19.31,27,19423,major_purchase,MORTGAGE,0,0,0,13.34,1,758,0.003251,LOW,APPROVED,0,0,700-800,50-75K
CS000918,2025-06-11 15:48:55,714,57030,17.24,2,17295,other,RENT,0,0,0,29.76,3,697,0.021422,MEDIUM,APPROVED,0,0,600-700,50-75K
CS000919,2025-04-26 13:32:33,750,56538,22.53,8,40829,major_purchase,MORTGAGE,0,0,0,39.16,2,702,0.019345,MEDIUM,APPROVED,0,0,700-800,50-75K
CS000920,2025-02-15 12:56:26,665,76838,17.58,0,30688,home_improvement,MORTGAGE,0,0,0,56.98,1,653,0.054598,HIGH,APPROVED,0,0,600-700,75-100K
CS000921,2025-04-15 09:37:19,666,62514,31.56,9,26912,other,RENT,0,0,0,20.33,2,622,0.100819,HIGH,DECLINED,1,150,600-700,50-75K
CS000922,2025-02-11 21:01:44,758,37266,13.65,4,13331,major_purchase,RENT,2,4,25,21.32,1,707,0.011453,LOW,APPROVED,0,0,700-800,<50K
CS000923,2025-01-25 22:28:02,767,24891,18.47,2,32338,debt_consolidation,OTHER,0,0,0,61.8,4,657,0.039686,MEDIUM,DECLINED,0,0,600-700,<50K
CS000924,2025-04-08 06:29:56,756,67074,36.26,2,32834,other,OWN,1,8,51,27.11,4,652,0.043691,MEDIUM,APPROVED,0,0,600-700,50-75K
CS000925,2025-04-19 03:00:49,755,19149,29.68,3,10767,debt_consolidation,RENT,2,9,57,59.66,2,614,0.158389,HIGH,APPROVED,0,0,600-700,<50K
CS000926,2025-05-15 18:34:08,660,33723,35.46,13,41454,major_purchase,OWN,0,0,0,22.84,2,622,0.095249,HIGH,DECLINED,0,0,600-700,<50K
CS000927,2025-02-19 14:41:26,807,159121,35.47,13,13416,credit_card,RENT,2,8,27,20.2,2,698,0.018707,MEDIUM,APPROVED,0,0,600-700,100K+
CS000928,2025-03-22 18:24:55,698,45264,26.82,11,16775,home_improvement,MORTGAGE,0,0,0,72.81,0,656,0.038853,MEDIUM,DECLINED,0,60,600-700,<50K
CS000929,2025-05-13 21:27:04,759,120114,20.47,23,30796,home_improvement,RENT,0,0,0,32.48,0,774,0.002896,LOW,APPROVED,0,0,700-800,100K+
CS000930,2025-02-10 19:44:07,730,47258,21.5,16,11638,credit_card,MORTGAGE,0,0,0,48.89,1,713,0.010656,LOW,APPROVED,0,0,700-800,<50K
CS000931,2025-01-21 22:58:04,592,73745,43.31,8,7070,major_purchase,MORTGAGE,0,0,0,52.87,2,560,0.466825,VERY_HIGH,DECLINED,1,90,<600,50-75K
CS000932,2025-04-13 19:09:43,582,85762,25.86,7,34773,other,MORTGAGE,2,3,49,14.11,0,578,0.30909,VERY_HIGH,DECLINED,1,90,<600,75-100K
CS000933,2025-03-05 14:55:11,601,105365,34.46,1,48940,home_improvement,MORTGAGE,1,7,43,70.68,2,547,0.4881,VERY_HIGH,DECLINED,0,0,<600,100K+
CS000934,2025-03-31 13:05:45,686,55485,26.29,5,9186,other,RENT,0,0,0,57.22,2,671,0.027839,MEDIUM,APPROVED,0,0,600-700,50-75K
CS000935,2025-05-06 01:46:42,750,37575,31.77,16,63465,other,RENT,0,0,0,19.85,0,702,0.012841,LOW,APPROVED,0,0,700-800,<50K
CS000936,2025-05-11 05:34:33,675,62367,22.04,7,12498,debt_consolidation,MORTGAGE,0,0,0,77.78,1,653,0.046671,HIGH,APPROVED,0,0,600-700,50-75K
CS000937,2025-04-17 08:05:01,735,31727,36.18,17,39865,credit_card,MORTGAGE,2,8,50,70.44,1,582,0.246862,VERY_HIGH,DECLINED,0,0,<600,<50K
CS000938,2025-02-28 11:44:00,621,32121,20.9,9,21024,major_purchase,RENT,1,2,35,53.79,0,586,0.206361,VERY_HIGH,DECLINED,0,0,<600,<50K
CS000939,2025-04-13 11:53:06,654,98228,18.22,1,24520,credit_card,RENT,1,4,8,26.88,2,629,0.104595,HIGH,APPROVED,0,0,600-700,75-100K
CS000940,2025-04-13 11:48:26,639,42618,25.53,9,36558,debt_consolidation,RENT,1,4,29,33.52,0,633,0.096346,HIGH,APPROVED,1,90,600-700,<50K
CS000941,2025-05-14 18:26:02,690,108526,27.55,8,12280,debt_consolidation,MORTGAGE,1,3,33,47.81,3,639,0.067668,HIGH,APPROVED,0,0,600-700,100K+
CS000942,2025-06-23 06:30:57,625,105924,42.87,9,15122,home_improvement,MORTGAGE,1,6,39,36.31,2,563,0.467944,VERY_HIGH,DECLINED,0,0,<600,100K+
CS000943,2025-05-04 05:23:39,683,43685,12.27,4,6370,major_purchase,MORTGAGE,0,0,0,29.06,0,717,0.009996,LOW,APPROVED,0,0,700-800,<50K
CS000944,2025-02-04 12:22:37,721,51957,39.77,18,9808,major_purchase,MORTGAGE,0,0,0,100.0,0,655,0.033769,MEDIUM,APPROVED,0,30,600-700,50-75K
CS000945,2025-03-02 21:15:54,663,56904,29.12,10,9158,home_improvement,RENT,0,0,0,67.58,2,583,0.243406,VERY_HIGH,DECLINED,1,120,<600,50-75K
CS000946,2025-06-25 03:19:11,639,100679,28.5,0,71505,debt_consolidation,MORTGAGE,1,5,30,26.72,2,628,0.095974,HIGH,APPROVED,0,0,600-700,100K+
CS000947,2025-04-09 07:53:09,664,64348,28.55,10,10985,credit_card,MORTGAGE,1,7,27,53.15,1,612,0.127974,HIGH,APPROVED,0,0,600-700,50-75K
CS000948,2025-02-18 12:38:41,621,109658,26.67,1,26246,debt_consolidation,OWN,0,0,0,43.79,2,598,0.198215,VERY_HIGH,DECLINED,0,0,<600,100K+
CS000949,2025-05-10 22:21:09,632,64143,21.39,14,11588,credit_card,RENT,1,7,10,16.94,1,625,0.081206,HIGH,APPROVED,0,0,600-700,50-75K
CS000950,2025-05-21 17:28:48,733,108854,26.82,3,18965,debt_consolidation,RENT,1,4,40,6.24,5,669,0.032869,MEDIUM,APPROVED,0,0,600-700,100K+
CS000951,2025-02-08 01:57:09,707,60394,33.74,0,63100,home_improvement,OWN,0,0,0,71.33,2,645,0.06118,HIGH,APPROVED,0,0,600-700,50-75K
CS000952,2025-06-17 07:31:31,609,119895,12.14,10,33566,debt_consolidation,RENT,0,0,0,55.48,1,647,0.063395,HIGH,DECLINED,0,0,600-700,100K+
CS000953,2025-01-15 10:18:17,673,96726,16.51,7,28711,credit_card,MORTGAGE,1,1,33,60.84,2,655,0.042169,MEDIUM,DECLINED,1,120,600-700,75-100K
CS000954,2025-04-09 06:53:11,713,122314,15.23,8,24877,major_purchase,RENT,0,0,0,67.85,1,729,0.005999,LOW,APPROVED,0,0,700-800,100K+
CS000955,2025-03-03 15:52:05,733,104166,23.56,18,17755,credit_card,MORTGAGE,0,0,0,0.0,1,748,0.004266,LOW,APPROVED,0,0,700-800,100K+
CS000956,2025-01-17 00:37:45,724,31674,22.28,1,40141,credit_card,MORTGAGE,1,3,35,50.27,1,677,0.029875,MEDIUM,APPROVED,0,0,600-700,<50K
CS000957,2025-02-27 04:11:01,743,156304,24.21,14,7402,home_improvement,RENT,0,0,0,16.39,1,748,0.004043,LOW,APPROVED,0,0,700-800,100K+
CS000958,2025-01-25 18:19:35,686,71581,28.63,11,18429,home_improvement,MORTGAGE,0,0,0,20.41,0,680,0.024495,MEDIUM,APPROVED,0,0,600-700,50-75K
CS000959,2025-05-21 21:16:24,688,35323,37.03,2,15193,home_improvement,MORTGAGE,0,0,0,39.26,2,636,0.057679,HIGH,APPROVED,1,90,600-700,<50K
CS000960,2025-05-04 13:07:37,675,51477,42.98,1,25795,credit_card,RENT,0,0,0,27.96,1,634,0.114205,HIGH,DECLINED,0,0,600-700,50-75K
CS000961,2025-06-15 12:14:34,749,44283,24.4,0,30229,debt_consolidation,MORTGAGE,0,0,0,4.19,2,718,0.007317,LOW,APPROVED,0,30,700-800,<50K
CS000962,2025-05-04 20:43:54,736,89046,26.87,2,22615,other,MORTGAGE,1,4,31,67.56,3,685,0.043262,MEDIUM,DECLINED,0,0,600-700,75-100K
CS000963,2025-04-19 05:25:05,787,57019,28.85,8,12841,home_improvement,MORTGAGE,0,0,0,32.55,1,735,0.005892,LOW,APPROVED,0,0,700-800,50-75K
CS000964,2025-05-29 22:20:22,750,66925,41.2,7,3482,other,MORTGAGE,1,6,38,30.8,0,684,0.032426,MEDIUM,APPROVED,0,0,600-700,50-75K
CS000965,2025-06-02 15:38:42,644,102954,40.42,0,24147,credit_card,OTHER,0,0,0,36.8,0,628,0.084409,HIGH,APPROVED,0,0,600-700,100K+
CS000966,2025-01-27 19:53:17,607,33584,16.92,4,31641,major_purchase,OWN,1,4,15,60.34,4,578,0.302399,VERY_HIGH,DECLINED,1,120,<600,<50K
CS000967,2025-05-17 04:14:23,612,34164,29.17,8,27590,credit_card,OWN,0,0,0,64.43,0,576,0.299471,VERY_HIGH,APPROVED,0,0,<600,<50K
CS000968,2025-01-07 20:53:22,639,71892,14.5,17,11522,debt_consolidation,MORTGAGE,1,3,5,41.21,0,621,0.102694,HIGH,APPROVED,0,0,600-700,50-75K
CS000969,2025-04-20 12:56:55,722,33170,29.72,6,28790,debt_consolidation,RENT,1,4,8,37.64,0,669,0.024844,MEDIUM,DECLINED,0,30,600-700,<50K
CS000970,2025-06-21 10:51:33,611,95250,10.68,2,31034,debt_consolidation,RENT,0,0,0,88.44,0,631,0.078504,HIGH,APPROVED,0,0,600-700,75-100K
CS000971,2025-02-20 10:04:11,577,38496,19.77,0,34412,debt_consolidation,MORTGAGE,0,0,0,54.93,1,593,0.152611,HIGH,DECLINED,0,0,<600,<50K
CS000972,2025-04-24 20:47:28,678,41823,9.1,3,42772,other,RENT,0,0,0,68.12,1,705,0.019931,MEDIUM,APPROVED,0,0,700-800,<50K
CS000973,2025-01-01 13:42:31,733,91678,22.67,2,24725,debt_consolidation,MORTGAGE,0,0,0,24.31,2,724,0.006448,LOW,APPROVED,0,0,700-800,75-100K
CS000974,2025-01-19 11:32:48,731,129675,15.79,6,23793,major_purchase,MORTGAGE,0,0,0,41.9,2,776,0.003326,LOW,APPROVED,0,0,700-800,100K+
CS000975,2025-01-28 12:19:53,780,63131,28.53,2,4704,home_improvement,OWN,1,3,42,75.54,2,668,0.033604,MEDIUM,APPROVED,0,0,600-700,50-75K
CS000976,2025-06-16 07:34:34,686,52480,2.32,2,70007,major_purchase,RENT,1,3,55,64.98,2,670,0.021568,MEDIUM,APPROVED,0,0,600-700,50-75K
CS000977,2025-01-26 23:06:57,657,34153,32.61,4,18993,debt_consolidation,MORTGAGE,1,3,30,11.52,1,649,0.089413,HIGH,APPROVED,0,0,600-700,<50K
CS000978,2025-02-17 20:57:46,671,54404,26.28,7,25807,debt_consolidation,MORTGAGE,2,4,4,65.2,1,653,0.066441,HIGH,APPROVED,0,0,600-700,50-75K
CS000979,2025-02-07 12:48:44,614,51850,33.56,7,25901,major_purchase,MORTGAGE,1,9,22,41.83,1,554,0.398952,VERY_HIGH,DECLINED,0,0,<600,50-75K
CS000980,2025-01-14 08:30:35,650,38470,22.85,3,15652,debt_consolidation,MORTGAGE,0,0,0,27.8,1,668,0.030256,MEDIUM,APPROVED,0,30,600-700,<50K
CS000981,2025-03-17 00:54:32,758,50842,9.27,3,34246,other,OWN,0,0,0,60.08,0,738,0.004958,LOW,APPROVED,0,30,700-800,50-75K
CS000982,2025-03-10 09:04:54,803,93124,23.42,3,30605,credit_card,RENT,2,3,10,0.0,3,775,0.002896,LOW,APPROVED,0,0,700-800,75-100K
CS000983,2025-03-16 09:16:59,757,66398,34.97,1,21058,credit_card,OWN,2,5,9,66.17,1,632,0.062268,HIGH,APPROVED,0,0,600-700,50-75K
CS000984,2025-02-27 09:56:30,704,20119,29.48,9,38993,debt_consolidation,MORTGAGE,0,0,0,46.64,2,624,0.091675,HIGH,APPROVED,0,0,600-700,<50K
CS000985,2025-05-22 15:00:14,674,130993,40.66,5,31403,credit_card,OWN,0,0,0,69.91,2,611,0.177052,HIGH,APPROVED,1,150,600-700,100K+
CS000986,2025-05-08 00:17:54,701,103578,21.14,0,8288,debt_consolidation,OWN,0,0,0,44.17,1,716,0.016967,MEDIUM,APPROVED,0,0,700-800,100K+
CS000987,2025-06-22 20:51:34,583,35844,10.9,3,10693,debt_consolidation,MORTGAGE,0,0,0,45.86,2,593,0.181465,HIGH,DECLINED,0,0,<600,<50K
CS000988,2025-03-14 12:19:11,719,109528,8.95,0,58886,debt_consolidation,MORTGAGE,1,7,36,30.31,0,712,0.009866,LOW,APPROVED,0,0,700-800,100K+
CS000989,2025-02-13 09:24:57,730,36927,18.88,6,31423,debt_consolidation,RENT,0,0,0,32.8,1,676,0.023522,MEDIUM,APPROVED,0,0,600-700,<50K
CS000990,2025-05-29 07:35:06,679,81031,20.49,9,62342,credit_card,RENT,1,2,17,43.47,4,647,0.073546,HIGH,DECLINED,0,0,600-700,75-100K
CS000991,2025-02-10 20:13:35,688,67835,27.12,1,25299,credit_card,MORTGAGE,0,0,0,31.18,4,651,0.044127,MEDIUM,APPROVED,0,0,600-700,50-75K
CS000992,2025-04-08 01:56:59,593,41198,28.5,4,11985,debt_consolidation,RENT,0,0,0,48.55,2,547,0.450342,VERY_HIGH,DECLINED,0,60,<600,<50K
CS000993,2025-05-22 12:25:26,730,74197,16.11,8,14858,other,MORTGAGE,0,0,0,0.0,0,766,0.003119,LOW,APPROVED,0,0,700-800,50-75K
CS000994,2025-03-19 11:38:02,730,67501,27.36,6,10330,credit_card,OWN,0,0,0,65.67,0,728,0.008948,LOW,APPROVED,0,0,700-800,50-75K
CS000995,2025-01-03 17:40:09,534,69230,31.03,1,28133,home_improvement,RENT,0,0,0,50.18,1,511,0.736619,VERY_HIGH,DECLINED,1,60,<600,50-75K
CS000996,2025-03-27 10:05:19,654,35672,27.77,3,17746,credit_card,MORTGAGE,0,0,0,31.14,1,638,0.061121,HIGH,APPROVED,0,0,600-700,<50K
CS000997,2025-05-23 18:50:45,706,89079,30.43,2,35681,home_improvement,RENT,2,2,1,54.97,0,614,0.133377,HIGH,APPROVED,0,0,600-700,75-100K
CS000998,2025-05-01 05:37:35,779,56888,18.79,4,24895,major_purchase,MORTGAGE,2,4,53,23.28,2,738,0.006402,LOW,APPROVED,0,0,700-800,50-75K
CS000999,2025-01-02 01:18:51,639,117077,27.52,3,24784,debt_consolidation,RENT,0,0,0,66.82,1,650,0.067947,HIGH,APPROVED,1,60,600-700,100K+
CS001000,2025-03-29 19:45:40,684,93053,20.11,4,7329,credit_card,RENT,0,0,0,42.98,0,696,0.025003,MEDIUM,APPROVED,0,0,600-700,75-100K
CS001001,2025-05-05 11:13:38,768,86546,26.22,7,10550,major_purchase,RENT,0,0,0,43.87,3,731,0.008969,LOW,APPROVED,0,0,700-800,75-100K
CS001002,2025-05-12 08:35:29,713,39314,28.13,3,32520,credit_card,RENT,0,0,0,66.07,0,701,0.012619,LOW,APPROVED,0,0,700-800,<50K
CS001003,2025-04-29 08:16:01,675,154754,14.47,34,45416,other,RENT,0,0,0,54.53,0,712,0.012103,LOW,APPROVED,0,0,700-800,100K+
CS001004,2025-01-29 15:21:32,662,75106,11.0,5,16293,debt_consolidation,RENT,0,0,0,8.72,1,716,0.007727,LOW,APPROVED,0,0,700-800,75-100K
CS001005,2025-03-06 00:35:33,689,63228,32.46,3,74214,other,RENT,2,3,20,68.51,1,638,0.103649,HIGH,APPROVED,1,90,600-700,50-75K
CS001006,2025-05-11 08:47:32,643,49547,35.0,1,6953,other,OWN,0,0,0,35.4,3,636,0.074601,HIGH,APPROVED,1,150,600-700,<50K
CS001007,2025-01-11 01:54:01,743,63118,35.2,1,26722,major_purchase,MORTGAGE,0,0,0,27.89,0,688,0.02031,MEDIUM,APPROVED,0,0,600-700,50-75K
CS001008,2025-04-11 06:38:48,639,104382,19.25,6,6501,credit_card,RENT,0,0,0,39.88,1,658,0.049594,HIGH,APPROVED,0,0,600-700,100K+
CS001009,2025-03-17 13:19:07,719,25678,27.68,11,20760,credit_card,MORTGAGE,1,6,43,81.47,1,633,0.073611,HIGH,APPROVED,1,60,600-700,<50K
CS001010,2025-06-12 11:58:04,739,78946,17.35,0,40954,credit_card,MORTGAGE,3,6,9,37.44,3,635,0.095643,HIGH,APPROVED,1,120,600-700,75-100K
CS001011,2025-04-07 18:55:07,755,36407,31.83,26,21459,other,MORTGAGE,2,8,17,46.12,1,707,0.015835,LOW,APPROVED,0,0,700-800,<50K
CS001012,2025-06-09 20:05:40,695,42619,24.33,1,18644,home_improvement,MORTGAGE,1,1,32,63.66,3,666,0.039401,MEDIUM,APPROVED,0,0,600-700,<50K
CS001013,2025-04-30 02:14:20,691,78304,35.74,8,7590,other,MORTGAGE,0,0,0,10.65,2,687,0.021878,MEDIUM,APPROVED,0,0,600-700,75-100K
CS001014,2025-01-13 01:57:40,709,80829,29.86,6,11126,debt_consolidation,MORTGAGE,1,8,27,63.58,3,642,0.029918,MEDIUM,APPROVED,0,0,600-700,75-100K
CS001015,2025-04-20 19:54:50,696,57141,25.74,5,14299,credit_card,RENT,0,0,0,66.37,4,648,0.052774,HIGH,APPROVED,0,0,600-700,50-75K
CS001016,2025-05-10 12:08:57,752,74360,27.43,3,8874,home_improvement,RENT,0,0,0,91.38,3,692,0.02176,MEDIUM,APPROVED,1,90,600-700,50-75K
CS001017,2025-05-28 15:25:01,686,124935,21.77,6,8374,major_purchase,RENT,0,0,0,59.18,0,674,0.032872,MEDIUM,APPROVED,0,0,600-700,100K+
CS001018,2025-01-04 19:05:17,798,67444,17.3,12,39317,home_improvement,OWN,0,0,0,15.95,1,775,0.00087,LOW,APPROVED,0,0,700-800,50-75K
CS001019,2025-01-26 13:47:36,847,39469,23.22,18,6602,major_purchase,MORTGAGE,3,6,31,27.97,2,740,0.006507,LOW,APPROVED,0,0,700-800,<50K
CS001020,2025-01-06 04:17:07,657,55215,22.87,4,19261,home_improvement,MORTGAGE,2,3,55,15.78,2,640,0.088197,HIGH,APPROVED,0,0,600-700,50-75K
CS001021,2025-04-07 12:21:34,715,54402,36.57,8,33280,major_purchase,RENT,1,5,30,57.55,1,615,0.108407,HIGH,DECLINED,0,60,600-700,50-75K
CS001022,2025-06-24 19:35:25,628,120732,18.95,2,33500,debt_consolidation,OTHER,0,0,0,66.84,0,620,0.090907,HIGH,APPROVED,0,0,600-700,100K+
CS001023,2025-06-15 16:18:56,734,54214,17.3,9,35046,major_purchase,RENT,0,0,0,16.54,0,760,0.003278,LOW,APPROVED,0,0,700-800,50-75K
CS001024,2025-03-23 07:32:28,715,30037,20.81,2,25115,credit_card,MORTGAGE,1,8,58,55.74,1,680,0.019747,MEDIUM,APPROVED,0,0,600-700,<50K
CS001025,2025-04-11 23:04:34,680,35070,34.68,15,26902,debt_consolidation,RENT,0,0,0,42.04,2,624,0.079777,HIGH,APPROVED,1,90,600-700,<50K
CS001026,2025-06-07 21:56:48,634,109804,11.94,36,10543,credit_card,MORTGAGE,0,0,0,25.96,2,669,0.023574,MEDIUM,APPROVED,0,0,600-700,100K+
CS001027,2025-05-02 13:27:48,693,79743,19.12,14,29931,home_improvement,RENT,1,3,9,53.2,2,674,0.040095,MEDIUM,APPROVED,0,0,600-700,75-100K
CS001028,2025-03-18 00:48:26,803,38443,11.81,10,19640,other,MORTGAGE,0,0,0,29.14,0,790,0.00145,LOW,APPROVED,0,0,700-800,<50K
CS001029,2025-06-14 06:20:35,780,33660,24.97,3,24170,credit_card,RENT,0,0,0,57.72,4,691,0.015985,LOW,APPROVED,0,0,600-700,<50K
CS001030,2025-06-19 09:56:36,713,89658,42.09,2,10802,home_improvement,MORTGAGE,0,0,0,42.86,2,626,0.072743,HIGH,APPROVED,0,60,600-700,75-100K
CS001031,2025-01-12 06:39:32,658,35887,10.58,8,24859,major_purchase,OWN,0,0,0,58.96,0,647,0.066845,HIGH,DECLINED,0,0,600-700,<50K
CS001032,2025-03-17 22:08:55,690,56875,26.55,11,10027,debt_consolidation,MORTGAGE,0,0,0,23.04,2,651,0.046462,HIGH,APPROVED,0,0,600-700,50-75K
CS001033,2025-05-08 10:53:09,647,89906,33.95,10,17097,home_improvement,RENT,0,0,0,54.38,0,608,0.135586,HIGH,APPROVED,0,0,600-700,75-100K
CS001034,2025-06-17 11:49:54,617,83967,34.23,4,20042,home_improvement,MORTGAGE,2,3,4,31.13,1,516,0.64789,VERY_HIGH,DECLINED,1,90,<600,75-100K
CS001035,2025-06-05 22:11:05,638,40996,17.67,1,19346,debt_consolidation,RENT,0,0,0,54.6,0,604,0.145774,HIGH,APPROVED,0,0,600-700,<50K
CS001036,2025-01-07 01:42:57,725,79607,18.19,1,27821,major_purchase,RENT,1,3,34,57.18,1,704,0.015006,LOW,APPROVED,0,0,700-800,75-100K
CS001037,2025-01-08 11:16:38,708,30443,32.42,8,27148,home_improvement,MORTGAGE,1,5,34,4.38,0,665,0.047725,HIGH,APPROVED,0,0,600-700,<50K
CS001038,2025-04-15 06:45:11,701,69280,25.64,3,24243,debt_consolidation,MORTGAGE,1,3,14,60.07,2,648,0.040491,MEDIUM,APPROVED,0,0,600-700,50-75K
CS001039,2025-05-11 23:12:26,630,47523,19.94,6,23711,major_purchase,MORTGAGE,0,0,0,26.75,0,648,0.044157,MEDIUM,APPROVED,0,0,600-700,<50K
CS001040,2025-03-31 19:57:25,613,26379,29.56,3,3931,other,RENT,2,3,5,52.98,3,545,0.498336,VERY_HIGH,DECLINED,0,0,<600,<50K
CS001041,2025-04-29 04:47:32,746,108671,32.76,0,24228,major_purchase,MORTGAGE,1,5,40,31.89,1,668,0.027416,MEDIUM,APPROVED,0,0,600-700,100K+
CS001042,2025-05-02 09:11:52,670,55812,14.03,3,19019,debt_consolidation,MORTGAGE,2,4,54,48.05,0,686,0.021233,MEDIUM,APPROVED,0,0,600-700,50-75K
CS001043,2025-05-05 22:04:53,756,74929,20.22,3,22296,home_improvement,RENT,0,0,0,33.96,0,774,0.00319,LOW,APPROVED,0,30,700-800,50-75K
CS001044,2025-01-15 21:05:59,649,50150,32.38,5,18832,home_improvement,MORTGAGE,1,5,53,40.89,1,614,0.145446,HIGH,APPROVED,1,90,600-700,50-75K
CS001045,2025-04-28 09:38:30,744,219772,18.31,33,15357,home_improvement,MORTGAGE,1,6,47,65.49,0,731,0.009056,LOW,APPROVED,0,0,700-800,100K+
CS001046,2025-01-26 20:47:03,704,124342,31.33,7,12018,credit_card,MORTGAGE,3,7,46,54.46,1,663,0.052631,HIGH,APPROVED,1,150,600-700,100K+
CS001047,2025-06-06 14:00:57,666,56221,11.06,2,8767,major_purchase,RENT,0,0,0,38.42,1,670,0.043051,MEDIUM,APPROVED,0,30,600-700,50-75K
CS001048,2025-04-03 04:30:57,666,151896,20.08,19,33690,home_improvement,MORTGAGE,0,0,0,53.52,0,671,0.034996,MEDIUM,APPROVED,0,0,600-700,100K+
CS001049,2025-04-22 02:00:39,796,94266,23.53,1,11952,home_improvement,MORTGAGE,0,0,0,46.92,1,779,0.002945,LOW,APPROVED,0,0,700-800,75-100K
CS001050,2025-01-23 03:34:58,742,129985,31.19,8,41104,debt_consolidation,RENT,0,0,0,32.15,0,742,0.004461,LOW,APPROVED,0,0,700-800,100K+
CS001051,2025-04-09 09:34:54,676,24997,23.59,1,16662,home_improvement,RENT,0,0,0,65.57,4,602,0.149585,HIGH,APPROVED,1,90,600-700,<50K
CS001052,2025-01-13 01:03:09,699,71201,34.08,12,27850,major_purchase,RENT,3,6,26,6.17,2,655,0.057052,HIGH,DECLINED,0,0,600-700,50-75K
CS001053,2025-06-26 10:56:19,604,38306,20.57,1,22280,debt_consolidation,RENT,0,0,0,30.26,0,588,0.194088,VERY_HIGH,APPROVED,0,30,<600,<50K
CS001054,2025-03-13 05:46:38,785,58374,39.94,9,29277,credit_card,OTHER,3,2,14,29.6,0,694,0.018765,MEDIUM,APPROVED,0,0,600-700,50-75K
CS001055,2025-05-03 16:40:06,767,52785,43.88,2,21764,credit_card,RENT,0,0,0,39.97,2,677,0.02453,MEDIUM,APPROVED,0,0,600-700,50-75K
CS001056,2025-03-11 15:10:48,668,70175,27.35,12,31849,home_improvement,RENT,0,0,0,30.98,0,706,0.017597,MEDIUM,APPROVED,0,0,700-800,50-75K
CS001057,2025-03-12 23:56:00,715,25078,13.23,1,8644,home_improvement,MORTGAGE,1,2,4,27.95,2,681,0.029503,MEDIUM,DECLINED,0,30,600-700,<50K
CS001058,2025-02-19 21:00:50,537,52544,22.91,4,7179,credit_card,RENT,0,0,0,45.81,1,572,0.377568,VERY_HIGH,DECLINED,1,150,<600,50-75K
CS001059,2025-03-21 01:38:36,744,32245,21.58,3,90000,other,RENT,1,0,20,23.24,1,724,0.0074,LOW,APPROVED,0,0,700-800,<50K
CS001060,2025-03-04 10:18:31,716,99040,23.15,20,19671,home_improvement,MORTGAGE,1,3,56,53.8,0,665,0.024226,MEDIUM,APPROVED,0,0,600-700,75-100K
CS001061,2025-04-17 20:05:52,705,69907,23.82,6,22020,credit_card,MORTGAGE,1,9,57,68.84,0,692,0.025691,MEDIUM,APPROVED,1,150,600-700,50-75K
CS001062,2025-02-01 16:33:44,736,82044,40.84,3,44214,debt_consolidation,MORTGAGE,1,3,55,55.06,3,654,0.073679,HIGH,APPROVED,0,0,600-700,75-100K
CS001063,2025-01-29 04:24:49,706,97376,46.09,1,10249,debt_consolidation,OTHER,0,0,0,30.6,0,666,0.029963,MEDIUM,APPROVED,0,0,600-700,75-100K
CS001064,2025-02-04 09:19:24,636,87100,27.29,11,7702,major_purchase,MORTGAGE,1,6,41,36.99,1,590,0.174505,HIGH,DECLINED,0,0,<600,75-100K
CS001065,2025-06-28 16:09:57,651,46519,30.72,1,13977,other,MORTGAGE,1,6,11,63.95,2,549,0.340844,VERY_HIGH,DECLINED,0,0,<600,<50K
CS001066,2025-04-03 08:51:08,679,63975,31.76,7,20910,debt_consolidation,RENT,0,0,0,35.64,2,706,0.0178,MEDIUM,APPROVED,0,0,700-800,50-75K
CS001067,2025-04-06 13:12:45,739,26507,22.28,7,14927,credit_card,OWN,0,0,0,2.1,0,711,0.008404,LOW,APPROVED,0,0,700-800,<50K
CS001068,2025-01-25 23:46:33,690,50146,19.28,1,14758,credit_card,MORTGAGE,2,3,48,15.82,0,658,0.047306,HIGH,APPROVED,0,0,600-700,50-75K
CS001069,2025-01-12 00:28:12,651,51825,13.16,1,25247,home_improvement,MORTGAGE,2,5,51,54.79,0,626,0.104272,HIGH,APPROVED,0,0,600-700,50-75K
CS001070,2025-03-15 09:47:39,708,55039,10.52,14,11419,credit_card,RENT,0,0,0,69.21,0,695,0.015084,LOW,APPROVED,0,0,600-700,50-75K
CS001071,2025-05-23 05:21:03,620,71453,18.23,10,13874,debt_consolidation,OWN,1,5,14,58.42,1,580,0.256324,VERY_HIGH,DECLINED,1,60,<600,50-75K
CS001072,2025-04-27 20:09:21,803,61590,26.29,9,18769,major_purchase,RENT,0,0,0,10.44,1,781,0.001648,LOW,APPROVED,0,0,700-800,50-75K
CS001073,2025-01-27 11:59:27,705,135141,17.66,6,5840,debt_consolidation,RENT,0,0,0,23.6,2,714,0.013057,LOW,APPROVED,0,0,700-800,100K+
CS001074,2025-02-06 06:41:42,634,95649,22.07,10,38991,credit_card,MORTGAGE,1,4,10,66.8,2,610,0.190954,VERY_HIGH,APPROVED,0,0,600-700,75-100K
CS001075,2025-05-07 22:26:32,697,64129,20.55,3,11574,home_improvement,MORTGAGE,0,0,0,46.01,2,680,0.035441,MEDIUM,APPROVED,0,0,600-700,50-75K
CS001076,2025-01-27 17:22:01,748,54950,18.74,0,29872,debt_consolidation,MORTGAGE,0,0,0,60.01,1,685,0.015514,LOW,APPROVED,0,0,600-700,50-75K
CS001077,2025-06-03 02:31:08,718,49368,15.77,18,55515,home_improvement,MORTGAGE,0,0,0,63.59,0,699,0.0113,LOW,APPROVED,0,0,600-700,<50K
CS001078,2025-02-21 07:02:41,801,107945,27.95,2,13018,home_improvement,RENT,0,0,0,64.26,0,740,0.004713,LOW,APPROVED,0,0,700-800,100K+
CS001079,2025-02-20 17:16:17,610,44503,14.16,0,21260,home_improvement,OWN,1,4,7,14.79,0,598,0.201381,VERY_HIGH,APPROVED,0,0,<600,<50K
CS001080,2025-06-02 21:49:31,776,94781,37.12,21,15412,other,OTHER,1,5,43,19.93,0,731,0.008259,LOW,APPROVED,0,0,700-800,75-100K
CS001081,2025-03-31 01:24:07,687,38255,15.63,7,12711,debt_consolidation,RENT,1,7,54,47.16,1,633,0.048706,HIGH,APPROVED,0,0,600-700,<50K
CS001082,2025-04-25 01:12:06,737,60222,24.36,4,4464,debt_consolidation,OTHER,0,0,0,56.25,1,737,0.005932,LOW,APPROVED,0,0,700-800,50-75K
CS001083,2025-01-20 04:34:13,783,35291,15.51,5,22321,credit_card,MORTGAGE,0,0,0,5.83,1,788,0.001914,LOW,APPROVED,0,30,700-800,<50K
CS001084,2025-05-08 01:41:38,622,76990,17.45,5,12036,home_improvement,RENT,1,1,11,19.66,2,592,0.208429,VERY_HIGH,DECLINED,0,30,<600,75-100K
CS001085,2025-01-05 17:22:29,610,68914,20.44,18,21777,credit_card,MORTGAGE,1,7,1,50.47,2,624,0.099846,HIGH,APPROVED,1,90,600-700,50-75K
CS001086,2025-03-21 09:06:54,667,50168,26.53,13,12545,home_improvement,OWN,0,0,0,57.87,0,628,0.059327,HIGH,DECLINED,0,0,600-700,50-75K
CS001087,2025-03-24 21:31:04,596,30528,27.21,5,12335,major_purchase,RENT,0,0,0,15.18,0,597,0.252303,VERY_HIGH,DECLINED,0,0,<600,<50K
CS001088,2025-01-25 16:11:44,577,18346,14.01,2,11590,major_purchase,RENT,0,0,0,35.35,0,622,0.119318,HIGH,APPROVED,0,0,600-700,<50K
CS001089,2025-02-14 10:56:28,693,48471,5.65,8,82582,credit_card,MORTGAGE,1,8,17,62.53,1,679,0.023983,MEDIUM,APPROVED,0,0,600-700,<50K
CS001090,2025-05-31 07:10:16,753,97901,29.01,5,54144,home_improvement,RENT,0,0,0,0.0,2,721,0.007696,LOW,APPROVED,0,60,700-800,75-100K
CS001091,2025-05-14 17:35:10,662,40228,17.71,10,90000,major_purchase,OWN,2,4,18,62.4,1,617,0.144134,HIGH,DECLINED,1,90,600-700,<50K
CS001092,2025-03-22 15:06:43,716,68712,16.25,1,44953,other,RENT,0,0,0,52.34,0,705,0.018434,MEDIUM,APPROVED,0,0,700-800,50-75K
CS001093,2025-01-15 23:10:20,850,40520,22.3,6,33638,other,MORTGAGE,1,3,27,43.92,3,725,0.007525,LOW,APPROVED,0,0,700-800,<50K
CS001094,2025-05-28 18:42:19,707,81743,23.21,5,50346,home_improvement,RENT,1,4,51,5.63,1,663,0.027748,MEDIUM,APPROVED,0,0,600-700,75-100K
CS001095,2025-05-07 02:10:52,672,40699,33.43,1,47514,home_improvement,RENT,0,0,0,50.27,0,637,0.08477,HIGH,APPROVED,0,30,600-700,<50K
CS001096,2025-01-13 02:53:31,680,109317,23.07,3,22194,other,MORTGAGE,1,5,4,67.38,0,674,0.024912,MEDIUM,APPROVED,0,30,600-700,100K+
CS001097,2025-01-02 22:40:03,712,41016,29.17,2,30909,other,MORTGAGE,0,0,0,48.81,0,688,0.020305,MEDIUM,APPROVED,0,0,600-700,<50K
CS001098,2025-05-18 10:05:39,673,54148,30.4,39,15389,credit_card,OTHER,0,0,0,19.73,0,676,0.026443,MEDIUM,APPROVED,0,0,600-700,50-75K
CS001099,2025-04-28 21:04:48,727,133424,31.14,18,23582,other,OWN,0,0,0,35.31,2,698,0.012026,LOW,APPROVED,0,0,600-700,100K+
CS001100,2025-05-14 05:56:17,701,70709,19.71,4,24267,credit_card,MORTGAGE,1,4,6,37.54,0,708,0.01724,MEDIUM,APPROVED,0,0,700-800,50-75K
CS001101,2025-03-21 14:34:03,740,65160,35.05,15,22324,debt_consolidation,RENT,0,0,0,63.4,2,670,0.023843,MEDIUM,APPROVED,0,0,600-700,50-75K
CS001102,2025-05-28 09:43:34,697,58823,27.38,1,36707,debt_consolidation,RENT,1,5,59,52.1,3,671,0.045622,HIGH,APPROVED,0,0,600-700,50-75K
CS001103,2025-01-28 05:34:43,684,75495,26.76,1,12981,debt_consolidation,RENT,1,6,48,53.21,0,624,0.083625,HIGH,APPROVED,0,0,600-700,75-100K
CS001104,2025-05-15 11:47:48,637,40167,32.13,1,14919,debt_consolidation,RENT,0,0,0,43.81,2,575,0.282213,VERY_HIGH,DECLINED,0,0,<600,<50K
CS001105,2025-01-15 12:11:52,612,37932,19.65,3,15567,credit_card,MORTGAGE,2,3,26,67.92,2,569,0.323906,VERY_HIGH,DECLINED,0,30,<600,<50K
CS001106,2025-01-10 02:03:23,673,122425,5.48,3,27944,credit_card,MORTGAGE,1,4,36,48.05,1,674,0.03367,MEDIUM,APPROVED,0,0,600-700,100K+
CS001107,2025-01-14 00:43:44,667,62953,15.03,2,17332,home_improvement,RENT,0,0,0,37.24,2,690,0.015492,LOW,DECLINED,0,0,600-700,50-75K
CS001108,2025-05-25 03:20:06,704,69283,33.66,11,68465,major_purchase,RENT,0,0,0,48.7,1,729,0.011568,LOW,APPROVED,0,0,700-800,50-75K
CS001109,2025-05-16 17:25:00,685,62509,27.07,0,23305,major_purchase,MORTGAGE,2,1,44,38.25,1,601,0.167036,HIGH,DECLINED,1,90,600-700,50-75K
CS001110,2025-03-21 23:33:44,667,66525,38.31,0,47587,home_improvement,RENT,0,0,0,1.92,0,689,0.031717,MEDIUM,APPROVED,0,0,600-700,50-75K
CS001111,2025-02-27 15:11:49,814,107176,20.65,21,33135,home_improvement,RENT,0,0,0,41.9,2,800,0.001447,LOW,APPROVED,0,0,800+,100K+
CS001112,2025-03-23 16:34:09,707,69223,24.78,11,51606,credit_card,MORTGAGE,0,0,0,45.7,2,675,0.029565,MEDIUM,APPROVED,0,0,600-700,50-75K
CS001113,2025-03-21 15:49:26,756,60184,14.6,0,5671,major_purchase,RENT,0,0,0,58.41,1,740,0.004632,LOW,APPROVED,0,0,700-800,50-75K
CS001114,2025-02-08 00:29:17,632,47959,20.26,4,21456,debt_consolidation,MORTGAGE,0,0,0,84.76,1,636,0.087603,HIGH,APPROVED,1,60,600-700,<50K
CS001115,2025-03-13 08:28:59,745,68857,40.21,1,15924,major_purchase,RENT,2,6,1,67.89,1,617,0.137892,HIGH,APPROVED,0,0,600-700,50-75K
CS001116,2025-01-05 17:38:02,754,105741,26.66,7,21046,home_improvement,MORTGAGE,0,0,0,32.66,2,738,0.004857,LOW,APPROVED,0,0,700-800,100K+
CS001117,2025-01-05 08:54:07,714,50239,12.67,20,27620,major_purchase,MORTGAGE,0,0,0,38.65,0,696,0.017187,MEDIUM,APPROVED,0,0,600-700,50-75K
CS001118,2025-04-03 00:23:51,640,52656,29.4,10,18961,other,OWN,0,0,0,48.93,1,617,0.144828,HIGH,APPROVED,0,0,600-700,50-75K
CS001119,2025-01-01 11:43:42,758,109189,31.1,2,9112,home_improvement,MORTGAGE,0,0,0,94.44,2,685,0.030396,MEDIUM,APPROVED,1,120,600-700,100K+
CS001120,2025-04-24 14:47:41,649,70833,21.32,6,27261,credit_card,RENT,0,0,0,34.42,1,679,0.026624,MEDIUM,APPROVED,0,0,600-700,50-75K
CS001121,2025-03-29 19:07:38,603,105068,20.34,2,8376,other,RENT,1,5,59,36.07,0,611,0.136011,HIGH,APPROVED,0,0,600-700,100K+
CS001122,2025-03-28 22:53:11,599,40265,27.62,4,42978,major_purchase,RENT,3,2,12,35.24,0,528,0.542186,VERY_HIGH,DECLINED,0,0,<600,<50K
CS001123,2025-03-27 02:10:16,692,46086,30.89,1,14712,home_improvement,MORTGAGE,1,3,40,25.46,1,658,0.033871,MEDIUM,APPROVED,0,0,600-700,<50K
CS001124,2025-05-13 01:08:20,662,40351,29.85,0,29820,major_purchase,MORTGAGE,0,0,0,56.86,1,644,0.082019,HIGH,APPROVED,0,0,600-700,<50K
CS001125,2025-03-11 20:57:52,733,77681,20.51,1,40564,credit_card,RENT,0,0,0,1.13,0,766,0.003008,LOW,APPROVED,0,0,700-800,75-100K
CS001126,2025-06-10 08:58:11,726,32639,17.46,11,25482,credit_card,MORTGAGE,2,6,11,48.49,1,659,0.041806,MEDIUM,DECLINED,0,0,600-700,<50K
CS001127,2025-03-17 12:23:20,765,82046,16.0,4,17291,major_purchase,MORTGAGE,0,0,0,33.41,0,748,0.006112,LOW,APPROVED,0,30,700-800,75-100K
CS001128,2025-06-25 13:23:10,708,63438,33.57,1,25040,credit_card,MORTGAGE,0,0,0,16.93,3,644,0.079275,HIGH,APPROVED,0,0,600-700,50-75K
CS001129,2025-03-29 00:49:54,695,80827,23.41,4,16655,major_purchase,OWN,2,3,32,62.93,0,632,0.057745,HIGH,APPROVED,0,0,600-700,75-100K
CS001130,2025-06-17 21:19:26,689,93908,21.09,2,19880,home_improvement,RENT,0,0,0,57.28,4,576,0.184864,HIGH,APPROVED,0,0,<600,75-100K
CS001131,2025-02-10 16:18:18,645,100378,30.52,9,10625,debt_consolidation,MORTGAGE,0,0,0,63.25,1,618,0.12367,HIGH,APPROVED,0,0,600-700,100K+
CS001132,2025-06-12 13:53:48,643,22712,37.91,6,11461,home_improvement,MORTGAGE,1,6,6,85.66,0,514,0.640032,VERY_HIGH,DECLINED,1,90,<600,<50K
CS001133,2025-06-19 00:32:15,648,86000,36.33,12,7066,credit_card,MORTGAGE,0,0,0,31.2,0,659,0.05629,HIGH,APPROVED,0,0,600-700,75-100K
CS001134,2025-06-08 06:26:05,702,107561,25.25,9,16448,home_improvement,MORTGAGE,0,0,0,35.82,4,641,0.051803,HIGH,DECLINED,0,0,600-700,100K+
CS001135,2025-04-04 09:25:30,642,54699,17.89,3,20783,home_improvement,RENT,0,0,0,84.47,1,606,0.1784,HIGH,APPROVED,0,0,600-700,50-75K
CS001136,2025-04-05 04:31:00,684,89072,15.56,6,14308,credit_card,OWN,0,0,0,73.6,0,704,0.015967,LOW,APPROVED,0,0,700-800,75-100K
CS001137,2025-05-24 21:08:15,748,87274,33.15,8,10243,debt_consolidation,RENT,0,0,0,25.01,0,744,0.003683,LOW,APPROVED,0,0,700-800,75-100K
CS001138,2025-06-02 04:36:29,556,91774,16.98,11,38310,debt_consolidation,MORTGAGE,0,0,0,68.98,0,584,0.368465,VERY_HIGH,DECLINED,1,90,<600,75-100K
CS001139,2025-06-12 00:19:43,640,40537,27.89,3,25590,debt_consolidation,MORTGAGE,1,5,3,52.06,1,561,0.332746,VERY_HIGH,DECLINED,0,0,<600,<50K
CS001140,2025-04-08 14:48:24,633,119014,30.87,18,48879,credit_card,RENT,1,5,33,57.68,0,577,0.28802,VERY_HIGH,DECLINED,0,0,<600,100K+
CS001141,2025-03-01 16:22:52,687,36829,36.67,7,74001,other,MORTGAGE,0,0,0,38.32,3,589,0.205619,VERY_HIGH,DECLINED,0,0,<600,<50K
CS001142,2025-02-14 08:49:36,605,84425,24.0,7,5220,home_improvement,MORTGAGE,0,0,0,57.87,3,605,0.146858,HIGH,DECLINED,0,0,600-700,75-100K
CS001143,2025-05-10 06:14:47,651,89910,30.73,15,20786,credit_card,MORTGAGE,0,0,0,22.92,1,655,0.038724,MEDIUM,APPROVED,0,0,600-700,75-100K
CS001144,2025-01-25 03:03:31,814,87375,16.33,1,31582,other,RENT,0,0,0,72.37,0,784,0.001423,LOW,APPROVED,0,0,700-800,75-100K
CS001145,2025-03-17 19:57:16,612,82516,17.53,2,18709,credit_card,OWN,0,0,0,76.12,1,616,0.138112,HIGH,APPROVED,0,0,600-700,75-100K
CS001146,2025-02-11 23:36:09,682,135055,41.8,5,14977,home_improvement,RENT,2,2,43,21.61,3,620,0.076593,HIGH,DECLINED,0,0,600-700,100K+
CS001147,2025-05-27 15:36:26,699,94888,20.79,4,47524,major_purchase,RENT,2,6,49,80.02,1,640,0.068734,HIGH,DECLINED,1,90,600-700,75-100K
CS001148,2025-05-28 13:56:09,671,82895,32.24,9,22960,major_purchase,RENT,1,4,58,42.5,1,601,0.172743,HIGH,APPROVED,0,0,600-700,75-100K
CS001149,2025-03-23 16:01:33,620,118185,30.26,21,14021,major_purchase,OTHER,0,0,0,30.39,2,632,0.086633,HIGH,DECLINED,0,0,600-700,100K+
CS001150,2025-03-09 22:13:08,742,36913,26.64,6,15612,debt_consolidation,RENT,1,1,11,68.85,2,652,0.051926,HIGH,DECLINED,0,0,600-700,<50K
CS001151,2025-03-31 23:17:09,581,57253,14.09,2,48787,home_improvement,OTHER,0,0,0,39.99,2,641,0.109943,HIGH,APPROVED,0,0,600-700,50-75K
CS001152,2025-05-17 23:33:23,633,40532,31.22,5,14636,home_improvement,MORTGAGE,0,0,0,49.61,0,599,0.182742,HIGH,DECLINED,0,0,<600,<50K
CS001153,2025-04-23 05:21:07,674,38679,18.96,5,36024,other,MORTGAGE,1,9,32,71.45,1,667,0.034921,MEDIUM,APPROVED,0,0,600-700,<50K
CS001154,2025-01-10 16:57:06,651,106771,26.12,21,47593,credit_card,MORTGAGE,1,6,51,70.38,0,603,0.142847,HIGH,APPROVED,0,0,600-700,100K+
CS001155,2025-01-18 23:11:17,751,73175,24.65,6,21515,home_improvement,OWN,2,7,55,55.23,0,714,0.015286,LOW,DECLINED,0,0,700-800,50-75K
CS001156,2025-03-30 23:29:59,668,134910,20.04,1,10732,major_purchase,RENT,0,0,0,89.8,1,653,0.071352,HIGH,APPROVED,0,0,600-700,100K+
CS001157,2025-03-03 16:20:45,790,91401,41.3,3,32198,major_purchase,OWN,0,0,0,33.68,0,734,0.005022,LOW,APPROVED,0,0,700-800,75-100K
CS001158,2025-06-25 19:57:42,684,18000,19.18,4,11486,home_improvement,RENT,0,0,0,45.75,1,652,0.040259,MEDIUM,APPROVED,0,0,600-700,<50K
CS001159,2025-03-19 23:57:45,770,56529,32.29,0,12657,home_improvement,RENT,0,0,0,52.97,1,665,0.029463,MEDIUM,APPROVED,0,30,600-700,50-75K
CS001160,2025-05-14 11:20:56,708,52748,26.01,0,29620,credit_card,RENT,0,0,0,88.81,3,649,0.071607,HIGH,APPROVED,0,0,600-700,50-75K
CS001161,2025-03-18 09:59:32,670,48036,13.32,16,22673,home_improvement,MORTGAGE,1,7,27,32.68,1,714,0.011484,LOW,APPROVED,0,0,700-800,<50K
CS001162,2025-02-05 04:58:11,668,137971,32.51,17,21631,debt_consolidation,MORTGAGE,1,7,49,35.07,1,614,0.152426,HIGH,APPROVED,0,0,600-700,100K+
CS001163,2025-05-11 02:32:30,740,49990,43.14,4,18934,other,RENT,1,6,35,62.95,1,611,0.112635,HIGH,APPROVED,1,120,600-700,<50K
CS001164,2025-02-22 15:22:40,653,103792,25.58,10,19231,debt_consolidation,MORTGAGE,0,0,0,62.88,2,643,0.06485,HIGH,APPROVED,0,0,600-700,100K+
CS001165,2025-03-24 07:30:30,681,61010,28.05,1,8742,other,MORTGAGE,0,0,0,69.77,2,627,0.096471,HIGH,APPROVED,0,0,600-700,50-75K
CS001166,2025-01-30 23:23:52,639,60197,37.02,14,17278,major_purchase,MORTGAGE,1,5,1,31.38,1,597,0.239879,VERY_HIGH,DECLINED,0,0,<600,50-75K
CS001167,2025-01-14 06:51:00,570,48347,34.28,16,12486,home_improvement,RENT,0,0,0,20.44,2,511,0.644778,VERY_HIGH,DECLINED,0,0,<600,<50K
CS001168,2025-02-17 10:33:28,713,138147,8.93,23,10883,debt_consolidation,RENT,0,0,0,46.54,2,661,0.021327,MEDIUM,APPROVED,0,30,600-700,100K+
CS001169,2025-04-07 10:23:04,718,62776,23.54,1,16542,other,MORTGAGE,0,0,0,65.33,0,655,0.045056,MEDIUM,APPROVED,0,0,600-700,50-75K
CS001170,2025-05-23 05:39:43,616,39940,39.47,1,14785,major_purchase,MORTGAGE,1,7,55,40.45,1,574,0.365287,VERY_HIGH,APPROVED,0,0,<600,<50K
CS001171,2025-02-12 10:10:24,709,68034,14.51,9,44438,home_improvement,MORTGAGE,0,0,0,28.79,2,726,0.012441,LOW,APPROVED,0,0,700-800,50-75K
CS001172,2025-05-21 20:16:33,670,33154,31.74,8,31837,home_improvement,OWN,0,0,0,24.69,0,604,0.101295,HIGH,APPROVED,0,0,600-700,<50K
CS001173,2025-01-20 23:36:35,578,115159,15.47,7,49933,major_purchase,MORTGAGE,0,0,0,25.22,1,610,0.160783,HIGH,APPROVED,0,0,600-700,100K+
CS001174,2025-02-10 08:17:59,631,36825,20.19,0,22625,debt_consolidation,RENT,1,3,37,38.36,3,611,0.169432,HIGH,DECLINED,0,0,600-700,<50K
CS001175,2025-06-15 03:47:06,720,46625,18.54,1,33536,other,RENT,0,0,0,68.02,0,694,0.019184,MEDIUM,APPROVED,0,0,600-700,<50K
CS001176,2025-05-13 20:42:38,740,69797,28.77,1,25805,debt_consolidation,OWN,1,7,59,49.66,0,676,0.026009,MEDIUM,APPROVED,0,30,600-700,50-75K
CS001177,2025-02-19 19:46:29,705,39904,29.92,4,45862,credit_card,RENT,3,1,37,48.7,0,594,0.226033,VERY_HIGH,DECLINED,0,0,<600,<50K
CS001178,2025-04-16 20:12:41,838,122477,17.42,5,33221,debt_consolidation,MORTGAGE,0,0,0,20.82,3,840,0.000391,LOW,APPROVED,0,0,800+,100K+
CS001179,2025-03-16 07:01:23,703,62293,30.36,4,26602,debt_consolidation,RENT,3,5,52,66.66,1,605,0.220995,VERY_HIGH,DECLINED,0,0,600-700,50-75K
CS001180,2025-06-10 01:55:11,642,66465,24.53,16,27137,debt_consolidation,RENT,0,0,0,12.99,1,638,0.064535,HIGH,DECLINED,0,0,600-700,50-75K
CS001181,2025-01-03 02:03:31,602,65466,31.81,17,18355,major_purchase,MORTGAGE,1,1,39,51.81,3,560,0.502532,VERY_HIGH,DECLINED,0,0,<600,50-75K
CS001182,2025-05-21 18:00:17,767,62946,8.25,2,48727,debt_consolidation,RENT,0,0,0,62.55,2,760,0.003237,LOW,DECLINED,0,0,700-800,50-75K
CS001183,2025-05-06 07:13:03,658,66843,11.01,2,21690,credit_card,RENT,1,3,17,63.46,1,611,0.123175,HIGH,APPROVED,0,0,600-700,50-75K
CS001184,2025-06-16 13:37:42,664,153737,13.84,13,12385,debt_consolidation,RENT,1,3,14,53.21,1,732,0.008926,LOW,APPROVED,0,0,700-800,100K+
CS001185,2025-05-17 18:24:57,639,57248,20.21,7,19181,major_purchase,MORTGAGE,0,0,0,19.56,4,672,0.03185,MEDIUM,APPROVED,0,0,600-700,50-75K
CS001186,2025-05-30 15:22:40,639,40419,21.05,2,45320,debt_consolidation,RENT,1,8,36,67.23,2,594,0.244348,VERY_HIGH,DECLINED,0,0,<600,<50K
CS001187,2025-01-02 13:53:07,665,112322,8.31,2,41447,major_purchase,RENT,1,4,39,54.61,1,687,0.025217,MEDIUM,APPROVED,0,0,600-700,100K+
CS001188,2025-03-14 17:24:19,711,98601,26.62,4,25125,credit_card,MORTGAGE,1,6,51,86.02,0,678,0.024457,MEDIUM,APPROVED,0,30,600-700,75-100K
CS001189,2025-03-18 13:40:40,715,52215,23.35,2,33263,debt_consolidation,MORTGAGE,0,0,0,56.79,0,680,0.024316,MEDIUM,APPROVED,0,0,600-700,50-75K
CS001190,2025-05-15 04:39:09,705,52022,36.41,7,49013,other,MORTGAGE,0,0,0,14.43,1,685,0.037835,MEDIUM,APPROVED,0,0,600-700,50-75K
CS001191,2025-01-27 10:35:04,738,113702,24.95,7,60545,debt_consolidation,RENT,1,6,5,65.18,1,688,0.015933,LOW,APPROVED,0,0,600-700,100K+
CS001192,2025-01-25 07:56:54,659,68198,37.75,5,13439,home_improvement,RENT,1,4,1,57.05,2,603,0.183088,HIGH,APPROVED,0,0,600-700,50-75K
CS001193,2025-03-11 10:47:43,630,61901,20.0,7,19271,debt_consolidation,RENT,0,0,0,15.5,2,690,0.027474,MEDIUM,APPROVED,0,0,600-700,50-75K
CS001194,2025-02-05 13:24:44,684,59583,14.7,5,23580,debt_consolidation,RENT,1,4,33,17.09,0,724,0.009957,LOW,APPROVED,0,0,700-800,50-75K
CS001195,2025-03-14 13:52:38,573,47347,20.04,4,41830,debt_consolidation,MORTGAGE,0,0,0,60.62,1,617,0.16336,HIGH,APPROVED,0,0,600-700,<50K
CS001196,2025-06-16 03:29:28,734,83777,32.62,2,10561,debt_consolidation,RENT,3,3,16,63.26,1,652,0.042759,MEDIUM,APPROVED,1,120,600-700,75-100K
CS001197,2025-04-11 03:10:19,715,34080,14.99,2,38523,debt_consolidation,RENT,0,0,0,31.12,0,733,0.008114,LOW,APPROVED,0,0,700-800,<50K
CS001198,2025-06-11 23:10:43,717,37328,23.05,5,32292,credit_card,OTHER,2,4,52,0.0,0,731,0.009465,LOW,APPROVED,0,0,700-800,<50K
CS001199,2025-02-19 23:03:57,627,27807,16.62,2,40280,home_improvement,RENT,0,0,0,27.68,0,644,0.04287,MEDIUM,APPROVED,0,0,600-700,<50K
CS001200,2025-02-02 15:51:11,660,47668,40.83,4,16743,other,RENT,0,0,0,71.65,1,616,0.1403,HIGH,APPROVED,0,0,600-700,<50K
CS001201,2025-04-24 23:26:55,689,37574,30.33,7,61383,major_purchase,OWN,0,0,0,38.29,2,684,0.020879,MEDIUM,APPROVED,0,0,600-700,<50K
CS001202,2025-04-16 13:33:22,631,70498,35.02,1,21013,home_improvement,RENT,1,5,18,21.1,1,569,0.295862,VERY_HIGH,DECLINED,1,90,<600,50-75K
CS001203,2025-05-13 23:07:55,627,44907,7.65,13,22752,debt_consolidation,OTHER,1,5,11,35.82,2,606,0.187932,VERY_HIGH,APPROVED,0,0,600-700,<50K
CS001204,2025-03-01 07:26:25,676,57327,33.11,1,16189,credit_card,RENT,0,0,0,64.22,0,668,0.038766,MEDIUM,APPROVED,0,0,600-700,50-75K
CS001205,2025-03-04 20:44:13,696,83503,30.77,11,27835,home_improvement,RENT,1,4,37,19.29,1,672,0.044864,MEDIUM,APPROVED,0,0,600-700,75-100K
CS001206,2025-01-27 12:36:05,651,64355,12.8,7,40452,debt_consolidation,OWN,1,5,40,38.74,0,675,0.033194,MEDIUM,APPROVED,0,0,600-700,50-75K
CS001207,2025-06-24 10:39:12,744,46286,30.88,9,59499,home_improvement,RENT,0,0,0,36.9,1,687,0.013882,LOW,APPROVED,0,0,600-700,<50K
CS001208,2025-03-31 01:44:44,810,49074,23.59,22,12467,debt_consolidation,RENT,1,4,47,37.46,3,720,0.007893,LOW,APPROVED,0,0,700-800,<50K
CS001209,2025-05-03 00:23:40,719,44399,15.36,3,16381,home_improvement,MORTGAGE,1,3,32,67.93,0,671,0.0356,MEDIUM,APPROVED,0,0,600-700,<50K
CS001210,2025-04-17 20:24:11,677,63884,19.26,0,21126,debt_consolidation,MORTGAGE,2,3,10,44.72,1,672,0.038913,MEDIUM,APPROVED,1,120,600-700,50-75K
CS001211,2025-05-21 13:06:13,670,65287,25.13,5,15525,debt_consolidation,MORTGAGE,3,2,40,15.36,1,609,0.127552,HIGH,APPROVED,1,150,600-700,50-75K
CS001212,2025-03-27 22:56:55,777,114735,27.61,0,16960,other,RENT,0,0,0,39.58,2,737,0.006844,LOW,APPROVED,0,0,700-800,100K+
CS001213,2025-04-02 21:08:42,705,88277,14.78,0,12131,debt_consolidation,MORTGAGE,1,7,14,25.14,2,695,0.014975,LOW,APPROVED,0,0,600-700,75-100K
CS001214,2025-02-20 14:40:11,721,74733,43.69,7,50995,home_improvement,RENT,2,2,50,20.25,1,653,0.070176,HIGH,APPROVED,0,0,600-700,50-75K
CS001215,2025-04-21 04:16:24,700,48007,20.63,7,19908,other,OTHER,0,0,0,82.77,0,638,0.080012,HIGH,APPROVED,0,0,600-700,<50K
CS001216,2025-02-19 19:22:57,656,73829,13.26,22,36222,major_purchase,OWN,0,0,0,36.74,0,706,0.014726,LOW,APPROVED,0,0,700-800,50-75K
CS001217,2025-04-30 21:51:53,772,39518,28.26,3,11032,major_purchase,MORTGAGE,0,0,0,27.8,0,695,0.009017,LOW,APPROVED,0,0,600-700,<50K
CS001218,2025-04-04 14:25:45,674,26615,34.67,2,30635,credit_card,MORTGAGE,1,2,25,42.61,1,613,0.135512,HIGH,APPROVED,0,0,600-700,<50K
CS001219,2025-01-24 04:18:39,696,78210,23.89,11,23152,debt_consolidation,MORTGAGE,0,0,0,63.83,1,695,0.018283,MEDIUM,APPROVED,0,0,600-700,75-100K
CS001220,2025-04-20 17:12:15,569,91475,27.53,6,23279,other,OWN,1,4,11,100.0,1,526,0.556387,VERY_HIGH,DECLINED,1,120,<600,75-100K
CS001221,2025-03-07 22:19:20,808,18000,30.39,4,58749,major_purchase,MORTGAGE,1,3,18,87.2,1,706,0.011434,LOW,APPROVED,0,0,700-800,<50K
CS001222,2025-01-21 11:45:25,729,96827,16.45,6,21208,debt_consolidation,RENT,0,0,0,47.48,1,706,0.015798,LOW,DECLINED,0,0,700-800,75-100K
CS001223,2025-05-06 01:42:04,682,29058,19.75,16,9809,major_purchase,RENT,1,4,25,51.44,0,659,0.037562,MEDIUM,APPROVED,0,0,600-700,<50K
CS001224,2025-05-08 22:05:34,644,38244,18.06,1,6183,home_improvement,RENT,1,5,37,47.92,2,583,0.262927,VERY_HIGH,APPROVED,1,120,<600,<50K
CS001225,2025-04-22 16:38:39,654,75141,15.02,0,16598,major_purchase,MORTGAGE,0,0,0,39.24,0,701,0.008815,LOW,APPROVED,0,30,700-800,75-100K
CS001226,2025-06-06 15:45:34,593,55171,1.4,10,37827,major_purchase,OTHER,1,4,6,100.0,1,593,0.234407,VERY_HIGH,DECLINED,0,0,<600,50-75K
CS001227,2025-02-17 09:26:52,713,58870,8.93,4,12775,debt_consolidation,OWN,0,0,0,50.82,1,727,0.004611,LOW,APPROVED,0,0,700-800,50-75K
CS001228,2025-02-25 10:20:50,639,37102,28.0,17,10455,home_improvement,OWN,0,0,0,78.12,1,596,0.126472,HIGH,DECLINED,0,0,<600,<50K
CS001229,2025-03-18 19:31:51,711,106662,10.03,9,19119,debt_consolidation,RENT,1,3,33,5.28,3,718,0.009613,LOW,APPROVED,0,0,700-800,100K+
CS001230,2025-05-19 14:45:24,713,56775,33.64,7,20352,major_purchase,RENT,1,10,20,61.28,0,654,0.040661,MEDIUM,APPROVED,0,0,600-700,50-75K
CS001231,2025-04-03 13:59:43,794,55037,19.55,16,20798,credit_card,RENT,0,0,0,66.69,3,745,0.003369,LOW,APPROVED,0,0,700-800,50-75K
CS001232,2025-04-25 23:15:11,700,128941,32.35,5,43870,major_purchase,MORTGAGE,0,0,0,31.85,1,713,0.011977,LOW,APPROVED,0,0,700-800,100K+
CS001233,2025-02-13 10:21:00,704,61737,26.03,4,16655,debt_consolidation,RENT,1,2,40,55.81,1,656,0.042619,MEDIUM,APPROVED,0,0,600-700,50-75K
CS001234,2025-05-05 05:52:14,716,80565,20.35,1,22007,debt_consolidation,RENT,0,0,0,32.17,0,768,0.003736,LOW,APPROVED,0,0,700-800,75-100K
CS001235,2025-02-04 05:43:17,654,89036,44.23,2,24400,debt_consolidation,OWN,0,0,0,89.58,1,601,0.177659,HIGH,APPROVED,0,0,600-700,75-100K
CS001236,2025-03-11 21:19:13,675,62343,33.39,3,32825,debt_consolidation,RENT,1,1,18,68.69,1,632,0.112211,HIGH,DECLINED,0,0,600-700,50-75K
CS001237,2025-01-10 20:19:11,706,34313,20.83,11,29164,other,MORTGAGE,1,5,10,43.76,3,646,0.047982,HIGH,APPROVED,0,0,600-700,<50K
CS001238,2025-02-25 03:18:15,753,81439,41.22,0,13803,home_improvement,RENT,0,0,0,40.32,4,674,0.031436,MEDIUM,APPROVED,0,0,600-700,75-100K
CS001239,2025-01-10 06:28:16,730,46240,27.51,9,12976,other,OWN,0,0,0,48.96,1,744,0.010408,LOW,APPROVED,0,0,700-800,<50K
CS001240,2025-03-27 09:17:25,674,113554,18.83,2,58312,other,MORTGAGE,0,0,0,37.0,1,703,0.015979,LOW,APPROVED,0,0,700-800,100K+
CS001241,2025-05-30 03:05:29,757,104258,29.15,0,21435,major_purchase,OWN,0,0,0,36.7,1,742,0.004222,LOW,APPROVED,0,0,700-800,100K+
CS001242,2025-04-23 05:46:59,669,18000,23.11,5,13181,home_improvement,RENT,2,4,40,33.55,0,623,0.093799,HIGH,APPROVED,0,0,600-700,<50K
CS001243,2025-01-31 00:36:33,605,157165,27.99,2,22035,major_purchase,RENT,0,0,0,39.22,2,596,0.178945,HIGH,APPROVED,0,0,<600,100K+
CS001244,2025-06-23 06:39:13,776,35222,32.5,3,26362,major_purchase,MORTGAGE,0,0,0,68.26,0,742,0.005995,LOW,APPROVED,0,0,700-800,<50K
CS001245,2025-06-29 19:24:02,691,70432,14.82,11,26207,major_purchase,OTHER,0,0,0,36.97,0,657,0.027448,MEDIUM,DECLINED,0,0,600-700,50-75K
CS001246,2025-05-21 08:19:41,665,75861,26.06,16,9069,debt_consolidation,MORTGAGE,0,0,0,31.54,1,671,0.040425,MEDIUM,APPROVED,0,0,600-700,75-100K
CS001247,2025-01-12 18:49:13,624,61037,26.01,5,26761,major_purchase,OWN,0,0,0,56.32,1,610,0.154389,HIGH,APPROVED,1,90,600-700,50-75K
CS001248,2025-04-29 14:22:32,667,73868,23.8,10,6147,debt_consolidation,RENT,0,0,0,22.15,2,659,0.04109,MEDIUM,APPROVED,0,0,600-700,50-75K
CS001249,2025-06-10 01:28:12,784,115486,23.22,0,15363,major_purchase,RENT,0,0,0,24.07,0,789,0.001855,LOW,APPROVED,0,0,700-800,100K+
CS001250,2025-05-24 12:53:08,688,72981,37.17,3,11421,other,RENT,0,0,0,35.89,0,622,0.061576,HIGH,APPROVED,0,0,600-700,50-75K
CS001251,2025-03-29 23:00:26,814,58658,29.48,15,10665,major_purchase,OWN,1,6,53,73.72,2,745,0.007532,LOW,APPROVED,0,0,700-800,50-75K
CS001252,2025-01-16 14:55:24,693,66615,12.17,17,11426,home_improvement,MORTGAGE,0,0,0,25.43,2,729,0.007572,LOW,APPROVED,0,0,700-800,50-75K
CS001253,2025-06-08 17:38:14,755,62344,25.01,7,22010,major_purchase,RENT,1,0,34,56.34,2,670,0.042173,MEDIUM,APPROVED,0,0,600-700,50-75K
CS001254,2025-01-29 04:57:19,694,59431,22.35,6,18527,other,MORTGAGE,1,5,21,17.73,1,642,0.053602,HIGH,APPROVED,0,0,600-700,50-75K
CS001255,2025-06-26 21:47:55,667,62161,23.56,0,5425,home_improvement,RENT,0,0,0,68.22,3,635,0.088403,HIGH,APPROVED,0,0,600-700,50-75K
CS001256,2025-01-06 11:09:29,669,60227,19.31,0,8293,debt_consolidation,RENT,2,6,44,24.58,0,633,0.08298,HIGH,APPROVED,0,0,600-700,50-75K
CS001257,2025-03-08 15:53:56,678,98169,18.03,10,9631,debt_consolidation,MORTGAGE,0,0,0,16.65,4,715,0.013679,LOW,APPROVED,0,0,700-800,75-100K
CS001258,2025-05-30 05:30:40,626,48535,18.29,1,15251,major_purchase,RENT,0,0,0,50.0,3,601,0.133076,HIGH,APPROVED,0,0,600-700,<50K
CS001259,2025-03-29 13:46:56,624,40246,34.45,2,5834,credit_card,RENT,1,5,1,36.19,2,634,0.138543,HIGH,APPROVED,1,90,600-700,<50K
CS001260,2025-06-10 04:59:24,713,118933,39.34,1,34573,credit_card,RENT,0,0,0,55.33,1,671,0.035428,MEDIUM,DECLINED,0,0,600-700,100K+
CS001261,2025-05-31 07:29:51,762,59612,21.19,7,7388,other,MORTGAGE,1,5,19,43.54,1,728,0.011726,LOW,APPROVED,0,0,700-800,50-75K
CS001262,2025-01-31 17:26:19,701,120421,8.4,8,27681,credit_card,RENT,1,6,56,50.9,1,725,0.008606,LOW,APPROVED,0,30,700-800,100K+
CS001263,2025-03-13 02:14:47,696,71282,22.3,6,5898,other,RENT,0,0,0,15.14,0,711,0.012163,LOW,DECLINED,0,0,700-800,50-75K
CS001264,2025-02-05 13:22:25,643,45571,25.18,4,25282,other,MORTGAGE,1,4,54,86.93,0,580,0.276963,VERY_HIGH,APPROVED,0,0,<600,<50K
CS001265,2025-03-01 05:44:06,756,81956,23.14,6,15936,home_improvement,RENT,2,8,45,63.38,0,716,0.01351,LOW,APPROVED,0,0,700-800,75-100K
CS001266,2025-05-08 21:02:04,751,159958,26.46,5,32988,debt_consolidation,RENT,1,4,26,42.03,1,705,0.016527,LOW,APPROVED,0,0,700-800,100K+
CS001267,2025-01-12 08:05:47,629,47788,20.26,21,18565,home_improvement,RENT,1,3,22,33.54,0,627,0.079491,HIGH,DECLINED,0,0,600-700,<50K
CS001268,2025-06-11 02:09:59,697,58331,34.55,7,22504,major_purchase,RENT,1,3,3,71.23,2,631,0.077298,HIGH,APPROVED,1,90,600-700,50-75K
CS001269,2025-05-19 04:24:10,675,33900,10.59,2,22347,debt_consolidation,RENT,1,4,51,59.66,0,677,0.032525,MEDIUM,APPROVED,0,0,600-700,<50K
CS001270,2025-02-09 10:51:36,611,76892,37.1,5,12101,home_improvement,MORTGAGE,0,0,0,29.39,1,593,0.164123,HIGH,APPROVED,1,90,<600,75-100K
CS001271,2025-06-05 07:19:54,782,64064,23.61,13,14716,debt_consolidation,RENT,2,1,38,72.29,2,684,0.026653,MEDIUM,APPROVED,0,30,600-700,50-75K
CS001272,2025-04-30 09:26:29,759,183022,22.36,9,26826,major_purchase,MORTGAGE,0,0,0,46.46,1,743,0.004342,LOW,APPROVED,0,0,700-800,100K+
CS001273,2025-02-04 10:19:19,711,24884,25.24,0,29863,major_purchase,MORTGAGE,0,0,0,70.57,1,663,0.051013,HIGH,APPROVED,0,0,600-700,<50K
CS001274,2025-04-18 23:00:40,772,85646,22.93,7,21026,credit_card,RENT,0,0,0,65.86,0,718,0.011117,LOW,APPROVED,0,0,700-800,75-100K
CS001275,2025-05-24 09:22:19,665,71160,21.7,4,14404,credit_card,OWN,0,0,0,53.02,1,657,0.054306,HIGH,APPROVED,0,0,600-700,50-75K
CS001276,2025-06-17 23:58:40,709,88964,24.49,2,32325,credit_card,MORTGAGE,0,0,0,34.3,1,722,0.008461,LOW,APPROVED,0,0,700-800,75-100K
CS001277,2025-03-21 18:32:54,768,60988,27.83,1,41000,debt_consolidation,MORTGAGE,0,0,0,66.35,1,725,0.010906,LOW,APPROVED,0,0,700-800,50-75K
CS001278,2025-05-14 09:43:55,677,75692,12.75,1,25716,credit_card,OWN,0,0,0,46.14,2,671,0.030469,MEDIUM,APPROVED,0,0,600-700,75-100K
CS001279,2025-06-21 10:29:29,710,52695,29.99,2,18398,other,MORTGAGE,0,0,0,60.12,0,680,0.0386,MEDIUM,APPROVED,0,0,600-700,50-75K
CS001280,2025-02-27 19:01:32,640,56502,26.0,1,6800,major_purchase,MORTGAGE,0,0,0,41.1,1,577,0.2303,VERY_HIGH,DECLINED,0,0,<600,50-75K
CS001281,2025-03-02 23:14:53,729,99479,12.79,5,8319,credit_card,RENT,0,0,0,84.55,0,742,0.005708,LOW,APPROVED,0,0,700-800,75-100K
CS001282,2025-04-11 01:28:04,757,22051,16.72,1,21739,other,OTHER,0,0,0,25.37,0,729,0.006651,LOW,DECLINED,0,0,700-800,<50K
CS001283,2025-05-01 02:59:21,639,111894,29.33,3,25417,major_purchase,RENT,2,1,23,28.21,2,606,0.21854,VERY_HIGH,DECLINED,0,0,600-700,100K+
CS001284,2025-04-30 01:22:58,649,49198,38.39,2,20282,other,MORTGAGE,0,0,0,66.6,0,602,0.206128,VERY_HIGH,APPROVED,0,0,600-700,<50K
CS001285,2025-06-11 18:15:08,689,65911,23.57,1,17028,major_purchase,RENT,2,1,23,9.43,3,649,0.069577,HIGH,APPROVED,0,0,600-700,50-75K
CS001286,2025-01-29 09:27:09,770,115626,9.72,9,9019,home_improvement,MORTGAGE,0,0,0,45.65,2,783,0.001568,LOW,APPROVED,0,0,700-800,100K+
CS001287,2025-02-27 09:20:09,664,115404,21.34,0,13142,major_purchase,OWN,0,0,0,33.32,2,650,0.056498,HIGH,APPROVED,0,0,600-700,100K+
CS001288,2025-05-06 10:09:29,646,73857,24.87,4,21042,debt_consolidation,OWN,0,0,0,23.26,2,646,0.048726,HIGH,APPROVED,0,0,600-700,50-75K
CS001289,2025-03-10 13:03:22,686,65509,23.29,7,35398,debt_consolidation,RENT,0,0,0,66.6,0,634,0.068596,HIGH,APPROVED,0,0,600-700,50-75K
CS001290,2025-03-12 04:32:34,755,34260,23.33,3,12445,other,RENT,0,0,0,61.09,1,750,0.006149,LOW,APPROVED,0,0,700-800,<50K
CS001291,2025-05-31 11:20:59,607,66717,28.5,7,12732,other,RENT,1,1,5,29.12,1,562,0.308623,VERY_HIGH,APPROVED,1,150,<600,50-75K
CS001292,2025-01-30 08:34:31,682,57943,24.56,3,60300,home_improvement,RENT,1,6,15,62.44,2,591,0.234018,VERY_HIGH,APPROVED,0,0,<600,50-75K
CS001293,2025-05-22 10:36:58,764,51553,11.42,0,16998,home_improvement,RENT,0,0,0,58.41,0,776,0.002748,LOW,APPROVED,0,30,700-800,50-75K
CS001294,2025-04-15 22:46:48,690,39517,11.13,4,35480,major_purchase,RENT,1,4,43,43.59,4,642,0.080786,HIGH,APPROVED,0,0,600-700,<50K
CS001295,2025-02-19 03:14:19,676,62387,31.26,6,32155,debt_consolidation,MORTGAGE,1,4,11,65.61,0,619,0.171225,HIGH,APPROVED,0,0,600-700,50-75K
CS001296,2025-03-09 20:28:03,738,79949,22.43,9,25605,debt_consolidation,MORTGAGE,0,0,0,61.16,0,731,0.004592,LOW,APPROVED,0,0,700-800,75-100K
CS001297,2025-01-29 08:30:26,624,47452,21.8,3,19787,other,MORTGAGE,1,11,3,55.27,0,596,0.245039,VERY_HIGH,APPROVED,0,0,<600,<50K
CS001298,2025-02-10 02:01:39,804,30402,26.47,6,16036,major_purchase,OWN,0,0,0,52.66,0,780,0.003058,LOW,APPROVED,0,0,700-800,<50K
CS001299,2025-01-29 13:16:12,717,78713,28.88,1,40633,credit_card,OWN,1,7,45,60.5,3,640,0.056092,HIGH,APPROVED,0,0,600-700,75-100K
CS001300,2025-03-11 11:54:52,670,38859,14.44,13,38612,home_improvement,OWN,1,5,1,14.56,0,706,0.013493,LOW,APPROVED,0,0,700-800,<50K
CS001301,2025-01-24 02:57:11,695,45766,12.51,8,4409,home_improvement,RENT,0,0,0,46.92,0,730,0.00679,LOW,APPROVED,0,0,700-800,<50K
CS001302,2025-02-20 11:03:43,687,52169,42.05,7,10146,major_purchase,OWN,0,0,0,46.26,0,605,0.138908,HIGH,APPROVED,0,0,600-700,50-75K
CS001303,2025-03-01 15:49:49,674,48703,16.97,12,14809,debt_consolidation,RENT,0,0,0,50.45,0,694,0.02214,MEDIUM,APPROVED,0,0,600-700,<50K
CS001304,2025-01-09 16:44:29,622,36999,19.83,2,13715,credit_card,MORTGAGE,0,0,0,38.12,0,641,0.057323,HIGH,APPROVED,0,30,600-700,<50K
CS001305,2025-04-24 19:10:55,676,41584,20.74,10,23304,debt_consolidation,OWN,1,2,22,15.14,0,680,0.028236,MEDIUM,APPROVED,0,0,600-700,<50K
CS001306,2025-05-31 00:16:21,595,57853,13.44,10,20465,major_purchase,OTHER,0,0,0,54.61,1,673,0.035761,MEDIUM,APPROVED,0,0,600-700,50-75K
CS001307,2025-05-20 06:10:54,765,47445,30.23,9,26516,credit_card,RENT,1,2,40,57.11,2,642,0.046349,HIGH,APPROVED,0,0,600-700,<50K
CS001308,2025-06-12 00:17:57,627,63262,16.94,1,10575,debt_consolidation,RENT,0,0,0,43.99,2,630,0.074994,HIGH,APPROVED,0,0,600-700,50-75K
CS001309,2025-03-18 05:11:40,648,85221,28.3,1,17297,debt_consolidation,RENT,0,0,0,57.91,1,614,0.123657,HIGH,DECLINED,0,0,600-700,75-100K
CS001310,2025-02-25 03:30:36,645,98616,25.27,8,21223,major_purchase,RENT,0,0,0,36.73,0,668,0.049374,HIGH,APPROVED,0,0,600-700,75-100K
CS001311,2025-05-21 15:57:52,728,37421,35.51,1,41307,home_improvement,MORTGAGE,1,4,35,77.61,1,658,0.045478,HIGH,APPROVED,0,0,600-700,<50K
CS001312,2025-02-05 03:16:32,678,44400,40.22,11,20574,other,MORTGAGE,0,0,0,15.17,0,676,0.031108,MEDIUM,APPROVED,0,0,600-700,<50K
CS001313,2025-06-07 15:15:59,768,51250,24.81,10,43182,credit_card,RENT,0,0,0,49.59,2,703,0.009292,LOW,APPROVED,0,0,700-800,50-75K
CS001314,2025-04-11 01:07:38,663,52112,36.96,3,23127,other,RENT,0,0,0,30.84,1,637,0.129784,HIGH,APPROVED,0,0,600-700,50-75K
CS001315,2025-02-20 15:55:46,697,68791,26.8,2,15948,debt_consolidation,MORTGAGE,1,7,34,38.34,0,691,0.021148,MEDIUM,APPROVED,0,0,600-700,50-75K
CS001316,2025-01-02 10:11:35,685,59762,17.35,2,13782,credit_card,RENT,1,5,50,55.64,1,666,0.045125,MEDIUM,APPROVED,0,0,600-700,50-75K
CS001317,2025-06-21 22:35:43,670,26172,27.2,10,34347,other,RENT,4,4,56,80.88,2,540,0.602528,VERY_HIGH,DECLINED,1,90,<600,<50K
CS001318,2025-03-06 09:24:12,750,28729,30.27,4,16884,major_purchase,RENT,1,3,23,18.6,3,692,0.022065,MEDIUM,APPROVED,0,0,600-700,<50K
CS001319,2025-02-10 22:45:39,756,65039,28.38,3,47962,home_improvement,RENT,2,3,50,63.53,1,702,0.012602,LOW,APPROVED,0,0,700-800,50-75K
CS001320,2025-03-12 22:26:00,761,95242,27.35,37,15923,credit_card,MORTGAGE,0,0,0,80.8,2,705,0.011064,LOW,APPROVED,0,0,700-800,75-100K
CS001321,2025-02-20 18:07:34,612,98037,19.94,5,47632,credit_card,OWN,2,4,50,54.38,2,595,0.276368,VERY_HIGH,APPROVED,0,0,<600,75-100K
CS001322,2025-01-01 15:52:28,707,70179,36.91,15,11826,other,RENT,1,3,8,55.99,2,633,0.05944,HIGH,APPROVED,0,0,600-700,50-75K
CS001323,2025-05-07 22:01:21,626,68787,36.42,0,34279,major_purchase,MORTGAGE,1,5,23,41.36,3,562,0.444269,VERY_HIGH,DECLINED,1,150,<600,50-75K
CS001324,2025-03-08 00:04:15,625,32308,29.94,1,21871,home_improvement,MORTGAGE,1,3,10,27.86,1,619,0.184081,HIGH,DECLINED,0,0,600-700,<50K
CS001325,2025-04-13 09:51:24,589,29340,7.53,10,9792,home_improvement,RENT,1,3,58,65.27,1,613,0.125208,HIGH,APPROVED,0,0,600-700,<50K
CS001326,2025-01-02 16:22:42,636,55913,21.94,3,26181,credit_card,MORTGAGE,1,8,37,12.59,1,631,0.082847,HIGH,APPROVED,0,0,600-700,50-75K
CS001327,2025-02-08 05:02:50,721,203688,18.14,4,8962,credit_card,OTHER,1,4,57,28.44,1,730,0.008953,LOW,APPROVED,0,0,700-800,100K+
CS001328,2025-02-28 20:50:08,765,93749,23.63,11,8369,credit_card,RENT,0,0,0,37.46,0,776,0.002599,LOW,APPROVED,0,0,700-800,75-100K
CS001329,2025-01-24 21:55:06,784,48954,37.48,12,9497,home_improvement,OTHER,1,6,46,38.56,3,652,0.058186,HIGH,APPROVED,0,0,600-700,<50K
CS001330,2025-05-25 19:21:50,638,42308,15.57,2,36514,credit_card,OWN,0,0,0,17.78,0,697,0.037142,MEDIUM,APPROVED,0,0,600-700,<50K
CS001331,2025-01-16 18:48:21,654,46213,39.4,1,17950,credit_card,RENT,1,4,29,61.27,1,566,0.336932,VERY_HIGH,DECLINED,0,0,<600,<50K
CS001332,2025-04-22 04:37:12,701,42895,30.97,3,12712,major_purchase,OTHER,0,0,0,55.93,2,696,0.025719,MEDIUM,APPROVED,0,0,600-700,<50K
CS001333,2025-05-03 07:58:50,696,105977,16.99,0,12451,home_improvement,RENT,0,0,0,58.33,2,700,0.032314,MEDIUM,APPROVED,0,0,700-800,100K+
CS001334,2025-05-23 13:29:02,700,36433,28.66,0,40302,major_purchase,MORTGAGE,0,0,0,18.08,4,672,0.03587,MEDIUM,APPROVED,0,0,600-700,<50K
CS001335,2025-03-28 03:44:49,592,74060,29.0,6,35409,major_purchase,RENT,1,7,2,0.0,0,580,0.247468,VERY_HIGH,DECLINED,0,0,<600,50-75K
CS001336,2025-03-04 06:13:32,678,45381,24.8,12,28088,home_improvement,RENT,2,5,4,56.53,2,648,0.109226,HIGH,APPROVED,0,0,600-700,<50K
CS001337,2025-04-26 12:29:46,720,68160,32.87,3,5052,debt_consolidation,OWN,2,4,29,25.95,1,641,0.066887,HIGH,APPROVED,0,0,600-700,50-75K
CS001338,2025-02-08 20:23:21,703,97443,31.96,13,15667,debt_consolidation,RENT,0,0,0,75.32,0,728,0.011189,LOW,APPROVED,0,0,700-800,75-100K
CS001339,2025-02-02 05:14:31,682,61871,6.84,1,11904,major_purchase,MORTGAGE,2,2,22,53.32,0,661,0.031165,MEDIUM,APPROVED,0,0,600-700,50-75K
CS001340,2025-01-22 07:48:46,648,63385,35.64,7,33971,major_purchase,RENT,0,0,0,30.11,1,646,0.06883,HIGH,APPROVED,0,0,600-700,50-75K
CS001341,2025-06-06 17:53:20,683,42132,40.86,1,54037,major_purchase,MORTGAGE,0,0,0,21.04,1,615,0.079382,HIGH,APPROVED,0,0,600-700,<50K
CS001342,2025-03-15 18:45:17,776,44559,8.47,3,27748,debt_consolidation,RENT,0,0,0,19.17,0,791,0.001011,LOW,APPROVED,0,0,700-800,<50K
CS001343,2025-01-02 09:32:07,716,126130,18.67,8,22433,home_improvement,RENT,0,0,0,26.16,1,676,0.020935,MEDIUM,APPROVED,0,0,600-700,100K+
CS001344,2025-01-28 19:58:39,746,46692,17.4,0,24210,home_improvement,MORTGAGE,1,4,46,51.53,2,690,0.01977,MEDIUM,APPROVED,0,0,600-700,<50K
CS001345,2025-02-18 15:03:13,779,57036,33.56,6,30285,other,RENT,1,2,16,32.88,2,688,0.025864,MEDIUM,APPROVED,0,0,600-700,50-75K
CS001346,2025-06-04 01:07:37,628,36260,26.94,6,30590,major_purchase,RENT,1,5,24,64.89,3,576,0.361527,VERY_HIGH,DECLINED,1,90,<600,<50K
CS001347,2025-03-28 08:29:57,725,74595,36.28,2,43556,major_purchase,RENT,2,5,54,69.09,5,570,0.300115,VERY_HIGH,DECLINED,0,0,<600,50-75K
CS001348,2025-05-09 13:09:37,713,40713,15.3,12,16558,debt_consolidation,RENT,2,4,16,24.32,0,642,0.043736,MEDIUM,APPROVED,0,0,600-700,<50K
CS001349,2025-03-19 03:08:49,761,68677,7.05,8,46454,credit_card,OTHER,2,7,7,35.81,2,723,0.003432,LOW,APPROVED,0,0,700-800,50-75K
CS001350,2025-06-17 15:30:34,674,51252,34.56,2,29524,major_purchase,RENT,0,0,0,32.92,0,668,0.03729,MEDIUM,APPROVED,0,0,600-700,50-75K
CS001351,2025-05-11 10:21:32,676,44588,33.26,9,21983,credit_card,RENT,0,0,0,48.49,0,645,0.057694,HIGH,APPROVED,0,0,600-700,<50K
CS001352,2025-01-01 15:02:30,651,72225,22.27,5,21742,home_improvement,MORTGAGE,2,6,28,44.5,1,592,0.188344,VERY_HIGH,APPROVED,0,0,<600,50-75K
CS001353,2025-06-08 09:24:39,697,87509,13.48,1,70885,debt_consolidation,MORTGAGE,1,8,26,68.94,0,684,0.02982,MEDIUM,APPROVED,0,0,600-700,75-100K
CS001354,2025-06-28 14:22:05,672,37071,11.98,14,15157,major_purchase,MORTGAGE,0,0,0,23.4,1,718,0.012203,LOW,DECLINED,0,0,700-800,<50K
CS001355,2025-04-12 13:33:12,679,95708,21.29,12,19424,major_purchase,OWN,0,0,0,13.91,1,709,0.019107,MEDIUM,APPROVED,0,0,700-800,75-100K
CS001356,2025-02-09 20:53:56,705,66773,17.63,5,19991,credit_card,MORTGAGE,1,6,57,20.24,2,698,0.024507,MEDIUM,APPROVED,0,0,600-700,50-75K
CS001357,2025-01-22 05:25:55,666,88905,1.0,0,26903,other,MORTGAGE,0,0,0,87.62,0,727,0.011699,LOW,APPROVED,0,0,700-800,75-100K
CS001358,2025-01-27 16:46:05,636,99879,18.19,4,23145,other,MORTGAGE,0,0,0,22.7,0,646,0.063776,HIGH,APPROVED,0,0,600-700,75-100K
CS001359,2025-05-02 16:41:46,664,48866,12.99,2,22480,home_improvement,RENT,0,0,0,0.9,0,715,0.008957,LOW,APPROVED,0,0,700-800,<50K
CS001360,2025-06-13 05:12:44,656,54479,14.11,7,9796,home_improvement,MORTGAGE,0,0,0,44.97,0,649,0.045377,HIGH,APPROVED,0,0,600-700,50-75K
CS001361,2025-05-29 03:43:09,710,68851,29.47,0,15031,credit_card,MORTGAGE,0,0,0,23.22,2,668,0.033815,MEDIUM,APPROVED,0,30,600-700,50-75K
CS001362,2025-03-17 21:05:08,755,100059,29.97,4,11484,credit_card,RENT,0,0,0,58.35,2,733,0.00731,LOW,APPROVED,0,0,700-800,100K+
CS001363,2025-04-18 18:47:57,668,21355,29.94,3,21694,credit_card,MORTGAGE,0,0,0,64.65,2,602,0.116332,HIGH,DECLINED,0,0,600-700,<50K
CS001364,2025-02-17 02:13:06,552,128064,24.09,6,30551,major_purchase,RENT,1,6,16,69.07,2,494,0.769784,VERY_HIGH,DECLINED,0,0,<600,100K+
CS001365,2025-03-13 20:11:48,719,55136,16.13,1,17143,credit_card,RENT,1,4,26,28.69,0,734,0.007125,LOW,APPROVED,0,0,700-800,50-75K
CS001366,2025-01-06 19:02:10,683,28972,4.46,0,17652,debt_consolidation,MORTGAGE,1,5,38,67.7,2,672,0.047332,HIGH,APPROVED,0,0,600-700,<50K
CS001367,2025-04-29 15:30:46,634,56421,27.19,7,45120,other,RENT,1,3,47,55.99,3,563,0.344992,VERY_HIGH,DECLINED,1,150,<600,50-75K
CS001368,2025-06-17 06:29:54,672,38779,14.55,1,27802,debt_consolidation,MORTGAGE,0,0,0,58.19,0,675,0.02707,MEDIUM,APPROVED,0,30,600-700,<50K
CS001369,2025-06-21 08:01:46,788,142404,15.09,6,12422,credit_card,MORTGAGE,1,0,21,41.39,1,756,0.003302,LOW,APPROVED,0,0,700-800,100K+
CS001370,2025-05-02 19:08:33,604,49905,22.31,1,32425,other,MORTGAGE,0,0,0,53.0,1,630,0.123532,HIGH,APPROVED,1,120,600-700,<50K
CS001371,2025-05-27 17:36:02,622,46345,22.56,2,21640,credit_card,MORTGAGE,0,0,0,46.67,1,610,0.093542,HIGH,APPROVED,0,0,600-700,<50K
CS001372,2025-01-31 02:11:58,683,51384,33.3,2,24259,other,MORTGAGE,0,0,0,78.85,0,618,0.141929,HIGH,DECLINED,0,0,600-700,50-75K
CS001373,2025-03-18 20:14:07,515,40054,44.14,4,28053,credit_card,RENT,0,0,0,49.72,0,440,0.91035,VERY_HIGH,DECLINED,1,90,<600,<50K
CS001374,2025-04-06 01:46:19,661,64915,14.12,18,25337,credit_card,RENT,2,9,36,55.11,0,653,0.048108,HIGH,APPROVED,0,30,600-700,50-75K
CS001375,2025-03-28 00:56:01,740,78376,20.28,0,20995,other,MORTGAGE,0,0,0,56.36,2,722,0.011818,LOW,APPROVED,0,0,700-800,75-100K
CS001376,2025-01-19 15:57:10,716,64326,33.97,2,12019,credit_card,RENT,0,0,0,49.24,1,632,0.079645,HIGH,APPROVED,0,0,600-700,50-75K
CS001377,2025-06-05 23:35:20,706,40403,27.16,0,23302,other,MORTGAGE,1,3,15,69.64,2,600,0.180449,HIGH,APPROVED,0,0,600-700,<50K
CS001378,2025-03-13 01:13:13,667,89653,24.29,4,8906,credit_card,OWN,3,4,17,42.68,1,616,0.101357,HIGH,DECLINED,1,150,600-700,75-100K
CS001379,2025-06-21 16:09:34,677,57134,23.5,9,14271,major_purchase,RENT,0,0,0,47.48,3,629,0.063183,HIGH,APPROVED,0,30,600-700,50-75K
CS001380,2025-04-23 09:12:57,837,54007,33.08,8,29750,credit_card,RENT,0,0,0,53.1,0,778,0.003064,LOW,APPROVED,0,0,700-800,50-75K
CS001381,2025-02-19 17:21:53,699,97169,15.79,4,14222,debt_consolidation,RENT,0,0,0,56.26,3,674,0.028835,MEDIUM,APPROVED,0,0,600-700,75-100K
CS001382,2025-06-08 22:02:11,760,64950,10.71,6,18284,credit_card,RENT,1,4,47,17.28,2,775,0.002404,LOW,APPROVED,0,0,700-800,50-75K
CS001383,2025-03-26 08:49:05,617,18000,24.07,8,31726,other,RENT,0,0,0,28.0,1,640,0.064518,HIGH,APPROVED,0,30,600-700,<50K
CS001384,2025-02-15 01:23:59,700,76861,24.05,5,14496,debt_consolidation,MORTGAGE,0,0,0,48.55,2,708,0.012486,LOW,APPROVED,0,0,700-800,75-100K
CS001385,2025-02-19 06:34:25,706,26017,5.85,15,17811,other,RENT,1,4,24,72.74,0,664,0.041078,MEDIUM,APPROVED,0,0,600-700,<50K
CS001386,2025-06-04 12:44:24,694,35387,29.87,1,11121,debt_consolidation,RENT,0,0,0,83.19,1,640,0.080731,HIGH,APPROVED,0,0,600-700,<50K
CS001387,2025-01-30 06:23:18,567,50968,25.58,1,12956,debt_consolidation,RENT,2,4,3,62.12,0,525,0.550363,VERY_HIGH,DECLINED,1,120,<600,50-75K
CS001388,2025-01-18 02:16:18,663,64299,31.57,1,36519,other,MORTGAGE,0,0,0,27.43,1,637,0.068626,HIGH,DECLINED,0,0,600-700,50-75K
CS001389,2025-03-16 23:43:32,766,69849,34.31,1,29252,debt_consolidation,RENT,0,0,0,21.39,3,709,0.013684,LOW,APPROVED,0,0,700-800,50-75K
CS001390,2025-04-19 23:24:04,716,49730,25.03,3,26707,other,RENT,2,4,47,78.67,2,652,0.050429,HIGH,APPROVED,0,0,600-700,<50K
CS001391,2025-04-02 18:49:50,643,85063,25.65,3,6137,other,MORTGAGE,0,0,0,40.14,0,695,0.018589,MEDIUM,APPROVED,0,0,600-700,75-100K
CS001392,2025-06-02 21:05:08,734,71732,22.99,1,50701,major_purchase,RENT,1,4,1,15.77,2,714,0.009753,LOW,APPROVED,0,0,700-800,50-75K
CS001393,2025-02-19 11:05:20,583,51909,41.56,3,27716,credit_card,MORTGAGE,1,2,28,29.68,2,537,0.559112,VERY_HIGH,APPROVED,1,90,<600,50-75K
CS001394,2025-02-10 00:05:37,718,29203,24.91,4,15828,major_purchase,MORTGAGE,0,0,0,80.63,2,631,0.083714,HIGH,APPROVED,0,0,600-700,<50K
CS001395,2025-05-15 14:38:46,705,74206,13.42,6,19493,major_purchase,MORTGAGE,1,7,11,23.26,1,690,0.011894,LOW,APPROVED,0,0,600-700,50-75K
CS001396,2025-06-20 09:22:28,652,34918,20.55,10,36289,major_purchase,OWN,1,2,22,21.72,2,619,0.094863,HIGH,APPROVED,0,0,600-700,<50K
CS001397,2025-02-17 15:15:14,630,41034,16.41,2,27000,other,RENT,0,0,0,21.65,1,630,0.104715,HIGH,APPROVED,0,0,600-700,<50K
CS001398,2025-04-28 15:29:18,594,46387,30.35,3,17682,credit_card,MORTGAGE,1,4,56,41.12,0,580,0.438724,VERY_HIGH,DECLINED,0,0,<600,<50K
CS001399,2025-04-24 09:49:02,674,43789,33.59,1,32898,home_improvement,RENT,0,0,0,57.25,1,608,0.131406,HIGH,APPROVED,0,0,600-700,<50K
CS001400,2025-04-22 00:34:49,781,21472,21.2,4,5653,credit_card,RENT,0,0,0,30.61,0,757,0.002165,LOW,APPROVED,0,0,700-800,<50K
CS001401,2025-01-01 01:19:55,733,57067,18.35,3,14344,other,RENT,1,9,21,59.61,2,744,0.006055,LOW,APPROVED,0,0,700-800,50-75K
CS001402,2025-02-27 04:02:04,708,38567,23.15,17,35746,home_improvement,MORTGAGE,1,5,17,35.03,0,733,0.01297,LOW,APPROVED,0,0,700-800,<50K
CS001403,2025-01-19 20:11:15,737,42391,13.87,13,4953,home_improvement,MORTGAGE,1,3,46,46.78,1,710,0.010247,LOW,APPROVED,0,0,700-800,<50K
CS001404,2025-06-25 06:22:35,653,81163,20.31,16,15113,credit_card,RENT,0,0,0,7.37,2,655,0.047781,HIGH,APPROVED,0,30,600-700,75-100K
CS001405,2025-02-18 01:45:42,715,128825,30.67,4,11500,credit_card,RENT,1,12,42,58.17,1,650,0.054367,HIGH,APPROVED,0,0,600-700,100K+
CS001406,2025-03-19 19:28:05,525,65946,26.45,2,10935,debt_consolidation,OTHER,0,0,0,12.24,2,592,0.288966,VERY_HIGH,DECLINED,1,90,<600,50-75K
CS001407,2025-05-24 15:05:31,659,41955,18.87,2,31131,other,MORTGAGE,2,6,11,83.49,1,599,0.119306,HIGH,APPROVED,1,120,<600,<50K
CS001408,2025-05-31 23:25:38,659,44761,35.06,6,13622,major_purchase,MORTGAGE,2,3,44,22.79,3,562,0.431738,VERY_HIGH,APPROVED,0,0,<600,<50K
CS001409,2025-05-29 11:33:35,682,99375,8.12,4,14439,debt_consolidation,MORTGAGE,0,0,0,37.76,3,694,0.019022,MEDIUM,APPROVED,0,0,600-700,75-100K
CS001410,2025-02-01 09:47:54,676,59494,23.12,1,7030,other,RENT,0,0,0,43.29,0,655,0.050494,HIGH,APPROVED,0,0,600-700,50-75K
CS001411,2025-05-22 01:04:27,718,35414,23.34,16,39342,major_purchase,RENT,0,0,0,33.96,3,693,0.018426,MEDIUM,APPROVED,0,0,600-700,<50K
CS001412,2025-04-15 15:22:15,651,162558,37.38,5,22673,debt_consolidation,OTHER,1,1,34,49.54,1,621,0.137374,HIGH,APPROVED,0,0,600-700,100K+
CS001413,2025-04-26 19:45:27,736,85859,14.33,4,7909,home_improvement,MORTGAGE,0,0,0,4.16,0,805,0.001377,LOW,APPROVED,0,0,800+,75-100K
CS001414,2025-04-06 12:11:28,671,45033,12.03,7,18777,debt_consolidation,OWN,0,0,0,27.76,0,694,0.013118,LOW,APPROVED,0,0,600-700,<50K
CS001415,2025-03-23 13:25:29,733,44857,26.13,4,20283,other,OWN,0,0,0,43.98,2,713,0.010804,LOW,APPROVED,0,0,700-800,<50K
CS001416,2025-06-18 17:28:01,691,29433,29.67,15,41688,home_improvement,MORTGAGE,1,4,38,36.36,1,657,0.059851,HIGH,APPROVED,0,0,600-700,<50K
CS001417,2025-03-25 09:55:35,732,23232,13.92,11,27450,major_purchase,OWN,0,0,0,54.38,0,691,0.014311,LOW,APPROVED,0,0,600-700,<50K
CS001418,2025-03-15 02:05:30,710,63877,34.88,1,38532,credit_card,MORTGAGE,0,0,0,26.24,0,736,0.00815,LOW,APPROVED,0,0,700-800,50-75K
CS001419,2025-04-19 15:25:59,652,40601,11.62,15,29501,credit_card,RENT,0,0,0,62.28,1,688,0.027312,MEDIUM,APPROVED,0,0,600-700,<50K
CS001420,2025-04-26 02:21:11,695,108314,17.33,11,5964,other,OWN,2,6,47,46.66,1,632,0.087854,HIGH,APPROVED,1,60,600-700,100K+
CS001421,2025-06-04 05:31:44,613,44820,26.75,2,28230,other,OTHER,0,0,0,62.75,0,590,0.163959,HIGH,APPROVED,0,0,<600,<50K
CS001422,2025-05-14 08:36:24,687,56658,11.44,1,21641,major_purchase,RENT,0,0,0,72.06,3,637,0.061703,HIGH,APPROVED,0,0,600-700,50-75K
CS001423,2025-06-02 04:54:14,705,87645,38.31,7,14806,debt_consolidation,RENT,1,6,19,59.2,0,680,0.023231,MEDIUM,APPROVED,0,0,600-700,75-100K
CS001424,2025-03-01 17:11:37,669,31774,15.98,12,19934,debt_consolidation,MORTGAGE,1,10,31,46.65,0,688,0.024208,MEDIUM,APPROVED,0,0,600-700,<50K
CS001425,2025-04-03 07:29:01,675,74792,20.01,3,9056,credit_card,MORTGAGE,0,0,0,36.56,1,677,0.028903,MEDIUM,APPROVED,0,0,600-700,50-75K
CS001426,2025-05-30 14:59:18,738,28691,42.52,2,36924,debt_consolidation,MORTGAGE,0,0,0,15.97,0,700,0.016031,LOW,APPROVED,0,0,700-800,<50K
CS001427,2025-01-14 06:38:40,751,176733,27.73,5,9180,major_purchase,MORTGAGE,0,0,0,25.8,2,749,0.005467,LOW,APPROVED,0,0,700-800,100K+
CS001428,2025-01-07 03:28:38,762,32901,13.65,4,20198,major_purchase,MORTGAGE,2,2,18,68.37,2,712,0.011556,LOW,APPROVED,0,0,700-800,<50K
CS001429,2025-01-22 00:25:07,653,40626,41.53,16,24329,home_improvement,OTHER,1,7,20,68.69,1,551,0.434617,VERY_HIGH,DECLINED,0,0,<600,<50K
CS001430,2025-05-20 10:15:10,661,181926,28.46,2,9470,other,RENT,0,0,0,49.54,1,629,0.094445,HIGH,APPROVED,0,0,600-700,100K+
CS001431,2025-03-30 20:35:44,728,48993,16.81,3,15434,debt_consolidation,OWN,0,0,0,5.15,1,754,0.004077,LOW,APPROVED,0,0,700-800,<50K
CS001432,2025-06-16 18:42:42,733,83507,13.52,9,19211,credit_card,MORTGAGE,0,0,0,26.82,2,729,0.006533,LOW,APPROVED,0,30,700-800,75-100K
CS001433,2025-02-22 04:25:38,584,58496,3.98,2,11834,debt_consolidation,OWN,1,4,17,91.38,1,585,0.205137,VERY_HIGH,DECLINED,1,120,<600,50-75K
CS001434,2025-04-19 23:06:24,793,22026,16.64,26,12757,home_improvement,MORTGAGE,2,1,44,39.86,5,710,0.011124,LOW,APPROVED,0,0,700-800,<50K
CS001435,2025-05-12 10:10:33,748,63325,32.63,3,36976,home_improvement,MORTGAGE,1,1,18,73.05,0,716,0.010657,LOW,APPROVED,0,0,700-800,50-75K
CS001436,2025-04-15 19:58:29,616,39297,9.89,1,5517,home_improvement,RENT,0,0,0,85.39,3,593,0.147189,HIGH,DECLINED,0,0,<600,<50K
CS001437,2025-03-07 14:38:58,748,133794,36.38,4,10868,home_improvement,RENT,1,3,46,42.62,0,671,0.029714,MEDIUM,APPROVED,0,0,600-700,100K+
CS001438,2025-04-06 11:34:00,662,37044,32.83,11,36057,debt_consolidation,RENT,0,0,0,46.2,0,633,0.072826,HIGH,APPROVED,1,90,600-700,<50K
CS001439,2025-01-11 09:28:33,678,131718,4.21,17,13725,major_purchase,OWN,2,4,23,61.14,0,693,0.01282,LOW,APPROVED,0,0,600-700,100K+
CS001440,2025-06-10 20:45:20,631,51193,27.51,9,6962,major_purchase,MORTGAGE,1,7,32,3.38,2,633,0.108705,HIGH,APPROVED,0,0,600-700,50-75K
CS001441,2025-05-22 16:16:44,640,72813,28.59,11,50659,credit_card,MORTGAGE,0,0,0,41.06,2,621,0.099691,HIGH,APPROVED,0,30,600-700,50-75K
CS001442,2025-04-01 16:41:07,664,193019,28.35,2,16255,debt_consolidation,RENT,1,4,40,1.61,2,669,0.018639,MEDIUM,APPROVED,0,0,600-700,100K+
CS001443,2025-02-09 13:06:59,690,50333,11.67,2,12345,debt_consolidation,OTHER,1,4,8,79.33,0,648,0.077925,HIGH,APPROVED,0,0,600-700,50-75K
CS001444,2025-03-09 02:14:34,625,50867,21.57,4,21409,debt_consolidation,MORTGAGE,0,0,0,30.49,1,631,0.097285,HIGH,APPROVED,0,0,600-700,50-75K
CS001445,2025-03-22 08:32:01,682,80658,25.01,6,21314,credit_card,RENT,1,1,41,34.93,1,609,0.074992,HIGH,APPROVED,0,0,600-700,75-100K
CS001446,2025-03-23 07:39:57,647,37805,20.95,1,10741,credit_card,RENT,0,0,0,36.33,1,672,0.036604,MEDIUM,APPROVED,0,0,600-700,<50K
CS001447,2025-04-06 15:50:41,657,88330,21.96,1,11619,debt_consolidation,OWN,1,3,35,24.82,1,654,0.055002,HIGH,APPROVED,0,0,600-700,75-100K
CS001448,2025-04-27 05:51:23,637,89405,22.75,6,14006,debt_consolidation,RENT,1,6,39,42.91,0,672,0.031234,MEDIUM,APPROVED,0,0,600-700,75-100K
CS001449,2025-04-02 05:37:22,651,60681,33.0,5,8695,debt_consolidation,MORTGAGE,2,5,25,22.76,0,599,0.215198,VERY_HIGH,DECLINED,0,0,<600,50-75K
CS001450,2025-04-13 02:55:49,774,26832,29.11,4,12349,major_purchase,MORTGAGE,2,3,22,41.0,0,711,0.010001,LOW,DECLINED,1,150,700-800,<50K
CS001451,2025-01-16 10:52:54,597,21129,41.11,1,7276,debt_consolidation,RENT,0,0,0,25.65,2,548,0.522476,VERY_HIGH,APPROVED,1,150,<600,<50K
CS001452,2025-02-09 03:48:19,613,40871,13.14,3,10181,other,RENT,1,5,58,79.12,1,597,0.16137,HIGH,APPROVED,0,0,<600,<50K
CS001453,2025-05-26 04:55:16,682,48678,16.57,2,10340,debt_consolidation,RENT,0,0,0,44.11,0,709,0.01269,LOW,APPROVED,0,0,700-800,<50K
CS001454,2025-02-21 00:44:30,658,20823,21.63,12,33055,debt_consolidation,RENT,1,3,32,54.21,1,596,0.183291,HIGH,APPROVED,1,60,<600,<50K
CS001455,2025-06-27 08:06:14,628,52708,21.5,2,22938,home_improvement,MORTGAGE,0,0,0,42.07,0,618,0.12085,HIGH,DECLINED,0,0,600-700,50-75K
CS001456,2025-06-07 12:14:20,708,61248,39.38,5,10562,other,OWN,1,4,23,46.8,1,670,0.031416,MEDIUM,APPROVED,1,150,600-700,50-75K
CS001457,2025-06-02 17:01:37,621,60826,40.2,8,29373,other,OWN,0,0,0,51.68,3,548,0.386486,VERY_HIGH,DECLINED,0,0,<600,50-75K
CS001458,2025-05-09 12:51:38,685,106698,24.41,8,14755,debt_consolidation,OWN,1,5,2,66.53,1,657,0.048169,HIGH,APPROVED,0,0,600-700,100K+
CS001459,2025-03-13 04:27:34,738,47777,37.62,2,24023,credit_card,RENT,0,0,0,42.9,1,662,0.036141,MEDIUM,APPROVED,0,0,600-700,<50K
CS001460,2025-03-02 16:40:28,716,68600,14.54,9,34296,major_purchase,OWN,0,0,0,43.25,2,684,0.024461,MEDIUM,APPROVED,0,0,600-700,50-75K
CS001461,2025-02-03 16:49:18,670,40961,35.63,10,7414,home_improvement,RENT,0,0,0,44.11,1,614,0.090306,HIGH,DECLINED,0,0,600-700,<50K
CS001462,2025-05-23 09:51:03,686,93724,8.42,6,30104,major_purchase,MORTGAGE,0,0,0,43.94,0,752,0.004865,LOW,APPROVED,0,30,700-800,75-100K
CS001463,2025-04-22 13:35:06,695,53274,13.99,9,23455,debt_consolidation,MORTGAGE,0,0,0,21.53,1,706,0.009004,LOW,APPROVED,0,0,700-800,50-75K
CS001464,2025-06-02 22:40:11,718,54431,17.12,1,14553,major_purchase,MORTGAGE,2,3,46,60.52,1,632,0.059709,HIGH,APPROVED,0,0,600-700,50-75K
CS001465,2025-02-28 10:48:04,633,62190,11.18,8,11862,credit_card,RENT,0,0,0,23.14,3,642,0.055724,HIGH,APPROVED,1,90,600-700,50-75K
CS001466,2025-04-05 08:22:18,755,23716,17.71,0,22114,credit_card,RENT,1,3,26,78.66,1,689,0.026397,MEDIUM,APPROVED,0,0,600-700,<50K
CS001467,2025-02-13 02:16:17,727,91233,9.61,2,29157,home_improvement,RENT,0,0,0,53.99,2,754,0.00378,LOW,APPROVED,0,0,700-800,75-100K
CS001468,2025-05-14 07:47:29,788,45431,33.85,6,14210,major_purchase,MORTGAGE,0,0,0,28.69,0,739,0.005284,LOW,APPROVED,0,0,700-800,<50K
CS001469,2025-03-24 14:11:27,732,54045,16.69,9,53745,other,RENT,0,0,0,99.62,3,662,0.04328,MEDIUM,APPROVED,0,0,600-700,50-75K
CS001470,2025-05-31 22:48:14,742,54923,35.99,3,16730,major_purchase,RENT,0,0,0,27.73,1,722,0.007034,LOW,APPROVED,0,0,700-800,50-75K
CS001471,2025-04-18 15:34:20,523,197413,20.7,1,7475,debt_consolidation,MORTGAGE,2,5,18,79.27,1,514,0.667365,VERY_HIGH,DECLINED,1,150,<600,100K+
CS001472,2025-04-01 03:50:30,661,60058,34.33,2,19116,major_purchase,OWN,2,3,32,47.93,2,574,0.334079,VERY_HIGH,DECLINED,0,0,<600,50-75K
CS001473,2025-04-13 23:55:24,788,46140,21.14,5,28069,debt_consolidation,OWN,0,0,0,78.26,0,737,0.005735,LOW,APPROVED,0,30,700-800,<50K
CS001474,2025-05-20 07:23:23,706,57614,10.43,16,15829,home_improvement,MORTGAGE,0,0,0,22.17,0,714,0.007367,LOW,APPROVED,0,30,700-800,50-75K
CS001475,2025-05-20 18:05:21,660,53299,29.75,2,29539,debt_consolidation,OWN,1,3,43,19.18,1,631,0.126606,HIGH,APPROVED,1,120,600-700,50-75K
CS001476,2025-04-18 22:10:15,724,52440,19.5,5,4917,major_purchase,OTHER,3,1,18,28.9,3,652,0.053252,HIGH,DECLINED,0,0,600-700,50-75K
CS001477,2025-02-19 04:53:56,690,65248,11.88,5,32857,other,MORTGAGE,0,0,0,32.06,0,707,0.008371,LOW,APPROVED,0,0,700-800,50-75K
CS001478,2025-05-12 06:08:42,707,96975,28.52,8,13273,debt_consolidation,RENT,0,0,0,21.88,4,692,0.015023,LOW,APPROVED,0,0,600-700,75-100K
CS001479,2025-06-08 17:19:11,646,36474,27.25,1,12355,credit_card,MORTGAGE,1,2,37,53.7,2,655,0.111659,HIGH,APPROVED,0,0,600-700,<50K
CS001480,2025-02-10 20:53:02,714,72838,28.16,6,41088,other,OWN,1,5,52,33.44,1,678,0.028746,MEDIUM,DECLINED,0,0,600-700,50-75K
CS001481,2025-04-29 19:07:03,769,56960,23.35,6,12638,major_purchase,MORTGAGE,0,0,0,50.05,1,698,0.012498,LOW,APPROVED,0,0,600-700,50-75K
CS001482,2025-02-03 20:30:25,699,63292,16.98,10,33466,debt_consolidation,RENT,0,0,0,43.7,0,723,0.00541,LOW,APPROVED,0,0,700-800,50-75K
CS001483,2025-01-20 19:37:54,710,94259,29.34,2,15290,debt_consolidation,MORTGAGE,0,0,0,55.22,0,684,0.015862,LOW,APPROVED,0,30,600-700,75-100K
CS001484,2025-05-18 12:52:57,647,56664,23.22,6,11081,debt_consolidation,RENT,1,4,40,90.64,3,551,0.436949,VERY_HIGH,APPROVED,1,150,<600,50-75K
CS001485,2025-03-31 01:20:43,712,18921,26.49,23,10358,other,RENT,2,3,11,38.38,3,587,0.280859,VERY_HIGH,APPROVED,0,0,<600,<50K
CS001486,2025-04-11 20:27:36,663,82971,34.47,4,15352,debt_consolidation,MORTGAGE,0,0,0,59.72,3,641,0.082947,HIGH,APPROVED,0,0,600-700,75-100K
CS001487,2025-03-19 20:39:22,611,84490,38.78,5,18406,credit_card,MORTGAGE,0,0,0,43.49,1,568,0.347627,VERY_HIGH,APPROVED,0,0,<600,75-100K
CS001488,2025-02-24 09:50:03,662,83235,14.97,3,26086,other,OTHER,1,2,19,31.23,1,667,0.039698,MEDIUM,APPROVED,1,120,600-700,75-100K
CS001489,2025-06-10 11:44:23,672,44536,2.35,2,8644,other,MORTGAGE,0,0,0,49.57,2,710,0.012839,LOW,APPROVED,0,0,700-800,<50K
CS001490,2025-03-25 19:25:16,716,133598,26.77,19,22429,other,OTHER,1,3,11,79.58,2,625,0.102509,HIGH,APPROVED,0,0,600-700,100K+
CS001491,2025-02-27 00:14:16,738,56311,24.77,2,90000,credit_card,MORTGAGE,0,0,0,50.66,1,663,0.049812,HIGH,APPROVED,0,0,600-700,50-75K
CS001492,2025-04-17 07:26:28,674,41862,26.46,9,21951,major_purchase,RENT,1,3,21,37.76,1,590,0.210388,VERY_HIGH,APPROVED,0,0,<600,<50K
CS001493,2025-05-17 04:46:07,665,146750,17.73,17,6803,home_improvement,MORTGAGE,1,2,27,2.27,1,674,0.03559,MEDIUM,APPROVED,0,0,600-700,100K+
CS001494,2025-03-06 21:44:29,720,19657,25.56,10,21423,home_improvement,MORTGAGE,1,3,13,27.59,2,653,0.027663,MEDIUM,APPROVED,0,0,600-700,<50K
CS001495,2025-01-30 06:15:56,635,82985,19.42,4,29633,other,RENT,0,0,0,37.63,1,619,0.076519,HIGH,APPROVED,0,0,600-700,75-100K
CS001496,2025-04-18 09:20:39,667,78029,26.29,2,32942,debt_consolidation,MORTGAGE,0,0,0,52.73,1,640,0.080437,HIGH,APPROVED,0,0,600-700,75-100K
CS001497,2025-01-11 10:18:03,672,52623,9.64,7,55369,debt_consolidation,OWN,1,6,28,38.68,0,676,0.027636,MEDIUM,APPROVED,0,0,600-700,50-75K
CS001498,2025-05-09 19:42:47,676,43056,24.89,13,24070,other,MORTGAGE,0,0,0,41.98,0,631,0.060782,HIGH,APPROVED,0,0,600-700,<50K
CS001499,2025-03-19 08:11:47,652,122559,21.96,29,67722,home_improvement,OWN,1,5,4,62.04,1,628,0.142134,HIGH,APPROVED,1,90,600-700,100K+
CS001500,2025-01-25 05:15:05,775,108086,47.38,9,30715,debt_consolidation,MORTGAGE,0,0,0,66.05,3,686,0.038526,MEDIUM,APPROVED,0,0,600-700,100K+
CS001501,2025-05-29 11:25:27,738,132664,30.61,11,19593,home_improvement,MORTGAGE,2,2,15,30.68,1,669,0.033481,MEDIUM,APPROVED,0,0,600-700,100K+
CS001502,2025-05-14 07:02:04,676,64594,30.8,1,7648,credit_card,OTHER,2,2,18,27.68,0,630,0.093812,HIGH,APPROVED,0,0,600-700,50-75K
CS001503,2025-06-09 06:28:49,606,61264,32.37,7,47998,credit_card,MORTGAGE,0,0,0,61.94,2,585,0.202127,VERY_HIGH,DECLINED,0,0,<600,50-75K
CS001504,2025-04-26 20:22:13,657,63455,39.62,2,18981,credit_card,RENT,1,9,56,43.74,0,564,0.250215,VERY_HIGH,DECLINED,1,90,<600,50-75K
CS001505,2025-03-24 14:35:56,718,34933,33.4,3,3575,home_improvement,OWN,2,4,10,82.9,1,601,0.161938,HIGH,APPROVED,0,0,600-700,<50K
CS001506,2025-05-09 20:44:22,578,117303,32.14,2,42535,credit_card,MORTGAGE,0,0,0,62.18,0,557,0.338129,VERY_HIGH,APPROVED,0,0,<600,100K+
CS001507,2025-02-24 07:55:09,822,111042,19.88,6,7074,other,RENT,3,3,45,44.03,1,698,0.015514,LOW,APPROVED,0,0,600-700,100K+
CS001508,2025-02-09 04:43:32,681,90963,12.99,3,14989,major_purchase,MORTGAGE,2,2,43,29.47,0,641,0.062593,HIGH,APPROVED,0,0,600-700,75-100K
CS001509,2025-03-20 16:53:45,682,34303,47.2,2,19641,debt_consolidation,MORTGAGE,0,0,0,72.98,0,636,0.065858,HIGH,APPROVED,0,0,600-700,<50K
CS001510,2025-04-04 19:58:33,720,59311,12.75,3,10731,credit_card,OWN,0,0,0,21.37,1,736,0.005828,LOW,APPROVED,0,0,700-800,50-75K
CS001511,2025-01-11 10:46:56,607,76136,18.21,11,13320,credit_card,MORTGAGE,2,3,25,27.6,0,619,0.157935,HIGH,APPROVED,0,0,600-700,75-100K
CS001512,2025-05-23 02:23:36,689,81965,37.03,4,20740,debt_consolidation,RENT,0,0,0,51.27,1,656,0.034518,MEDIUM,APPROVED,0,0,600-700,75-100K
CS001513,2025-04-25 03:45:53,685,45684,30.98,8,7414,other,MORTGAGE,2,4,15,51.71,1,604,0.16144,HIGH,DECLINED,1,90,600-700,<50K
CS001514,2025-02-18 08:08:57,725,87773,30.5,10,31398,home_improvement,MORTGAGE,0,0,0,98.63,0,688,0.027982,MEDIUM,APPROVED,0,0,600-700,75-100K
CS001515,2025-06-18 05:24:51,630,138297,19.14,5,23191,debt_consolidation,RENT,0,0,0,75.18,1,673,0.034241,MEDIUM,DECLINED,0,0,600-700,100K+
CS001516,2025-03-10 23:43:03,720,36214,33.84,7,31355,other,OWN,1,8,38,56.6,2,657,0.046633,HIGH,APPROVED,0,0,600-700,<50K
CS001517,2025-05-10 04:35:42,751,51645,16.57,12,9117,credit_card,MORTGAGE,1,4,24,38.63,1,727,0.006958,LOW,APPROVED,0,0,700-800,50-75K
CS001518,2025-01-14 14:55:20,702,33812,24.33,3,90000,debt_consolidation,MORTGAGE,1,2,50,66.29,0,645,0.048397,HIGH,APPROVED,0,0,600-700,<50K
CS001519,2025-05-31 16:34:37,656,31895,24.77,4,11081,debt_consolidation,RENT,0,0,0,49.41,0,628,0.076574,HIGH,APPROVED,0,0,600-700,<50K
CS001520,2025-04-13 20:52:50,639,46051,25.43,9,7103,debt_consolidation,RENT,1,4,37,66.43,0,595,0.235865,VERY_HIGH,APPROVED,0,0,<600,<50K
CS001521,2025-01-03 07:22:26,588,70907,12.46,18,26901,debt_consolidation,MORTGAGE,1,7,5,54.69,0,593,0.186808,VERY_HIGH,APPROVED,0,0,<600,50-75K
CS001522,2025-06-12 01:53:03,654,77497,23.58,5,19235,debt_consolidation,OWN,0,0,0,76.22,2,615,0.179051,HIGH,APPROVED,0,0,600-700,75-100K
CS001523,2025-01-13 03:18:23,713,57967,30.6,5,10251,credit_card,MORTGAGE,0,0,0,63.15,1,685,0.030114,MEDIUM,APPROVED,0,0,600-700,50-75K
CS001524,2025-03-21 05:20:29,768,95673,32.31,1,33977,home_improvement,MORTGAGE,1,0,47,59.62,0,720,0.010463,LOW,APPROVED,0,0,700-800,75-100K
CS001525,2025-01-21 23:13:01,743,82939,15.1,1,18878,major_purchase,OWN,1,4,33,59.77,1,696,0.02276,MEDIUM,APPROVED,0,0,600-700,75-100K
CS001526,2025-05-30 13:13:58,752,49505,18.83,4,11040,major_purchase,OWN,0,0,0,27.88,2,748,0.004315,LOW,APPROVED,0,0,700-800,<50K
CS001527,2025-03-02 01:12:09,659,79825,1.83,5,21351,home_improvement,MORTGAGE,0,0,0,38.22,3,732,0.01138,LOW,APPROVED,0,0,700-800,75-100K
CS001528,2025-03-28 16:04:11,662,62953,18.98,1,29101,home_improvement,RENT,1,4,55,55.92,1,615,0.116119,HIGH,APPROVED,0,0,600-700,50-75K
CS001529,2025-01-10 11:48:12,601,62660,29.91,3,10713,major_purchase,RENT,2,1,26,68.79,0,537,0.587491,VERY_HIGH,DECLINED,1,60,<600,50-75K
CS001530,2025-04-23 23:56:33,649,36989,15.01,10,14499,debt_consolidation,RENT,0,0,0,41.87,1,613,0.14085,HIGH,APPROVED,0,0,600-700,<50K
CS001531,2025-01-01 00:22:54,623,79764,29.69,8,8645,credit_card,OTHER,1,2,49,40.61,1,626,0.104606,HIGH,DECLINED,0,0,600-700,75-100K
CS001532,2025-04-07 16:52:24,672,43756,17.39,16,14194,home_improvement,MORTGAGE,0,0,0,78.04,2,643,0.057626,HIGH,APPROVED,0,0,600-700,<50K
CS001533,2025-01-25 02:17:40,723,115762,42.7,20,22385,debt_consolidation,RENT,0,0,0,24.84,2,685,0.024956,MEDIUM,APPROVED,0,0,600-700,100K+
CS001534,2025-01-19 01:18:29,679,55665,19.72,6,5603,major_purchase,RENT,0,0,0,60.12,1,653,0.043235,MEDIUM,APPROVED,0,0,600-700,50-75K
CS001535,2025-05-20 08:16:18,667,85821,21.88,4,35289,debt_consolidation,RENT,0,0,0,37.04,0,686,0.030071,MEDIUM,APPROVED,0,0,600-700,75-100K
CS001536,2025-03-30 11:41:19,724,50292,36.82,0,16878,credit_card,MORTGAGE,2,2,29,44.36,1,593,0.21715,VERY_HIGH,DECLINED,0,0,<600,50-75K
CS001537,2025-02-21 10:09:42,769,28600,18.59,17,66536,major_purchase,MORTGAGE,0,0,0,44.64,1,758,0.004229,LOW,APPROVED,0,0,700-800,<50K
CS001538,2025-01-23 22:16:52,745,65139,10.65,5,16470,credit_card,RENT,1,4,21,57.64,0,718,0.009136,LOW,APPROVED,0,0,700-800,50-75K
CS001539,2025-06-28 00:50:16,592,38358,34.64,0,10823,credit_card,OWN,0,0,0,32.84,0,562,0.374943,VERY_HIGH,DECLINED,0,0,<600,<50K
CS001540,2025-03-20 19:25:33,782,58908,40.27,1,34506,debt_consolidation,RENT,2,4,23,34.58,2,677,0.028744,MEDIUM,DECLINED,0,0,600-700,50-75K
CS001541,2025-05-08 23:33:24,661,50410,20.22,11,44733,major_purchase,MORTGAGE,0,0,0,26.78,1,664,0.034195,MEDIUM,APPROVED,0,0,600-700,50-75K
CS001542,2025-05-09 01:59:34,606,153324,16.66,6,36141,home_improvement,RENT,0,0,0,14.09,0,670,0.033327,MEDIUM,APPROVED,0,0,600-700,100K+
CS001543,2025-02-12 09:24:13,666,54611,22.26,10,25980,home_improvement,RENT,1,5,46,100.0,2,559,0.312005,VERY_HIGH,DECLINED,0,0,<600,50-75K
CS001544,2025-02-23 22:32:58,741,58934,12.84,10,59986,debt_consolidation,RENT,0,0,0,26.64,2,737,0.00482,LOW,APPROVED,0,0,700-800,50-75K
CS001545,2025-04-06 17:00:37,539,56589,17.59,0,15545,home_improvement,RENT,0,0,0,8.6,2,601,0.197966,VERY_HIGH,DECLINED,0,0,600-700,50-75K
CS001546,2025-02-09 13:07:37,758,129548,13.97,2,14597,home_improvement,MORTGAGE,1,4,57,43.88,1,698,0.010901,LOW,APPROVED,0,0,600-700,100K+
CS001547,2025-06-09 07:06:30,698,66199,13.21,8,14649,debt_consolidation,MORTGAGE,0,0,0,52.2,3,652,0.027162,MEDIUM,APPROVED,0,0,600-700,50-75K
CS001548,2025-04-13 02:05:29,717,62040,18.66,9,23584,home_improvement,MORTGAGE,0,0,0,65.3,2,682,0.024982,MEDIUM,APPROVED,0,30,600-700,50-75K
CS001549,2025-03-24 01:38:54,610,131559,37.43,22,35685,debt_consolidation,RENT,1,2,30,33.16,0,610,0.199483,VERY_HIGH,APPROVED,0,0,600-700,100K+
CS001550,2025-05-09 22:53:57,655,114596,22.35,16,17165,debt_consolidation,MORTGAGE,1,4,32,8.8,2,675,0.024933,MEDIUM,APPROVED,0,0,600-700,100K+
CS001551,2025-06-12 04:34:08,623,56055,20.99,11,23415,credit_card,MORTGAGE,3,3,48,100.0,3,509,0.686877,VERY_HIGH,DECLINED,1,150,<600,50-75K
CS001552,2025-05-03 07:07:52,751,30170,29.91,5,15673,debt_consolidation,MORTGAGE,0,0,0,29.42,1,705,0.012502,LOW,APPROVED,0,0,700-800,<50K
CS001553,2025-05-11 23:54:41,643,85172,25.33,25,6317,credit_card,MORTGAGE,0,0,0,27.52,1,652,0.06475,HIGH,APPROVED,0,0,600-700,75-100K
CS001554,2025-03-13 18:58:14,707,61423,39.87,1,5958,major_purchase,RENT,0,0,0,70.41,1,663,0.028935,MEDIUM,APPROVED,0,0,600-700,50-75K
CS001555,2025-04-21 22:50:41,650,43293,35.54,9,21668,debt_consolidation,OWN,0,0,0,30.03,2,611,0.136579,HIGH,APPROVED,0,0,600-700,<50K
CS001556,2025-06-09 20:54:55,594,77009,16.05,2,90000,home_improvement,RENT,0,0,0,68.98,0,577,0.278021,VERY_HIGH,DECLINED,0,0,<600,75-100K
CS001557,2025-04-05 05:24:58,735,69433,25.0,15,34345,credit_card,RENT,1,5,34,66.8,1,680,0.039502,MEDIUM,APPROVED,1,120,600-700,50-75K
CS001558,2025-02-22 06:00:41,752,37255,17.97,5,5906,other,MORTGAGE,0,0,0,68.4,1,723,0.008799,LOW,APPROVED,0,0,700-800,<50K
CS001559,2025-06-22 15:18:54,769,87733,24.19,7,14204,debt_consolidation,RENT,0,0,0,39.35,0,731,0.00596,LOW,APPROVED,0,0,700-800,75-100K
CS001560,2025-06-11 07:48:04,655,74184,17.84,5,32709,credit_card,RENT,0,0,0,11.9,1,672,0.024234,MEDIUM,APPROVED,0,0,600-700,50-75K
CS001561,2025-06-19 09:54:48,689,117807,24.96,7,27973,credit_card,RENT,1,0,33,35.5,0,667,0.026961,MEDIUM,APPROVED,0,0,600-700,100K+
CS001562,2025-03-23 22:28:13,724,58294,35.27,10,12366,other,OWN,0,0,0,48.77,0,648,0.034763,MEDIUM,APPROVED,0,0,600-700,50-75K
CS001563,2025-04-22 17:14:24,704,121510,22.84,32,20200,debt_consolidation,OWN,0,0,0,73.87,0,689,0.014143,LOW,APPROVED,0,0,600-700,100K+
CS001564,2025-05-28 20:47:56,698,63493,10.24,6,13660,debt_consolidation,RENT,2,5,8,2.37,5,649,0.047497,HIGH,APPROVED,0,0,600-700,50-75K
CS001565,2025-04-07 12:22:10,815,59717,24.14,4,16034,credit_card,MORTGAGE,1,7,59,70.19,2,741,0.005112,LOW,APPROVED,0,0,700-800,50-75K
CS001566,2025-03-29 07:14:45,663,68580,21.88,3,16747,debt_consolidation,OWN,1,1,46,8.86,0,665,0.029099,MEDIUM,APPROVED,0,0,600-700,50-75K
CS001567,2025-02-06 01:46:27,735,84067,41.04,3,90000,credit_card,RENT,1,6,19,4.47,1,666,0.041909,MEDIUM,DECLINED,0,60,600-700,75-100K
CS001568,2025-03-22 06:32:57,656,42367,13.5,1,19295,other,RENT,0,0,0,20.12,0,662,0.037913,MEDIUM,APPROVED,0,0,600-700,<50K
CS001569,2025-03-14 18:19:10,764,115302,32.27,18,22112,home_improvement,RENT,1,4,32,59.83,0,728,0.007495,LOW,APPROVED,0,0,700-800,100K+
CS001570,2025-03-23 18:28:09,672,75127,14.26,7,22787,credit_card,RENT,0,0,0,24.48,1,718,0.016596,LOW,APPROVED,0,0,700-800,75-100K
CS001571,2025-06-26 20:33:15,632,100301,32.21,1,30384,major_purchase,RENT,0,0,0,47.31,0,612,0.117015,HIGH,APPROVED,1,60,600-700,100K+
CS001572,2025-04-21 04:10:14,728,71536,26.47,9,20011,debt_consolidation,MORTGAGE,0,0,0,20.87,3,664,0.04142,MEDIUM,APPROVED,0,0,600-700,50-75K
CS001573,2025-01-17 15:50:05,689,81249,20.47,3,44790,credit_card,OTHER,0,0,0,5.18,2,711,0.015259,LOW,DECLINED,0,60,700-800,75-100K
CS001574,2025-06-23 07:40:32,665,73514,11.65,3,28688,home_improvement,MORTGAGE,1,4,27,5.49,1,708,0.009729,LOW,APPROVED,0,0,700-800,50-75K
CS001575,2025-04-11 01:32:23,674,35184,41.2,6,28239,credit_card,RENT,0,0,0,57.23,1,615,0.110712,HIGH,DECLINED,1,60,600-700,<50K
CS001576,2025-04-08 09:08:38,652,32266,16.16,2,24675,major_purchase,MORTGAGE,1,5,18,59.64,2,612,0.135605,HIGH,DECLINED,0,0,600-700,<50K
CS001577,2025-02-05 03:36:36,715,54412,21.5,9,27510,debt_consolidation,RENT,1,3,50,55.42,1,636,0.07536,HIGH,APPROVED,0,0,600-700,50-75K
CS001578,2025-02-20 14:53:05,704,160448,24.2,6,44613,debt_consolidation,OWN,2,3,31,50.2,0,653,0.052486,HIGH,APPROVED,0,0,600-700,100K+
CS001579,2025-05-02 20:05:55,778,39339,33.99,9,15313,major_purchase,RENT,0,0,0,50.36,2,675,0.030142,MEDIUM,APPROVED,0,0,600-700,<50K
CS001580,2025-01-20 21:40:31,649,79448,15.4,3,7910,credit_card,MORTGAGE,0,0,0,72.51,3,642,0.077314,HIGH,APPROVED,0,0,600-700,75-100K
CS001581,2025-05-13 21:23:09,765,106582,21.69,1,15974,debt_consolidation,RENT,1,7,32,47.43,2,717,0.008545,LOW,APPROVED,0,30,700-800,100K+
CS001582,2025-05-05 12:11:58,717,53500,33.14,8,21684,major_purchase,RENT,2,8,5,59.2,2,614,0.10295,HIGH,APPROVED,0,0,600-700,50-75K
CS001583,2025-05-13 01:28:44,608,84563,37.69,0,7353,credit_card,MORTGAGE,1,3,48,91.6,1,511,0.691213,VERY_HIGH,DECLINED,1,90,<600,75-100K
CS001584,2025-06-21 12:39:45,769,69530,31.73,11,19827,debt_consolidation,MORTGAGE,0,0,0,33.54,1,790,0.001713,LOW,APPROVED,0,0,700-800,50-75K
CS001585,2025-03-27 05:09:26,588,187723,26.85,1,13890,credit_card,MORTGAGE,1,5,30,40.46,1,637,0.059301,HIGH,APPROVED,0,0,600-700,100K+
CS001586,2025-02-15 01:43:50,714,104111,8.61,1,9430,other,MORTGAGE,0,0,0,36.58,1,727,0.008126,LOW,APPROVED,0,0,700-800,100K+
CS001587,2025-06-16 02:15:05,584,34939,12.9,2,21187,other,RENT,0,0,0,3.82,2,626,0.098282,HIGH,DECLINED,0,0,600-700,<50K
CS001588,2025-02-24 17:57:04,702,59009,33.71,2,12766,major_purchase,OWN,1,6,23,64.03,2,581,0.247289,VERY_HIGH,DECLINED,0,0,<600,50-75K
CS001589,2025-01-07 01:00:19,666,35654,29.49,19,13227,other,MORTGAGE,1,3,55,72.19,1,611,0.131445,HIGH,DECLINED,0,0,600-700,<50K
CS001590,2025-01-20 14:04:50,672,56577,22.81,3,24115,debt_consolidation,RENT,0,0,0,67.68,0,656,0.053444,HIGH,APPROVED,0,0,600-700,50-75K
CS001591,2025-03-17 02:05:06,581,43656,38.72,4,21581,debt_consolidation,MORTGAGE,1,7,29,84.63,1,534,0.572961,VERY_HIGH,DECLINED,1,150,<600,<50K
CS001592,2025-05-10 01:47:56,645,40840,30.54,5,15600,credit_card,MORTGAGE,0,0,0,10.77,4,603,0.183833,HIGH,APPROVED,0,0,600-700,<50K
CS001593,2025-01-07 04:44:47,752,123652,19.82,11,13624,credit_card,RENT,0,0,0,26.63,2,718,0.008682,LOW,APPROVED,0,0,700-800,100K+
CS001594,2025-04-22 07:16:35,722,76864,29.43,3,24442,major_purchase,RENT,1,3,34,25.16,4,635,0.082609,HIGH,APPROVED,0,0,600-700,75-100K
CS001595,2025-03-12 14:56:00,684,80078,32.23,2,36048,major_purchase,MORTGAGE,0,0,0,62.48,1,663,0.042795,MEDIUM,APPROVED,0,0,600-700,75-100K
CS001596,2025-02-28 23:24:35,681,106904,19.72,4,51259,debt_consolidation,RENT,0,0,0,27.13,1,674,0.030457,MEDIUM,APPROVED,0,30,600-700,100K+
CS001597,2025-05-21 12:31:39,652,117528,29.82,1,9429,debt_consolidation,RENT,1,7,40,41.76,0,622,0.08512,HIGH,APPROVED,1,120,600-700,100K+
CS001598,2025-06-25 22:46:47,768,74270,21.17,1,24128,credit_card,OTHER,0,0,0,52.39,3,713,0.01471,LOW,APPROVED,0,0,700-800,50-75K
CS001599,2025-06-08 13:00:41,687,27359,24.58,16,17893,home_improvement,RENT,2,4,45,56.43,1,615,0.158324,HIGH,DECLINED,0,30,600-700,<50K
CS001600,2025-04-24 00:36:24,749,104461,17.56,4,26174,home_improvement,MORTGAGE,1,5,38,57.18,2,690,0.019297,MEDIUM,APPROVED,0,30,600-700,100K+
CS001601,2025-04-02 00:55:26,607,77801,24.27,14,39058,major_purchase,RENT,0,0,0,45.08,0,640,0.09311,HIGH,APPROVED,0,0,600-700,75-100K
CS001602,2025-03-07 09:51:17,604,26283,31.24,6,21234,home_improvement,RENT,1,4,24,59.68,0,516,0.599367,VERY_HIGH,APPROVED,1,120,<600,<50K
CS001603,2025-02-14 12:15:43,765,52144,30.41,5,18457,home_improvement,RENT,3,4,48,28.44,4,655,0.048997,HIGH,APPROVED,0,0,600-700,50-75K
CS001604,2025-01-12 06:34:01,641,38073,32.25,1,33146,other,RENT,1,3,33,36.69,1,612,0.107879,HIGH,APPROVED,0,0,600-700,<50K
CS001605,2025-02-22 18:43:05,679,36008,31.92,12,23258,credit_card,RENT,0,0,0,57.42,2,610,0.091633,HIGH,APPROVED,0,0,600-700,<50K
CS001606,2025-04-08 16:47:55,717,92624,17.12,5,9826,debt_consolidation,MORTGAGE,0,0,0,38.33,2,719,0.009167,LOW,APPROVED,0,0,700-800,75-100K
CS001607,2025-05-18 19:43:00,741,44496,20.26,4,24945,major_purchase,MORTGAGE,0,0,0,39.69,2,720,0.007765,LOW,DECLINED,0,0,700-800,<50K
CS001608,2025-01-31 20:04:15,726,55885,24.83,3,15832,debt_consolidation,MORTGAGE,2,9,42,46.86,2,650,0.051716,HIGH,APPROVED,0,0,600-700,50-75K
CS001609,2025-05-30 19:48:07,721,43575,38.14,3,52205,debt_consolidation,RENT,1,2,22,23.28,2,704,0.017655,MEDIUM,APPROVED,0,0,700-800,<50K
CS001610,2025-03-04 06:33:49,781,101493,35.94,11,32843,credit_card,MORTGAGE,1,6,39,89.05,0,691,0.026816,MEDIUM,APPROVED,0,0,600-700,100K+
CS001611,2025-06-09 01:14:24,705,31078,39.18,5,19174,home_improvement,RENT,2,5,44,59.46,1,549,0.462558,VERY_HIGH,APPROVED,0,0,<600,<50K
CS001612,2025-02-19 15:36:40,741,56043,13.81,2,22484,debt_consolidation,MORTGAGE,1,5,15,67.24,0,693,0.020182,MEDIUM,APPROVED,0,0,600-700,50-75K
CS001613,2025-02-11 21:37:20,693,89225,13.43,5,8049,home_improvement,OWN,1,4,33,3.96,2,682,0.030119,MEDIUM,APPROVED,0,0,600-700,75-100K
CS001614,2025-01-01 03:10:20,700,58058,16.59,9,18461,other,RENT,0,0,0,63.03,3,694,0.018743,MEDIUM,APPROVED,0,0,600-700,50-75K
CS001615,2025-04-30 00:00:01,796,40620,9.89,8,18881,credit_card,MORTGAGE,2,3,39,94.42,1,703,0.011459,LOW,APPROVED,0,0,700-800,<50K
CS001616,2025-01-17 10:12:19,677,28955,24.57,5,8364,major_purchase,MORTGAGE,0,0,0,37.19,4,643,0.072906,HIGH,APPROVED,0,0,600-700,<50K
CS001617,2025-01-16 23:08:18,551,101318,36.54,3,11673,major_purchase,RENT,0,0,0,43.08,1,538,0.530326,VERY_HIGH,DECLINED,0,30,<600,100K+
CS001618,2025-05-19 00:39:38,695,78520,21.25,40,23749,major_purchase,MORTGAGE,0,0,0,9.45,5,728,0.013224,LOW,APPROVED,0,0,700-800,75-100K
CS001619,2025-03-17 02:55:18,702,70206,18.8,1,37180,major_purchase,RENT,1,1,18,63.49,4,659,0.037959,MEDIUM,APPROVED,0,0,600-700,50-75K
CS001620,2025-02-23 22:48:25,792,59015,33.12,28,8310,home_improvement,MORTGAGE,2,6,24,53.47,1,655,0.064033,HIGH,APPROVED,0,30,600-700,50-75K
CS001621,2025-01-13 19:49:38,670,85824,11.19,1,22848,credit_card,MORTGAGE,3,4,18,47.67,1,636,0.101078,HIGH,APPROVED,0,0,600-700,75-100K
CS001622,2025-02-02 11:05:31,627,77576,18.6,16,31730,major_purchase,MORTGAGE,1,1,40,86.94,3,552,0.415086,VERY_HIGH,APPROVED,0,0,<600,75-100K
CS001623,2025-03-24 09:37:51,698,30331,21.72,1,29034,credit_card,RENT,1,4,54,38.94,1,670,0.051899,HIGH,APPROVED,1,120,600-700,<50K
CS001624,2025-02-18 00:52:26,793,58202,22.26,0,14628,home_improvement,OWN,1,3,43,46.52,0,760,0.004669,LOW,APPROVED,0,0,700-800,50-75K
CS001625,2025-05-06 12:12:41,671,93707,10.57,2,34165,major_purchase,RENT,0,0,0,29.39,2,715,0.016032,LOW,APPROVED,0,0,700-800,75-100K
CS001626,2025-06-21 10:15:35,761,113059,22.63,4,35030,other,OWN,2,5,10,30.49,2,712,0.016607,LOW,APPROVED,0,0,700-800,100K+
CS001627,2025-05-08 19:40:30,718,20384,24.25,3,20484,other,MORTGAGE,0,0,0,45.74,0,709,0.013264,LOW,APPROVED,0,0,700-800,<50K
CS001628,2025-02-02 18:57:17,726,81459,27.57,7,9238,major_purchase,OTHER,0,0,0,62.13,3,635,0.059068,HIGH,APPROVED,0,0,600-700,75-100K
CS001629,2025-01-11 14:13:19,643,123664,31.0,0,30862,home_improvement,MORTGAGE,1,6,39,53.09,2,609,0.187608,VERY_HIGH,APPROVED,1,120,600-700,100K+
CS001630,2025-04-09 17:16:17,693,74320,12.08,2,24340,credit_card,MORTGAGE,0,0,0,66.94,2,695,0.020777,MEDIUM,APPROVED,0,0,600-700,50-75K
CS001631,2025-04-29 05:23:18,644,119041,27.87,15,32526,debt_consolidation,RENT,0,0,0,39.02,1,582,0.188188,VERY_HIGH,DECLINED,0,0,<600,100K+
CS001632,2025-04-19 10:08:26,689,53746,23.12,3,14452,debt_consolidation,OTHER,2,4,7,41.58,2,639,0.049613,HIGH,APPROVED,0,0,600-700,50-75K
CS001633,2025-05-11 20:56:48,650,66321,33.56,1,22566,credit_card,RENT,2,4,1,48.68,0,605,0.130781,HIGH,APPROVED,0,0,600-700,50-75K
CS001634,2025-05-18 17:38:32,750,53475,29.1,0,14970,other,RENT,1,6,47,26.19,1,679,0.02264,MEDIUM,APPROVED,0,0,600-700,50-75K
CS001635,2025-03-09 13:38:48,659,49528,22.42,1,5675,major_purchase,MORTGAGE,0,0,0,42.55,1,635,0.06392,HIGH,DECLINED,0,0,600-700,<50K
CS001636,2025-02-11 15:43:33,675,83655,22.99,8,25983,other,MORTGAGE,0,0,0,43.04,1,642,0.049552,HIGH,APPROVED,1,90,600-700,75-100K
CS001637,2025-02-04 06:48:21,564,56817,20.96,5,12355,debt_consolidation,OTHER,0,0,0,55.05,1,578,0.229137,VERY_HIGH,DECLINED,0,0,<600,50-75K
CS001638,2025-02-18 23:36:22,632,93994,31.51,2,21255,other,OTHER,1,4,12,69.01,1,599,0.186395,VERY_HIGH,DECLINED,0,0,<600,75-100K
CS001639,2025-05-04 02:06:51,822,78100,18.98,12,11919,major_purchase,MORTGAGE,0,0,0,47.63,1,809,0.001,LOW,APPROVED,0,0,800+,75-100K
CS001640,2025-01-05 13:28:37,665,37115,1.84,8,17463,major_purchase,RENT,0,0,0,10.51,1,737,0.004791,LOW,APPROVED,0,60,700-800,<50K
CS001641,2025-05-18 03:48:52,597,92133,28.22,1,6695,major_purchase,OTHER,0,0,0,33.2,1,611,0.152561,HIGH,DECLINED,0,0,600-700,75-100K
CS001642,2025-05-03 18:48:15,685,20685,32.61,9,33523,home_improvement,RENT,1,1,47,55.61,3,597,0.146235,HIGH,DECLINED,0,0,<600,<50K
CS001643,2025-04-28 03:27:12,673,50297,6.99,14,22863,major_purchase,MORTGAGE,1,4,35,15.38,1,683,0.013828,LOW,APPROVED,0,0,600-700,50-75K
CS001644,2025-03-26 10:34:07,658,44287,13.76,11,22769,home_improvement,MORTGAGE,1,2,13,22.96,2,653,0.050516,HIGH,APPROVED,0,0,600-700,<50K
CS001645,2025-06-26 04:10:56,669,36373,26.21,4,8483,major_purchase,MORTGAGE,0,0,0,62.59,2,626,0.084866,HIGH,APPROVED,0,0,600-700,<50K
CS001646,2025-06-06 19:30:36,659,65782,23.71,3,17660,debt_consolidation,RENT,0,0,0,54.55,2,596,0.161366,HIGH,APPROVED,0,0,<600,50-75K
CS001647,2025-06-12 08:14:35,737,109707,17.53,7,52042,major_purchase,OWN,0,0,0,38.83,2,725,0.007452,LOW,APPROVED,0,0,700-800,100K+
CS001648,2025-03-31 12:53:01,619,85393,20.13,7,12041,other,OWN,0,0,0,56.55,1,610,0.170909,HIGH,DECLINED,0,0,600-700,75-100K
CS001649,2025-04-17 06:31:51,697,68986,29.23,5,8173,major_purchase,MORTGAGE,1,10,51,58.51,0,656,0.061845,HIGH,APPROVED,0,0,600-700,50-75K
CS001650,2025-03-01 00:11:21,732,34104,34.54,5,15617,other,RENT,1,3,36,52.85,2,672,0.031138,MEDIUM,APPROVED,0,0,600-700,<50K
CS001651,2025-03-06 01:08:14,636,76342,30.92,1,23043,debt_consolidation,MORTGAGE,1,5,54,45.62,0,603,0.15926,HIGH,APPROVED,1,90,600-700,75-100K
CS001652,2025-01-03 14:26:39,811,46959,26.6,2,45719,debt_consolidation,RENT,0,0,0,41.05,3,787,0.002169,LOW,APPROVED,0,0,700-800,<50K
CS001653,2025-06-18 15:29:51,689,47043,21.21,4,57672,debt_consolidation,RENT,0,0,0,94.91,1,700,0.016748,LOW,APPROVED,0,0,700-800,<50K
CS001654,2025-01-17 20:06:55,680,69623,26.85,14,21301,home_improvement,RENT,1,5,48,46.31,1,655,0.044044,MEDIUM,APPROVED,0,0,600-700,50-75K
CS001655,2025-03-18 08:51:53,655,42875,24.79,3,17450,other,OTHER,1,3,50,47.72,1,637,0.063057,HIGH,APPROVED,0,0,600-700,<50K
CS001656,2025-05-07 10:23:40,729,43179,21.08,2,53530,debt_consolidation,MORTGAGE,0,0,0,14.75,2,716,0.008834,LOW,APPROVED,0,0,700-800,<50K
CS001657,2025-05-10 00:33:00,597,70566,32.72,8,17210,credit_card,RENT,0,0,0,36.4,3,565,0.319003,VERY_HIGH,DECLINED,1,90,<600,50-75K
CS001658,2025-06-24 05:38:22,718,46099,25.09,9,12014,home_improvement,RENT,0,0,0,38.17,0,666,0.033557,MEDIUM,APPROVED,0,0,600-700,<50K
CS001659,2025-05-19 20:35:29,808,88607,24.97,6,16613,credit_card,MORTGAGE,0,0,0,99.85,4,666,0.02727,MEDIUM,APPROVED,0,0,600-700,75-100K
CS001660,2025-06-28 03:17:02,705,33317,29.79,1,18044,debt_consolidation,RENT,0,0,0,33.83,1,696,0.023747,MEDIUM,APPROVED,0,0,600-700,<50K
CS001661,2025-05-18 02:02:23,733,85940,26.07,27,32636,credit_card,RENT,0,0,0,38.84,2,721,0.015504,LOW,APPROVED,0,0,700-800,75-100K
CS001662,2025-03-27 08:51:13,636,81898,26.15,0,26365,debt_consolidation,RENT,0,0,0,39.46,2,614,0.127311,HIGH,APPROVED,0,0,600-700,75-100K
CS001663,2025-03-23 17:07:36,731,65662,21.76,4,18380,home_improvement,RENT,0,0,0,70.73,0,682,0.01891,MEDIUM,APPROVED,0,0,600-700,50-75K
CS001664,2025-04-23 16:02:12,644,38992,40.46,1,21059,other,MORTGAGE,0,0,0,51.27,1,616,0.139167,HIGH,APPROVED,1,90,600-700,<50K
CS001665,2025-01-09 04:39:33,663,89701,17.38,4,47456,debt_consolidation,RENT,0,0,0,14.43,0,685,0.012083,LOW,APPROVED,0,0,600-700,75-100K
CS001666,2025-02-09 14:04:20,688,44649,15.7,3,40147,credit_card,RENT,1,5,5,41.18,1,686,0.015972,LOW,DECLINED,0,0,600-700,<50K
CS001667,2025-06-23 18:51:49,794,101698,16.6,5,29845,major_purchase,OWN,1,2,9,36.1,0,792,0.00122,LOW,APPROVED,0,0,700-800,100K+
CS001668,2025-03-07 13:57:02,655,78120,34.25,4,30494,credit_card,RENT,0,0,0,40.81,0,641,0.079172,HIGH,APPROVED,0,0,600-700,75-100K
CS001669,2025-04-11 10:01:23,580,39142,29.49,12,45463,home_improvement,RENT,1,5,24,47.6,1,561,0.439002,VERY_HIGH,DECLINED,0,0,<600,<50K
CS001670,2025-05-13 05:33:10,696,74420,23.44,1,31041,home_improvement,MORTGAGE,1,6,41,80.89,3,636,0.0787,HIGH,DECLINED,0,0,600-700,50-75K
CS001671,2025-02-01 07:47:01,732,85086,38.61,6,15239,debt_consolidation,RENT,0,0,0,53.73,1,699,0.019327,MEDIUM,APPROVED,1,150,600-700,75-100K
CS001672,2025-03-15 23:17:33,726,83947,18.1,2,46602,home_improvement,MORTGAGE,1,3,48,76.14,0,681,0.020367,MEDIUM,APPROVED,0,0,600-700,75-100K
CS001673,2025-06-11 03:58:03,702,64591,22.36,7,39233,home_improvement,RENT,1,4,11,59.48,2,638,0.062757,HIGH,APPROVED,0,30,600-700,50-75K
CS001674,2025-03-19 12:09:04,766,66474,18.9,7,22904,debt_consolidation,RENT,0,0,0,8.29,1,779,0.001807,LOW,APPROVED,0,0,700-800,50-75K
CS001675,2025-02-04 11:51:02,739,146951,20.55,2,18217,major_purchase,MORTGAGE,0,0,0,70.94,0,757,0.004257,LOW,APPROVED,0,0,700-800,100K+
CS001676,2025-04-11 01:42:07,737,74942,21.29,3,41455,credit_card,OTHER,2,7,16,42.99,1,653,0.050331,HIGH,APPROVED,0,0,600-700,50-75K
CS001677,2025-04-04 00:09:35,667,90707,20.53,2,25618,credit_card,OWN,1,4,55,69.97,0,730,0.009423,LOW,APPROVED,0,0,700-800,75-100K
CS001678,2025-02-14 19:06:36,609,70465,48.82,10,6963,other,MORTGAGE,1,2,21,42.58,0,551,0.375647,VERY_HIGH,DECLINED,0,0,<600,50-75K
CS001679,2025-02-06 13:27:31,780,33080,19.47,8,31678,credit_card,RENT,0,0,0,30.29,3,748,0.005004,LOW,APPROVED,0,0,700-800,<50K
CS001680,2025-03-01 05:21:21,642,84326,27.09,1,22461,credit_card,MORTGAGE,0,0,0,50.44,2,650,0.069977,HIGH,DECLINED,0,0,600-700,75-100K
CS001681,2025-05-13 17:20:14,762,58983,26.33,10,11991,other,RENT,2,4,38,28.23,0,665,0.031937,MEDIUM,APPROVED,0,0,600-700,50-75K
CS001682,2025-01-17 11:03:53,756,66406,28.01,2,12492,major_purchase,MORTGAGE,0,0,0,25.73,2,725,0.010965,LOW,APPROVED,0,0,700-800,50-75K
CS001683,2025-01-17 19:25:59,626,58579,15.2,9,23851,major_purchase,MORTGAGE,0,0,0,84.15,0,648,0.057942,HIGH,APPROVED,0,0,600-700,50-75K
CS001684,2025-06-28 18:54:01,655,44320,20.47,1,68676,debt_consolidation,OWN,0,0,0,35.31,1,642,0.057732,HIGH,APPROVED,0,0,600-700,<50K
CS001685,2025-02-16 18:56:01,715,48748,22.14,4,20145,home_improvement,OWN,0,0,0,41.91,4,658,0.053125,HIGH,APPROVED,0,30,600-700,<50K
CS001686,2025-02-25 12:34:11,745,44786,31.02,5,7362,major_purchase,MORTGAGE,0,0,0,42.79,0,684,0.021449,MEDIUM,APPROVED,0,0,600-700,<50K
CS001687,2025-04-14 21:26:15,638,78047,21.67,8,33019,debt_consolidation,RENT,1,5,10,68.99,2,616,0.150479,HIGH,APPROVED,0,0,600-700,75-100K
CS001688,2025-04-05 08:58:02,675,47809,15.63,2,10895,major_purchase,OWN,0,0,0,50.25,3,642,0.041468,MEDIUM,APPROVED,0,0,600-700,<50K
CS001689,2025-03-20 15:24:16,634,52157,20.98,10,8021,major_purchase,RENT,1,3,42,60.72,0,614,0.132194,HIGH,APPROVED,1,150,600-700,50-75K
CS001690,2025-06-23 12:05:48,624,37015,33.87,1,17097,debt_consolidation,MORTGAGE,0,0,0,36.48,1,602,0.209068,VERY_HIGH,APPROVED,0,0,600-700,<50K
CS001691,2025-04-10 01:14:45,696,98240,27.83,8,40539,credit_card,MORTGAGE,1,4,27,41.52,0,643,0.043438,MEDIUM,APPROVED,0,30,600-700,75-100K
CS001692,2025-02-26 14:09:18,664,54158,33.65,1,26211,credit_card,MORTGAGE,0,0,0,70.74,1,639,0.112291,HIGH,APPROVED,1,60,600-700,50-75K
CS001693,2025-06-12 07:22:37,578,61479,25.71,12,43454,credit_card,MORTGAGE,1,3,13,0.0,1,565,0.33397,VERY_HIGH,DECLINED,1,90,<600,50-75K
CS001694,2025-05-25 17:55:18,713,74767,8.64,2,14049,credit_card,OWN,0,0,0,91.48,3,683,0.035095,MEDIUM,APPROVED,0,0,600-700,50-75K
CS001695,2025-03-26 04:46:14,669,41847,32.29,2,21896,home_improvement,MORTGAGE,0,0,0,46.72,1,592,0.196541,VERY_HIGH,APPROVED,0,0,<600,<50K
CS001696,2025-05-03 22:24:21,668,62632,25.5,9,23793,debt_consolidation,RENT,2,5,11,71.27,0,614,0.159642,HIGH,DECLINED,0,0,600-700,50-75K
CS001697,2025-01-30 08:06:20,616,84800,15.91,9,16903,home_improvement,RENT,1,7,22,80.94,1,600,0.210492,VERY_HIGH,APPROVED,0,0,600-700,75-100K
CS001698,2025-05-04 02:13:20,730,157914,16.75,1,18412,debt_consolidation,MORTGAGE,1,3,24,8.31,1,740,0.00633,LOW,APPROVED,0,0,700-800,100K+
CS001699,2025-03-16 17:11:16,707,66063,24.98,0,19461,debt_consolidation,MORTGAGE,0,0,0,32.54,0,676,0.019577,MEDIUM,APPROVED,0,0,600-700,50-75K
CS001700,2025-02-22 23:23:40,707,55994,16.43,8,9546,debt_consolidation,RENT,0,0,0,74.77,0,713,0.0129,LOW,APPROVED,0,0,700-800,50-75K
CS001701,2025-01-31 12:23:44,686,71408,30.2,7,12156,other,RENT,1,5,34,19.31,0,680,0.017046,MEDIUM,APPROVED,0,0,600-700,50-75K
CS001702,2025-02-17 19:01:46,710,53863,33.8,8,8620,credit_card,RENT,1,1,55,16.48,3,660,0.046895,HIGH,APPROVED,0,0,600-700,50-75K
CS001703,2025-05-04 16:46:09,778,32174,10.43,22,15570,major_purchase,MORTGAGE,0,0,0,54.16,1,758,0.00369,LOW,APPROVED,0,0,700-800,<50K
CS001704,2025-06-24 01:34:11,700,54811,25.82,1,31388,debt_consolidation,RENT,0,0,0,29.9,1,654,0.046575,HIGH,APPROVED,0,0,600-700,50-75K
CS001705,2025-06-23 08:28:56,703,51388,29.92,0,20192,debt_consolidation,RENT,0,0,0,25.57,2,700,0.015644,LOW,APPROVED,0,0,700-800,50-75K
CS001706,2025-03-21 00:02:05,665,68610,21.72,4,19222,credit_card,MORTGAGE,1,7,13,65.29,2,626,0.079763,HIGH,APPROVED,0,0,600-700,50-75K
CS001707,2025-01-04 09:30:08,727,18000,27.81,7,27336,credit_card,MORTGAGE,0,0,0,34.41,2,654,0.068759,HIGH,APPROVED,0,0,600-700,<50K
CS001708,2025-04-12 21:33:25,677,63839,17.81,7,10850,credit_card,MORTGAGE,0,0,0,39.81,1,680,0.025015,MEDIUM,APPROVED,0,0,600-700,50-75K
CS001709,2025-06-19 17:11:33,650,57845,28.04,2,15598,major_purchase,RENT,0,0,0,42.95,0,610,0.189287,VERY_HIGH,DECLINED,0,0,600-700,50-75K
CS001710,2025-04-14 14:11:31,753,66069,10.74,12,19475,debt_consolidation,OWN,1,4,17,52.52,0,774,0.003938,LOW,APPROVED,0,0,700-800,50-75K
CS001711,2025-05-26 16:02:44,681,50232,19.56,10,16497,debt_consolidation,RENT,0,0,0,32.99,0,675,0.038075,MEDIUM,APPROVED,0,0,600-700,50-75K
CS001712,2025-06-25 05:50:40,642,61223,30.66,4,4344,other,OWN,1,6,27,55.16,3,607,0.207716,VERY_HIGH,DECLINED,0,0,600-700,50-75K
CS001713,2025-01-26 04:26:35,651,28767,44.55,2,5142,credit_card,RENT,1,4,45,62.87,1,527,0.544384,VERY_HIGH,DECLINED,0,0,<600,<50K
CS001714,2025-02-27 20:49:47,661,44329,20.1,0,16562,debt_consolidation,MORTGAGE,0,0,0,40.45,1,623,0.082604,HIGH,APPROVED,0,0,600-700,<50K
CS001715,2025-01-31 21:58:17,630,38152,25.21,4,10309,debt_consolidation,MORTGAGE,0,0,0,8.19,0,631,0.106339,HIGH,APPROVED,0,0,600-700,<50K
CS001716,2025-05-26 03:31:07,770,99767,33.21,10,21356,major_purchase,RENT,2,5,12,0.0,2,695,0.013263,LOW,DECLINED,0,0,600-700,75-100K
CS001717,2025-02-09 01:10:31,723,75491,24.66,16,39733,other,OWN,0,0,0,50.76,0,683,0.033298,MEDIUM,APPROVED,0,0,600-700,75-100K
CS001718,2025-05-15 18:08:33,615,45464,32.82,3,14443,debt_consolidation,MORTGAGE,0,0,0,36.48,0,624,0.098405,HIGH,APPROVED,0,0,600-700,<50K
CS001719,2025-06-19 03:55:59,755,26397,31.22,2,21985,credit_card,OWN,0,0,0,29.65,1,734,0.01069,LOW,DECLINED,0,0,700-800,<50K
CS001720,2025-01-29 07:23:28,670,61072,12.63,5,19279,other,OTHER,0,0,0,31.33,0,715,0.011512,LOW,APPROVED,0,0,700-800,50-75K
CS001721,2025-05-11 02:23:31,705,74170,24.28,7,12954,debt_consolidation,MORTGAGE,3,7,27,33.37,2,616,0.136545,HIGH,DECLINED,0,0,600-700,50-75K
CS001722,2025-02-11 09:08:47,669,35933,35.69,7,4086,other,RENT,0,0,0,66.83,1,627,0.161344,HIGH,APPROVED,0,0,600-700,<50K
CS001723,2025-06-20 09:20:25,713,60874,30.64,19,12939,credit_card,OTHER,0,0,0,54.44,2,699,0.021439,MEDIUM,APPROVED,0,0,600-700,50-75K
CS001724,2025-04-29 07:36:19,711,53063,40.07,19,14088,credit_card,MORTGAGE,1,2,41,39.38,3,673,0.03876,MEDIUM,APPROVED,0,0,600-700,50-75K
CS001725,2025-05-10 00:09:37,732,74116,28.95,1,35558,credit_card,RENT,1,4,44,70.17,1,643,0.087489,HIGH,DECLINED,0,0,600-700,50-75K
CS001726,2025-02-22 17:22:25,736,63531,29.16,4,63228,debt_consolidation,RENT,0,0,0,23.7,2,708,0.010799,LOW,APPROVED,0,0,700-800,50-75K
CS001727,2025-01-05 12:33:11,547,47901,24.86,1,14104,debt_consolidation,MORTGAGE,0,0,0,52.62,3,557,0.326821,VERY_HIGH,DECLINED,1,60,<600,<50K
CS001728,2025-05-17 16:58:55,661,52996,21.95,3,14396,major_purchase,RENT,1,3,35,30.6,1,649,0.088367,HIGH,APPROVED,0,0,600-700,50-75K
CS001729,2025-01-11 03:49:09,687,114530,22.49,8,13670,other,RENT,1,2,28,75.59,1,631,0.077074,HIGH,APPROVED,0,0,600-700,100K+
CS001730,2025-06-02 17:14:38,676,86390,20.96,2,13610,credit_card,OTHER,1,3,23,65.23,2,636,0.078397,HIGH,APPROVED,0,0,600-700,75-100K
CS001731,2025-06-22 22:25:57,607,108936,22.73,1,23072,home_improvement,OWN,0,0,0,79.66,1,617,0.09197,HIGH,APPROVED,0,0,600-700,100K+
CS001732,2025-02-08 04:59:39,666,68430,24.12,10,26144,major_purchase,MORTGAGE,0,0,0,46.28,1,644,0.077379,HIGH,APPROVED,0,0,600-700,50-75K
CS001733,2025-01-30 13:03:32,676,70855,25.64,4,22775,home_improvement,RENT,1,4,19,30.51,2,617,0.079876,HIGH,APPROVED,0,0,600-700,50-75K
CS001734,2025-06-12 01:14:38,572,118932,36.5,4,15305,debt_consolidation,RENT,0,0,0,15.38,2,593,0.208671,VERY_HIGH,APPROVED,1,150,<600,100K+
CS001735,2025-01-24 03:23:00,637,50508,30.82,7,10120,home_improvement,RENT,0,0,0,42.67,1,612,0.163665,HIGH,APPROVED,0,0,600-700,50-75K
CS001736,2025-04-13 06:35:59,725,65607,33.15,2,12231,home_improvement,OWN,1,4,43,35.87,5,628,0.121327,HIGH,APPROVED,0,0,600-700,50-75K
CS001737,2025-04-13 20:53:34,643,69284,2.44,4,32745,major_purchase,RENT,1,6,23,61.01,1,715,0.013811,LOW,APPROVED,0,0,700-800,50-75K
CS001738,2025-03-08 00:27:07,674,34049,21.16,1,23126,debt_consolidation,RENT,0,0,0,0.0,3,689,0.019368,MEDIUM,APPROVED,0,0,600-700,<50K
CS001739,2025-05-03 05:09:07,684,158849,14.76,2,13244,other,RENT,1,3,3,70.57,0,685,0.026047,MEDIUM,APPROVED,0,0,600-700,100K+
CS001740,2025-06-10 22:42:32,712,28376,9.8,31,41145,other,MORTGAGE,0,0,0,42.89,3,658,0.037289,MEDIUM,APPROVED,0,0,600-700,<50K
CS001741,2025-04-05 16:08:19,724,31594,14.94,2,8626,credit_card,OWN,2,4,29,74.14,2,678,0.033094,MEDIUM,APPROVED,0,0,600-700,<50K
CS001742,2025-06-26 07:04:21,742,40293,26.59,0,14404,debt_consolidation,MORTGAGE,0,0,0,32.46,2,709,0.017515,MEDIUM,APPROVED,0,0,700-800,<50K
CS001743,2025-05-24 10:40:35,691,66474,8.44,4,9897,major_purchase,OTHER,2,7,14,51.06,2,635,0.080093,HIGH,APPROVED,0,0,600-700,50-75K
CS001744,2025-06-15 00:41:08,696,89168,9.82,4,28345,debt_consolidation,MORTGAGE,0,0,0,53.73,2,704,0.019112,MEDIUM,DECLINED,0,0,700-800,75-100K
CS001745,2025-02-13 03:52:54,678,131436,26.51,5,41390,credit_card,RENT,0,0,0,19.32,1,697,0.018898,MEDIUM,APPROVED,0,0,600-700,100K+
CS001746,2025-01-21 12:27:38,697,82701,30.44,1,19878,debt_consolidation,RENT,0,0,0,35.39,1,662,0.038901,MEDIUM,APPROVED,0,0,600-700,75-100K
CS001747,2025-03-12 02:22:39,679,43884,21.66,3,22462,debt_consolidation,RENT,0,0,0,65.52,2,624,0.113722,HIGH,DECLINED,0,0,600-700,<50K
CS001748,2025-05-23 14:08:40,727,76335,27.62,3,12064,other,MORTGAGE,0,0,0,56.21,3,660,0.042305,MEDIUM,APPROVED,0,0,600-700,75-100K
CS001749,2025-03-29 16:29:41,725,29371,27.4,15,21132,other,MORTGAGE,1,0,31,7.23,1,680,0.025062,MEDIUM,APPROVED,0,0,600-700,<50K
CS001750,2025-03-19 03:17:34,610,121460,32.37,1,31799,major_purchase,MORTGAGE,0,0,0,27.02,1,592,0.20612,VERY_HIGH,APPROVED,0,0,<600,100K+
CS001751,2025-06-23 17:54:50,561,57366,15.62,11,15762,debt_consolidation,RENT,1,5,22,57.29,1,561,0.541873,VERY_HIGH,DECLINED,0,0,<600,50-75K
CS001752,2025-01-16 23:46:01,710,20486,11.95,1,8229,major_purchase,RENT,2,3,45,58.35,2,642,0.060841,HIGH,DECLINED,0,0,600-700,<50K
CS001753,2025-05-11 04:19:39,657,58303,41.0,2,31705,other,RENT,2,4,38,21.61,1,606,0.157856,HIGH,APPROVED,1,90,600-700,50-75K
CS001754,2025-01-03 10:16:53,601,73512,22.4,1,16173,credit_card,OTHER,1,1,59,56.4,0,577,0.35769,VERY_HIGH,APPROVED,0,0,<600,50-75K
CS001755,2025-05-08 05:39:15,739,34083,32.5,23,22956,other,OTHER,0,0,0,24.02,1,719,0.008085,LOW,APPROVED,0,0,700-800,<50K
CS001756,2025-02-01 23:29:15,769,45914,15.95,3,34998,other,RENT,2,4,15,74.66,2,677,0.027034,MEDIUM,APPROVED,0,0,600-700,<50K
CS001757,2025-06-09 15:06:34,623,50102,18.58,25,14917,credit_card,MORTGAGE,2,6,47,35.36,0,601,0.206117,VERY_HIGH,DECLINED,1,120,600-700,50-75K
CS001758,2025-04-06 01:42:25,634,59288,14.73,3,26800,debt_consolidation,MORTGAGE,1,1,38,73.71,3,615,0.117026,HIGH,APPROVED,0,0,600-700,50-75K
CS001759,2025-03-22 19:56:50,648,33216,34.8,1,10602,debt_consolidation,MORTGAGE,1,5,12,53.21,1,557,0.405662,VERY_HIGH,DECLINED,0,0,<600,<50K
CS001760,2025-02-15 11:27:29,641,79119,5.16,4,35110,credit_card,MORTGAGE,2,4,19,41.54,0,640,0.061293,HIGH,APPROVED,0,0,600-700,75-100K
CS001761,2025-04-18 13:11:09,679,50932,10.78,0,35192,home_improvement,RENT,0,0,0,67.78,1,667,0.031672,MEDIUM,APPROVED,0,0,600-700,50-75K
CS001762,2025-02-19 18:28:28,623,20876,15.01,1,13882,major_purchase,MORTGAGE,2,6,48,44.55,0,611,0.116547,HIGH,APPROVED,0,0,600-700,<50K
CS001763,2025-04-15 18:17:15,684,35197,31.32,7,6892,home_improvement,MORTGAGE,0,0,0,55.64,1,677,0.017779,MEDIUM,APPROVED,0,0,600-700,<50K
CS001764,2025-01-20 13:02:27,663,105448,11.44,13,7558,debt_consolidation,OWN,1,3,44,80.07,0,650,0.066513,HIGH,APPROVED,0,0,600-700,100K+
CS001765,2025-05-13 23:24:31,743,127759,13.11,4,16002,credit_card,RENT,0,0,0,49.95,0,751,0.003983,LOW,APPROVED,0,0,700-800,100K+
CS001766,2025-02-17 17:44:52,679,80062,15.85,4,30284,major_purchase,RENT,0,0,0,38.58,4,655,0.042571,MEDIUM,DECLINED,0,0,600-700,75-100K
CS001767,2025-03-14 07:57:56,734,60359,24.51,0,42678,home_improvement,OWN,0,0,0,66.99,2,697,0.012395,LOW,APPROVED,0,0,600-700,50-75K
CS001768,2025-03-17 13:53:31,768,46871,11.18,4,50861,home_improvement,MORTGAGE,0,0,0,45.36,2,761,0.002667,LOW,APPROVED,0,0,700-800,<50K
CS001769,2025-02-20 07:21:44,714,29554,13.95,8,13003,other,MORTGAGE,1,7,8,42.45,2,677,0.02482,MEDIUM,APPROVED,0,0,600-700,<50K
CS001770,2025-05-01 12:45:27,721,30478,11.12,1,18081,major_purchase,RENT,0,0,0,55.87,2,648,0.031625,MEDIUM,APPROVED,0,0,600-700,<50K
CS001771,2025-02-17 20:37:36,658,116118,14.11,5,22353,other,OTHER,0,0,0,44.08,1,663,0.047484,HIGH,APPROVED,0,0,600-700,100K+
CS001772,2025-01-24 09:41:49,685,19757,35.6,8,15501,major_purchase,MORTGAGE,2,2,55,36.76,2,578,0.262261,VERY_HIGH,DECLINED,0,0,<600,<50K
CS001773,2025-04-30 15:28:00,811,65261,23.52,0,44887,major_purchase,RENT,1,2,36,14.14,0,759,0.002513,LOW,APPROVED,0,0,700-800,50-75K
CS001774,2025-04-02 06:50:22,761,136427,18.68,4,62549,credit_card,RENT,1,5,1,42.12,1,748,0.003892,LOW,APPROVED,0,0,700-800,100K+
CS001775,2025-06-13 02:50:06,687,77877,23.45,3,13032,other,MORTGAGE,1,2,33,61.11,0,641,0.064764,HIGH,APPROVED,0,0,600-700,75-100K
CS001776,2025-06-10 04:33:22,663,32329,8.03,22,30861,major_purchase,RENT,1,6,33,32.86,2,681,0.027356,MEDIUM,APPROVED,0,30,600-700,<50K
CS001777,2025-02-18 17:36:30,676,53089,4.77,3,20679,major_purchase,MORTGAGE,0,0,0,36.24,0,741,0.004736,LOW,APPROVED,0,0,700-800,50-75K
CS001778,2025-06-06 23:23:02,745,80322,22.21,20,35380,home_improvement,RENT,0,0,0,63.93,0,752,0.005054,LOW,APPROVED,0,0,700-800,75-100K
CS001779,2025-06-11 04:10:26,571,38788,18.86,3,15481,home_improvement,RENT,0,0,0,87.56,1,497,0.727851,VERY_HIGH,DECLINED,0,0,<600,<50K
CS001780,2025-03-22 13:29:45,698,52963,14.56,1,9429,major_purchase,RENT,2,3,7,60.37,1,657,0.053588,HIGH,APPROVED,0,30,600-700,50-75K
CS001781,2025-06-09 17:21:50,612,93558,4.43,10,12492,debt_consolidation,RENT,0,0,0,15.75,0,663,0.034331,MEDIUM,APPROVED,0,0,600-700,75-100K
CS001782,2025-02-28 10:54:48,763,38184,18.78,4,15354,home_improvement,RENT,0,0,0,54.21,0,733,0.005874,LOW,APPROVED,0,0,700-800,<50K
CS001783,2025-02-07 16:17:47,605,60164,28.51,7,10960,other,RENT,0,0,0,41.88,2,626,0.115486,HIGH,DECLINED,1,90,600-700,50-75K
CS001784,2025-01-06 20:21:07,735,74724,13.9,4,13511,debt_consolidation,OWN,1,8,4,23.44,0,751,0.004422,LOW,APPROVED,0,0,700-800,50-75K
CS001785,2025-03-17 03:30:44,668,65646,32.84,6,25958,major_purchase,RENT,0,0,0,24.44,1,651,0.05111,HIGH,APPROVED,0,0,600-700,50-75K
CS001786,2025-03-20 15:09:17,685,64287,27.09,3,16047,debt_consolidation,MORTGAGE,0,0,0,55.7,1,643,0.07295,HIGH,APPROVED,0,0,600-700,50-75K
CS001787,2025-01-23 05:44:34,776,88370,13.92,0,15057,credit_card,MORTGAGE,0,0,0,85.98,1,696,0.015323,LOW,APPROVED,0,0,600-700,75-100K
CS001788,2025-03-07 09:14:35,684,100606,29.18,4,23841,credit_card,RENT,0,0,0,20.72,0,683,0.018582,MEDIUM,APPROVED,0,0,600-700,100K+
CS001789,2025-05-24 10:28:59,722,114601,27.92,16,19787,debt_consolidation,RENT,1,2,3,82.95,1,662,0.052162,HIGH,APPROVED,0,0,600-700,100K+
CS001790,2025-01-25 13:40:02,706,118306,21.52,1,13159,home_improvement,OTHER,0,0,0,32.5,0,733,0.006567,LOW,APPROVED,0,0,700-800,100K+
CS001791,2025-03-04 10:00:33,621,82439,24.71,5,16347,major_purchase,RENT,1,3,59,26.13,2,585,0.15742,HIGH,APPROVED,0,0,<600,75-100K
CS001792,2025-02-19 09:47:00,683,49796,13.1,1,8264,major_purchase,RENT,0,0,0,7.54,2,649,0.057901,HIGH,APPROVED,0,0,600-700,<50K
CS001793,2025-03-20 16:42:04,739,43527,26.88,7,10359,major_purchase,MORTGAGE,1,2,18,32.35,2,673,0.028056,MEDIUM,APPROVED,0,0,600-700,<50K
CS001794,2025-04-05 10:44:54,704,95679,41.5,6,25068,other,OTHER,1,5,32,2.18,0,670,0.040891,MEDIUM,APPROVED,0,0,600-700,75-100K
CS001795,2025-03-31 20:27:50,696,48932,20.23,2,27260,home_improvement,MORTGAGE,0,0,0,57.96,2,654,0.049952,HIGH,DECLINED,0,0,600-700,<50K
CS001796,2025-01-23 04:03:54,646,33533,15.38,5,17750,major_purchase,RENT,2,2,18,5.59,3,629,0.121799,HIGH,APPROVED,0,0,600-700,<50K
CS001797,2025-03-21 03:43:26,771,61469,11.53,2,12008,major_purchase,RENT,0,0,0,68.49,0,738,0.007142,LOW,APPROVED,0,0,700-800,50-75K
CS001798,2025-03-22 14:49:04,654,44284,34.37,11,39820,other,RENT,1,4,34,53.13,4,520,0.516743,VERY_HIGH,APPROVED,0,0,<600,<50K
CS001799,2025-04-01 00:44:42,785,56255,27.65,0,66554,debt_consolidation,RENT,1,4,15,65.82,3,670,0.053894,HIGH,APPROVED,0,0,600-700,50-75K
CS001800,2025-04-27 07:27:46,696,28751,21.87,6,17300,other,RENT,0,0,0,72.81,1,682,0.027752,MEDIUM,APPROVED,0,0,600-700,<50K
CS001801,2025-04-30 16:02:00,725,47001,25.06,11,41138,other,RENT,0,0,0,59.93,1,682,0.027585,MEDIUM,APPROVED,1,120,600-700,<50K
CS001802,2025-05-29 22:57:33,607,101806,13.25,34,21214,home_improvement,MORTGAGE,0,0,0,70.76,0,663,0.058998,HIGH,APPROVED,0,0,600-700,100K+
CS001803,2025-04-12 19:26:46,692,64777,17.14,1,24701,other,RENT,1,7,55,41.73,4,670,0.028732,MEDIUM,APPROVED,0,0,600-700,50-75K
CS001804,2025-02-10 02:32:14,633,36110,20.51,1,38261,credit_card,OWN,1,2,36,26.1,0,688,0.021199,MEDIUM,APPROVED,0,0,600-700,<50K
CS001805,2025-06-14 01:05:12,691,44523,24.64,2,27317,credit_card,MORTGAGE,0,0,0,42.8,3,648,0.045145,MEDIUM,APPROVED,0,0,600-700,<50K
CS001806,2025-02-20 05:35:39,753,83844,29.93,20,42468,credit_card,MORTGAGE,0,0,0,69.84,2,687,0.030528,MEDIUM,APPROVED,0,0,600-700,75-100K
CS001807,2025-06-18 14:35:31,706,60521,28.3,14,40179,debt_consolidation,RENT,0,0,0,72.99,0,679,0.033979,MEDIUM,APPROVED,0,0,600-700,50-75K
CS001808,2025-01-02 11:42:42,700,69371,8.24,3,9291,home_improvement,MORTGAGE,0,0,0,42.63,3,691,0.025958,MEDIUM,APPROVED,0,0,600-700,50-75K
CS001809,2025-03-31 10:48:57,740,29576,31.34,5,13379,debt_consolidation,MORTGAGE,1,4,8,30.72,1,649,0.036296,MEDIUM,APPROVED,0,0,600-700,<50K
CS001810,2025-05-07 19:49:40,620,59779,28.56,3,15116,debt_consolidation,RENT,0,0,0,5.99,2,568,0.225029,VERY_HIGH,APPROVED,0,0,<600,50-75K
CS001811,2025-01-27 16:01:06,693,51110,19.04,5,12977,credit_card,RENT,2,5,17,79.78,2,613,0.145843,HIGH,APPROVED,0,0,600-700,50-75K
CS001812,2025-02-13 08:32:23,653,53001,23.07,1,35129,other,RENT,0,0,0,75.3,1,637,0.124083,HIGH,APPROVED,0,0,600-700,50-75K
CS001813,2025-05-16 15:49:54,748,140432,27.97,14,24656,home_improvement,RENT,1,6,31,65.38,1,689,0.025023,MEDIUM,APPROVED,0,0,600-700,100K+
CS001814,2025-02-26 17:40:46,648,47170,37.33,0,21574,home_improvement,RENT,0,0,0,52.16,2,562,0.369349,VERY_HIGH,DECLINED,0,0,<600,<50K
CS001815,2025-02-10 10:04:05,777,43670,29.38,6,9100,debt_consolidation,RENT,1,3,57,0.0,2,727,0.007843,LOW,APPROVED,0,0,700-800,<50K
CS001816,2025-04-11 16:21:06,801,55078,31.52,8,18833,other,RENT,0,0,0,42.76,0,738,0.004042,LOW,APPROVED,0,0,700-800,50-75K
CS001817,2025-01-01 15:52:06,570,30999,30.34,3,45370,home_improvement,MORTGAGE,0,0,0,5.84,1,597,0.241324,VERY_HIGH,APPROVED,0,0,<600,<50K
CS001818,2025-01-29 15:49:19,679,41727,27.9,1,50260,debt_consolidation,MORTGAGE,2,6,9,70.57,1,622,0.102024,HIGH,DECLINED,0,0,600-700,<50K
CS001819,2025-02-07 19:58:31,600,32147,18.19,6,18959,credit_card,MORTGAGE,0,0,0,65.14,0,600,0.161597,HIGH,DECLINED,0,0,600-700,<50K
CS001820,2025-05-18 04:53:01,757,55939,29.23,1,9308,credit_card,MORTGAGE,0,0,0,25.45,3,689,0.020092,MEDIUM,APPROVED,0,0,600-700,50-75K
CS001821,2025-06-11 21:11:23,640,44971,17.39,6,41661,other,MORTGAGE,1,6,56,52.7,2,584,0.214571,VERY_HIGH,APPROVED,0,0,<600,<50K
CS001822,2025-01-29 13:36:38,723,25110,28.42,3,30995,other,OTHER,1,5,48,87.97,0,597,0.141506,HIGH,DECLINED,0,0,<600,<50K
CS001823,2025-04-22 05:39:17,706,44646,32.72,12,13214,other,MORTGAGE,0,0,0,46.75,0,674,0.026055,MEDIUM,APPROVED,0,0,600-700,<50K
CS001824,2025-02-25 18:40:53,637,34892,39.43,1,26995,debt_consolidation,MORTGAGE,1,3,12,13.91,1,634,0.087419,HIGH,APPROVED,0,0,600-700,<50K
CS001825,2025-02-22 16:07:00,604,22092,27.65,8,5888,debt_consolidation,MORTGAGE,0,0,0,43.27,2,542,0.456473,VERY_HIGH,DECLINED,0,0,<600,<50K
CS001826,2025-02-18 17:17:11,751,51175,20.31,2,51377,major_purchase,MORTGAGE,0,0,0,59.43,0,751,0.0036,LOW,APPROVED,0,0,700-800,50-75K
CS001827,2025-04-30 11:57:51,655,115952,27.52,1,21252,other,OTHER,0,0,0,51.93,3,668,0.047558,HIGH,APPROVED,1,120,600-700,100K+
CS001828,2025-01-29 08:31:31,704,18000,30.12,3,12253,major_purchase,RENT,1,5,51,75.16,0,629,0.116887,HIGH,DECLINED,0,0,600-700,<50K
CS001829,2025-03-15 01:58:15,768,55812,32.48,0,21965,credit_card,MORTGAGE,0,0,0,62.01,0,739,0.005643,LOW,APPROVED,0,0,700-800,50-75K
CS001830,2025-01-07 12:20:05,687,122225,25.73,17,5669,home_improvement,OWN,0,0,0,46.44,0,699,0.016828,MEDIUM,APPROVED,0,0,600-700,100K+
CS001831,2025-03-24 06:05:13,672,101973,25.19,13,33317,debt_consolidation,OWN,0,0,0,36.3,0,674,0.058758,HIGH,APPROVED,0,0,600-700,100K+
CS001832,2025-01-25 17:15:47,632,126766,23.49,29,63143,debt_consolidation,MORTGAGE,0,0,0,60.48,1,568,0.211109,VERY_HIGH,DECLINED,0,0,<600,100K+
CS001833,2025-03-27 20:34:56,715,162061,22.04,0,21864,major_purchase,MORTGAGE,0,0,0,13.24,0,753,0.008872,LOW,APPROVED,0,0,700-800,100K+
CS001834,2025-03-08 10:49:47,643,82198,12.73,12,11845,other,RENT,0,0,0,54.97,1,640,0.085777,HIGH,APPROVED,0,0,600-700,75-100K
CS001835,2025-05-27 20:32:43,595,143453,36.85,5,17324,major_purchase,RENT,1,5,23,72.78,0,551,0.418249,VERY_HIGH,APPROVED,1,150,<600,100K+
CS001836,2025-01-19 03:32:36,656,130638,32.99,11,29426,debt_consolidation,RENT,0,0,0,11.61,0,653,0.043765,MEDIUM,APPROVED,0,0,600-700,100K+
CS001837,2025-02-25 09:09:23,654,58708,12.81,0,17853,debt_consolidation,MORTGAGE,3,2,22,56.66,2,560,0.32732,VERY_HIGH,DECLINED,0,0,<600,50-75K
CS001838,2025-03-31 14:32:43,598,35570,23.87,4,17510,major_purchase,RENT,0,0,0,39.3,0,600,0.148928,HIGH,APPROVED,1,60,600-700,<50K
CS001839,2025-05-16 20:22:14,675,207106,16.26,10,23367,major_purchase,RENT,1,2,49,39.29,1,652,0.049295,HIGH,APPROVED,0,0,600-700,100K+
CS001840,2025-06-15 05:23:27,734,130917,30.26,2,16227,debt_consolidation,MORTGAGE,0,0,0,15.89,2,699,0.022803,MEDIUM,APPROVED,0,0,600-700,100K+
CS001841,2025-02-28 06:07:10,720,72544,16.99,3,28224,credit_card,OWN,1,2,50,30.84,4,725,0.010085,LOW,APPROVED,0,0,700-800,50-75K
CS001842,2025-01-30 02:58:30,801,50128,19.14,6,22310,major_purchase,MORTGAGE,0,0,0,40.44,1,793,0.001365,LOW,APPROVED,0,0,700-800,50-75K
CS001843,2025-06-17 12:09:07,752,35995,20.35,7,12790,other,MORTGAGE,1,7,1,33.91,3,684,0.034058,MEDIUM,APPROVED,1,150,600-700,<50K
CS001844,2025-06-09 10:46:16,703,81353,26.07,7,59697,debt_consolidation,OWN,1,3,12,35.1,3,622,0.09215,HIGH,DECLINED,0,0,600-700,75-100K
CS001845,2025-04-26 21:21:50,575,63226,15.78,7,20801,debt_consolidation,RENT,1,5,4,71.0,3,571,0.367345,VERY_HIGH,DECLINED,1,60,<600,50-75K
CS001846,2025-05-02 10:51:13,701,50268,26.11,2,19690,home_improvement,MORTGAGE,1,4,58,8.81,2,626,0.09685,HIGH,DECLINED,0,30,600-700,50-75K
CS001847,2025-03-10 14:09:27,757,59386,27.01,8,36073,debt_consolidation,MORTGAGE,1,5,5,59.25,0,692,0.025967,MEDIUM,APPROVED,0,30,600-700,50-75K
CS001848,2025-02-07 07:20:48,674,90041,42.27,1,16947,credit_card,MORTGAGE,0,0,0,57.85,2,630,0.067092,HIGH,APPROVED,1,60,600-700,75-100K
CS001849,2025-02-17 12:33:20,769,74980,20.1,13,21800,home_improvement,MORTGAGE,1,4,15,29.03,2,727,0.006433,LOW,APPROVED,0,0,700-800,50-75K
CS001850,2025-03-27 09:52:00,638,84727,25.01,1,27263,credit_card,OWN,0,0,0,65.72,1,648,0.086145,HIGH,APPROVED,0,0,600-700,75-100K
CS001851,2025-05-19 03:19:50,704,39219,22.94,11,22903,credit_card,OWN,0,0,0,47.81,1,695,0.016606,LOW,APPROVED,0,0,600-700,<50K
CS001852,2025-01-12 13:36:52,736,151882,13.08,5,73310,debt_consolidation,RENT,1,2,7,71.23,0,726,0.009592,LOW,APPROVED,0,0,700-800,100K+
CS001853,2025-05-01 12:45:03,784,92199,18.72,17,12998,credit_card,MORTGAGE,1,4,39,38.2,2,786,0.001809,LOW,APPROVED,0,0,700-800,75-100K
CS001854,2025-03-28 13:36:53,687,77307,30.67,3,11985,credit_card,OWN,1,2,52,74.48,0,641,0.082972,HIGH,APPROVED,0,60,600-700,75-100K
CS001855,2025-05-31 07:26:03,799,84563,31.74,10,15092,other,MORTGAGE,0,0,0,70.41,0,700,0.009694,LOW,APPROVED,0,0,700-800,75-100K
CS001856,2025-04-23 13:34:35,670,50494,7.57,11,22899,major_purchase,MORTGAGE,1,3,54,44.86,1,650,0.038376,MEDIUM,APPROVED,0,0,600-700,50-75K
CS001857,2025-02-02 11:53:03,589,85166,28.34,0,20013,home_improvement,RENT,1,8,18,53.26,0,530,0.428003,VERY_HIGH,APPROVED,1,90,<600,75-100K
CS001858,2025-02-21 16:23:49,683,75919,32.41,5,46652,home_improvement,MORTGAGE,1,2,35,32.37,2,651,0.052112,HIGH,APPROVED,0,0,600-700,75-100K
CS001859,2025-06-20 12:52:05,767,73747,36.25,16,24130,debt_consolidation,MORTGAGE,1,3,48,19.65,2,694,0.009881,LOW,APPROVED,0,0,600-700,50-75K
CS001860,2025-01-02 16:24:05,670,148087,43.82,3,53448,other,MORTGAGE,0,0,0,91.92,0,625,0.117052,HIGH,DECLINED,0,0,600-700,100K+
CS001861,2025-06-26 18:02:49,782,103808,39.04,0,14244,credit_card,RENT,0,0,0,61.62,0,688,0.014844,LOW,APPROVED,0,0,600-700,100K+
CS001862,2025-02-23 11:58:00,678,55788,38.95,2,21219,debt_consolidation,RENT,1,3,45,80.23,2,574,0.238607,VERY_HIGH,APPROVED,1,90,<600,50-75K
CS001863,2025-06-07 16:00:55,796,41263,9.22,3,24884,major_purchase,MORTGAGE,1,5,37,39.41,3,736,0.006616,LOW,APPROVED,0,0,700-800,<50K
CS001864,2025-06-16 15:27:15,565,89279,18.02,21,25545,home_improvement,RENT,0,0,0,55.6,1,597,0.266712,VERY_HIGH,APPROVED,0,0,<600,75-100K
CS001865,2025-01-10 18:29:17,818,52385,25.51,0,29999,credit_card,OWN,0,0,0,34.95,2,811,0.000915,LOW,APPROVED,0,0,800+,50-75K
CS001866,2025-04-01 11:11:52,574,66074,19.13,5,24857,debt_consolidation,OTHER,1,5,33,21.35,4,589,0.200675,VERY_HIGH,APPROVED,0,0,<600,50-75K
CS001867,2025-06-11 07:40:18,686,62373,29.8,35,48491,other,RENT,2,1,28,40.55,5,589,0.296718,VERY_HIGH,DECLINED,0,0,<600,50-75K
CS001868,2025-06-02 03:21:41,622,33612,16.79,8,23592,credit_card,RENT,0,0,0,39.73,3,627,0.087978,HIGH,APPROVED,1,150,600-700,<50K
CS001869,2025-03-29 02:50:57,707,92707,10.82,3,13386,other,RENT,1,5,33,30.02,2,701,0.012913,LOW,APPROVED,1,60,700-800,75-100K
CS001870,2025-02-25 20:18:34,677,60675,18.52,16,5350,major_purchase,OWN,0,0,0,56.54,0,638,0.055853,HIGH,APPROVED,0,0,600-700,50-75K
CS001871,2025-03-13 18:38:51,672,49582,11.68,6,90000,debt_consolidation,RENT,1,2,22,69.44,1,662,0.034224,MEDIUM,APPROVED,0,0,600-700,<50K
CS001872,2025-03-23 00:31:40,725,75049,5.23,7,13891,credit_card,RENT,1,2,56,21.24,1,759,0.003969,LOW,APPROVED,0,0,700-800,75-100K
CS001873,2025-03-08 06:48:27,743,60029,26.21,0,17923,other,RENT,1,3,54,86.33,2,644,0.047783,HIGH,DECLINED,0,0,600-700,50-75K
CS001874,2025-03-28 06:32:23,670,49399,19.32,0,19054,other,MORTGAGE,0,0,0,54.92,2,656,0.048909,HIGH,APPROVED,0,0,600-700,<50K
CS001875,2025-06-06 23:41:00,759,19887,18.41,6,59115,debt_consolidation,RENT,0,0,0,81.03,1,701,0.010832,LOW,APPROVED,0,0,700-800,<50K
CS001876,2025-02-27 17:10:12,591,71112,14.54,0,18205,credit_card,OWN,1,6,10,40.35,0,619,0.127766,HIGH,DECLINED,0,0,600-700,50-75K
CS001877,2025-01-01 14:05:24,629,123962,30.13,2,16606,debt_consolidation,RENT,0,0,0,60.16,0,630,0.057526,HIGH,APPROVED,0,0,600-700,100K+
CS001878,2025-01-22 05:37:26,611,71951,23.69,4,16725,debt_consolidation,OTHER,0,0,0,51.77,0,614,0.132493,HIGH,APPROVED,0,0,600-700,50-75K
CS001879,2025-04-08 07:13:33,716,72478,20.68,1,11168,other,RENT,0,0,0,20.57,0,715,0.012548,LOW,APPROVED,0,0,700-800,50-75K
CS001880,2025-03-14 04:40:25,740,66862,16.37,1,19544,home_improvement,OWN,1,3,37,23.2,0,738,0.003586,LOW,APPROVED,0,0,700-800,50-75K
CS001881,2025-03-20 04:58:04,664,57289,26.68,7,31046,credit_card,OWN,0,0,0,20.8,0,653,0.043451,MEDIUM,APPROVED,0,0,600-700,50-75K
CS001882,2025-05-04 07:14:06,652,36857,25.58,2,24913,home_improvement,RENT,0,0,0,57.76,1,648,0.045159,MEDIUM,APPROVED,0,30,600-700,<50K
CS001883,2025-02-27 18:22:40,621,241490,33.62,14,23519,debt_consolidation,RENT,0,0,0,70.25,0,594,0.193418,VERY_HIGH,APPROVED,0,0,<600,100K+
CS001884,2025-03-05 11:04:38,727,72721,15.67,11,30940,credit_card,MORTGAGE,1,6,14,59.75,2,693,0.023024,MEDIUM,APPROVED,0,0,600-700,50-75K
CS001885,2025-01-07 20:29:19,753,67713,31.44,12,81939,home_improvement,MORTGAGE,0,0,0,48.87,1,713,0.009314,LOW,APPROVED,0,0,700-800,50-75K
CS001886,2025-05-23 11:47:23,657,89308,22.29,4,13744,major_purchase,MORTGAGE,0,0,0,75.18,2,637,0.053584,HIGH,DECLINED,0,0,600-700,75-100K
CS001887,2025-05-15 08:19:08,678,197230,25.1,1,19215,credit_card,RENT,0,0,0,48.91,1,720,0.019574,MEDIUM,APPROVED,0,0,700-800,100K+
CS001888,2025-01-23 22:08:41,665,29610,19.9,3,38063,debt_consolidation,RENT,0,0,0,70.87,1,652,0.048358,HIGH,APPROVED,0,0,600-700,<50K
CS001889,2025-02-05 19:49:30,687,89358,36.08,2,32033,debt_consolidation,MORTGAGE,0,0,0,0.0,2,610,0.13872,HIGH,APPROVED,0,0,600-700,75-100K
CS001890,2025-04-03 08:02:44,714,37526,28.53,18,6174,debt_consolidation,RENT,1,4,50,40.48,2,672,0.03324,MEDIUM,APPROVED,0,0,600-700,<50K
CS001891,2025-05-25 10:55:00,562,51683,15.73,3,20718,other,MORTGAGE,2,5,38,44.57,2,564,0.425553,VERY_HIGH,DECLINED,1,150,<600,50-75K
CS001892,2025-01-07 19:25:47,658,67486,22.36,2,20492,credit_card,RENT,0,0,0,92.61,1,628,0.077191,HIGH,DECLINED,1,120,600-700,50-75K
CS001893,2025-05-18 09:39:34,734,54545,21.14,11,26989,home_improvement,OWN,1,4,55,52.96,3,695,0.018682,MEDIUM,APPROVED,0,30,600-700,50-75K
CS001894,2025-03-03 01:54:04,637,69693,1.88,2,14390,credit_card,RENT,0,0,0,57.71,0,658,0.045361,HIGH,DECLINED,0,0,600-700,50-75K
CS001895,2025-05-26 21:24:06,760,49121,26.89,3,43427,home_improvement,RENT,0,0,0,77.8,0,692,0.022783,MEDIUM,APPROVED,0,0,600-700,<50K
CS001896,2025-02-10 22:54:42,769,227660,26.67,2,9776,credit_card,RENT,1,6,48,69.61,2,678,0.021946,MEDIUM,APPROVED,0,0,600-700,100K+
CS001897,2025-03-08 18:36:53,635,47532,19.96,7,16028,credit_card,MORTGAGE,1,1,2,34.72,1,612,0.115342,HIGH,APPROVED,0,0,600-700,<50K
CS001898,2025-02-19 15:41:57,644,29891,33.7,0,19614,credit_card,MORTGAGE,1,2,38,59.08,1,570,0.255647,VERY_HIGH,DECLINED,0,0,<600,<50K
CS001899,2025-02-23 11:36:12,763,73086,29.44,3,90000,credit_card,RENT,0,0,0,57.98,1,724,0.009988,LOW,APPROVED,0,0,700-800,50-75K
CS001900,2025-03-30 14:42:20,595,74602,21.08,1,19223,other,MORTGAGE,1,4,23,31.28,3,596,0.188687,VERY_HIGH,APPROVED,0,0,<600,50-75K
CS001901,2025-05-29 19:01:08,629,34673,22.57,8,46729,other,OTHER,0,0,0,82.5,4,561,0.468858,VERY_HIGH,APPROVED,0,0,<600,<50K
CS001902,2025-06-14 08:00:58,596,108458,37.3,14,8895,other,RENT,0,0,0,50.94,3,530,0.50649,VERY_HIGH,DECLINED,1,90,<600,100K+
CS001903,2025-05-30 02:28:49,690,61066,13.58,4,22050,credit_card,OWN,1,2,26,35.77,1,707,0.021564,MEDIUM,APPROVED,0,0,700-800,50-75K
CS001904,2025-06-07 00:47:30,709,108920,42.5,2,20657,home_improvement,RENT,0,0,0,31.05,1,644,0.048991,HIGH,APPROVED,0,0,600-700,100K+
CS001905,2025-04-15 23:17:40,716,90271,26.02,3,18935,other,RENT,1,2,1,54.3,2,632,0.087436,HIGH,APPROVED,0,0,600-700,75-100K
CS001906,2025-06-27 21:07:57,705,141134,36.71,4,17080,major_purchase,MORTGAGE,0,0,0,51.4,2,639,0.095841,HIGH,APPROVED,0,0,600-700,100K+
CS001907,2025-01-20 20:28:07,609,75738,13.7,8,18585,debt_consolidation,RENT,0,0,0,15.68,1,648,0.048894,HIGH,APPROVED,0,0,600-700,75-100K
CS001908,2025-04-16 21:54:54,756,47327,21.11,3,18475,other,MORTGAGE,0,0,0,44.44,0,746,0.005591,LOW,APPROVED,0,0,700-800,<50K
CS001909,2025-05-18 16:52:34,685,55766,19.35,11,17202,other,MORTGAGE,1,3,39,36.62,2,698,0.023415,MEDIUM,APPROVED,0,0,600-700,50-75K
CS001910,2025-06-29 05:26:40,666,71107,14.93,0,37785,home_improvement,MORTGAGE,2,4,42,0.0,0,679,0.01366,LOW,APPROVED,0,0,600-700,50-75K
CS001911,2025-04-24 23:05:55,786,57749,44.42,5,53718,debt_consolidation,MORTGAGE,0,0,0,36.95,6,638,0.0523,HIGH,DECLINED,0,0,600-700,50-75K
CS001912,2025-02-22 20:23:01,696,57854,29.77,1,11423,credit_card,RENT,0,0,0,0.0,2,714,0.010465,LOW,APPROVED,0,30,700-800,50-75K
CS001913,2025-03-19 00:15:50,709,86431,25.31,1,33149,home_improvement,OWN,2,6,47,47.2,1,594,0.188487,VERY_HIGH,DECLINED,0,0,<600,75-100K
CS001914,2025-01-19 18:03:23,736,75266,25.81,10,23755,credit_card,RENT,0,0,0,35.38,1,716,0.011134,LOW,APPROVED,0,0,700-800,75-100K
CS001915,2025-04-27 20:09:46,803,62597,40.56,5,15952,other,RENT,0,0,0,63.02,1,755,0.004373,LOW,APPROVED,0,0,700-800,50-75K
CS001916,2025-05-18 09:05:44,688,40340,40.24,2,11379,debt_consolidation,RENT,0,0,0,33.82,2,635,0.050026,HIGH,APPROVED,0,0,600-700,<50K
CS001917,2025-05-21 06:45:57,728,39072,30.49,11,42234,major_purchase,RENT,0,0,0,77.11,4,685,0.028001,MEDIUM,APPROVED,0,0,600-700,<50K
CS001918,2025-06-04 04:04:25,555,77020,30.99,1,14393,credit_card,RENT,1,2,29,31.25,1,547,0.492642,VERY_HIGH,DECLINED,0,0,<600,75-100K
CS001919,2025-02-15 10:17:29,633,110566,15.85,5,17396,credit_card,RENT,0,0,0,57.05,2,627,0.077858,HIGH,APPROVED,0,0,600-700,100K+
CS001920,2025-03-26 14:18:36,806,96321,29.53,0,29707,credit_card,OTHER,2,4,59,34.02,0,745,0.005445,LOW,APPROVED,0,0,700-800,75-100K
CS001921,2025-01-26 17:31:08,802,33261,32.58,2,12230,home_improvement,MORTGAGE,3,1,22,84.68,3,598,0.220911,VERY_HIGH,APPROVED,0,0,<600,<50K
CS001922,2025-01-27 21:31:01,679,65594,23.39,0,18777,home_improvement,MORTGAGE,1,6,9,43.17,3,645,0.054112,HIGH,APPROVED,1,90,600-700,50-75K
CS001923,2025-05-09 11:47:35,637,73483,5.26,10,10302,credit_card,MORTGAGE,2,1,36,41.74,0,685,0.019067,MEDIUM,APPROVED,1,90,600-700,50-75K
CS001924,2025-05-30 11:06:36,610,98281,14.77,2,8174,credit_card,RENT,0,0,0,27.87,3,645,0.067424,HIGH,APPROVED,0,0,600-700,75-100K
CS001925,2025-05-06 10:15:54,620,80688,21.27,1,18717,credit_card,MORTGAGE,0,0,0,25.05,3,620,0.120874,HIGH,APPROVED,0,0,600-700,75-100K
CS001926,2025-06-13 22:02:38,655,50372,25.9,7,6989,debt_consolidation,RENT,0,0,0,54.34,2,617,0.179187,HIGH,APPROVED,1,120,600-700,50-75K
CS001927,2025-05-09 16:34:38,589,40891,14.89,8,8519,home_improvement,MORTGAGE,0,0,0,57.81,1,581,0.217121,VERY_HIGH,DECLINED,0,0,<600,<50K
CS001928,2025-05-02 19:32:26,682,49702,30.7,1,28643,debt_consolidation,RENT,0,0,0,26.37,2,640,0.05355,HIGH,DECLINED,1,60,600-700,<50K
CS001929,2025-02-19 15:21:11,678,60369,12.82,8,11629,debt_consolidation,OTHER,1,1,49,53.31,1,663,0.034153,MEDIUM,APPROVED,0,0,600-700,50-75K
CS001930,2025-05-04 16:13:11,617,49631,43.91,12,26558,home_improvement,RENT,1,4,55,19.99,1,557,0.492805,VERY_HIGH,DECLINED,0,0,<600,<50K
CS001931,2025-02-04 08:15:20,614,137604,29.22,6,22549,home_improvement,OWN,0,0,0,36.05,2,609,0.172504,HIGH,DECLINED,0,0,600-700,100K+
CS001932,2025-01-25 05:35:41,621,162712,34.02,8,9790,credit_card,RENT,3,1,18,85.58,0,538,0.650431,VERY_HIGH,DECLINED,1,60,<600,100K+
CS001933,2025-01-30 23:45:37,660,56707,21.72,6,27256,home_improvement,OWN,1,4,4,66.34,2,583,0.194272,VERY_HIGH,DECLINED,0,0,<600,50-75K
CS001934,2025-01-22 00:59:26,675,57477,25.51,12,27923,debt_consolidation,MORTGAGE,1,4,28,64.13,4,549,0.401343,VERY_HIGH,DECLINED,0,0,<600,50-75K
CS001935,2025-04-06 03:05:35,720,30177,9.72,1,10397,other,RENT,0,0,0,43.01,1,703,0.013784,LOW,APPROVED,0,0,700-800,<50K
CS001936,2025-01-27 16:05:43,588,123428,15.47,10,27234,credit_card,RENT,1,5,46,34.41,0,600,0.223557,VERY_HIGH,APPROVED,0,0,600-700,100K+
CS001937,2025-05-13 20:01:08,668,91095,24.35,6,17122,credit_card,OWN,2,4,15,34.84,1,614,0.100957,HIGH,DECLINED,0,0,600-700,75-100K
CS001938,2025-03-10 04:18:47,689,99108,21.44,10,36985,major_purchase,RENT,0,0,0,76.75,2,631,0.090916,HIGH,APPROVED,0,0,600-700,75-100K
CS001939,2025-05-10 13:30:38,706,55719,21.59,14,6186,home_improvement,RENT,1,4,14,59.17,1,660,0.043016,MEDIUM,APPROVED,0,0,600-700,50-75K
CS001940,2025-06-02 11:34:00,736,56724,26.38,3,26079,debt_consolidation,OWN,1,4,22,70.41,0,695,0.016927,MEDIUM,APPROVED,0,0,600-700,50-75K
CS001941,2025-03-30 11:16:27,665,55687,29.69,9,5203,home_improvement,MORTGAGE,1,7,37,17.11,1,599,0.177433,HIGH,APPROVED,0,0,<600,50-75K
CS001942,2025-06-18 05:01:52,758,63710,13.24,8,18031,home_improvement,MORTGAGE,1,5,10,32.89,0,769,0.003009,LOW,APPROVED,0,0,700-800,50-75K
CS001943,2025-03-31 06:03:34,818,90956,31.6,9,18781,credit_card,RENT,0,0,0,43.21,1,816,0.000938,LOW,APPROVED,0,0,800+,75-100K
CS001944,2025-02-09 07:26:52,713,107403,37.39,5,53802,debt_consolidation,RENT,0,0,0,48.53,0,702,0.012441,LOW,APPROVED,0,0,700-800,100K+
CS001945,2025-02-11 23:46:06,777,54948,12.38,11,22867,debt_consolidation,MORTGAGE,2,2,50,93.48,1,714,0.013694,LOW,APPROVED,0,0,700-800,50-75K
CS001946,2025-03-05 21:01:42,744,39462,7.14,1,19713,credit_card,MORTGAGE,1,4,28,51.73,0,739,0.006812,LOW,APPROVED,0,0,700-800,<50K
CS001947,2025-04-13 14:49:24,714,115886,28.96,3,34107,major_purchase,RENT,0,0,0,70.73,0,685,0.024993,MEDIUM,APPROVED,0,0,600-700,100K+
CS001948,2025-03-15 18:15:35,677,22333,15.76,1,24832,major_purchase,RENT,0,0,0,49.65,1,647,0.047713,HIGH,APPROVED,0,0,600-700,<50K
CS001949,2025-06-27 08:04:46,704,75207,26.15,3,23822,credit_card,RENT,2,4,2,65.37,1,618,0.14246,HIGH,APPROVED,0,0,600-700,75-100K
CS001950,2025-01-06 09:48:24,806,44152,24.22,8,26182,home_improvement,OTHER,1,7,13,46.94,2,719,0.007878,LOW,APPROVED,0,0,700-800,<50K
CS001951,2025-05-24 21:46:45,694,61883,22.58,8,33562,major_purchase,OTHER,0,0,0,90.96,2,620,0.103027,HIGH,APPROVED,1,120,600-700,50-75K
CS001952,2025-02-09 20:37:31,646,35216,23.86,9,7736,other,OWN,1,4,19,41.62,0,611,0.186109,VERY_HIGH,APPROVED,0,30,600-700,<50K
CS001953,2025-02-20 12:53:24,661,45238,33.07,4,17546,major_purchase,OWN,1,2,13,41.89,1,635,0.103477,HIGH,APPROVED,0,0,600-700,<50K
CS001954,2025-05-16 01:16:11,734,69709,21.24,4,7090,debt_consolidation,MORTGAGE,3,8,53,59.9,2,645,0.073691,HIGH,APPROVED,0,0,600-700,50-75K
CS001955,2025-03-09 03:43:55,654,49740,33.4,6,27487,major_purchase,MORTGAGE,1,5,34,27.45,4,580,0.29017,VERY_HIGH,DECLINED,0,0,<600,<50K
CS001956,2025-04-13 11:03:31,742,86135,21.65,1,21936,credit_card,OWN,1,1,7,93.6,3,664,0.053937,HIGH,APPROVED,0,0,600-700,75-100K
CS001957,2025-02-05 02:35:58,732,31791,18.57,9,18415,credit_card,MORTGAGE,0,0,0,71.44,0,712,0.012538,LOW,APPROVED,0,0,700-800,<50K
CS001958,2025-05-12 07:24:36,703,56479,40.85,2,34674,debt_consolidation,MORTGAGE,2,3,57,40.4,0,648,0.071762,HIGH,DECLINED,0,0,600-700,50-75K
CS001959,2025-02-24 00:54:30,784,69032,21.22,1,14102,home_improvement,RENT,0,0,0,68.97,0,735,0.004464,LOW,APPROVED,0,0,700-800,50-75K
CS001960,2025-03-22 09:57:39,616,79860,24.43,2,12301,credit_card,OWN,0,0,0,18.62,0,635,0.048408,HIGH,APPROVED,0,0,600-700,75-100K
CS001961,2025-04-09 00:55:42,659,100681,21.76,5,24123,other,MORTGAGE,2,1,26,95.56,2,572,0.310497,VERY_HIGH,DECLINED,1,150,<600,100K+
CS001962,2025-03-12 15:23:42,680,105620,18.62,40,19732,home_improvement,MORTGAGE,1,2,58,38.75,1,631,0.08338,HIGH,DECLINED,1,150,600-700,100K+
CS001963,2025-02-08 15:56:03,712,257594,18.61,9,18810,credit_card,MORTGAGE,0,0,0,42.5,2,720,0.007115,LOW,APPROVED,0,0,700-800,100K+
CS001964,2025-01-05 02:52:49,614,113127,30.75,19,25036,credit_card,OTHER,0,0,0,34.4,1,621,0.133004,HIGH,APPROVED,0,0,600-700,100K+
CS001965,2025-03-01 09:17:01,658,57114,23.77,2,38242,debt_consolidation,MORTGAGE,0,0,0,0.0,3,658,0.03836,MEDIUM,APPROVED,0,30,600-700,50-75K
CS001966,2025-06-21 14:27:29,764,145430,39.43,6,27374,home_improvement,OWN,1,8,8,58.77,1,679,0.032957,MEDIUM,APPROVED,0,30,600-700,100K+
CS001967,2025-03-09 18:02:41,667,171094,32.35,6,14476,debt_consolidation,RENT,1,6,56,31.63,1,653,0.080194,HIGH,APPROVED,0,0,600-700,100K+
CS001968,2025-01-25 11:42:16,742,56282,24.08,11,27266,credit_card,RENT,1,3,27,79.03,2,675,0.026114,MEDIUM,APPROVED,0,0,600-700,50-75K
CS001969,2025-01-29 16:01:18,676,89787,14.81,11,9551,other,OWN,1,5,58,51.13,4,614,0.126696,HIGH,APPROVED,0,0,600-700,75-100K
CS001970,2025-06-25 00:03:12,646,93416,17.44,34,46543,debt_consolidation,MORTGAGE,0,0,0,15.04,2,648,0.051366,HIGH,DECLINED,0,0,600-700,75-100K
CS001971,2025-06-08 13:44:50,718,45311,23.8,3,14678,credit_card,RENT,0,0,0,41.14,1,663,0.022742,MEDIUM,APPROVED,0,0,600-700,<50K
CS001972,2025-03-24 14:50:09,763,76464,24.11,0,31655,credit_card,OWN,2,4,37,70.21,1,694,0.016181,LOW,APPROVED,0,0,600-700,75-100K
CS001973,2025-02-24 19:34:27,686,37642,21.8,24,31233,major_purchase,MORTGAGE,0,0,0,52.46,1,631,0.074367,HIGH,APPROVED,0,0,600-700,<50K
CS001974,2025-01-31 09:28:26,614,32030,19.4,4,53778,home_improvement,RENT,0,0,0,18.8,1,633,0.072726,HIGH,DECLINED,0,0,600-700,<50K
CS001975,2025-04-24 20:34:04,644,111326,35.9,1,11656,debt_consolidation,MORTGAGE,1,3,55,65.86,0,597,0.162214,HIGH,APPROVED,0,0,<600,100K+
CS001976,2025-04-09 17:58:19,662,102874,18.9,5,35257,major_purchase,RENT,0,0,0,73.56,2,645,0.053214,HIGH,DECLINED,0,0,600-700,100K+
CS001977,2025-05-05 10:21:20,673,153896,14.38,27,20153,home_improvement,RENT,0,0,0,40.35,0,711,0.014755,LOW,APPROVED,0,0,700-800,100K+
CS001978,2025-01-03 04:37:53,634,41285,30.75,2,14558,other,MORTGAGE,0,0,0,73.08,0,654,0.046403,HIGH,APPROVED,0,0,600-700,<50K
CS001979,2025-05-15 06:49:37,726,53947,30.24,7,16663,debt_consolidation,MORTGAGE,0,0,0,82.87,1,641,0.042251,MEDIUM,APPROVED,0,0,600-700,50-75K
CS001980,2025-03-06 09:03:08,627,44948,15.65,13,24224,debt_consolidation,MORTGAGE,0,0,0,41.17,1,636,0.095234,HIGH,APPROVED,0,0,600-700,<50K
CS001981,2025-05-09 19:31:26,743,56365,26.61,13,32645,debt_consolidation,RENT,0,0,0,23.86,1,750,0.005204,LOW,APPROVED,0,0,700-800,50-75K
CS001982,2025-04-29 20:14:08,628,33355,31.48,11,25500,debt_consolidation,RENT,0,0,0,31.57,1,618,0.157823,HIGH,APPROVED,1,90,600-700,<50K
CS001983,2025-01-25 18:13:16,632,24244,11.64,28,40353,credit_card,MORTGAGE,1,2,10,62.91,0,643,0.068312,HIGH,APPROVED,0,0,600-700,<50K
CS001984,2025-01-14 17:01:02,751,132789,18.39,3,14920,debt_consolidation,OTHER,2,5,35,67.47,2,703,0.014084,LOW,APPROVED,0,0,700-800,100K+
CS001985,2025-01-03 09:50:34,728,67754,18.89,4,43366,home_improvement,MORTGAGE,0,0,0,41.79,2,725,0.00998,LOW,APPROVED,0,0,700-800,50-75K
CS001986,2025-04-04 16:58:47,668,40176,25.51,16,33878,debt_consolidation,OWN,1,6,49,96.8,1,583,0.292747,VERY_HIGH,DECLINED,0,0,<600,<50K
CS001987,2025-06-12 08:58:42,653,57421,21.31,0,16217,other,OWN,1,5,26,58.41,1,624,0.100483,HIGH,APPROVED,0,0,600-700,50-75K
CS001988,2025-03-14 07:42:43,674,95850,28.23,21,39274,debt_consolidation,MORTGAGE,1,3,2,51.71,2,617,0.13887,HIGH,DECLINED,0,0,600-700,75-100K
CS001989,2025-05-03 10:40:28,690,49353,20.44,1,13550,major_purchase,MORTGAGE,1,3,17,38.24,0,693,0.023526,MEDIUM,APPROVED,0,0,600-700,<50K
CS001990,2025-05-02 22:09:35,701,75749,9.04,4,23435,credit_card,OTHER,0,0,0,36.93,2,747,0.008351,LOW,APPROVED,0,0,700-800,75-100K
CS001991,2025-05-05 14:10:31,746,74774,21.37,11,21873,other,RENT,1,6,2,28.23,1,706,0.014556,LOW,DECLINED,0,0,700-800,50-75K
CS001992,2025-02-19 16:03:20,640,84716,18.96,7,9876,debt_consolidation,RENT,1,3,5,44.43,0,631,0.103914,HIGH,APPROVED,0,0,600-700,75-100K
CS001993,2025-03-27 06:41:52,688,87831,38.25,0,24553,major_purchase,RENT,0,0,0,17.73,1,642,0.04538,HIGH,APPROVED,0,0,600-700,75-100K
CS001994,2025-05-16 15:01:15,691,39727,36.98,7,29904,other,RENT,0,0,0,36.52,2,627,0.086323,HIGH,APPROVED,0,0,600-700,<50K
CS001995,2025-05-31 09:53:05,610,59925,33.47,1,24731,other,OTHER,1,2,35,3.45,2,585,0.206729,VERY_HIGH,APPROVED,1,120,<600,50-75K
CS001996,2025-03-27 11:00:40,753,70621,12.54,1,18750,home_improvement,RENT,0,0,0,62.79,1,723,0.006305,LOW,APPROVED,0,0,700-800,50-75K
CS001997,2025-03-26 14:45:44,782,70151,24.16,14,27077,major_purchase,RENT,1,7,51,23.3,1,720,0.005542,LOW,APPROVED,0,0,700-800,50-75K
CS001998,2025-01-20 12:21:25,687,51462,22.95,4,28960,debt_consolidation,RENT,0,0,0,53.6,0,677,0.040144,MEDIUM,APPROVED,0,0,600-700,50-75K
CS001999,2025-04-18 06:11:52,588,27619,28.04,10,35489,home_improvement,RENT,2,8,24,51.71,0,543,0.587015,VERY_HIGH,DECLINED,0,0,<600,<50K
CS002000,2025-01-26 08:13:24,641,66336,26.95,6,29613,major_purchase,OWN,0,0,0,53.18,0,638,0.080825,HIGH,APPROVED,0,0,600-700,50-75K
CS002001,2025-03-03 03:50:02,739,51428,18.81,10,18755,other,MORTGAGE,0,0,0,60.02,0,723,0.007318,LOW,APPROVED,0,0,700-800,50-75K
CS002002,2025-06-05 23:56:12,572,64674,29.35,2,6738,credit_card,MORTGAGE,2,5,51,25.67,0,553,0.409424,VERY_HIGH,DECLINED,1,150,<600,50-75K
CS002003,2025-02-02 20:46:11,573,62218,21.78,2,57498,debt_consolidation,OWN,1,1,4,49.76,1,560,0.432954,VERY_HIGH,DECLINED,0,0,<600,50-75K
CS002004,2025-01-21 12:25:14,657,57919,31.47,2,36209,major_purchase,MORTGAGE,2,12,3,16.89,1,612,0.135843,HIGH,APPROVED,0,0,600-700,50-75K
CS002005,2025-01-09 23:21:01,712,41814,26.52,6,21245,major_purchase,RENT,1,6,19,32.69,0,630,0.065339,HIGH,APPROVED,0,0,600-700,<50K
CS002006,2025-02-28 05:06:19,733,43559,29.13,14,10322,credit_card,RENT,0,0,0,5.32,1,699,0.014905,LOW,APPROVED,0,0,600-700,<50K
CS002007,2025-04-04 08:55:56,743,42829,50.45,11,16316,home_improvement,RENT,0,0,0,67.82,1,602,0.137878,HIGH,DECLINED,0,0,600-700,<50K
CS002008,2025-03-26 22:05:06,552,78955,24.8,9,20387,credit_card,RENT,0,0,0,26.67,2,555,0.411356,VERY_HIGH,DECLINED,0,0,<600,75-100K
CS002009,2025-06-24 19:19:50,652,49585,34.28,2,28762,other,RENT,0,0,0,58.2,1,608,0.14623,HIGH,APPROVED,0,0,600-700,<50K
CS002010,2025-05-24 08:37:19,630,51695,15.54,2,9915,debt_consolidation,OWN,0,0,0,23.41,2,643,0.078452,HIGH,DECLINED,0,0,600-700,50-75K
CS002011,2025-02-15 18:24:55,630,67719,37.73,3,36717,credit_card,OWN,0,0,0,83.08,1,550,0.49039,VERY_HIGH,DECLINED,0,30,<600,50-75K
CS002012,2025-04-07 13:47:23,729,62376,23.53,3,33176,other,RENT,1,5,40,45.19,1,660,0.037007,MEDIUM,APPROVED,0,0,600-700,50-75K
CS002013,2025-02-05 10:13:20,709,43172,11.87,3,19330,credit_card,RENT,0,0,0,63.41,0,714,0.011106,LOW,APPROVED,0,0,700-800,<50K
CS002014,2025-04-26 08:32:01,644,80294,38.96,4,16587,debt_consolidation,MORTGAGE,1,4,5,58.17,1,585,0.227638,VERY_HIGH,APPROVED,0,0,<600,75-100K
CS002015,2025-06-13 12:08:45,698,56398,16.93,0,4245,credit_card,RENT,1,3,12,21.49,3,662,0.059166,HIGH,DECLINED,0,60,600-700,50-75K
CS002016,2025-03-23 13:39:55,697,75001,37.93,5,16870,credit_card,RENT,2,3,20,56.61,3,564,0.40678,VERY_HIGH,APPROVED,1,60,<600,75-100K
CS002017,2025-05-02 01:00:53,757,34106,22.49,3,49325,credit_card,RENT,1,2,37,27.97,3,692,0.020585,MEDIUM,APPROVED,0,0,600-700,<50K
CS002018,2025-05-15 20:40:24,655,37563,12.77,6,20579,credit_card,OWN,0,0,0,74.87,0,664,0.039877,MEDIUM,DECLINED,0,0,600-700,<50K
CS002019,2025-03-20 00:52:03,721,166156,21.98,3,4629,debt_consolidation,RENT,1,4,36,46.31,1,684,0.018789,MEDIUM,APPROVED,0,0,600-700,100K+
CS002020,2025-02-16 05:50:00,646,96432,41.34,3,49962,other,RENT,1,7,47,26.14,2,552,0.391645,VERY_HIGH,DECLINED,0,0,<600,75-100K
CS002021,2025-05-15 23:47:36,711,60832,29.9,3,23415,debt_consolidation,RENT,0,0,0,25.9,2,678,0.01986,MEDIUM,APPROVED,0,0,600-700,50-75K
CS002022,2025-01-29 10:14:45,684,53219,25.6,10,12548,home_improvement,RENT,0,0,0,43.44,2,695,0.02541,MEDIUM,APPROVED,0,0,600-700,50-75K
CS002023,2025-03-14 09:03:46,701,158543,28.1,1,20733,home_improvement,OTHER,3,6,10,51.7,1,605,0.219782,VERY_HIGH,APPROVED,0,0,600-700,100K+
CS002024,2025-04-14 11:56:58,686,46066,30.09,8,18056,major_purchase,OWN,0,0,0,55.3,1,685,0.030595,MEDIUM,APPROVED,0,0,600-700,<50K
CS002025,2025-05-09 21:01:31,771,81849,31.08,6,17838,home_improvement,MORTGAGE,1,3,39,99.49,0,705,0.01227,LOW,APPROVED,0,0,700-800,75-100K
CS002026,2025-02-06 04:58:10,649,62786,34.88,9,29328,debt_consolidation,RENT,0,0,0,26.95,2,592,0.135764,HIGH,DECLINED,0,0,<600,50-75K
CS002027,2025-06-08 09:36:52,636,36542,29.6,1,15269,credit_card,RENT,0,0,0,38.77,0,625,0.139324,HIGH,DECLINED,0,0,600-700,<50K
CS002028,2025-02-26 04:27:41,657,139786,34.39,1,25216,credit_card,MORTGAGE,1,5,33,11.65,0,674,0.033522,MEDIUM,APPROVED,0,0,600-700,100K+
CS002029,2025-05-23 19:50:40,714,55309,14.39,3,19696,credit_card,RENT,1,9,24,34.23,0,738,0.00547,LOW,APPROVED,0,0,700-800,50-75K
CS002030,2025-04-14 17:36:28,729,81288,14.78,6,37301,other,OTHER,0,0,0,42.08,4,700,0.013819,LOW,APPROVED,0,0,700-800,75-100K
CS002031,2025-05-22 05:04:56,687,52889,23.35,8,4784,debt_consolidation,MORTGAGE,0,0,0,40.79,0,684,0.030196,MEDIUM,DECLINED,1,120,600-700,50-75K
CS002032,2025-03-22 17:27:57,653,87504,17.89,4,8591,major_purchase,MORTGAGE,1,6,59,47.07,1,650,0.054887,HIGH,APPROVED,1,60,600-700,75-100K
CS002033,2025-01-29 04:12:28,668,98756,25.1,17,35748,other,MORTGAGE,0,0,0,34.46,3,664,0.046622,HIGH,APPROVED,0,0,600-700,75-100K
CS002034,2025-04-14 16:21:49,652,35675,29.88,7,6958,major_purchase,MORTGAGE,1,2,1,77.57,1,558,0.272031,VERY_HIGH,DECLINED,1,90,<600,<50K
CS002035,2025-05-12 23:47:53,718,48599,23.37,2,30486,debt_consolidation,RENT,2,6,2,43.16,2,648,0.062703,HIGH,APPROVED,0,0,600-700,<50K
CS002036,2025-03-03 03:14:36,690,166643,25.66,0,25111,home_improvement,RENT,1,5,40,45.59,2,637,0.064399,HIGH,APPROVED,0,0,600-700,100K+
CS002037,2025-05-29 18:03:27,703,72585,31.02,1,45115,credit_card,RENT,1,6,32,67.31,2,623,0.117142,HIGH,APPROVED,0,0,600-700,50-75K
CS002038,2025-06-03 02:29:33,694,39916,25.28,13,22116,debt_consolidation,RENT,0,0,0,28.83,2,696,0.021714,MEDIUM,APPROVED,0,0,600-700,<50K
CS002039,2025-05-17 03:07:45,695,118301,23.63,4,10633,home_improvement,RENT,0,0,0,32.39,0,705,0.020468,MEDIUM,APPROVED,0,0,700-800,100K+
CS002040,2025-02-06 03:45:32,754,87562,28.93,1,17422,home_improvement,OWN,0,0,0,97.11,0,672,0.029454,MEDIUM,APPROVED,0,0,600-700,75-100K
CS002041,2025-03-19 00:54:38,665,88268,13.69,1,31634,debt_consolidation,RENT,0,0,0,55.26,0,694,0.019027,MEDIUM,APPROVED,0,0,600-700,75-100K
CS002042,2025-05-17 21:07:07,714,42095,33.71,8,11705,home_improvement,RENT,0,0,0,82.92,0,634,0.104159,HIGH,APPROVED,0,0,600-700,<50K
CS002043,2025-05-15 07:09:36,716,90531,12.1,2,24731,home_improvement,MORTGAGE,2,4,15,31.34,4,652,0.047158,HIGH,APPROVED,0,0,600-700,75-100K
CS002044,2025-04-08 02:58:33,651,68593,24.39,17,25615,major_purchase,RENT,1,5,33,50.16,1,620,0.123774,HIGH,APPROVED,0,0,600-700,50-75K
CS002045,2025-01-24 04:37:27,779,90365,21.43,7,14423,credit_card,OWN,0,0,0,51.73,0,758,0.002934,LOW,APPROVED,0,0,700-800,75-100K
CS002046,2025-01-17 18:29:57,703,79936,16.5,4,24732,other,MORTGAGE,0,0,0,5.02,0,717,0.007681,LOW,APPROVED,0,0,700-800,75-100K
CS002047,2025-01-24 17:38:55,629,63116,23.81,10,32223,credit_card,MORTGAGE,0,0,0,90.52,1,626,0.132783,HIGH,APPROVED,0,0,600-700,50-75K
CS002048,2025-04-13 10:53:03,742,56263,32.32,3,21099,major_purchase,OWN,1,3,6,88.18,0,664,0.034964,MEDIUM,APPROVED,0,0,600-700,50-75K
CS002049,2025-02-03 21:31:35,720,85078,27.58,4,7465,credit_card,RENT,0,0,0,33.67,3,680,0.024077,MEDIUM,APPROVED,0,0,600-700,75-100K
CS002050,2025-01-20 18:31:36,728,108569,27.24,11,16943,debt_consolidation,MORTGAGE,1,3,42,39.05,0,706,0.015159,LOW,APPROVED,0,0,700-800,100K+
CS002051,2025-03-29 15:38:32,678,47988,22.77,0,10426,home_improvement,MORTGAGE,0,0,0,48.58,1,661,0.042063,MEDIUM,APPROVED,0,0,600-700,<50K
CS002052,2025-01-04 05:02:50,670,64961,40.36,6,13448,home_improvement,MORTGAGE,1,5,26,29.14,3,549,0.406908,VERY_HIGH,DECLINED,0,0,<600,50-75K
CS002053,2025-04-24 19:29:29,698,164146,23.99,7,11272,other,OWN,1,6,10,38.93,0,713,0.023112,MEDIUM,APPROVED,0,0,700-800,100K+
CS002054,2025-02-09 08:26:02,616,64225,26.73,9,35450,other,RENT,1,2,57,71.76,2,591,0.274903,VERY_HIGH,APPROVED,0,0,<600,50-75K
CS002055,2025-03-17 18:09:51,698,109126,25.97,2,38137,major_purchase,RENT,1,4,40,55.71,2,663,0.036029,MEDIUM,DECLINED,0,0,600-700,100K+
CS002056,2025-06-23 22:13:36,693,130456,38.5,6,7490,credit_card,RENT,1,3,17,24.58,0,648,0.067112,HIGH,APPROVED,0,0,600-700,100K+
CS002057,2025-01-04 08:42:17,737,53402,36.13,5,49790,debt_consolidation,OTHER,0,0,0,42.4,1,709,0.007884,LOW,APPROVED,0,0,700-800,50-75K
CS002058,2025-01-19 01:34:47,678,43576,24.48,11,27444,home_improvement,RENT,0,0,0,11.22,2,684,0.01626,LOW,APPROVED,0,0,600-700,<50K
CS002059,2025-04-15 02:26:41,721,45578,36.22,34,22948,debt_consolidation,MORTGAGE,0,0,0,24.53,0,757,0.004666,LOW,APPROVED,0,0,700-800,<50K
CS002060,2025-02-02 08:11:55,612,64927,35.29,0,42949,debt_consolidation,MORTGAGE,1,7,22,58.09,3,585,0.291227,VERY_HIGH,DECLINED,0,0,<600,50-75K
CS002061,2025-03-07 06:03:18,648,84378,21.14,0,18399,major_purchase,RENT,1,4,25,74.47,0,632,0.094072,HIGH,APPROVED,0,0,600-700,75-100K
CS002062,2025-05-29 12:45:36,731,81404,30.06,2,30366,credit_card,RENT,0,0,0,41.06,0,729,0.007381,LOW,DECLINED,0,0,700-800,75-100K
CS002063,2025-01-15 07:19:59,767,83462,17.66,19,21986,credit_card,RENT,1,5,8,46.17,0,744,0.005647,LOW,APPROVED,0,0,700-800,75-100K
CS002064,2025-06-12 09:02:45,737,19546,21.49,1,90000,home_improvement,MORTGAGE,1,3,52,59.68,1,654,0.047412,HIGH,APPROVED,0,0,600-700,<50K
CS002065,2025-03-07 12:31:36,608,39775,6.34,9,32377,home_improvement,RENT,4,4,12,32.04,0,610,0.170847,HIGH,APPROVED,1,60,600-700,<50K
CS002066,2025-06-17 10:40:33,633,125154,14.37,1,29094,credit_card,RENT,2,2,30,66.9,1,615,0.163523,HIGH,DECLINED,0,0,600-700,100K+
CS002067,2025-04-28 09:40:44,655,39157,23.42,2,28133,other,OWN,0,0,0,0.0,1,669,0.029861,MEDIUM,APPROVED,0,0,600-700,<50K
CS002068,2025-02-04 19:43:53,755,39566,33.98,9,19047,major_purchase,OWN,0,0,0,29.19,2,695,0.022311,MEDIUM,APPROVED,0,0,600-700,<50K
CS002069,2025-03-02 15:16:20,656,65943,39.18,3,12354,major_purchase,RENT,0,0,0,26.72,1,613,0.134043,HIGH,APPROVED,0,0,600-700,50-75K
CS002070,2025-01-31 14:56:08,701,98157,19.62,1,10340,debt_consolidation,OTHER,1,4,37,41.84,1,639,0.0698,HIGH,APPROVED,0,0,600-700,75-100K
CS002071,2025-02-28 16:59:25,713,107440,36.57,8,34822,credit_card,RENT,0,0,0,62.99,3,653,0.046756,HIGH,APPROVED,0,0,600-700,100K+
CS002072,2025-04-29 02:10:56,713,23883,31.36,0,22590,home_improvement,MORTGAGE,1,5,20,49.72,3,608,0.174766,HIGH,APPROVED,0,0,600-700,<50K
CS002073,2025-03-28 10:15:20,680,36129,4.64,6,41887,home_improvement,OWN,0,0,0,31.72,1,692,0.018071,MEDIUM,APPROVED,0,0,600-700,<50K
CS002074,2025-02-22 07:55:10,706,42482,31.62,2,12311,major_purchase,MORTGAGE,0,0,0,19.69,3,688,0.022807,MEDIUM,APPROVED,0,0,600-700,<50K
CS002075,2025-01-31 00:41:48,734,64707,13.57,1,63504,home_improvement,RENT,1,2,55,21.61,0,700,0.016012,LOW,APPROVED,0,0,700-800,50-75K
CS002076,2025-04-27 23:00:56,697,62823,13.83,1,22341,debt_consolidation,RENT,0,0,0,100.0,0,669,0.024951,MEDIUM,APPROVED,0,0,600-700,50-75K
CS002077,2025-06-11 05:36:02,686,42717,29.57,12,20344,home_improvement,OWN,0,0,0,100.0,0,625,0.072855,HIGH,APPROVED,0,0,600-700,<50K
CS002078,2025-02-25 17:38:43,731,80657,17.92,17,33928,credit_card,RENT,0,0,0,54.22,1,745,0.006638,LOW,APPROVED,0,0,700-800,75-100K
CS002079,2025-04-10 16:17:20,770,133261,15.99,29,90000,home_improvement,MORTGAGE,0,0,0,68.64,2,741,0.004852,LOW,APPROVED,0,0,700-800,100K+
CS002080,2025-05-01 02:49:30,821,84642,53.46,1,50047,major_purchase,RENT,1,4,16,54.58,1,695,0.021369,MEDIUM,DECLINED,0,0,600-700,75-100K
CS002081,2025-03-13 22:47:17,628,130350,19.93,1,36706,major_purchase,OTHER,0,0,0,94.33,0,638,0.070125,HIGH,APPROVED,0,30,600-700,100K+
CS002082,2025-06-07 03:33:40,704,73184,11.33,9,11234,major_purchase,RENT,1,3,47,66.83,0,719,0.011404,LOW,APPROVED,0,0,700-800,50-75K
CS002083,2025-02-07 20:23:06,695,53967,26.74,2,10504,major_purchase,RENT,0,0,0,73.37,3,620,0.112568,HIGH,APPROVED,0,0,600-700,50-75K
CS002084,2025-06-07 01:20:56,630,53692,24.26,2,15799,credit_card,RENT,0,0,0,36.35,0,633,0.094508,HIGH,DECLINED,0,0,600-700,50-75K
CS002085,2025-04-17 10:29:39,674,176564,30.3,7,61098,credit_card,RENT,1,1,15,44.19,1,637,0.085334,HIGH,APPROVED,0,0,600-700,100K+
CS002086,2025-01-19 00:02:21,652,46374,42.21,6,69875,credit_card,OWN,0,0,0,67.04,5,567,0.408796,VERY_HIGH,APPROVED,1,60,<600,<50K
CS002087,2025-01-02 17:49:55,636,42900,3.31,7,8364,credit_card,RENT,1,1,39,56.03,1,654,0.068547,HIGH,APPROVED,0,0,600-700,<50K
CS002088,2025-02-09 06:09:09,656,87350,9.77,8,24109,major_purchase,RENT,0,0,0,51.08,2,698,0.026206,MEDIUM,APPROVED,0,0,600-700,75-100K
CS002089,2025-06-02 21:07:27,722,60157,38.01,8,13175,other,RENT,0,0,0,64.33,2,635,0.058666,HIGH,DECLINED,0,0,600-700,50-75K
CS002090,2025-06-20 11:54:16,633,48722,34.26,6,37813,other,OTHER,1,3,15,38.0,1,631,0.113273,HIGH,APPROVED,1,90,600-700,<50K
CS002091,2025-05-29 22:14:51,660,97541,24.08,4,21656,debt_consolidation,MORTGAGE,2,5,19,52.78,2,626,0.073963,HIGH,APPROVED,0,0,600-700,75-100K
CS002092,2025-01-18 11:22:59,681,62774,21.39,17,24690,other,RENT,0,0,0,44.11,0,717,0.009034,LOW,APPROVED,0,0,700-800,50-75K
CS002093,2025-05-22 03:11:52,634,28395,33.68,1,21948,other,MORTGAGE,1,5,27,45.15,3,569,0.303452,VERY_HIGH,DECLINED,0,0,<600,<50K
CS002094,2025-03-08 14:40:30,622,51830,45.88,12,13777,credit_card,RENT,1,5,47,52.41,3,517,0.703705,VERY_HIGH,DECLINED,0,0,<600,50-75K
CS002095,2025-01-11 22:45:43,602,96973,37.76,2,18631,debt_consolidation,RENT,0,0,0,43.9,0,574,0.377794,VERY_HIGH,DECLINED,1,120,<600,75-100K
CS002096,2025-05-27 02:16:24,647,107097,20.41,3,38335,major_purchase,MORTGAGE,0,0,0,33.08,2,692,0.01961,MEDIUM,APPROVED,0,0,600-700,100K+
CS002097,2025-06-01 10:44:00,763,102064,15.49,10,44108,credit_card,MORTGAGE,1,7,42,29.78,3,736,0.008349,LOW,APPROVED,0,0,700-800,100K+
CS002098,2025-03-26 03:51:28,596,57534,31.11,13,14864,debt_consolidation,RENT,0,0,0,37.64,0,594,0.212934,VERY_HIGH,APPROVED,1,120,<600,50-75K
CS002099,2025-06-19 20:27:36,732,42257,13.3,4,11432,home_improvement,MORTGAGE,1,6,2,39.86,0,699,0.019089,MEDIUM,APPROVED,0,0,600-700,<50K
CS002100,2025-01-18 21:56:50,637,26147,19.81,0,22071,credit_card,RENT,1,3,46,57.82,0,613,0.120478,HIGH,DECLINED,1,90,600-700,<50K
CS002101,2025-02-25 00:26:39,636,58788,11.59,16,8689,home_improvement,RENT,0,0,0,25.1,0,700,0.016813,LOW,APPROVED,0,30,700-800,50-75K
CS002102,2025-01-25 06:39:21,728,78563,29.07,3,36997,home_improvement,RENT,1,5,36,56.55,0,702,0.013996,LOW,APPROVED,0,0,700-800,75-100K
CS002103,2025-02-06 06:18:46,716,46301,31.69,0,14537,credit_card,OTHER,0,0,0,32.97,2,649,0.034596,MEDIUM,APPROVED,0,30,600-700,<50K
CS002104,2025-03-08 16:24:50,721,72210,35.08,0,25926,home_improvement,RENT,2,1,30,17.38,3,649,0.06817,HIGH,APPROVED,0,0,600-700,50-75K
CS002105,2025-06-08 12:31:19,686,143862,18.79,0,14708,credit_card,MORTGAGE,0,0,0,40.41,3,715,0.014001,LOW,APPROVED,0,0,700-800,100K+
CS002106,2025-03-31 00:33:42,733,71106,28.52,1,4114,debt_consolidation,MORTGAGE,2,7,53,46.17,0,640,0.041647,MEDIUM,DECLINED,1,60,600-700,50-75K
CS002107,2025-02-08 14:42:41,653,85567,38.57,0,23747,other,RENT,0,0,0,27.97,2,634,0.088207,HIGH,APPROVED,1,120,600-700,75-100K
CS002108,2025-02-08 01:03:11,705,57495,27.55,6,10558,major_purchase,OWN,0,0,0,18.26,2,694,0.02109,MEDIUM,APPROVED,0,0,600-700,50-75K
CS002109,2025-03-20 01:23:45,738,54143,40.02,1,12392,other,RENT,0,0,0,70.51,0,691,0.02934,MEDIUM,APPROVED,0,0,600-700,50-75K
CS002110,2025-01-29 14:59:13,684,148153,25.92,4,25116,home_improvement,MORTGAGE,1,1,36,32.91,0,608,0.137558,HIGH,DECLINED,0,0,600-700,100K+
CS002111,2025-02-23 21:41:49,640,49899,18.99,10,17356,major_purchase,RENT,0,0,0,45.97,2,671,0.04617,HIGH,APPROVED,1,90,600-700,<50K
CS002112,2025-02-27 05:42:14,776,34757,40.11,1,23372,other,RENT,1,5,51,61.12,2,654,0.060159,HIGH,APPROVED,0,0,600-700,<50K
CS002113,2025-05-31 16:27:43,675,48557,17.53,4,11092,debt_consolidation,RENT,0,0,0,59.92,1,662,0.064914,HIGH,APPROVED,0,0,600-700,<50K
CS002114,2025-03-25 11:37:16,634,49364,31.99,8,14874,major_purchase,MORTGAGE,0,0,0,40.73,2,601,0.173804,HIGH,DECLINED,0,0,600-700,<50K
CS002115,2025-01-05 04:49:29,721,115291,26.35,0,12527,home_improvement,MORTGAGE,2,7,17,70.03,2,656,0.037107,MEDIUM,APPROVED,0,0,600-700,100K+
CS002116,2025-01-21 18:47:38,755,64345,21.53,9,12614,major_purchase,MORTGAGE,1,2,40,50.99,2,669,0.037895,MEDIUM,APPROVED,0,0,600-700,50-75K
CS002117,2025-05-10 11:47:10,717,85571,23.19,2,10281,credit_card,MORTGAGE,1,4,55,19.73,0,668,0.036429,MEDIUM,APPROVED,0,0,600-700,75-100K
CS002118,2025-05-10 02:29:12,623,60660,35.07,7,64119,home_improvement,RENT,0,0,0,86.67,0,565,0.285491,VERY_HIGH,APPROVED,0,0,<600,50-75K
CS002119,2025-06-04 07:25:13,690,35758,25.45,7,11203,home_improvement,OWN,0,0,0,58.24,0,665,0.031312,MEDIUM,APPROVED,0,0,600-700,<50K
CS002120,2025-01-31 03:44:34,704,37812,23.48,0,21755,home_improvement,MORTGAGE,0,0,0,79.89,1,694,0.02106,MEDIUM,APPROVED,0,0,600-700,<50K
CS002121,2025-04-21 09:10:55,721,78506,7.61,5,15967,home_improvement,MORTGAGE,0,0,0,73.54,1,727,0.007985,LOW,APPROVED,0,0,700-800,75-100K
CS002122,2025-05-17 15:00:20,611,64092,16.61,1,22562,debt_consolidation,RENT,0,0,0,55.47,1,655,0.057785,HIGH,APPROVED,0,0,600-700,50-75K
CS002123,2025-02-13 19:12:16,619,44292,12.04,1,14151,home_improvement,RENT,1,5,23,60.77,0,642,0.091847,HIGH,APPROVED,0,0,600-700,<50K
CS002124,2025-06-28 01:04:27,698,61757,21.74,1,16296,credit_card,OWN,0,0,0,32.83,0,686,0.020261,MEDIUM,APPROVED,0,0,600-700,50-75K
CS002125,2025-06-17 21:01:32,688,35308,32.45,2,19675,major_purchase,MORTGAGE,0,0,0,30.34,0,603,0.13049,HIGH,APPROVED,0,0,600-700,<50K
CS002126,2025-05-11 11:16:00,712,69537,34.5,9,8520,debt_consolidation,OTHER,1,4,29,23.58,0,661,0.030592,MEDIUM,APPROVED,0,0,600-700,50-75K
CS002127,2025-06-26 10:51:00,750,49873,28.88,15,82178,home_improvement,MORTGAGE,0,0,0,50.4,0,729,0.007706,LOW,APPROVED,0,0,700-800,<50K
CS002128,2025-03-27 05:11:03,614,102434,13.62,14,52158,debt_consolidation,OWN,1,4,31,39.76,3,653,0.061309,HIGH,APPROVED,0,0,600-700,100K+
CS002129,2025-06-29 20:48:05,626,68030,28.2,6,33469,debt_consolidation,MORTGAGE,0,0,0,58.4,3,577,0.27614,VERY_HIGH,APPROVED,0,0,<600,50-75K
CS002130,2025-03-05 05:38:47,655,71445,37.27,6,40800,credit_card,MORTGAGE,1,3,22,25.7,2,582,0.261211,VERY_HIGH,APPROVED,0,0,<600,50-75K
CS002131,2025-04-20 15:13:07,769,49532,12.79,19,13948,major_purchase,RENT,1,6,47,45.74,1,734,0.00508,LOW,APPROVED,0,0,700-800,<50K
CS002132,2025-06-23 09:33:17,676,52000,22.85,10,14979,other,RENT,1,4,47,0.0,0,675,0.015457,LOW,APPROVED,0,0,600-700,50-75K
CS002133,2025-02-10 16:22:48,739,58937,32.06,1,13248,home_improvement,OWN,0,0,0,51.1,1,661,0.03193,MEDIUM,APPROVED,0,0,600-700,50-75K
CS002134,2025-01-14 20:46:56,559,54239,14.15,8,51361,major_purchase,RENT,1,5,57,33.8,0,616,0.149637,HIGH,APPROVED,0,0,600-700,50-75K
CS002135,2025-01-16 20:40:45,699,41865,43.26,1,15262,major_purchase,MORTGAGE,1,2,46,55.84,0,611,0.16509,HIGH,APPROVED,0,0,600-700,<50K
CS002136,2025-01-15 14:44:34,737,35783,20.16,8,8817,debt_consolidation,MORTGAGE,0,0,0,57.02,0,693,0.016629,LOW,APPROVED,0,0,600-700,<50K
CS002137,2025-03-20 08:15:25,763,63491,28.01,0,28670,debt_consolidation,OTHER,0,0,0,38.56,2,744,0.006137,LOW,APPROVED,1,120,700-800,50-75K
CS002138,2025-03-25 14:48:29,649,53849,23.58,4,14979,debt_consolidation,OTHER,2,4,21,53.08,1,634,0.13385,HIGH,APPROVED,0,0,600-700,50-75K
CS002139,2025-02-09 12:49:56,797,21627,19.11,1,21930,other,RENT,2,3,45,77.08,1,693,0.02585,MEDIUM,APPROVED,0,0,600-700,<50K
CS002140,2025-04-24 12:32:13,644,46360,32.35,3,16825,credit_card,MORTGAGE,0,0,0,36.61,1,649,0.069512,HIGH,APPROVED,0,0,600-700,<50K
CS002141,2025-01-28 11:54:05,767,48959,19.06,15,27400,major_purchase,RENT,0,0,0,0.0,1,799,0.002507,LOW,APPROVED,0,60,700-800,<50K
CS002142,2025-03-26 06:50:29,781,56263,17.72,1,12685,other,OWN,0,0,0,13.95,0,759,0.002967,LOW,APPROVED,0,0,700-800,50-75K
CS002143,2025-03-02 03:46:31,685,51605,28.32,17,14134,home_improvement,OTHER,1,1,23,26.42,1,648,0.06221,HIGH,APPROVED,0,0,600-700,50-75K
CS002144,2025-01-02 07:40:37,617,58104,19.03,11,27693,credit_card,OWN,2,6,54,53.82,0,619,0.149448,HIGH,APPROVED,0,0,600-700,50-75K
CS002145,2025-05-25 00:36:23,809,78457,28.62,11,15763,major_purchase,RENT,1,0,6,0.0,1,758,0.002011,LOW,APPROVED,0,0,700-800,75-100K
CS002146,2025-04-14 23:07:00,710,72504,36.08,7,28335,debt_consolidation,OWN,0,0,0,82.81,2,629,0.068611,HIGH,DECLINED,0,0,600-700,50-75K
CS002147,2025-01-01 04:12:38,624,43073,8.72,10,11364,credit_card,MORTGAGE,2,4,54,80.01,1,563,0.377378,VERY_HIGH,APPROVED,0,0,<600,<50K
CS002148,2025-05-16 04:22:33,716,79090,13.61,4,4987,major_purchase,RENT,0,0,0,42.09,2,753,0.006968,LOW,APPROVED,0,0,700-800,75-100K
CS002149,2025-05-20 21:17:58,632,50369,38.27,2,8751,other,OWN,1,3,27,73.18,2,545,0.538884,VERY_HIGH,DECLINED,0,0,<600,50-75K
CS002150,2025-05-19 09:15:35,699,41919,1.0,2,9282,home_improvement,RENT,2,3,42,74.98,1,686,0.02315,MEDIUM,APPROVED,0,30,600-700,<50K
CS002151,2025-03-28 09:38:52,630,111687,26.83,3,56127,home_improvement,MORTGAGE,1,3,38,100.0,1,551,0.482259,VERY_HIGH,DECLINED,0,0,<600,100K+
CS002152,2025-03-31 02:59:09,565,46878,13.22,3,50444,credit_card,MORTGAGE,1,5,45,51.18,2,571,0.302432,VERY_HIGH,DECLINED,0,0,<600,<50K
CS002153,2025-03-21 03:57:03,725,64057,23.73,1,15059,credit_card,RENT,0,0,0,41.21,1,670,0.030055,MEDIUM,APPROVED,0,0,600-700,50-75K
CS002154,2025-06-10 17:41:29,650,34422,23.21,4,21033,credit_card,OTHER,1,7,6,17.41,0,603,0.14523,HIGH,DECLINED,0,0,600-700,<50K
CS002155,2025-04-27 22:58:05,681,65404,21.0,8,25958,major_purchase,MORTGAGE,2,5,9,60.84,1,629,0.140004,HIGH,APPROVED,0,0,600-700,50-75K
CS002156,2025-05-02 21:26:20,694,24242,27.17,13,7244,debt_consolidation,RENT,0,0,0,0.0,3,673,0.031532,MEDIUM,APPROVED,0,0,600-700,<50K
CS002157,2025-05-23 14:03:17,678,28406,19.98,2,21948,debt_consolidation,RENT,1,1,38,24.12,0,675,0.033346,MEDIUM,DECLINED,0,0,600-700,<50K
CS002158,2025-02-09 13:00:29,650,42951,23.94,2,21242,home_improvement,RENT,0,0,0,76.59,0,597,0.14086,HIGH,APPROVED,0,0,<600,<50K
CS002159,2025-03-09 00:16:15,708,58749,33.36,15,17582,other,OWN,2,4,25,47.48,2,631,0.078129,HIGH,APPROVED,0,30,600-700,50-75K
CS002160,2025-05-25 03:17:49,721,48522,46.31,4,52247,debt_consolidation,RENT,0,0,0,72.94,2,597,0.16105,HIGH,DECLINED,0,0,<600,<50K
CS002161,2025-01-11 17:54:30,700,87825,39.41,11,45660,credit_card,MORTGAGE,0,0,0,55.72,0,682,0.027261,MEDIUM,APPROVED,0,0,600-700,75-100K
CS002162,2025-05-12 08:06:44,669,76163,38.75,3,15043,debt_consolidation,RENT,1,7,58,75.56,0,632,0.098652,HIGH,APPROVED,0,0,600-700,75-100K
CS002163,2025-03-19 12:15:34,690,76310,21.46,1,29690,debt_consolidation,OWN,1,6,27,32.95,3,671,0.02889,MEDIUM,APPROVED,1,120,600-700,75-100K
CS002164,2025-03-04 14:17:30,771,79875,10.94,9,55087,home_improvement,MORTGAGE,0,0,0,0.0,0,787,0.001696,LOW,APPROVED,0,30,700-800,75-100K
CS002165,2025-06-12 17:16:34,755,117548,28.84,14,20958,major_purchase,OTHER,1,3,49,48.51,3,671,0.033434,MEDIUM,APPROVED,0,0,600-700,100K+
CS002166,2025-04-26 19:28:43,676,112513,42.29,7,29854,major_purchase,RENT,1,2,21,43.26,1,586,0.18664,VERY_HIGH,DECLINED,1,60,<600,100K+
CS002167,2025-06-17 17:51:18,723,49623,24.59,5,29795,other,MORTGAGE,0,0,0,8.66,2,700,0.013214,LOW,APPROVED,0,0,700-800,<50K
CS002168,2025-06-20 22:34:35,723,82301,20.21,1,20036,debt_consolidation,RENT,1,6,29,20.8,2,694,0.019973,MEDIUM,APPROVED,0,0,600-700,75-100K
CS002169,2025-05-08 22:39:27,723,62036,26.83,1,16042,debt_consolidation,MORTGAGE,1,6,12,49.69,0,678,0.039644,MEDIUM,APPROVED,0,0,600-700,50-75K
CS002170,2025-03-21 08:02:36,695,64919,28.39,5,21493,home_improvement,MORTGAGE,2,6,37,8.28,2,638,0.067208,HIGH,APPROVED,0,30,600-700,50-75K
CS002171,2025-04-01 13:42:09,719,64460,14.8,5,23852,debt_consolidation,RENT,1,10,24,34.03,1,711,0.009342,LOW,APPROVED,0,0,700-800,50-75K
CS002172,2025-06-25 00:22:19,675,76516,21.94,5,8811,major_purchase,RENT,0,0,0,14.7,2,704,0.017827,MEDIUM,APPROVED,0,0,700-800,75-100K
CS002173,2025-05-08 15:47:06,731,22245,30.84,4,12574,debt_consolidation,MORTGAGE,0,0,0,54.3,3,644,0.066042,HIGH,APPROVED,0,0,600-700,<50K
CS002174,2025-04-20 10:37:35,722,61801,17.01,3,3866,other,MORTGAGE,0,0,0,66.87,3,690,0.029708,MEDIUM,APPROVED,0,0,600-700,50-75K
CS002175,2025-03-12 14:42:42,730,80077,17.33,2,34976,major_purchase,MORTGAGE,1,4,37,39.65,2,652,0.048581,HIGH,APPROVED,0,0,600-700,75-100K
CS002176,2025-06-08 09:53:09,730,64022,2.92,7,40970,home_improvement,MORTGAGE,1,3,15,90.34,2,722,0.012905,LOW,APPROVED,0,0,700-800,50-75K
CS002177,2025-05-20 13:27:16,724,32720,24.37,7,21227,debt_consolidation,RENT,0,0,0,24.07,0,704,0.017332,MEDIUM,APPROVED,0,0,700-800,<50K
CS002178,2025-04-14 17:02:16,651,79565,26.31,4,2427,home_improvement,RENT,2,8,21,47.06,1,604,0.141433,HIGH,DECLINED,0,0,600-700,75-100K
CS002179,2025-02-08 17:07:48,630,76627,26.28,7,41959,major_purchase,MORTGAGE,1,3,41,52.42,1,615,0.149736,HIGH,DECLINED,0,0,600-700,75-100K
CS002180,2025-06-19 13:21:07,701,73845,30.66,1,31923,credit_card,MORTGAGE,1,5,5,32.55,1,677,0.029716,MEDIUM,APPROVED,0,0,600-700,50-75K
CS002181,2025-05-10 15:13:34,672,34253,19.65,1,35297,debt_consolidation,MORTGAGE,2,1,28,18.14,1,651,0.057734,HIGH,APPROVED,0,30,600-700,<50K
CS002182,2025-03-09 09:52:21,733,133151,17.78,3,6979,other,RENT,1,10,16,51.55,0,710,0.017348,MEDIUM,APPROVED,0,0,700-800,100K+
CS002183,2025-06-25 17:22:38,658,54226,11.33,3,6788,home_improvement,RENT,1,1,40,77.92,1,592,0.134097,HIGH,APPROVED,0,0,<600,50-75K
CS002184,2025-05-16 03:44:55,668,42456,24.76,5,46403,major_purchase,MORTGAGE,2,5,13,73.6,1,592,0.163208,HIGH,APPROVED,0,0,<600,<50K
CS002185,2025-05-13 01:11:16,620,52015,36.53,2,11778,major_purchase,OWN,2,5,28,0.0,1,574,0.300497,VERY_HIGH,APPROVED,0,0,<600,50-75K
CS002186,2025-03-21 12:18:48,686,96323,34.12,1,23537,debt_consolidation,MORTGAGE,1,5,37,77.14,2,571,0.260221,VERY_HIGH,DECLINED,0,0,<600,75-100K
CS002187,2025-04-12 05:19:31,671,31974,17.78,14,11758,home_improvement,MORTGAGE,0,0,0,0.0,1,684,0.023094,MEDIUM,APPROVED,0,0,600-700,<50K
CS002188,2025-02-01 20:09:13,754,39512,36.93,0,49558,credit_card,OWN,1,3,15,0.0,1,662,0.032143,MEDIUM,APPROVED,0,0,600-700,<50K
CS002189,2025-02-05 18:17:24,696,67342,20.35,1,11366,credit_card,RENT,0,0,0,54.06,0,710,0.01561,LOW,APPROVED,0,0,700-800,50-75K
CS002190,2025-04-29 22:45:34,768,66245,17.1,15,15413,credit_card,MORTGAGE,0,0,0,49.9,2,699,0.011212,LOW,APPROVED,0,0,600-700,50-75K
CS002191,2025-04-01 09:24:19,651,37984,28.58,3,29636,debt_consolidation,RENT,0,0,0,28.82,2,599,0.2032,VERY_HIGH,APPROVED,0,0,<600,<50K
CS002192,2025-06-24 22:50:04,606,46772,15.96,4,36630,credit_card,MORTGAGE,1,9,53,45.28,0,623,0.12739,HIGH,DECLINED,0,0,600-700,<50K
CS002193,2025-01-17 14:59:55,751,73939,13.32,4,54114,credit_card,RENT,1,0,59,55.68,1,763,0.00313,LOW,APPROVED,0,0,700-800,50-75K
CS002194,2025-05-23 23:15:02,720,188705,19.99,15,11925,debt_consolidation,OWN,2,3,24,78.99,1,687,0.030747,MEDIUM,APPROVED,0,0,600-700,100K+
CS002195,2025-03-17 07:22:04,778,128151,15.49,2,16892,credit_card,RENT,1,5,18,13.83,2,770,0.002076,LOW,APPROVED,0,0,700-800,100K+
CS002196,2025-05-14 22:06:05,657,18361,12.4,17,10924,other,RENT,0,0,0,81.34,0,633,0.068821,HIGH,APPROVED,0,0,600-700,<50K
CS002197,2025-01-12 01:54:34,599,69678,37.51,0,19331,major_purchase,RENT,1,1,56,38.31,2,542,0.494359,VERY_HIGH,DECLINED,1,90,<600,50-75K
CS002198,2025-05-13 00:53:16,779,41661,46.41,10,38464,credit_card,RENT,1,7,37,36.91,2,659,0.030814,MEDIUM,APPROVED,0,0,600-700,<50K
CS002199,2025-04-19 01:07:48,711,69273,37.95,6,28564,home_improvement,RENT,1,5,56,57.52,1,664,0.069563,HIGH,DECLINED,1,90,600-700,50-75K
CS002200,2025-05-02 11:29:58,664,75185,22.65,1,11771,debt_consolidation,MORTGAGE,1,5,9,57.32,2,606,0.141314,HIGH,DECLINED,0,0,600-700,75-100K
CS002201,2025-04-24 08:51:52,812,47990,12.5,3,58845,credit_card,RENT,0,0,0,52.13,0,799,0.001143,LOW,APPROVED,0,0,700-800,<50K
CS002202,2025-03-29 12:20:33,699,60740,19.31,0,17149,credit_card,OTHER,0,0,0,27.77,1,665,0.029195,MEDIUM,APPROVED,0,0,600-700,50-75K
CS002203,2025-03-31 23:15:14,652,54607,25.96,1,13150,other,OWN,1,2,13,32.18,0,619,0.078414,HIGH,DECLINED,0,0,600-700,50-75K
CS002204,2025-01-17 16:45:43,718,59448,25.35,3,25560,other,MORTGAGE,0,0,0,54.7,2,714,0.013491,LOW,DECLINED,0,0,700-800,50-75K
CS002205,2025-02-28 18:02:17,669,74067,35.75,1,14472,debt_consolidation,RENT,0,0,0,49.05,1,601,0.168681,HIGH,APPROVED,0,0,600-700,50-75K
CS002206,2025-06-22 14:22:06,653,65482,33.44,9,9782,credit_card,RENT,1,7,38,24.68,1,650,0.046813,HIGH,APPROVED,0,0,600-700,50-75K
CS002207,2025-06-22 16:10:51,720,58460,27.7,2,70157,credit_card,MORTGAGE,0,0,0,73.14,2,651,0.0872,HIGH,APPROVED,0,0,600-700,50-75K
CS002208,2025-05-31 05:50:50,700,117298,26.64,9,43638,home_improvement,MORTGAGE,3,5,50,21.24,1,658,0.050376,HIGH,APPROVED,1,90,600-700,100K+
CS002209,2025-05-17 07:26:22,688,77286,19.21,17,13887,debt_consolidation,MORTGAGE,1,4,31,0.0,0,717,0.013148,LOW,APPROVED,0,0,700-800,75-100K
CS002210,2025-02-28 11:20:27,692,59407,30.57,1,6545,major_purchase,OWN,1,4,5,42.76,0,631,0.067895,HIGH,DECLINED,1,90,600-700,50-75K
CS002211,2025-06-04 12:14:01,624,54901,31.95,8,30622,major_purchase,RENT,0,0,0,36.92,0,627,0.154482,HIGH,APPROVED,1,120,600-700,50-75K
CS002212,2025-05-03 01:11:57,736,70216,25.28,2,14963,credit_card,RENT,1,3,5,47.72,0,692,0.018055,MEDIUM,DECLINED,0,0,600-700,50-75K
CS002213,2025-02-09 15:12:24,801,128564,33.92,2,37488,credit_card,RENT,0,0,0,60.83,2,733,0.007061,LOW,APPROVED,0,0,700-800,100K+
CS002214,2025-03-22 22:29:45,713,82601,24.59,6,45827,other,RENT,2,5,23,73.13,2,628,0.108568,HIGH,APPROVED,0,0,600-700,75-100K
CS002215,2025-03-21 04:19:50,767,148943,18.87,3,15460,major_purchase,RENT,0,0,0,68.02,2,724,0.006763,LOW,APPROVED,0,0,700-800,100K+
CS002216,2025-01-19 16:42:11,805,42965,35.51,8,74130,debt_consolidation,MORTGAGE,0,0,0,40.0,0,759,0.00333,LOW,APPROVED,0,0,700-800,<50K
CS002217,2025-03-20 03:43:19,686,58232,17.25,1,19947,other,RENT,0,0,0,23.83,0,685,0.026908,MEDIUM,APPROVED,0,0,600-700,50-75K
CS002218,2025-05-12 01:13:31,661,45441,48.84,3,31062,debt_consolidation,MORTGAGE,2,4,43,0.02,2,566,0.310423,VERY_HIGH,DECLINED,1,60,<600,<50K
CS002219,2025-03-26 14:57:08,645,38178,26.25,3,5504,debt_consolidation,RENT,0,0,0,36.82,0,654,0.062497,HIGH,DECLINED,0,0,600-700,<50K
CS002220,2025-01-02 03:00:49,672,94063,39.65,8,13877,debt_consolidation,OWN,1,4,1,64.29,2,634,0.116972,HIGH,APPROVED,0,0,600-700,75-100K
CS002221,2025-02-12 03:32:52,740,85548,21.29,0,16505,major_purchase,MORTGAGE,0,0,0,32.87,2,715,0.007362,LOW,APPROVED,0,0,700-800,75-100K
CS002222,2025-05-23 21:59:11,689,91113,11.11,2,15452,major_purchase,MORTGAGE,1,0,29,13.39,0,724,0.009368,LOW,APPROVED,0,0,700-800,75-100K
CS002223,2025-01-30 17:50:21,761,111276,31.27,3,15907,debt_consolidation,OWN,3,0,32,34.67,0,679,0.018798,MEDIUM,APPROVED,0,0,600-700,100K+
CS002224,2025-05-22 03:01:04,663,43018,26.69,23,40282,other,RENT,1,4,45,70.61,1,622,0.11473,HIGH,APPROVED,0,30,600-700,<50K
CS002225,2025-05-04 04:20:43,787,53418,17.08,27,28127,other,MORTGAGE,0,0,0,99.95,0,736,0.006226,LOW,APPROVED,0,30,700-800,50-75K
CS002226,2025-05-27 06:56:20,680,64915,28.5,15,17323,credit_card,RENT,0,0,0,62.18,2,644,0.094654,HIGH,APPROVED,0,0,600-700,50-75K
CS002227,2025-02-14 16:15:32,693,33325,29.91,1,24837,debt_consolidation,RENT,1,4,39,25.83,0,650,0.065225,HIGH,APPROVED,0,0,600-700,<50K
CS002228,2025-05-20 10:30:38,701,48026,30.87,5,6895,credit_card,MORTGAGE,0,0,0,76.54,2,648,0.073668,HIGH,APPROVED,0,0,600-700,<50K
CS002229,2025-01-16 22:15:49,685,71456,32.14,16,7158,home_improvement,OWN,2,2,47,72.88,2,601,0.23807,VERY_HIGH,DECLINED,0,0,600-700,50-75K
CS002230,2025-06-29 18:28:56,691,90156,14.78,12,16076,credit_card,MORTGAGE,1,3,35,69.88,0,671,0.037035,MEDIUM,APPROVED,0,60,600-700,75-100K
CS002231,2025-01-03 20:23:05,729,70610,16.34,32,72369,other,RENT,2,6,43,13.09,1,691,0.018806,MEDIUM,APPROVED,0,0,600-700,50-75K
CS002232,2025-05-31 23:55:58,691,59776,19.18,2,13998,debt_consolidation,RENT,1,5,48,100.0,3,595,0.268865,VERY_HIGH,DECLINED,0,0,<600,50-75K
CS002233,2025-05-02 12:35:35,721,39205,38.19,7,14054,home_improvement,MORTGAGE,0,0,0,40.29,0,677,0.015751,LOW,APPROVED,0,0,600-700,<50K
CS002234,2025-04-03 10:43:09,654,46887,9.45,3,29901,other,RENT,1,5,12,56.97,1,687,0.017242,MEDIUM,DECLINED,0,0,600-700,<50K
CS002235,2025-04-05 02:12:31,654,79920,31.21,6,15490,home_improvement,MORTGAGE,0,0,0,14.99,4,628,0.093329,HIGH,APPROVED,0,0,600-700,75-100K
CS002236,2025-02-22 01:25:41,620,76434,26.19,1,27811,debt_consolidation,MORTGAGE,0,0,0,48.99,0,642,0.122079,HIGH,DECLINED,0,0,600-700,75-100K
CS002237,2025-04-03 22:07:59,735,73001,28.96,8,19320,credit_card,MORTGAGE,0,0,0,55.59,0,690,0.036097,MEDIUM,APPROVED,1,90,600-700,50-75K
CS002238,2025-04-18 06:33:43,651,104284,12.95,1,9705,credit_card,RENT,1,4,20,27.13,0,663,0.038794,MEDIUM,APPROVED,0,0,600-700,100K+
CS002239,2025-02-10 17:11:09,719,129235,32.57,3,21800,credit_card,RENT,0,0,0,66.34,2,698,0.016373,LOW,APPROVED,0,0,600-700,100K+
CS002240,2025-04-09 00:55:24,701,63327,12.3,2,48200,other,RENT,1,2,41,33.0,0,734,0.005658,LOW,APPROVED,0,0,700-800,50-75K
CS002241,2025-06-10 19:29:20,702,81664,12.61,12,24789,credit_card,OWN,0,0,0,29.2,1,714,0.014269,LOW,APPROVED,0,0,700-800,75-100K
CS002242,2025-05-22 23:33:58,683,74462,39.18,6,31724,debt_consolidation,RENT,1,6,12,50.97,0,624,0.095007,HIGH,APPROVED,1,90,600-700,50-75K
CS002243,2025-04-02 22:11:03,726,86265,27.79,26,53008,credit_card,RENT,1,4,8,27.36,0,728,0.00818,LOW,APPROVED,0,30,700-800,75-100K
CS002244,2025-06-08 02:09:54,722,75309,16.76,7,11255,home_improvement,MORTGAGE,2,4,56,67.18,1,605,0.149353,HIGH,APPROVED,0,0,600-700,75-100K
CS002245,2025-04-13 03:54:03,785,38699,31.09,12,14641,debt_consolidation,MORTGAGE,0,0,0,40.65,2,720,0.009081,LOW,APPROVED,0,0,700-800,<50K
CS002246,2025-06-12 14:50:53,684,49057,13.79,2,8603,other,MORTGAGE,2,3,36,14.69,3,625,0.074466,HIGH,APPROVED,0,0,600-700,<50K
CS002247,2025-03-01 13:24:22,676,58483,39.36,2,18642,debt_consolidation,RENT,0,0,0,50.17,1,607,0.184771,HIGH,APPROVED,0,0,600-700,50-75K
CS002248,2025-05-10 14:24:32,631,53405,22.86,16,29690,credit_card,MORTGAGE,0,0,0,50.62,2,616,0.110832,HIGH,APPROVED,1,90,600-700,50-75K
CS002249,2025-04-17 05:26:56,814,55237,12.38,0,15887,debt_consolidation,MORTGAGE,1,5,23,13.29,0,850,0.00037,LOW,APPROVED,0,0,800+,50-75K
CS002250,2025-02-16 23:22:27,658,38014,24.08,1,10343,debt_consolidation,MORTGAGE,0,0,0,48.09,2,648,0.0729,HIGH,APPROVED,0,0,600-700,<50K
CS002251,2025-03-23 01:56:01,740,43292,12.52,3,27868,debt_consolidation,MORTGAGE,1,4,18,18.81,1,775,0.003658,LOW,APPROVED,0,0,700-800,<50K
CS002252,2025-05-17 17:47:54,737,54336,34.36,1,17242,debt_consolidation,RENT,0,0,0,88.98,1,674,0.038769,MEDIUM,DECLINED,0,0,600-700,50-75K
CS002253,2025-02-04 04:00:01,631,79081,20.6,1,32934,credit_card,MORTGAGE,0,0,0,26.31,1,617,0.117828,HIGH,DECLINED,0,0,600-700,75-100K
CS002254,2025-04-07 07:16:46,662,66831,35.86,5,9447,major_purchase,MORTGAGE,0,0,0,51.23,2,626,0.082187,HIGH,DECLINED,0,30,600-700,50-75K
CS002255,2025-06-18 13:00:39,735,75607,32.61,9,11878,home_improvement,OTHER,1,2,18,20.51,2,675,0.020006,MEDIUM,APPROVED,0,0,600-700,75-100K
CS002256,2025-01-13 08:14:17,695,51840,40.97,5,22307,debt_consolidation,MORTGAGE,2,5,50,41.06,1,624,0.093129,HIGH,APPROVED,0,0,600-700,50-75K
CS002257,2025-01-10 14:16:26,626,42328,35.63,5,68352,home_improvement,MORTGAGE,1,4,40,56.42,3,570,0.357743,VERY_HIGH,DECLINED,1,90,<600,<50K
CS002258,2025-06-11 04:24:33,702,90267,37.61,9,14949,credit_card,RENT,1,5,17,33.19,1,631,0.112077,HIGH,APPROVED,0,0,600-700,75-100K
CS002259,2025-01-26 12:29:48,777,97309,26.43,1,36371,home_improvement,RENT,0,0,0,24.4,2,739,0.006325,LOW,APPROVED,0,0,700-800,75-100K
CS002260,2025-05-01 22:39:46,714,99077,19.74,7,12899,major_purchase,RENT,1,3,56,37.31,0,736,0.007172,LOW,APPROVED,0,0,700-800,75-100K
CS002261,2025-04-19 12:22:56,724,42672,37.58,7,31298,major_purchase,RENT,0,0,0,26.57,1,618,0.085776,HIGH,APPROVED,0,0,600-700,<50K
CS002262,2025-06-17 19:12:22,764,35621,15.1,6,35299,home_improvement,MORTGAGE,0,0,0,53.21,1,757,0.002674,LOW,APPROVED,0,0,700-800,<50K
CS002263,2025-06-10 21:24:20,811,111003,28.06,1,20914,major_purchase,MORTGAGE,1,3,6,36.05,1,747,0.004369,LOW,APPROVED,0,30,700-800,100K+
CS002264,2025-05-14 03:09:34,696,78820,28.45,2,15313,debt_consolidation,RENT,0,0,0,43.23,0,693,0.018256,MEDIUM,APPROVED,0,0,600-700,75-100K
CS002265,2025-04-05 20:34:57,661,61571,26.24,3,36598,major_purchase,RENT,0,0,0,18.77,2,648,0.064084,HIGH,APPROVED,0,0,600-700,50-75K
CS002266,2025-04-21 12:11:27,691,50047,37.21,11,13609,major_purchase,RENT,0,0,0,24.89,1,689,0.023528,MEDIUM,APPROVED,0,0,600-700,50-75K
CS002267,2025-04-11 01:27:25,668,26486,33.63,11,15269,major_purchase,RENT,2,5,20,19.09,1,607,0.165315,HIGH,APPROVED,1,120,600-700,<50K
CS002268,2025-01-08 09:54:46,620,102360,19.82,4,32386,debt_consolidation,MORTGAGE,0,0,0,16.94,2,663,0.040928,MEDIUM,APPROVED,1,150,600-700,100K+
CS002269,2025-04-12 17:14:56,685,62836,33.75,5,24830,home_improvement,RENT,2,4,51,38.74,1,611,0.188007,VERY_HIGH,DECLINED,1,120,600-700,50-75K
CS002270,2025-02-02 12:42:39,642,92726,22.59,4,31960,credit_card,MORTGAGE,0,0,0,54.52,0,667,0.045892,HIGH,APPROVED,0,0,600-700,75-100K
CS002271,2025-01-01 19:02:31,761,116177,7.34,30,68288,home_improvement,MORTGAGE,0,0,0,77.51,1,760,0.002481,LOW,APPROVED,0,0,700-800,100K+
CS002272,2025-04-17 05:28:13,687,43529,18.39,1,14882,home_improvement,RENT,0,0,0,67.08,1,650,0.032048,MEDIUM,APPROVED,0,0,600-700,<50K
CS002273,2025-06-03 00:49:21,552,30806,27.07,0,18446,debt_consolidation,OTHER,0,0,0,50.0,0,562,0.420384,VERY_HIGH,DECLINED,1,120,<600,<50K
CS002274,2025-01-07 23:30:15,636,63474,23.13,6,27881,credit_card,OWN,0,0,0,59.92,2,597,0.11856,HIGH,DECLINED,0,0,<600,50-75K
CS002275,2025-06-19 12:12:07,712,66878,29.61,9,16982,home_improvement,MORTGAGE,0,0,0,5.77,1,682,0.028821,MEDIUM,APPROVED,0,0,600-700,50-75K
CS002276,2025-02-18 06:52:57,659,35517,23.64,18,16861,credit_card,MORTGAGE,1,2,7,12.43,0,664,0.057235,HIGH,APPROVED,0,0,600-700,<50K
CS002277,2025-06-07 23:15:50,646,35363,25.63,9,16507,credit_card,RENT,0,0,0,100.0,0,593,0.232889,VERY_HIGH,DECLINED,0,0,<600,<50K
CS002278,2025-04-14 06:18:30,660,24383,27.76,6,30446,major_purchase,RENT,0,0,0,70.6,2,575,0.273424,VERY_HIGH,APPROVED,0,0,<600,<50K
CS002279,2025-06-19 11:05:06,644,80394,30.68,6,36481,debt_consolidation,MORTGAGE,1,4,23,16.0,1,629,0.096783,HIGH,DECLINED,0,0,600-700,75-100K
CS002280,2025-02-25 20:16:41,721,90208,25.77,1,15749,debt_consolidation,MORTGAGE,0,0,0,47.78,0,711,0.014827,LOW,APPROVED,0,30,700-800,75-100K
CS002281,2025-03-18 22:08:51,663,56488,7.41,11,19213,debt_consolidation,RENT,0,0,0,32.96,2,668,0.032077,MEDIUM,DECLINED,0,0,600-700,50-75K
CS002282,2025-01-13 21:54:31,638,73413,32.45,1,42650,other,MORTGAGE,0,0,0,61.61,1,625,0.131051,HIGH,APPROVED,0,0,600-700,50-75K
CS002283,2025-03-22 00:36:45,733,41620,20.06,2,11962,other,RENT,1,5,57,76.11,0,741,0.004909,LOW,APPROVED,0,0,700-800,<50K
CS002284,2025-01-25 20:40:21,623,38308,8.5,6,16891,debt_consolidation,MORTGAGE,0,0,0,23.73,1,642,0.054195,HIGH,APPROVED,0,0,600-700,<50K
CS002285,2025-02-18 14:16:05,699,57358,30.75,1,23112,credit_card,MORTGAGE,1,3,21,33.29,0,660,0.030122,MEDIUM,APPROVED,1,90,600-700,50-75K
CS002286,2025-01-04 06:12:07,632,41631,17.06,4,6843,other,MORTGAGE,0,0,0,69.6,0,629,0.077974,HIGH,DECLINED,0,0,600-700,<50K
CS002287,2025-04-14 07:16:31,663,63588,17.84,7,13861,home_improvement,RENT,0,0,0,48.6,1,655,0.068607,HIGH,APPROVED,0,0,600-700,50-75K
CS002288,2025-01-31 02:31:39,659,84212,31.44,1,20980,debt_consolidation,RENT,0,0,0,45.34,3,608,0.141024,HIGH,DECLINED,0,0,600-700,75-100K
CS002289,2025-01-27 17:47:43,625,47036,16.63,7,21287,home_improvement,MORTGAGE,0,0,0,68.26,2,596,0.226405,VERY_HIGH,APPROVED,0,0,<600,<50K
CS002290,2025-06-02 04:40:04,654,72137,22.31,8,16937,debt_consolidation,OTHER,0,0,0,25.64,1,710,0.019869,MEDIUM,APPROVED,0,60,700-800,50-75K
CS002291,2025-03-12 00:20:39,766,85569,20.61,13,37650,debt_consolidation,MORTGAGE,0,0,0,45.88,1,767,0.001788,LOW,APPROVED,0,0,700-800,75-100K
CS002292,2025-04-29 02:58:34,625,45584,28.74,6,25443,credit_card,MORTGAGE,0,0,0,0.0,1,631,0.075957,HIGH,APPROVED,0,0,600-700,<50K
CS002293,2025-03-28 11:04:32,794,55311,46.39,7,11243,debt_consolidation,RENT,1,0,19,18.96,1,719,0.008922,LOW,APPROVED,0,0,700-800,50-75K
CS002294,2025-02-20 03:02:47,730,60100,12.99,0,10962,credit_card,RENT,0,0,0,64.44,0,718,0.010941,LOW,APPROVED,0,0,700-800,50-75K
CS002295,2025-02-13 14:23:21,771,62413,16.37,18,35955,debt_consolidation,RENT,0,0,0,48.6,1,730,0.008959,LOW,APPROVED,0,0,700-800,50-75K
CS002296,2025-03-01 17:57:06,659,60071,21.67,3,12248,home_improvement,OWN,0,0,0,15.57,0,663,0.028004,MEDIUM,APPROVED,0,0,600-700,50-75K
CS002297,2025-02-20 16:21:49,745,63663,2.9,7,47994,debt_consolidation,RENT,0,0,0,38.65,1,797,0.001368,LOW,APPROVED,0,0,700-800,50-75K
CS002298,2025-05-28 03:01:13,697,47349,18.59,7,10166,credit_card,OWN,0,0,0,23.66,1,682,0.018664,MEDIUM,APPROVED,0,0,600-700,<50K
CS002299,2025-03-06 00:09:44,797,70976,12.67,2,8178,credit_card,RENT,1,4,2,39.78,3,738,0.006211,LOW,APPROVED,0,0,700-800,50-75K
CS002300,2025-04-21 12:59:13,662,49570,22.5,1,44158,debt_consolidation,OTHER,0,0,0,30.24,0,652,0.035082,MEDIUM,APPROVED,1,90,600-700,<50K
CS002301,2025-04-03 21:46:32,754,95742,33.48,9,31455,debt_consolidation,OWN,0,0,0,37.67,2,714,0.008545,LOW,APPROVED,0,0,700-800,75-100K
CS002302,2025-02-02 16:37:30,654,38474,30.39,8,5682,credit_card,MORTGAGE,1,8,35,37.09,3,584,0.296761,VERY_HIGH,APPROVED,0,0,<600,<50K
CS002303,2025-06-17 03:42:57,763,34121,18.51,8,19932,home_improvement,OWN,0,0,0,62.63,2,700,0.014884,LOW,APPROVED,0,0,700-800,<50K
CS002304,2025-02-12 03:48:48,666,54677,19.46,2,15473,other,RENT,0,0,0,32.44,2,678,0.028134,MEDIUM,APPROVED,0,0,600-700,50-75K
CS002305,2025-05-08 03:24:52,625,43257,16.24,2,11336,home_improvement,MORTGAGE,0,0,0,48.68,1,614,0.108237,HIGH,DECLINED,0,0,600-700,<50K
CS002306,2025-06-08 08:35:37,611,64096,33.35,1,20487,credit_card,MORTGAGE,0,0,0,32.58,1,624,0.149735,HIGH,APPROVED,1,120,600-700,50-75K
CS002307,2025-02-27 15:51:26,654,45729,24.19,11,23910,major_purchase,RENT,0,0,0,41.37,2,607,0.13558,HIGH,APPROVED,0,0,600-700,<50K
CS002308,2025-06-14 11:48:20,770,172711,30.3,4,17373,credit_card,RENT,0,0,0,42.05,2,727,0.005962,LOW,APPROVED,0,0,700-800,100K+
CS002309,2025-03-19 18:41:31,614,38282,35.43,3,44233,major_purchase,MORTGAGE,0,0,0,50.33,2,568,0.348621,VERY_HIGH,APPROVED,0,0,<600,<50K
CS002310,2025-04-06 16:40:13,644,51164,14.48,1,19190,debt_consolidation,MORTGAGE,1,4,14,28.72,1,629,0.142996,HIGH,APPROVED,0,0,600-700,50-75K
CS002311,2025-06-29 03:36:08,679,61178,16.67,4,20589,home_improvement,RENT,1,0,17,46.67,0,670,0.029366,MEDIUM,APPROVED,0,0,600-700,50-75K
CS002312,2025-05-05 15:50:26,687,25422,11.41,3,19620,other,RENT,0,0,0,44.28,0,708,0.011856,LOW,APPROVED,0,30,700-800,<50K
CS002313,2025-01-15 03:09:01,698,93369,41.85,20,36940,debt_consolidation,RENT,0,0,0,33.67,2,597,0.135254,HIGH,APPROVED,0,0,<600,75-100K
CS002314,2025-02-09 04:06:16,773,144380,25.51,0,39916,credit_card,RENT,0,0,0,27.93,3,732,0.005951,LOW,APPROVED,0,0,700-800,100K+
CS002315,2025-01-23 06:02:05,674,34664,41.98,21,39788,home_improvement,MORTGAGE,0,0,0,71.08,1,575,0.343025,VERY_HIGH,APPROVED,0,0,<600,<50K
CS002316,2025-03-10 13:19:59,606,36896,25.18,4,20420,debt_consolidation,RENT,0,0,0,93.4,0,574,0.218887,VERY_HIGH,DECLINED,0,30,<600,<50K
CS002317,2025-02-14 21:28:15,726,70509,30.65,8,40436,other,RENT,0,0,0,48.87,1,660,0.076838,HIGH,APPROVED,0,0,600-700,50-75K
CS002318,2025-05-12 17:34:33,662,70285,40.64,7,20095,home_improvement,MORTGAGE,0,0,0,58.9,1,624,0.140337,HIGH,APPROVED,0,0,600-700,50-75K
CS002319,2025-02-26 22:18:49,673,66528,38.71,9,16092,credit_card,MORTGAGE,0,0,0,61.5,2,602,0.136751,HIGH,APPROVED,0,0,600-700,50-75K
CS002320,2025-02-05 08:05:09,693,43312,21.19,3,10625,debt_consolidation,MORTGAGE,0,0,0,87.5,0,676,0.026755,MEDIUM,APPROVED,0,0,600-700,<50K
CS002321,2025-02-14 11:59:15,773,41056,17.35,1,26805,major_purchase,MORTGAGE,0,0,0,54.47,1,762,0.003657,LOW,APPROVED,0,0,700-800,<50K
CS002322,2025-05-12 23:26:52,754,49682,35.8,4,5966,major_purchase,RENT,1,4,6,47.05,1,651,0.055594,HIGH,APPROVED,0,0,600-700,<50K
CS002323,2025-03-29 20:46:20,689,51802,40.69,9,26427,other,MORTGAGE,1,8,41,95.93,0,583,0.294265,VERY_HIGH,APPROVED,0,0,<600,50-75K
CS002324,2025-02-15 21:24:20,667,66573,22.8,0,10976,credit_card,RENT,2,6,31,55.57,2,567,0.33623,VERY_HIGH,DECLINED,0,0,<600,50-75K
CS002325,2025-02-15 07:43:53,711,56240,39.78,4,7184,other,MORTGAGE,2,2,2,50.33,2,565,0.278563,VERY_HIGH,DECLINED,0,0,<600,50-75K
CS002326,2025-01-16 03:34:40,645,100418,9.52,4,24564,credit_card,RENT,2,1,47,8.01,1,669,0.036879,MEDIUM,APPROVED,0,0,600-700,100K+
CS002327,2025-01-08 21:24:42,589,67502,12.5,19,18082,debt_consolidation,RENT,0,0,0,79.95,1,607,0.178194,HIGH,DECLINED,0,0,600-700,50-75K
CS002328,2025-05-12 12:13:22,650,56369,10.01,18,14583,home_improvement,RENT,2,2,45,52.3,1,642,0.070262,HIGH,APPROVED,0,0,600-700,50-75K
CS002329,2025-05-10 11:32:45,740,80110,12.94,3,8802,debt_consolidation,OTHER,0,0,0,23.92,1,779,0.002119,LOW,APPROVED,0,0,700-800,75-100K
CS002330,2025-01-17 21:39:29,649,78713,31.25,0,90000,other,RENT,1,2,18,84.67,1,632,0.120893,HIGH,APPROVED,1,90,600-700,75-100K
CS002331,2025-05-31 09:17:04,659,65000,24.1,9,19593,major_purchase,MORTGAGE,1,6,35,4.23,0,674,0.033832,MEDIUM,APPROVED,0,0,600-700,50-75K
CS002332,2025-03-27 14:50:52,767,43780,29.57,3,44489,major_purchase,MORTGAGE,1,2,36,50.01,1,674,0.027034,MEDIUM,DECLINED,0,0,600-700,<50K
CS002333,2025-02-25 05:57:22,767,62216,27.19,2,24430,credit_card,RENT,2,4,41,68.21,1,695,0.024233,MEDIUM,APPROVED,0,0,600-700,50-75K
CS002334,2025-06-24 09:20:04,769,61746,11.71,4,61890,debt_consolidation,RENT,0,0,0,67.32,1,722,0.012787,LOW,APPROVED,0,30,700-800,50-75K
CS002335,2025-01-13 05:42:39,645,83121,32.15,11,43476,debt_consolidation,RENT,1,5,21,60.23,0,618,0.150221,HIGH,APPROVED,0,0,600-700,75-100K
CS002336,2025-04-29 17:26:27,715,72917,15.28,5,20179,major_purchase,OWN,1,4,38,24.53,2,714,0.007068,LOW,APPROVED,0,0,700-800,50-75K
CS002337,2025-02-01 18:05:54,762,89783,31.07,3,36897,home_improvement,OWN,0,0,0,52.67,0,728,0.005077,LOW,APPROVED,0,0,700-800,75-100K
CS002338,2025-06-25 18:02:57,744,69581,22.79,8,18828,major_purchase,OWN,1,8,48,58.81,1,717,0.012723,LOW,APPROVED,0,0,700-800,50-75K
CS002339,2025-03-31 11:52:32,667,89405,21.81,13,10242,credit_card,MORTGAGE,1,4,42,54.86,1,616,0.102182,HIGH,DECLINED,0,0,600-700,75-100K
CS002340,2025-04-06 18:55:19,676,68441,23.42,1,29718,other,RENT,1,7,43,54.84,1,661,0.055435,HIGH,APPROVED,0,0,600-700,50-75K
CS002341,2025-01-24 06:20:09,647,61454,30.08,2,26160,debt_consolidation,MORTGAGE,0,0,0,64.02,2,594,0.189389,VERY_HIGH,DECLINED,1,120,<600,50-75K
CS002342,2025-02-28 23:33:26,658,50061,28.54,3,20925,home_improvement,MORTGAGE,2,4,55,49.07,2,633,0.134715,HIGH,APPROVED,0,0,600-700,50-75K
CS002343,2025-02-15 11:36:25,708,75600,15.54,3,14258,other,MORTGAGE,2,4,55,31.7,1,689,0.018954,MEDIUM,APPROVED,0,0,600-700,75-100K
CS002344,2025-03-06 17:05:56,708,60542,40.72,2,32722,major_purchase,MORTGAGE,0,0,0,41.49,2,612,0.126887,HIGH,DECLINED,0,0,600-700,50-75K
CS002345,2025-03-29 15:48:25,640,56377,13.64,3,18736,major_purchase,RENT,1,2,13,14.19,0,666,0.031739,MEDIUM,APPROVED,0,0,600-700,50-75K
CS002346,2025-06-03 05:15:25,724,68301,3.86,8,12256,credit_card,OTHER,0,0,0,81.83,0,745,0.004434,LOW,APPROVED,0,30,700-800,50-75K
CS002347,2025-06-01 09:37:59,699,79563,27.2,2,15073,debt_consolidation,RENT,1,7,38,33.23,1,694,0.016214,LOW,APPROVED,0,0,600-700,75-100K
CS002348,2025-01-19 08:48:00,759,44394,5.34,6,20376,home_improvement,MORTGAGE,0,0,0,72.26,1,742,0.005566,LOW,APPROVED,0,0,700-800,<50K
CS002349,2025-01-25 05:29:38,658,25846,24.15,7,9500,credit_card,RENT,0,0,0,45.11,0,641,0.074017,HIGH,APPROVED,0,0,600-700,<50K
CS002350,2025-06-25 06:00:57,700,35915,46.81,5,38090,debt_consolidation,OWN,1,4,33,74.74,1,559,0.382286,VERY_HIGH,DECLINED,1,90,<600,<50K
CS002351,2025-04-01 12:41:48,565,60944,29.53,6,22027,debt_consolidation,OWN,0,0,0,10.09,1,588,0.265285,VERY_HIGH,DECLINED,0,0,<600,50-75K
CS002352,2025-05-19 15:39:49,730,54973,43.22,1,22742,credit_card,MORTGAGE,0,0,0,25.9,0,674,0.036466,MEDIUM,APPROVED,0,0,600-700,50-75K
CS002353,2025-05-17 17:23:37,720,57023,14.41,0,28259,debt_consolidation,MORTGAGE,1,6,48,49.2,1,707,0.017411,MEDIUM,APPROVED,0,0,700-800,50-75K
CS002354,2025-04-28 23:16:00,735,42224,19.67,6,8075,credit_card,MORTGAGE,1,2,39,59.86,0,682,0.032054,MEDIUM,APPROVED,0,0,600-700,<50K
CS002355,2025-03-22 12:09:32,690,25561,20.91,8,17374,home_improvement,MORTGAGE,1,1,8,66.64,0,652,0.067069,HIGH,APPROVED,0,0,600-700,<50K
CS002356,2025-03-25 04:44:11,690,116645,17.12,11,44935,major_purchase,RENT,0,0,0,83.73,0,690,0.017493,MEDIUM,APPROVED,0,0,600-700,100K+
CS002357,2025-05-17 07:58:54,685,40181,19.43,4,39004,credit_card,MORTGAGE,0,0,0,32.75,2,659,0.042899,MEDIUM,DECLINED,0,0,600-700,<50K
CS002358,2025-04-23 00:55:46,757,44939,12.91,8,13764,credit_card,MORTGAGE,0,0,0,56.98,2,677,0.018014,MEDIUM,DECLINED,0,0,600-700,<50K
CS002359,2025-02-24 18:37:34,636,106306,29.51,2,33282,home_improvement,RENT,1,5,39,79.4,3,593,0.201464,VERY_HIGH,DECLINED,0,0,<600,100K+
CS002360,2025-01-20 09:36:21,684,64731,39.33,4,24331,debt_consolidation,MORTGAGE,0,0,0,80.89,1,614,0.127829,HIGH,APPROVED,0,0,600-700,50-75K
CS002361,2025-05-04 20:46:27,722,89747,23.98,7,9942,major_purchase,OWN,0,0,0,51.22,1,692,0.025341,MEDIUM,APPROVED,0,0,600-700,75-100K
CS002362,2025-01-28 20:13:23,670,53408,38.92,1,12121,credit_card,OWN,0,0,0,54.22,1,637,0.072407,HIGH,APPROVED,0,0,600-700,50-75K
CS002363,2025-04-26 11:37:16,639,68659,25.01,22,17684,major_purchase,RENT,0,0,0,47.92,0,613,0.122505,HIGH,APPROVED,0,30,600-700,50-75K
CS002364,2025-02-22 07:50:30,673,76140,9.05,1,11060,home_improvement,RENT,1,4,2,70.02,0,612,0.133675,HIGH,APPROVED,0,0,600-700,75-100K
CS002365,2025-01-23 13:18:51,707,34767,13.77,5,10060,credit_card,MORTGAGE,0,0,0,68.93,3,665,0.034064,MEDIUM,APPROVED,0,0,600-700,<50K
CS002366,2025-03-12 02:02:52,776,103634,29.32,5,10193,major_purchase,RENT,0,0,0,51.36,2,714,0.009021,LOW,APPROVED,0,0,700-800,100K+
CS002367,2025-02-13 07:00:52,661,45477,25.33,3,27843,other,RENT,2,4,49,0.0,0,636,0.050463,HIGH,APPROVED,0,0,600-700,<50K
CS002368,2025-01-02 17:46:41,571,43689,29.2,1,9804,home_improvement,MORTGAGE,0,0,0,63.66,1,553,0.404907,VERY_HIGH,DECLINED,0,0,<600,<50K
CS002369,2025-05-04 23:32:50,745,106104,32.46,7,10144,credit_card,RENT,0,0,0,75.11,0,693,0.028638,MEDIUM,APPROVED,0,0,600-700,100K+
CS002370,2025-06-04 01:30:29,690,95142,15.46,2,67580,credit_card,RENT,1,5,53,55.31,1,694,0.021168,MEDIUM,APPROVED,0,0,600-700,75-100K
CS002371,2025-04-04 12:09:11,722,63218,22.33,8,30420,major_purchase,RENT,1,4,23,3.8,5,661,0.032052,MEDIUM,APPROVED,0,30,600-700,50-75K
CS002372,2025-02-14 19:48:30,684,132870,23.14,3,15950,credit_card,MORTGAGE,0,0,0,40.68,3,669,0.057581,HIGH,APPROVED,1,120,600-700,100K+
CS002373,2025-02-26 18:12:56,687,32662,20.5,1,41191,credit_card,RENT,1,5,42,38.75,2,639,0.067159,HIGH,APPROVED,0,30,600-700,<50K
CS002374,2025-01-02 02:06:42,584,32851,24.12,1,40646,home_improvement,RENT,3,4,25,39.48,2,518,0.633573,VERY_HIGH,DECLINED,1,150,<600,<50K
CS002375,2025-06-03 06:08:13,719,147851,11.08,1,18640,credit_card,RENT,1,7,2,50.54,1,694,0.018663,MEDIUM,APPROVED,0,0,600-700,100K+
CS002376,2025-06-05 20:46:42,628,46401,33.41,1,53757,credit_card,RENT,0,0,0,61.76,3,602,0.218679,VERY_HIGH,DECLINED,1,90,600-700,<50K
CS002377,2025-06-14 16:14:42,724,57547,30.73,1,14814,major_purchase,RENT,1,7,36,32.98,2,649,0.047127,HIGH,APPROVED,0,0,600-700,50-75K
CS002378,2025-03-31 14:35:28,584,92124,31.11,1,20333,home_improvement,RENT,1,6,27,31.72,0,597,0.277964,VERY_HIGH,APPROVED,0,0,<600,75-100K
CS002379,2025-04-30 22:50:41,752,86084,38.7,3,9145,major_purchase,RENT,1,5,48,0.0,3,678,0.038909,MEDIUM,APPROVED,0,0,600-700,75-100K
CS002380,2025-03-23 03:12:46,678,86853,38.26,7,21443,home_improvement,MORTGAGE,1,6,15,76.25,0,578,0.196294,VERY_HIGH,APPROVED,0,0,<600,75-100K
CS002381,2025-02-21 02:16:31,561,105902,50.69,7,25301,debt_consolidation,MORTGAGE,1,9,57,43.39,1,467,0.875991,VERY_HIGH,DECLINED,1,120,<600,100K+
CS002382,2025-03-21 01:45:23,693,50263,15.35,4,39058,other,MORTGAGE,0,0,0,52.97,1,713,0.013976,LOW,APPROVED,0,0,700-800,50-75K
CS002383,2025-04-05 01:47:12,692,48759,45.61,4,31571,credit_card,RENT,0,0,0,65.53,1,632,0.149102,HIGH,APPROVED,0,0,600-700,<50K
CS002384,2025-03-30 01:42:35,692,78823,19.73,2,46603,major_purchase,OWN,0,0,0,65.41,1,731,0.008494,LOW,APPROVED,0,0,700-800,75-100K
CS002385,2025-04-26 23:20:17,626,99389,29.02,6,21189,other,RENT,0,0,0,65.87,3,590,0.191206,VERY_HIGH,APPROVED,0,0,<600,75-100K
CS002386,2025-05-01 06:43:48,808,63794,15.11,3,10983,other,MORTGAGE,0,0,0,45.49,1,775,0.00141,LOW,APPROVED,0,0,700-800,50-75K
CS002387,2025-03-23 06:12:52,659,28440,51.53,9,20362,credit_card,MORTGAGE,0,0,0,31.43,0,566,0.243165,VERY_HIGH,DECLINED,1,60,<600,<50K
CS002388,2025-01-20 02:39:50,740,47067,29.19,13,40438,home_improvement,RENT,0,0,0,42.49,0,729,0.012244,LOW,APPROVED,0,0,700-800,<50K
CS002389,2025-06-07 02:04:58,550,41141,19.85,17,8897,debt_consolidation,MORTGAGE,0,0,0,91.98,2,526,0.496082,VERY_HIGH,DECLINED,1,90,<600,<50K
CS002390,2025-02-02 10:37:40,719,114146,11.83,9,35046,debt_consolidation,RENT,1,5,20,63.48,2,686,0.024041,MEDIUM,APPROVED,0,0,600-700,100K+
CS002391,2025-05-21 12:30:52,713,65021,28.98,4,17150,home_improvement,MORTGAGE,0,0,0,44.44,2,679,0.028179,MEDIUM,APPROVED,0,0,600-700,50-75K
CS002392,2025-05-01 18:28:08,684,59756,27.91,9,8876,credit_card,RENT,1,3,5,34.51,4,611,0.17164,HIGH,APPROVED,1,120,600-700,50-75K
CS002393,2025-02-09 05:31:16,753,52015,24.51,2,17495,major_purchase,RENT,0,0,0,69.06,2,692,0.017485,MEDIUM,APPROVED,0,0,600-700,50-75K
CS002394,2025-02-06 04:55:08,653,57309,22.39,7,20107,credit_card,RENT,0,0,0,18.34,4,637,0.076284,HIGH,APPROVED,0,30,600-700,50-75K
CS002395,2025-04-13 02:05:17,710,29357,29.94,3,60594,debt_consolidation,RENT,2,2,46,49.02,2,618,0.097582,HIGH,APPROVED,0,0,600-700,<50K
CS002396,2025-01-15 15:21:33,682,58317,24.11,14,14635,home_improvement,RENT,0,0,0,34.83,1,636,0.053557,HIGH,APPROVED,0,0,600-700,50-75K
CS002397,2025-01-17 13:20:42,701,64780,41.56,1,16707,debt_consolidation,MORTGAGE,0,0,0,19.47,1,674,0.02539,MEDIUM,APPROVED,0,0,600-700,50-75K
CS002398,2025-06-28 16:32:01,632,84999,4.74,6,25095,major_purchase,MORTGAGE,1,5,20,20.59,2,663,0.028772,MEDIUM,APPROVED,0,0,600-700,75-100K
CS002399,2025-04-15 10:31:22,721,55083,21.9,6,26961,major_purchase,RENT,0,0,0,52.09,1,722,0.011444,LOW,APPROVED,0,0,700-800,50-75K
CS002400,2025-02-19 01:30:15,716,35969,30.32,11,15181,major_purchase,RENT,1,4,15,30.91,0,676,0.033153,MEDIUM,APPROVED,0,0,600-700,<50K
CS002401,2025-06-28 05:43:30,702,78237,11.79,1,23568,major_purchase,RENT,0,0,0,31.08,1,690,0.013215,LOW,APPROVED,0,0,600-700,75-100K
CS002402,2025-01-21 10:56:36,703,40714,17.72,7,15479,other,MORTGAGE,0,0,0,69.3,0,659,0.040844,MEDIUM,APPROVED,0,0,600-700,<50K
CS002403,2025-03-16 20:47:06,665,78294,50.97,0,17716,credit_card,OTHER,1,5,50,56.24,1,568,0.392049,VERY_HIGH,DECLINED,0,0,<600,75-100K
CS002404,2025-01-28 06:23:59,653,88698,25.66,10,5721,major_purchase,OTHER,0,0,0,70.57,4,600,0.151378,HIGH,APPROVED,1,120,600-700,75-100K
CS002405,2025-02-19 09:41:14,674,96464,17.21,0,21092,credit_card,RENT,0,0,0,37.4,2,674,0.017681,MEDIUM,APPROVED,0,0,600-700,75-100K
CS002406,2025-03-14 14:15:13,707,57744,18.5,5,20708,credit_card,RENT,3,5,28,27.94,0,665,0.035367,MEDIUM,DECLINED,0,0,600-700,50-75K
CS002407,2025-04-29 00:15:22,621,110884,25.62,15,61470,major_purchase,MORTGAGE,1,3,47,40.26,0,626,0.09521,HIGH,DECLINED,0,0,600-700,100K+
CS002408,2025-04-13 06:33:38,681,174774,1.39,1,12158,major_purchase,MORTGAGE,0,0,0,56.43,0,722,0.007804,LOW,APPROVED,0,0,700-800,100K+
CS002409,2025-01-30 00:37:01,771,43273,36.33,5,32751,home_improvement,RENT,0,0,0,88.87,0,670,0.037576,MEDIUM,APPROVED,0,0,600-700,<50K
CS002410,2025-02-20 07:49:57,726,69546,8.67,2,52046,debt_consolidation,RENT,1,5,48,40.26,1,716,0.010032,LOW,APPROVED,0,0,700-800,50-75K
CS002411,2025-03-31 11:00:13,636,63454,30.83,5,17167,debt_consolidation,OWN,0,0,0,30.86,1,620,0.111513,HIGH,APPROVED,0,0,600-700,50-75K
CS002412,2025-02-21 21:28:21,755,94102,24.56,6,19824,other,MORTGAGE,0,0,0,79.95,0,750,0.003431,LOW,APPROVED,0,0,700-800,75-100K
CS002413,2025-02-02 04:45:52,596,79138,40.85,7,21939,other,MORTGAGE,0,0,0,55.57,2,587,0.248387,VERY_HIGH,DECLINED,1,150,<600,75-100K
CS002414,2025-01-18 19:11:36,677,62961,24.88,5,13513,credit_card,MORTGAGE,0,0,0,6.93,1,703,0.018596,MEDIUM,APPROVED,0,0,700-800,50-75K
CS002415,2025-03-02 23:19:17,748,158651,5.92,7,30958,credit_card,MORTGAGE,0,0,0,79.16,1,752,0.004719,LOW,APPROVED,0,0,700-800,100K+
CS002416,2025-06-28 13:48:49,724,80316,22.1,4,34285,credit_card,MORTGAGE,0,0,0,58.28,1,720,0.012596,LOW,APPROVED,0,0,700-800,75-100K
CS002417,2025-04-18 09:48:27,707,87144,41.69,3,15999,debt_consolidation,RENT,0,0,0,59.75,2,629,0.090609,HIGH,APPROVED,0,0,600-700,75-100K
CS002418,2025-03-19 03:08:32,632,49506,25.69,12,55113,credit_card,OTHER,1,5,35,58.33,2,556,0.395389,VERY_HIGH,DECLINED,1,60,<600,<50K
CS002419,2025-02-19 03:20:00,599,50683,24.18,4,20463,credit_card,RENT,1,6,36,17.65,1,575,0.237323,VERY_HIGH,APPROVED,0,0,<600,50-75K
CS002420,2025-06-08 11:03:22,717,42959,25.32,3,13960,home_improvement,RENT,0,0,0,52.08,1,718,0.012264,LOW,APPROVED,0,0,700-800,<50K
CS002421,2025-01-28 14:02:00,703,28267,50.53,6,18340,debt_consolidation,RENT,2,6,27,4.18,0,636,0.069713,HIGH,APPROVED,0,0,600-700,<50K
CS002422,2025-03-16 22:52:47,779,140490,20.9,17,18281,major_purchase,RENT,0,0,0,42.43,1,797,0.001494,LOW,APPROVED,0,0,700-800,100K+
CS002423,2025-03-01 03:24:07,656,106066,42.17,8,10527,debt_consolidation,MORTGAGE,1,6,51,79.35,1,565,0.321365,VERY_HIGH,DECLINED,0,0,<600,100K+
CS002424,2025-02-06 01:25:37,628,116352,14.83,5,18593,other,MORTGAGE,0,0,0,38.98,1,644,0.07363,HIGH,APPROVED,0,0,600-700,100K+
CS002425,2025-01-05 02:17:16,657,154807,14.75,2,34240,home_improvement,MORTGAGE,0,0,0,83.72,0,653,0.043636,MEDIUM,APPROVED,0,0,600-700,100K+
CS002426,2025-05-16 02:07:02,587,87205,33.3,3,36475,debt_consolidation,MORTGAGE,1,5,37,52.08,2,557,0.385138,VERY_HIGH,DECLINED,1,90,<600,75-100K
CS002427,2025-03-28 01:54:42,666,90547,36.0,5,15974,debt_consolidation,MORTGAGE,0,0,0,40.14,3,594,0.182123,HIGH,APPROVED,0,0,<600,75-100K
CS002428,2025-01-16 19:38:28,683,59032,30.7,2,14604,home_improvement,MORTGAGE,0,0,0,39.45,2,628,0.075713,HIGH,APPROVED,0,0,600-700,50-75K
CS002429,2025-01-03 00:01:46,676,98522,19.71,1,15416,major_purchase,RENT,0,0,0,41.66,0,706,0.011719,LOW,APPROVED,0,0,700-800,75-100K
CS002430,2025-03-03 12:23:42,783,47207,20.18,10,40687,major_purchase,OWN,0,0,0,48.39,1,761,0.002724,LOW,APPROVED,0,0,700-800,<50K
CS002431,2025-05-02 20:38:20,787,36412,21.62,5,8752,major_purchase,RENT,0,0,0,51.41,2,744,0.006679,LOW,APPROVED,0,0,700-800,<50K
CS002432,2025-01-20 23:36:10,667,33164,10.04,6,39576,major_purchase,OWN,1,4,41,0.0,0,705,0.012157,LOW,APPROVED,0,0,700-800,<50K
CS002433,2025-04-23 23:41:25,655,46632,17.85,5,19811,home_improvement,OWN,1,2,19,26.47,1,661,0.03772,MEDIUM,APPROVED,0,0,600-700,<50K
CS002434,2025-03-06 15:48:22,755,81142,21.57,1,42919,credit_card,RENT,1,5,23,43.05,1,701,0.014271,LOW,APPROVED,0,0,700-800,75-100K
CS002435,2025-05-11 07:05:23,744,78596,11.97,3,21001,credit_card,OTHER,0,0,0,27.26,0,746,0.005194,LOW,APPROVED,0,0,700-800,75-100K
CS002436,2025-06-04 12:41:58,619,81275,17.39,20,6920,major_purchase,RENT,0,0,0,0.0,0,670,0.024624,MEDIUM,APPROVED,0,0,600-700,75-100K
CS002437,2025-03-10 11:42:24,646,104405,9.06,7,19373,home_improvement,RENT,0,0,0,73.1,3,662,0.045144,MEDIUM,APPROVED,0,0,600-700,100K+
CS002438,2025-05-24 15:43:29,643,70156,35.25,6,25454,home_improvement,RENT,1,3,37,41.04,3,551,0.420978,VERY_HIGH,DECLINED,0,0,<600,50-75K
CS002439,2025-06-09 07:14:52,616,52760,23.64,2,32811,credit_card,MORTGAGE,1,6,41,58.35,3,566,0.461428,VERY_HIGH,DECLINED,0,0,<600,50-75K
CS002440,2025-03-26 19:10:53,655,66790,25.91,3,14392,debt_consolidation,OWN,0,0,0,42.56,3,603,0.156878,HIGH,APPROVED,0,0,600-700,50-75K
CS002441,2025-06-03 20:42:43,617,132398,17.16,2,20537,home_improvement,MORTGAGE,0,0,0,52.04,1,615,0.116544,HIGH,APPROVED,0,0,600-700,100K+
CS002442,2025-06-13 20:15:11,727,48246,28.4,6,7281,home_improvement,MORTGAGE,0,0,0,52.66,1,682,0.016718,LOW,APPROVED,0,30,600-700,<50K
CS002443,2025-04-18 01:39:22,712,58845,25.52,1,9937,debt_consolidation,RENT,1,4,20,39.77,1,673,0.036235,MEDIUM,APPROVED,0,0,600-700,50-75K
CS002444,2025-02-18 08:00:52,593,133113,35.07,19,15975,major_purchase,RENT,0,0,0,25.82,0,648,0.047044,HIGH,APPROVED,0,0,600-700,100K+
CS002445,2025-06-17 22:50:13,651,80831,34.53,3,6308,credit_card,MORTGAGE,0,0,0,58.62,2,607,0.117233,HIGH,DECLINED,0,0,600-700,75-100K
CS002446,2025-06-24 12:46:31,654,44112,11.79,1,28322,debt_consolidation,MORTGAGE,0,0,0,68.76,1,633,0.05448,HIGH,APPROVED,0,0,600-700,<50K
CS002447,2025-03-17 07:26:56,762,59059,41.53,3,34875,home_improvement,RENT,1,1,18,37.31,1,685,0.016705,LOW,APPROVED,0,0,600-700,50-75K
CS002448,2025-04-04 21:20:40,651,84058,36.35,1,26811,home_improvement,RENT,1,5,26,82.66,2,590,0.224869,VERY_HIGH,DECLINED,0,60,<600,75-100K
CS002449,2025-02-27 00:25:02,734,101862,11.07,0,28248,major_purchase,MORTGAGE,0,0,0,14.09,1,771,0.001946,LOW,APPROVED,0,0,700-800,100K+
CS002450,2025-02-21 06:50:51,775,83505,22.65,2,39529,debt_consolidation,RENT,0,0,0,76.34,2,697,0.021725,MEDIUM,APPROVED,0,0,600-700,75-100K
CS002451,2025-04-03 05:58:26,639,60977,42.47,1,16399,home_improvement,RENT,1,3,42,38.1,1,585,0.307014,VERY_HIGH,DECLINED,1,90,<600,50-75K
CS002452,2025-05-13 09:15:50,716,79229,20.15,6,16296,other,OWN,0,0,0,38.42,0,714,0.008792,LOW,APPROVED,0,0,700-800,75-100K
CS002453,2025-06-11 15:03:14,693,134314,42.99,10,9606,other,RENT,2,5,44,34.47,0,601,0.149461,HIGH,APPROVED,0,0,600-700,100K+
CS002454,2025-03-22 21:30:03,736,92208,7.79,8,33230,credit_card,RENT,1,2,17,51.55,1,731,0.008457,LOW,APPROVED,0,0,700-800,75-100K
CS002455,2025-02-25 03:40:33,613,43067,19.41,6,60185,major_purchase,MORTGAGE,0,0,0,57.72,2,608,0.239269,VERY_HIGH,APPROVED,0,0,600-700,<50K
CS002456,2025-06-04 13:29:19,667,41343,25.37,12,18335,other,RENT,0,0,0,31.33,0,671,0.03996,MEDIUM,APPROVED,0,60,600-700,<50K
CS002457,2025-05-13 10:37:28,597,48204,23.31,3,7483,credit_card,RENT,0,0,0,46.27,1,621,0.144455,HIGH,DECLINED,1,60,600-700,<50K
CS002458,2025-02-23 05:47:46,727,92131,29.25,5,25550,major_purchase,MORTGAGE,0,0,0,74.93,3,621,0.065464,HIGH,DECLINED,0,0,600-700,75-100K
CS002459,2025-01-24 21:37:08,580,78713,28.47,2,31853,other,RENT,1,5,10,74.57,2,514,0.589149,VERY_HIGH,DECLINED,0,0,<600,75-100K
CS002460,2025-01-31 04:09:52,692,60849,6.49,11,34791,home_improvement,OTHER,0,0,0,40.84,1,720,0.008705,LOW,APPROVED,0,0,700-800,50-75K
CS002461,2025-01-31 21:01:32,602,89598,22.23,6,12805,major_purchase,RENT,0,0,0,39.61,1,646,0.051155,HIGH,APPROVED,0,0,600-700,75-100K
CS002462,2025-02-25 23:00:41,647,51036,24.92,5,23285,credit_card,MORTGAGE,1,5,34,75.62,0,654,0.045304,HIGH,APPROVED,0,0,600-700,50-75K
CS002463,2025-03-13 08:43:42,643,52556,31.49,3,24294,credit_card,OWN,1,5,59,51.29,0,582,0.283014,VERY_HIGH,DECLINED,1,60,<600,50-75K
CS002464,2025-05-31 09:20:35,692,66337,35.17,3,20412,home_improvement,MORTGAGE,0,0,0,33.67,0,676,0.025721,MEDIUM,APPROVED,0,0,600-700,50-75K
CS002465,2025-02-06 06:16:20,718,83315,31.9,2,28298,home_improvement,MORTGAGE,0,0,0,31.08,2,676,0.032503,MEDIUM,APPROVED,0,0,600-700,75-100K
CS002466,2025-01-23 09:46:28,751,18896,15.18,1,51362,credit_card,RENT,1,3,40,20.17,2,680,0.035439,MEDIUM,DECLINED,0,0,600-700,<50K
CS002467,2025-06-07 05:28:03,763,115210,19.13,22,15089,other,MORTGAGE,0,0,0,60.61,1,766,0.002888,LOW,APPROVED,0,30,700-800,100K+
CS002468,2025-02-03 13:50:09,690,91584,13.83,18,9187,home_improvement,RENT,2,9,45,62.83,0,641,0.059154,HIGH,APPROVED,0,0,600-700,75-100K
CS002469,2025-01-07 16:22:44,628,47358,44.37,5,38029,other,RENT,1,2,14,22.1,0,538,0.44869,VERY_HIGH,DECLINED,1,60,<600,<50K
CS002470,2025-02-06 21:30:12,756,68770,40.64,4,17800,debt_consolidation,RENT,0,0,0,68.99,0,686,0.019947,MEDIUM,APPROVED,0,0,600-700,50-75K
CS002471,2025-01-29 09:51:02,621,77138,32.53,2,44861,debt_consolidation,MORTGAGE,1,3,16,46.12,1,587,0.251507,VERY_HIGH,DECLINED,0,0,<600,75-100K
CS002472,2025-01-10 05:01:30,689,44869,17.61,6,22881,major_purchase,OWN,0,0,0,45.98,1,703,0.013631,LOW,APPROVED,0,0,700-800,<50K
CS002473,2025-01-27 06:01:02,651,63765,36.25,8,39951,debt_consolidation,MORTGAGE,0,0,0,17.7,3,600,0.239036,VERY_HIGH,APPROVED,0,0,600-700,50-75K
CS002474,2025-04-20 14:06:12,655,86237,30.82,15,24474,other,MORTGAGE,0,0,0,17.66,2,611,0.080144,HIGH,APPROVED,1,90,600-700,75-100K
CS002475,2025-04-27 09:20:32,699,56904,29.93,0,33306,major_purchase,RENT,1,6,57,59.72,0,638,0.057309,HIGH,APPROVED,0,0,600-700,50-75K
CS002476,2025-04-21 06:09:45,626,49031,16.82,5,37686,debt_consolidation,RENT,0,0,0,39.08,1,664,0.052686,HIGH,APPROVED,0,0,600-700,<50K
CS002477,2025-01-04 03:01:40,684,55541,31.28,9,9611,debt_consolidation,MORTGAGE,1,5,10,67.58,2,628,0.070671,HIGH,DECLINED,1,120,600-700,50-75K
CS002478,2025-01-10 19:08:02,684,77419,32.63,3,12873,debt_consolidation,RENT,1,5,5,58.68,3,581,0.2002,VERY_HIGH,APPROVED,0,30,<600,75-100K
CS002479,2025-03-16 07:49:43,747,47722,25.23,5,44159,credit_card,MORTGAGE,1,4,7,60.41,0,676,0.025021,MEDIUM,APPROVED,0,0,600-700,<50K
CS002480,2025-04-20 17:25:55,751,51812,24.5,2,7076,debt_consolidation,MORTGAGE,1,4,22,49.43,1,680,0.026333,MEDIUM,APPROVED,0,0,600-700,50-75K
CS002481,2025-05-24 03:52:50,732,35837,28.4,3,25508,debt_consolidation,MORTGAGE,0,0,0,49.51,1,669,0.032727,MEDIUM,APPROVED,0,0,600-700,<50K
CS002482,2025-02-04 23:10:25,692,33828,33.96,16,25165,debt_consolidation,MORTGAGE,0,0,0,20.08,4,646,0.05506,HIGH,APPROVED,0,0,600-700,<50K
CS002483,2025-03-04 14:41:17,784,74873,18.95,17,41030,credit_card,RENT,1,4,53,31.9,1,729,0.004553,LOW,APPROVED,0,0,700-800,50-75K
CS002484,2025-06-02 19:19:27,743,56784,30.45,3,19997,major_purchase,RENT,1,6,21,28.35,4,651,0.082043,HIGH,DECLINED,0,0,600-700,50-75K
CS002485,2025-04-10 05:51:24,620,41948,29.06,2,62418,debt_consolidation,RENT,0,0,0,40.35,1,636,0.110782,HIGH,APPROVED,1,120,600-700,<50K
CS002486,2025-06-21 13:41:57,707,120238,29.92,19,13516,home_improvement,MORTGAGE,1,2,24,14.58,2,657,0.034501,MEDIUM,APPROVED,0,0,600-700,100K+
CS002487,2025-05-18 15:09:36,715,37262,17.78,2,8549,major_purchase,OWN,1,5,2,35.81,0,690,0.02333,MEDIUM,APPROVED,0,0,600-700,<50K
CS002488,2025-04-26 18:06:28,644,85288,18.26,4,42322,home_improvement,MORTGAGE,1,3,33,42.34,0,656,0.046065,HIGH,APPROVED,0,0,600-700,75-100K
CS002489,2025-01-14 19:22:49,704,96535,23.46,2,19278,major_purchase,RENT,0,0,0,35.5,0,735,0.005406,LOW,APPROVED,0,0,700-800,75-100K
CS002490,2025-01-14 09:54:57,672,190205,29.78,2,11996,credit_card,RENT,2,8,18,79.01,1,649,0.070686,HIGH,DECLINED,1,90,600-700,100K+
CS002491,2025-05-21 23:49:06,641,57515,26.75,12,88517,credit_card,MORTGAGE,0,0,0,30.46,1,603,0.136183,HIGH,DECLINED,0,0,600-700,50-75K
CS002492,2025-05-11 18:01:30,693,67428,28.66,3,53300,debt_consolidation,MORTGAGE,0,0,0,54.99,0,646,0.05547,HIGH,APPROVED,0,0,600-700,50-75K
CS002493,2025-02-07 04:16:00,656,40980,26.56,7,20904,home_improvement,RENT,0,0,0,30.26,0,616,0.161675,HIGH,DECLINED,0,30,600-700,<50K
CS002494,2025-06-10 14:04:59,623,60383,14.39,9,31181,debt_consolidation,RENT,0,0,0,8.51,1,678,0.031749,MEDIUM,APPROVED,0,0,600-700,50-75K
CS002495,2025-04-14 13:31:51,691,104034,23.88,2,23495,credit_card,OTHER,2,3,28,48.11,2,646,0.05273,HIGH,APPROVED,0,0,600-700,100K+
CS002496,2025-05-23 15:20:22,588,119790,23.52,8,17116,debt_consolidation,MORTGAGE,0,0,0,46.41,2,607,0.180296,HIGH,APPROVED,0,0,600-700,100K+
CS002497,2025-06-26 13:13:54,752,74854,19.21,4,23521,home_improvement,RENT,1,4,25,40.52,1,750,0.00823,LOW,APPROVED,0,0,700-800,50-75K
CS002498,2025-01-28 23:56:09,671,67236,20.48,1,27323,credit_card,RENT,0,0,0,80.01,2,630,0.07978,HIGH,APPROVED,1,60,600-700,50-75K
CS002499,2025-05-05 12:30:34,695,111318,25.59,2,15948,other,RENT,3,8,51,32.73,1,652,0.049096,HIGH,APPROVED,1,120,600-700,100K+
