application_id,application_time,credit_score,annual_income,debt_to_income,employment_length,loan_amount,loan_purpose,home_ownership,number_of_delinquent_accounts,delinquent_months,months_since_last_delinquent,revolving_utilization,inquiries_last_6m,model_score,probability_of_default,risk_rating,application_status,actual_default,past_due_days,score_band,income_band
CD000000,2025-02-01 17:58:14,771,147371,18.59,18,20796,credit_card,RENT,1,3,55,65.56,2,731,0.009344,LOW,APPROVED,0,0,700-800,100K+
CD000001,2025-04-05 06:15:11,501,108163,25.21,3,49707,other,RENT,2,7,47,36.66,2,431,0.929748,VERY_HIGH,DECLINED,1,150,<600,100K+
CD000002,2025-04-16 20:52:10,723,54230,19.78,2,27251,debt_consolidation,RENT,0,0,0,54.74,0,699,0.018936,LOW,APPROVED,0,0,600-700,50-75K
CD000003,2025-03-17 15:54:00,675,35687,33.48,0,17935,other,OWN,0,0,0,18.28,1,651,0.040033,MEDIUM,DECLINED,0,0,600-700,<50K
CD000004,2025-05-10 20:56:51,743,56980,20.2,1,19710,credit_card,MORTGAGE,0,0,0,81.31,0,693,0.024534,LOW,APPROVED,0,0,600-700,50-75K
CD000005,2025-03-12 17:53:04,692,94785,17.84,7,9708,debt_consolidation,MORTGAGE,0,0,0,30.34,1,758,0.002284,LOW,APPROVED,0,0,700-800,75-100K
CD000006,2025-01-09 18:22:40,771,75367,20.63,1,29091,debt_consolidation,RENT,1,6,51,26.11,2,689,0.017135,LOW,APPROVED,0,0,600-700,75-100K
CD000007,2025-01-23 05:37:36,672,33269,29.15,1,30762,debt_consolidation,RENT,1,4,36,35.02,2,648,0.049789,MEDIUM,APPROVED,1,90,600-700,<50K
CD000008,2025-02-18 17:07:47,642,63554,27.19,1,17801,home_improvement,OWN,1,4,10,74.51,1,565,0.238022,HIGH,DECLINED,0,0,<600,50-75K
CD000009,2025-01-04 23:12:37,703,79248,17.32,3,47337,debt_consolidation,RENT,0,0,0,50.15,1,619,0.141809,HIGH,DECLINED,0,0,600-700,75-100K
CD000010,2025-03-19 23:15:32,695,39684,6.9,0,58157,other,OWN,0,0,0,37.18,1,731,0.004628,LOW,APPROVED,0,0,700-800,<50K
CD000011,2025-01-26 08:48:33,651,89490,31.71,8,33226,debt_consolidation,MORTGAGE,0,0,0,60.92,3,542,0.413699,HIGH,DECLINED,1,60,<600,75-100K
CD000012,2025-05-12 16:23:37,657,116218,33.09,8,10965,debt_consolidation,RENT,2,6,46,44.06,1,675,0.025245,LOW,APPROVED,0,0,600-700,100K+
CD000013,2025-02-22 23:29:12,710,90844,15.97,4,12723,credit_card,RENT,1,2,53,83.92,3,733,0.007902,LOW,APPROVED,0,0,700-800,75-100K
CD000014,2025-02-13 23:24:06,709,41112,24.91,7,33762,credit_card,RENT,1,6,44,61.09,1,613,0.110437,HIGH,DECLINED,0,0,600-700,<50K
CD000015,2025-03-03 02:52:20,644,53202,28.11,3,28784,other,RENT,2,8,39,84.94,2,612,0.210652,HIGH,APPROVED,0,30,600-700,50-75K
CD000016,2025-02-16 11:57:41,651,58356,18.99,1,72181,credit_card,RENT,0,0,0,56.2,1,741,0.005288,LOW,APPROVED,0,0,700-800,50-75K
CD000017,2025-06-26 04:59:26,571,51514,23.91,7,27597,other,RENT,0,0,0,72.86,2,560,0.367028,HIGH,APPROVED,0,0,<600,50-75K
CD000018,2025-05-15 07:30:08,763,88705,8.95,2,36523,credit_card,RENT,1,5,5,49.73,3,723,0.009588,LOW,APPROVED,0,0,700-800,75-100K
CD000019,2025-04-18 10:31:33,658,62693,17.13,6,17872,other,MORTGAGE,0,0,0,41.63,1,678,0.026422,LOW,APPROVED,0,0,600-700,50-75K
CD000020,2025-06-10 20:33:51,744,60301,26.21,13,42726,major_purchase,MORTGAGE,0,0,0,68.54,1,662,0.031697,MEDIUM,APPROVED,0,0,600-700,50-75K
CD000021,2025-04-10 10:23:47,694,69674,19.73,1,19854,debt_consolidation,RENT,3,8,54,40.82,3,619,0.103712,HIGH,APPROVED,0,0,600-700,50-75K
CD000022,2025-02-13 10:56:23,778,49385,33.33,3,15857,debt_consolidation,MORTGAGE,2,4,56,74.97,1,631,0.091748,MEDIUM,APPROVED,0,0,600-700,<50K
CD000023,2025-06-22 22:32:08,755,33045,31.49,18,36211,debt_consolidation,RENT,1,3,46,46.66,0,687,0.032359,MEDIUM,APPROVED,0,0,600-700,<50K
CD000024,2025-02-11 14:13:39,688,63363,26.69,1,17459,credit_card,RENT,1,4,38,30.0,2,572,0.328345,HIGH,APPROVED,0,30,<600,50-75K
CD000025,2025-04-28 06:44:34,752,51769,29.71,1,15434,credit_card,MORTGAGE,0,0,0,85.17,1,676,0.032374,MEDIUM,APPROVED,0,0,600-700,50-75K
CD000026,2025-04-29 18:52:12,618,81032,34.59,4,10917,debt_consolidation,OWN,0,0,0,56.27,3,519,0.50501,VERY_HIGH,DECLINED,0,0,<600,75-100K
CD000027,2025-06-28 16:22:36,740,66610,25.31,2,8680,credit_card,OWN,0,0,0,61.32,0,693,0.017415,LOW,APPROVED,0,0,600-700,50-75K
CD000028,2025-01-05 21:40:23,589,53442,35.1,1,62199,debt_consolidation,OWN,0,0,0,47.85,3,572,0.308103,HIGH,APPROVED,1,120,<600,50-75K
CD000029,2025-05-22 19:11:05,690,97516,28.09,6,56077,credit_card,RENT,1,6,20,48.04,1,639,0.109983,HIGH,APPROVED,0,0,600-700,75-100K
CD000030,2025-02-10 03:10:39,729,59587,33.7,7,13424,other,RENT,1,4,20,25.38,1,714,0.016147,LOW,APPROVED,0,0,700-800,50-75K
CD000031,2025-03-14 20:57:33,683,33864,16.54,22,32006,credit_card,OWN,1,6,8,72.74,2,715,0.010979,LOW,APPROVED,0,0,700-800,<50K
CD000032,2025-03-15 19:32:59,651,120113,17.48,11,10151,credit_card,RENT,0,0,0,76.87,1,678,0.031376,MEDIUM,APPROVED,0,0,600-700,100K+
CD000033,2025-02-25 06:48:27,626,100667,27.42,1,38849,debt_consolidation,OTHER,1,5,3,68.12,1,557,0.396662,HIGH,APPROVED,0,0,<600,100K+
CD000034,2025-01-04 21:16:00,652,59304,17.35,3,31686,credit_card,MORTGAGE,0,0,0,67.73,3,586,0.204496,HIGH,APPROVED,1,60,<600,50-75K
CD000035,2025-06-09 06:34:24,729,29674,30.45,4,9363,debt_consolidation,RENT,1,4,14,42.04,0,683,0.024331,LOW,APPROVED,0,0,600-700,<50K
CD000036,2025-04-02 02:55:34,720,38264,26.39,9,47479,credit_card,RENT,0,0,0,23.34,2,653,0.047364,MEDIUM,APPROVED,0,30,600-700,<50K
CD000037,2025-06-07 02:12:53,656,92341,26.55,12,24130,home_improvement,MORTGAGE,3,3,26,51.41,1,550,0.466174,VERY_HIGH,APPROVED,0,0,<600,75-100K
CD000038,2025-03-29 16:56:24,602,57737,42.58,7,7092,credit_card,MORTGAGE,0,0,0,17.45,1,622,0.126383,HIGH,APPROVED,1,90,600-700,50-75K
CD000039,2025-06-23 12:26:46,708,51094,7.73,21,19227,debt_consolidation,MORTGAGE,1,5,54,83.06,1,715,0.010028,LOW,APPROVED,1,60,700-800,50-75K
CD000040,2025-01-06 00:02:30,591,73229,36.04,6,49980,debt_consolidation,MORTGAGE,1,2,30,80.69,0,580,0.329108,HIGH,APPROVED,0,0,<600,50-75K
CD000041,2025-01-10 08:44:23,642,46120,29.37,5,22855,home_improvement,MORTGAGE,2,4,59,60.35,1,503,0.675799,VERY_HIGH,DECLINED,0,0,<600,<50K
CD000042,2025-04-29 02:17:27,630,47649,40.78,1,22972,major_purchase,MORTGAGE,0,0,0,43.77,0,583,0.254161,HIGH,DECLINED,1,90,<600,<50K
CD000043,2025-05-16 05:15:12,712,102588,18.96,0,11385,credit_card,MORTGAGE,0,0,0,74.45,1,703,0.015121,LOW,APPROVED,0,0,700-800,100K+
CD000044,2025-06-13 00:54:45,684,75474,15.86,4,26511,other,MORTGAGE,0,0,0,63.47,0,689,0.012762,LOW,APPROVED,0,0,600-700,75-100K
CD000045,2025-01-17 09:20:45,696,84201,21.47,1,6558,home_improvement,RENT,2,4,6,30.3,1,684,0.027533,LOW,APPROVED,0,0,600-700,75-100K
CD000046,2025-01-22 19:03:55,686,78127,20.87,2,6965,major_purchase,RENT,1,5,37,100.0,2,594,0.235631,HIGH,DECLINED,0,0,<600,75-100K
CD000047,2025-05-11 07:16:37,633,95738,35.01,9,11204,home_improvement,MORTGAGE,1,5,26,0.0,4,574,0.406189,HIGH,DECLINED,1,120,<600,75-100K
CD000048,2025-02-09 13:42:53,700,87051,22.6,8,14934,home_improvement,MORTGAGE,0,0,0,58.81,1,760,0.003237,LOW,APPROVED,0,0,700-800,75-100K
CD000049,2025-01-28 15:07:15,748,42104,27.17,1,7099,major_purchase,RENT,2,5,8,59.33,2,701,0.017829,LOW,APPROVED,0,0,700-800,<50K
CD000050,2025-02-22 16:19:10,669,55098,27.1,7,39662,home_improvement,MORTGAGE,0,0,0,70.5,3,618,0.137321,HIGH,APPROVED,0,0,600-700,50-75K
CD000051,2025-02-13 23:32:31,706,125258,27.95,5,12509,debt_consolidation,MORTGAGE,2,5,24,83.24,2,606,0.109025,HIGH,DECLINED,0,0,600-700,100K+
CD000052,2025-02-12 12:46:51,664,65052,27.04,12,25191,debt_consolidation,MORTGAGE,1,4,35,91.05,1,610,0.153468,HIGH,APPROVED,0,0,600-700,50-75K
CD000053,2025-06-13 05:32:54,727,130157,22.0,1,12318,debt_consolidation,OWN,1,4,22,62.99,0,675,0.020586,LOW,DECLINED,0,0,600-700,100K+
CD000054,2025-03-01 04:01:22,707,52533,25.85,29,41797,debt_consolidation,MORTGAGE,2,0,29,20.59,3,716,0.011198,LOW,APPROVED,0,0,700-800,50-75K
CD000055,2025-04-30 05:39:16,719,32465,36.41,16,7216,other,RENT,1,3,50,90.87,1,638,0.089468,MEDIUM,APPROVED,1,60,600-700,<50K
CD000056,2025-01-18 16:44:53,690,62682,32.15,6,28847,home_improvement,OWN,1,2,49,51.67,1,581,0.276849,HIGH,DECLINED,0,0,<600,50-75K
CD000057,2025-01-25 00:23:22,761,48148,23.98,6,37049,major_purchase,MORTGAGE,0,0,0,71.29,1,664,0.023079,LOW,APPROVED,0,0,600-700,<50K
CD000058,2025-03-16 11:08:56,651,44307,29.04,7,15059,debt_consolidation,MORTGAGE,0,0,0,55.19,2,664,0.056197,MEDIUM,APPROVED,0,0,600-700,<50K
CD000059,2025-06-28 00:17:38,652,43194,35.25,13,13791,credit_card,MORTGAGE,0,0,0,56.19,1,637,0.081433,MEDIUM,DECLINED,0,0,600-700,<50K
CD000060,2025-05-24 15:28:22,638,24417,9.39,18,32236,debt_consolidation,RENT,0,0,0,13.09,2,703,0.018597,LOW,APPROVED,0,0,700-800,<50K
CD000061,2025-01-05 17:42:51,704,76486,20.77,3,8488,major_purchase,RENT,2,5,43,45.49,1,678,0.023069,LOW,APPROVED,0,0,600-700,75-100K
CD000062,2025-04-13 19:44:14,637,56212,26.85,4,15911,credit_card,OWN,2,7,15,37.07,1,661,0.038092,MEDIUM,APPROVED,0,0,600-700,50-75K
CD000063,2025-02-17 05:48:13,635,39833,24.79,12,18899,debt_consolidation,RENT,1,3,20,88.94,2,560,0.517069,VERY_HIGH,DECLINED,0,0,<600,<50K
CD000064,2025-02-20 17:21:47,711,29177,36.77,4,16067,debt_consolidation,MORTGAGE,1,7,9,74.71,0,614,0.124081,HIGH,DECLINED,0,0,600-700,<50K
CD000065,2025-05-23 00:58:09,735,80382,27.01,14,19707,credit_card,OWN,1,6,1,74.23,1,673,0.028067,LOW,APPROVED,0,0,600-700,75-100K
CD000066,2025-04-05 09:47:13,702,60564,25.59,7,20906,debt_consolidation,MORTGAGE,2,2,42,50.83,0,698,0.014988,LOW,DECLINED,0,0,600-700,50-75K
CD000067,2025-03-30 16:22:50,523,80917,12.03,2,26453,debt_consolidation,MORTGAGE,1,2,43,55.4,3,557,0.467999,VERY_HIGH,DECLINED,1,90,<600,75-100K
CD000068,2025-05-05 05:31:12,618,70825,44.59,3,24135,home_improvement,OWN,2,2,53,49.82,3,539,0.417086,VERY_HIGH,DECLINED,0,0,<600,50-75K
CD000069,2025-06-25 06:38:00,612,83648,33.11,9,19196,debt_consolidation,MORTGAGE,1,4,59,58.98,1,553,0.407533,HIGH,DECLINED,1,120,<600,75-100K
CD000070,2025-01-27 09:30:17,604,58943,13.04,7,12570,debt_consolidation,MORTGAGE,1,3,59,66.87,4,537,0.472197,VERY_HIGH,DECLINED,1,60,<600,50-75K
CD000071,2025-01-18 18:30:58,648,31255,21.42,2,22902,debt_consolidation,RENT,2,4,35,53.02,1,631,0.155511,HIGH,APPROVED,1,120,600-700,<50K
CD000072,2025-05-30 04:53:37,771,64284,17.2,2,28378,debt_consolidation,RENT,1,6,35,33.76,1,850,0.000129,LOW,APPROVED,0,0,800+,50-75K
CD000073,2025-02-11 20:53:38,654,88830,40.61,8,7321,credit_card,RENT,0,0,0,31.54,1,626,0.102313,HIGH,APPROVED,1,120,600-700,75-100K
CD000074,2025-03-14 19:09:54,630,31818,26.64,1,25610,home_improvement,OTHER,1,6,43,63.02,3,565,0.365624,HIGH,DECLINED,1,120,<600,<50K
CD000075,2025-03-20 15:00:53,709,48894,28.1,1,18859,home_improvement,MORTGAGE,1,6,52,46.36,1,682,0.023561,LOW,APPROVED,0,30,600-700,<50K
CD000076,2025-03-01 23:18:39,675,113094,19.04,9,31291,other,RENT,1,6,43,65.29,2,650,0.049992,MEDIUM,DECLINED,1,60,600-700,100K+
CD000077,2025-05-16 07:30:16,677,34392,1.0,18,80332,other,MORTGAGE,0,0,0,38.47,3,613,0.128726,HIGH,DECLINED,0,0,600-700,<50K
CD000078,2025-04-15 04:36:13,633,108010,28.5,1,24792,credit_card,RENT,1,3,32,34.7,3,706,0.021043,LOW,APPROVED,0,60,700-800,100K+
CD000079,2025-05-22 23:40:42,671,39222,21.92,1,10815,debt_consolidation,MORTGAGE,2,1,50,92.04,0,593,0.195117,HIGH,DECLINED,0,0,<600,<50K
CD000080,2025-06-24 07:34:56,695,28628,25.14,14,45090,home_improvement,RENT,0,0,0,67.65,3,706,0.012402,LOW,APPROVED,1,90,700-800,<50K
CD000081,2025-02-06 22:35:17,566,46858,20.95,1,8436,credit_card,RENT,0,0,0,67.6,1,594,0.215819,HIGH,DECLINED,1,90,<600,<50K
CD000082,2025-02-05 01:24:56,582,44730,22.96,0,20277,major_purchase,RENT,0,0,0,66.21,0,647,0.086661,MEDIUM,APPROVED,0,0,600-700,<50K
CD000083,2025-03-05 12:09:23,730,88760,19.1,5,22756,debt_consolidation,OWN,1,3,23,69.88,1,707,0.014786,LOW,APPROVED,0,0,700-800,75-100K
CD000084,2025-04-07 14:01:24,717,23014,26.83,6,9706,debt_consolidation,OTHER,0,0,0,54.98,1,672,0.024418,LOW,DECLINED,0,0,600-700,<50K
CD000085,2025-06-26 22:58:34,643,38138,27.7,1,44026,debt_consolidation,RENT,2,0,57,69.59,2,567,0.345974,HIGH,DECLINED,1,60,<600,<50K
CD000086,2025-04-26 23:06:26,615,38148,36.95,1,9450,credit_card,RENT,1,5,5,66.14,2,552,0.43563,VERY_HIGH,DECLINED,1,150,<600,<50K
CD000087,2025-01-18 09:23:31,661,35700,33.0,4,86825,debt_consolidation,MORTGAGE,0,0,0,65.89,2,633,0.061072,MEDIUM,APPROVED,1,120,600-700,<50K
CD000088,2025-01-26 09:24:50,605,59589,22.93,1,11334,debt_consolidation,MORTGAGE,0,0,0,37.07,1,655,0.040276,MEDIUM,APPROVED,1,90,600-700,50-75K
CD000089,2025-05-17 04:57:12,652,44492,19.39,4,25637,debt_consolidation,MORTGAGE,2,6,16,38.06,2,659,0.048644,MEDIUM,DECLINED,1,90,600-700,<50K
CD000090,2025-03-23 01:36:41,762,56394,48.01,4,14781,debt_consolidation,OTHER,1,2,39,70.96,0,655,0.044249,MEDIUM,APPROVED,0,60,600-700,50-75K
CD000091,2025-02-12 20:33:56,678,50304,25.6,5,8656,other,RENT,1,3,6,58.94,1,644,0.095888,HIGH,APPROVED,0,0,600-700,50-75K
CD000092,2025-03-03 04:23:06,735,90845,43.77,13,12714,major_purchase,MORTGAGE,2,3,43,33.36,0,665,0.041123,MEDIUM,APPROVED,0,0,600-700,75-100K
CD000093,2025-01-16 00:02:53,659,42151,52.25,5,28714,credit_card,MORTGAGE,0,0,0,39.47,1,651,0.048137,MEDIUM,APPROVED,0,0,600-700,<50K
CD000094,2025-06-12 21:30:21,691,56867,30.31,4,9989,other,RENT,2,2,47,100.0,0,572,0.310371,HIGH,DECLINED,0,0,<600,50-75K
CD000095,2025-06-07 17:36:03,747,81827,15.3,27,33764,credit_card,MORTGAGE,1,5,37,25.68,2,745,0.00383,LOW,APPROVED,0,0,700-800,75-100K
CD000096,2025-02-03 00:27:04,597,70618,9.07,12,33474,debt_consolidation,RENT,0,0,0,43.1,2,645,0.053518,MEDIUM,DECLINED,1,120,600-700,50-75K
CD000097,2025-04-18 11:26:54,652,56643,27.75,5,13142,credit_card,MORTGAGE,3,5,3,49.58,4,576,0.331676,HIGH,DECLINED,0,0,<600,50-75K
CD000098,2025-03-17 19:39:41,662,81287,33.18,1,8556,debt_consolidation,RENT,1,7,14,65.76,1,649,0.055959,MEDIUM,APPROVED,0,0,600-700,75-100K
CD000099,2025-02-24 00:31:36,686,68429,13.45,1,23800,major_purchase,RENT,1,5,38,67.36,0,598,0.122248,HIGH,DECLINED,0,0,<600,50-75K
CD000100,2025-02-03 10:35:28,756,69367,12.6,1,15430,home_improvement,RENT,3,6,57,84.93,2,640,0.051255,MEDIUM,APPROVED,0,0,600-700,50-75K
CD000101,2025-01-13 22:50:27,708,59104,25.74,2,67695,debt_consolidation,MORTGAGE,0,0,0,86.77,2,657,0.054184,MEDIUM,DECLINED,0,0,600-700,50-75K
CD000102,2025-03-25 23:08:18,588,88685,20.23,9,24513,debt_consolidation,MORTGAGE,0,0,0,70.85,1,571,0.255298,HIGH,DECLINED,0,0,<600,75-100K
CD000103,2025-03-30 18:58:13,656,92492,32.44,7,16122,debt_consolidation,MORTGAGE,2,2,29,44.77,2,590,0.207913,HIGH,DECLINED,1,90,<600,75-100K
CD000104,2025-05-04 10:19:01,622,44596,22.13,5,12377,debt_consolidation,MORTGAGE,0,0,0,37.36,1,567,0.410165,HIGH,DECLINED,0,0,<600,<50K
CD000105,2025-06-16 07:26:29,620,74402,32.08,12,17713,debt_consolidation,RENT,0,0,0,25.6,2,644,0.06105,MEDIUM,DECLINED,0,30,600-700,50-75K
CD000106,2025-04-19 06:39:32,782,70629,29.18,1,21845,other,RENT,2,2,52,63.95,1,640,0.065745,MEDIUM,APPROVED,0,0,600-700,50-75K
CD000107,2025-03-27 17:48:58,612,79186,33.36,5,12321,other,RENT,0,0,0,52.17,0,636,0.0719,MEDIUM,APPROVED,0,0,600-700,75-100K
CD000108,2025-04-08 15:30:48,684,42723,30.73,8,23079,major_purchase,RENT,1,4,12,43.2,3,607,0.19513,HIGH,DECLINED,1,150,600-700,<50K
CD000109,2025-06-27 10:19:17,631,34713,29.42,8,32204,debt_consolidation,MORTGAGE,1,3,11,47.13,4,496,0.737894,VERY_HIGH,DECLINED,0,0,<600,<50K
CD000110,2025-06-29 05:00:20,718,53905,30.19,6,11510,credit_card,RENT,1,2,40,59.55,0,603,0.128529,HIGH,APPROVED,1,90,600-700,50-75K
CD000111,2025-01-29 12:20:58,690,95820,24.26,10,10381,major_purchase,RENT,0,0,0,100.0,1,667,0.036833,MEDIUM,APPROVED,0,0,600-700,75-100K
CD000112,2025-02-28 07:05:46,678,37876,26.15,15,21713,home_improvement,RENT,0,0,0,75.55,2,696,0.026321,LOW,APPROVED,0,0,600-700,<50K
CD000113,2025-05-12 15:01:06,667,91552,12.54,26,33388,credit_card,RENT,0,0,0,72.52,0,722,0.009676,LOW,APPROVED,0,0,700-800,75-100K
CD000114,2025-04-12 01:28:26,733,60106,42.53,3,50437,credit_card,RENT,2,5,19,81.25,1,627,0.140424,HIGH,APPROVED,0,0,600-700,50-75K
CD000115,2025-06-15 08:56:34,620,64395,31.51,2,27966,credit_card,RENT,1,5,9,37.05,3,564,0.439486,VERY_HIGH,APPROVED,1,90,<600,50-75K
CD000116,2025-02-21 00:01:47,631,64808,23.92,15,38818,credit_card,RENT,1,5,14,67.18,2,641,0.052434,MEDIUM,APPROVED,0,0,600-700,50-75K
CD000117,2025-01-13 11:57:19,609,51142,1.36,10,7985,credit_card,RENT,1,3,37,74.84,0,667,0.037382,MEDIUM,APPROVED,0,0,600-700,50-75K
CD000118,2025-04-13 20:17:24,744,53706,20.02,0,8585,other,RENT,0,0,0,0.0,2,710,0.011673,LOW,APPROVED,0,0,700-800,50-75K
CD000119,2025-05-27 16:51:37,655,78819,27.51,40,24633,debt_consolidation,RENT,2,4,55,70.33,1,622,0.109633,HIGH,APPROVED,0,0,600-700,75-100K
CD000120,2025-04-16 18:21:11,614,117421,43.4,2,15695,major_purchase,RENT,1,5,29,67.06,2,536,0.619629,VERY_HIGH,DECLINED,1,90,<600,100K+
CD000121,2025-04-22 00:01:08,648,64783,32.93,4,47242,other,MORTGAGE,0,0,0,20.31,3,655,0.070983,MEDIUM,APPROVED,0,0,600-700,50-75K
CD000122,2025-03-29 22:44:37,808,72378,29.64,22,25718,credit_card,OTHER,0,0,0,58.68,1,768,0.003234,LOW,APPROVED,0,30,700-800,50-75K
CD000123,2025-05-30 04:58:14,665,41269,33.41,17,64075,other,OWN,0,0,0,32.33,0,678,0.03821,MEDIUM,APPROVED,0,30,600-700,<50K
CD000124,2025-04-23 05:17:25,718,56471,44.62,4,8878,home_improvement,RENT,0,0,0,62.28,1,631,0.077518,MEDIUM,APPROVED,0,0,600-700,50-75K
CD000125,2025-01-14 11:08:12,696,95505,10.98,0,33838,debt_consolidation,RENT,0,0,0,65.35,0,712,0.014422,LOW,APPROVED,0,0,700-800,75-100K
CD000126,2025-02-14 11:43:10,670,97425,28.14,1,29745,credit_card,MORTGAGE,2,5,39,74.98,2,583,0.205744,HIGH,DECLINED,0,30,<600,75-100K
CD000127,2025-03-29 23:10:30,633,52916,34.38,21,41464,home_improvement,OTHER,2,7,48,61.79,0,562,0.354053,HIGH,DECLINED,0,60,<600,50-75K
CD000128,2025-02-14 22:58:46,652,58374,47.12,7,42431,debt_consolidation,RENT,0,0,0,37.84,1,533,0.481309,VERY_HIGH,DECLINED,0,0,<600,50-75K
CD000129,2025-02-04 02:19:42,651,49328,41.06,12,15155,home_improvement,MORTGAGE,1,5,33,3.11,1,567,0.421366,VERY_HIGH,DECLINED,0,0,<600,<50K
CD000130,2025-01-06 01:29:12,549,40885,17.92,3,38842,credit_card,RENT,1,2,25,36.8,1,558,0.373464,HIGH,DECLINED,1,90,<600,<50K
CD000131,2025-01-01 19:28:00,813,74553,35.93,13,32150,debt_consolidation,MORTGAGE,0,0,0,54.91,2,713,0.013695,LOW,APPROVED,0,0,700-800,50-75K
CD000132,2025-05-31 22:53:53,722,49409,32.23,24,10625,debt_consolidation,MORTGAGE,0,0,0,61.4,1,595,0.150867,HIGH,APPROVED,1,120,<600,<50K
CD000133,2025-06-10 17:59:04,677,115781,25.92,0,25933,home_improvement,RENT,0,0,0,52.79,1,724,0.009161,LOW,APPROVED,0,0,700-800,100K+
CD000134,2025-03-28 13:18:34,660,22605,9.3,0,17037,home_improvement,MORTGAGE,0,0,0,68.69,0,773,0.002925,LOW,APPROVED,0,0,700-800,<50K
CD000135,2025-03-12 21:31:29,627,26587,33.22,13,20296,debt_consolidation,MORTGAGE,0,0,0,67.35,0,631,0.092178,MEDIUM,APPROVED,0,0,600-700,<50K
CD000136,2025-06-13 01:23:08,723,33180,25.08,1,14965,credit_card,MORTGAGE,0,0,0,67.2,3,699,0.017309,LOW,APPROVED,0,0,600-700,<50K
CD000137,2025-04-28 22:35:34,660,59011,35.28,5,55878,credit_card,MORTGAGE,0,0,0,29.65,0,619,0.124837,HIGH,APPROVED,0,0,600-700,50-75K
CD000138,2025-01-17 15:56:26,697,53371,16.06,0,11070,home_improvement,MORTGAGE,0,0,0,44.09,2,686,0.022422,LOW,APPROVED,0,0,600-700,50-75K
CD000139,2025-02-13 11:08:31,594,40460,18.15,16,16974,debt_consolidation,RENT,1,6,51,49.2,2,512,0.671544,VERY_HIGH,DECLINED,0,0,<600,<50K
CD000140,2025-03-16 15:08:22,692,18000,35.19,0,8670,debt_consolidation,MORTGAGE,0,0,0,66.06,1,604,0.138183,HIGH,DECLINED,0,0,600-700,<50K
CD000141,2025-06-18 15:33:58,781,61936,10.44,2,34224,debt_consolidation,RENT,2,4,9,26.79,1,727,0.010429,LOW,APPROVED,0,0,700-800,50-75K
CD000142,2025-01-23 04:54:29,655,27785,28.32,12,17825,home_improvement,RENT,0,0,0,25.49,0,682,0.025154,LOW,APPROVED,0,0,600-700,<50K
CD000143,2025-04-21 18:18:25,715,106134,27.19,2,17345,credit_card,MORTGAGE,0,0,0,21.02,3,699,0.016481,LOW,APPROVED,1,60,600-700,100K+
CD000144,2025-02-07 11:51:17,673,60695,24.35,13,22121,major_purchase,MORTGAGE,0,0,0,100.0,3,642,0.075481,MEDIUM,DECLINED,1,90,600-700,50-75K
CD000145,2025-03-22 10:38:42,732,41148,34.07,8,11001,debt_consolidation,RENT,1,6,24,42.62,2,625,0.077755,MEDIUM,DECLINED,0,0,600-700,<50K
CD000146,2025-04-10 11:36:18,729,50761,44.63,6,31816,debt_consolidation,MORTGAGE,1,3,11,48.88,0,605,0.121684,HIGH,APPROVED,0,0,600-700,50-75K
CD000147,2025-05-05 19:16:07,674,116248,25.37,3,13623,home_improvement,OWN,1,4,26,100.0,1,660,0.031399,MEDIUM,APPROVED,1,120,600-700,100K+
CD000148,2025-05-30 17:19:47,640,48876,26.45,2,14311,home_improvement,RENT,0,0,0,49.85,0,591,0.311148,HIGH,DECLINED,1,120,<600,<50K
CD000149,2025-06-12 22:19:15,687,34345,27.08,6,21074,credit_card,RENT,1,6,31,53.96,1,547,0.454723,VERY_HIGH,DECLINED,0,0,<600,<50K
CD000150,2025-05-10 13:14:13,673,18169,29.16,1,18067,debt_consolidation,MORTGAGE,1,2,51,53.95,5,579,0.321996,HIGH,DECLINED,0,0,<600,<50K
CD000151,2025-04-26 08:25:35,637,52701,32.26,2,11622,credit_card,RENT,0,0,0,45.74,0,673,0.020174,LOW,APPROVED,0,0,600-700,50-75K
CD000152,2025-03-23 06:21:42,696,40407,35.98,8,33727,credit_card,MORTGAGE,0,0,0,41.97,3,587,0.221014,HIGH,APPROVED,0,0,<600,<50K
CD000153,2025-01-28 06:43:04,695,94492,31.33,4,40025,debt_consolidation,MORTGAGE,0,0,0,57.86,1,621,0.117002,HIGH,APPROVED,0,0,600-700,75-100K
CD000154,2025-03-10 10:55:54,622,60713,31.54,13,16404,other,RENT,0,0,0,24.22,1,555,0.382562,HIGH,APPROVED,1,60,<600,50-75K
CD000155,2025-02-15 08:14:18,665,91748,25.41,3,15099,major_purchase,MORTGAGE,0,0,0,31.22,0,681,0.034504,MEDIUM,APPROVED,0,0,600-700,75-100K
CD000156,2025-04-01 02:54:49,831,47002,46.46,5,15289,debt_consolidation,RENT,0,0,0,80.37,1,656,0.044685,MEDIUM,APPROVED,0,0,600-700,<50K
CD000157,2025-02-28 12:39:41,716,38983,22.3,2,31804,other,MORTGAGE,0,0,0,3.84,1,768,0.002677,LOW,APPROVED,0,30,700-800,<50K
CD000158,2025-02-19 12:13:01,676,86790,20.16,1,21720,credit_card,RENT,0,0,0,41.06,2,702,0.020424,LOW,APPROVED,0,0,700-800,75-100K
CD000159,2025-06-18 07:46:45,809,52913,25.09,1,24977,debt_consolidation,OWN,1,7,49,51.03,3,704,0.022058,LOW,APPROVED,0,0,700-800,50-75K
CD000160,2025-05-13 04:29:16,646,41088,21.42,2,30160,other,MORTGAGE,1,9,31,77.07,2,656,0.052759,MEDIUM,APPROVED,0,0,600-700,<50K
CD000161,2025-05-07 02:10:59,535,54481,14.9,5,52089,home_improvement,RENT,1,4,32,62.96,2,522,0.605997,VERY_HIGH,DECLINED,1,90,<600,50-75K
CD000162,2025-06-16 10:50:01,566,89248,32.12,29,7294,credit_card,OTHER,1,3,15,82.25,1,497,0.758006,VERY_HIGH,DECLINED,0,0,<600,75-100K
CD000163,2025-01-30 21:01:01,587,42871,19.33,2,47770,debt_consolidation,RENT,1,6,34,31.91,0,646,0.083716,MEDIUM,APPROVED,0,0,600-700,<50K
CD000164,2025-02-11 18:29:28,685,135796,47.1,1,28429,credit_card,RENT,1,3,19,38.16,1,606,0.124913,HIGH,APPROVED,0,0,600-700,100K+
CD000165,2025-01-01 02:33:45,724,71522,19.22,14,5727,major_purchase,OWN,0,0,0,92.74,3,631,0.070989,MEDIUM,APPROVED,1,120,600-700,50-75K
CD000166,2025-02-05 05:28:41,551,33472,23.95,8,12446,credit_card,RENT,0,0,0,46.76,0,564,0.307164,HIGH,APPROVED,0,0,<600,<50K
CD000167,2025-01-31 02:45:38,732,35089,12.54,14,19535,credit_card,RENT,0,0,0,55.5,0,790,0.002011,LOW,APPROVED,0,0,700-800,<50K
CD000168,2025-06-01 21:38:04,603,55529,41.51,3,24545,credit_card,RENT,1,3,3,38.79,0,545,0.513051,VERY_HIGH,DECLINED,0,0,<600,50-75K
CD000169,2025-04-23 08:31:03,685,48949,20.41,1,27685,debt_consolidation,RENT,0,0,0,37.88,1,647,0.049154,MEDIUM,DECLINED,0,0,600-700,<50K
CD000170,2025-06-18 02:26:27,696,48230,14.28,11,10771,major_purchase,RENT,2,6,48,54.7,3,686,0.018721,LOW,APPROVED,0,0,600-700,<50K
CD000171,2025-05-18 02:04:50,695,53589,28.25,2,17704,debt_consolidation,RENT,1,7,53,56.41,1,612,0.139429,HIGH,APPROVED,0,0,600-700,50-75K
CD000172,2025-06-16 08:12:06,671,64145,16.57,6,15221,other,RENT,1,2,28,48.48,4,588,0.207342,HIGH,APPROVED,0,0,<600,50-75K
CD000173,2025-04-25 11:47:46,680,51018,29.73,12,17194,debt_consolidation,MORTGAGE,2,4,29,53.81,2,633,0.065169,MEDIUM,APPROVED,1,90,600-700,50-75K
CD000174,2025-06-06 06:28:55,608,44963,26.61,2,21609,home_improvement,OWN,3,2,43,53.61,0,504,0.689952,VERY_HIGH,DECLINED,1,60,<600,<50K
CD000175,2025-03-19 19:35:52,686,24586,32.79,21,17921,debt_consolidation,MORTGAGE,2,5,30,63.78,3,486,0.80733,VERY_HIGH,DECLINED,0,0,<600,<50K
CD000176,2025-01-31 16:08:49,725,118356,44.56,2,17950,debt_consolidation,MORTGAGE,1,7,34,54.2,1,642,0.058996,MEDIUM,DECLINED,1,90,600-700,100K+
CD000177,2025-04-15 05:22:59,722,60297,33.79,3,90000,major_purchase,MORTGAGE,4,3,41,78.7,4,534,0.553724,VERY_HIGH,DECLINED,0,0,<600,50-75K
CD000178,2025-06-22 05:44:26,814,73334,19.36,4,29468,credit_card,OTHER,0,0,0,50.05,0,796,0.001169,LOW,APPROVED,0,0,700-800,50-75K
CD000179,2025-03-01 13:23:37,730,61850,7.8,4,38539,other,MORTGAGE,1,4,40,75.29,1,679,0.022078,LOW,APPROVED,1,120,600-700,50-75K
CD000180,2025-05-19 02:26:55,711,100730,46.04,7,14220,home_improvement,MORTGAGE,0,0,0,27.56,1,624,0.116585,HIGH,APPROVED,0,0,600-700,100K+
CD000181,2025-05-25 11:48:59,762,57829,32.73,5,11158,home_improvement,OWN,0,0,0,37.22,1,743,0.005813,LOW,APPROVED,0,0,700-800,50-75K
CD000182,2025-05-15 09:00:18,684,99403,20.7,9,31714,debt_consolidation,RENT,1,8,16,90.35,1,698,0.009737,LOW,APPROVED,0,0,600-700,75-100K
CD000183,2025-05-10 01:46:42,600,44440,28.39,0,28343,major_purchase,RENT,0,0,0,37.39,4,634,0.088568,MEDIUM,APPROVED,1,150,600-700,<50K
CD000184,2025-03-26 17:32:53,548,51471,30.55,5,21817,home_improvement,MORTGAGE,0,0,0,64.45,0,534,0.524009,VERY_HIGH,DECLINED,1,150,<600,50-75K
CD000185,2025-06-28 15:22:21,741,72536,17.35,11,18504,credit_card,RENT,1,1,34,75.44,1,667,0.02818,LOW,APPROVED,0,0,600-700,50-75K
CD000186,2025-06-26 23:24:41,702,74302,33.2,5,7297,credit_card,MORTGAGE,3,4,13,8.67,3,617,0.144596,HIGH,APPROVED,0,0,600-700,50-75K
CD000187,2025-02-02 08:14:56,717,97260,36.64,5,9034,other,MORTGAGE,2,3,11,19.43,0,655,0.052962,MEDIUM,DECLINED,0,0,600-700,75-100K
CD000188,2025-01-18 02:50:04,652,44246,29.21,1,62702,debt_consolidation,MORTGAGE,1,4,56,40.4,0,642,0.077016,MEDIUM,DECLINED,0,0,600-700,<50K
CD000189,2025-03-09 18:31:50,690,70317,31.13,1,19376,debt_consolidation,OWN,3,3,40,66.03,0,636,0.068121,MEDIUM,DECLINED,1,60,600-700,50-75K
CD000190,2025-06-25 02:58:58,774,45267,22.14,1,20327,debt_consolidation,OTHER,3,4,24,49.33,1,676,0.045556,MEDIUM,APPROVED,0,0,600-700,<50K
CD000191,2025-05-16 21:03:41,689,30357,28.18,10,9070,credit_card,RENT,0,0,0,49.14,1,708,0.014413,LOW,APPROVED,0,0,700-800,<50K
CD000192,2025-06-24 08:41:45,609,88477,10.65,4,27501,debt_consolidation,OWN,0,0,0,61.79,2,733,0.005681,LOW,APPROVED,0,0,700-800,75-100K
CD000193,2025-01-07 09:17:38,647,55327,23.4,1,34102,debt_consolidation,RENT,3,7,50,95.66,1,549,0.581271,VERY_HIGH,DECLINED,0,0,<600,50-75K
CD000194,2025-04-12 10:26:01,747,36840,55.38,4,38060,debt_consolidation,MORTGAGE,1,4,29,100.0,0,619,0.096032,HIGH,APPROVED,1,60,600-700,<50K
CD000195,2025-01-27 04:51:56,611,40748,24.81,0,57637,other,RENT,0,0,0,80.05,2,569,0.425256,VERY_HIGH,DECLINED,1,90,<600,<50K
CD000196,2025-04-03 15:31:30,529,71983,24.78,3,14794,debt_consolidation,RENT,0,0,0,65.34,1,521,0.616131,VERY_HIGH,DECLINED,1,60,<600,50-75K
CD000197,2025-04-02 22:39:11,545,56974,23.63,1,22967,home_improvement,RENT,0,0,0,55.75,0,584,0.218759,HIGH,APPROVED,0,0,<600,50-75K
CD000198,2025-04-15 19:16:54,597,54167,35.12,1,18559,other,RENT,0,0,0,65.75,4,547,0.416294,HIGH,DECLINED,1,90,<600,50-75K
CD000199,2025-05-04 03:30:24,715,76353,31.55,11,22204,credit_card,RENT,0,0,0,94.0,2,591,0.174015,HIGH,DECLINED,0,30,<600,75-100K
CD000200,2025-05-31 02:58:26,676,56054,39.03,8,16996,home_improvement,OWN,1,7,8,27.18,0,562,0.314704,HIGH,APPROVED,0,0,<600,50-75K
CD000201,2025-03-03 01:00:26,629,25564,22.87,2,37074,credit_card,RENT,0,0,0,67.01,0,575,0.313463,HIGH,DECLINED,0,0,<600,<50K
CD000202,2025-05-31 08:48:15,600,82316,23.39,1,37724,home_improvement,RENT,1,3,3,89.24,5,619,0.113178,HIGH,DECLINED,1,150,600-700,75-100K
CD000203,2025-02-01 12:56:41,664,45845,29.4,12,10692,major_purchase,RENT,1,3,39,61.3,2,572,0.225341,HIGH,DECLINED,0,0,<600,<50K
CD000204,2025-05-04 06:43:56,662,48185,24.41,15,33746,credit_card,OWN,0,0,0,55.31,2,652,0.055799,MEDIUM,APPROVED,0,0,600-700,<50K
CD000205,2025-05-29 11:19:28,640,19489,19.32,3,16163,home_improvement,MORTGAGE,0,0,0,65.52,1,724,0.005592,LOW,APPROVED,0,0,700-800,<50K
CD000206,2025-02-28 06:28:23,657,18000,20.64,13,21640,debt_consolidation,RENT,2,5,31,31.49,1,614,0.145754,HIGH,APPROVED,0,0,600-700,<50K
CD000207,2025-02-17 17:01:13,629,57721,22.84,12,32666,home_improvement,MORTGAGE,1,4,48,34.17,1,605,0.144272,HIGH,APPROVED,0,0,600-700,50-75K
CD000208,2025-03-27 18:13:12,770,45977,46.71,0,21081,debt_consolidation,MORTGAGE,0,0,0,44.49,3,734,0.006062,LOW,APPROVED,0,0,700-800,<50K
CD000209,2025-01-08 18:18:21,541,56490,21.47,3,42339,credit_card,MORTGAGE,3,1,29,76.71,3,470,0.899146,VERY_HIGH,DECLINED,1,90,<600,50-75K
CD000210,2025-01-27 06:54:50,677,64056,46.04,7,16301,credit_card,RENT,0,0,0,48.44,1,616,0.075945,MEDIUM,APPROVED,1,60,600-700,50-75K
CD000211,2025-01-26 23:34:35,615,84165,23.92,9,46510,major_purchase,MORTGAGE,0,0,0,41.6,0,608,0.23962,HIGH,APPROVED,0,0,600-700,75-100K
CD000212,2025-04-04 15:04:13,710,102245,13.4,6,53121,credit_card,RENT,2,4,35,51.17,1,635,0.162686,HIGH,APPROVED,0,0,600-700,100K+
CD000213,2025-05-09 19:36:28,658,97352,34.48,37,13615,major_purchase,RENT,0,0,0,36.83,1,702,0.019598,LOW,APPROVED,0,0,700-800,75-100K
CD000214,2025-03-19 10:36:59,691,36521,32.55,5,44948,credit_card,RENT,1,4,12,56.31,3,710,0.013771,LOW,APPROVED,0,0,700-800,<50K
CD000215,2025-04-02 06:35:30,700,40032,44.13,13,16313,debt_consolidation,MORTGAGE,0,0,0,73.7,2,552,0.393139,HIGH,DECLINED,0,0,<600,<50K
CD000216,2025-04-30 21:43:38,682,59868,19.62,4,65680,home_improvement,RENT,1,2,58,42.75,3,600,0.225319,HIGH,DECLINED,1,90,600-700,50-75K
CD000217,2025-01-26 20:10:29,725,106584,44.43,0,7206,debt_consolidation,MORTGAGE,0,0,0,69.85,0,586,0.22875,HIGH,APPROVED,0,0,<600,100K+
CD000218,2025-04-03 05:22:51,594,93840,9.43,1,4755,debt_consolidation,RENT,2,5,48,48.92,1,596,0.182933,HIGH,DECLINED,1,60,<600,75-100K
CD000219,2025-02-02 05:32:57,723,45259,10.95,0,34336,other,RENT,0,0,0,19.29,2,778,0.001636,LOW,APPROVED,0,0,700-800,<50K
CD000220,2025-04-10 06:16:25,659,33549,35.34,4,9082,major_purchase,RENT,0,0,0,37.24,3,619,0.159275,HIGH,APPROVED,0,0,600-700,<50K
CD000221,2025-01-18 02:02:30,692,64842,43.36,1,9915,debt_consolidation,OWN,0,0,0,21.38,5,588,0.271217,HIGH,APPROVED,1,60,<600,50-75K
CD000222,2025-05-08 13:31:05,756,52493,36.35,2,32513,debt_consolidation,MORTGAGE,0,0,0,35.91,0,631,0.062594,MEDIUM,DECLINED,0,0,600-700,50-75K
CD000223,2025-06-27 17:49:49,733,77126,17.12,15,69493,major_purchase,MORTGAGE,1,7,7,58.94,2,651,0.052287,MEDIUM,APPROVED,0,0,600-700,75-100K
CD000224,2025-02-09 12:51:37,780,81461,33.31,4,20804,debt_consolidation,RENT,1,3,46,87.77,1,711,0.008315,LOW,APPROVED,0,0,700-800,75-100K
CD000225,2025-02-25 18:53:28,547,66132,41.0,2,22754,debt_consolidation,MORTGAGE,1,4,44,61.39,4,531,0.631419,VERY_HIGH,DECLINED,1,120,<600,50-75K
CD000226,2025-04-11 13:44:15,618,38644,41.66,1,7364,other,RENT,0,0,0,26.23,5,531,0.51416,VERY_HIGH,DECLINED,1,90,<600,<50K
CD000227,2025-01-28 20:09:49,724,33410,39.03,5,43559,debt_consolidation,OTHER,1,5,25,54.61,3,583,0.248696,HIGH,DECLINED,1,60,<600,<50K
CD000228,2025-01-27 04:20:22,609,50659,41.48,8,12592,other,RENT,1,6,49,62.77,1,566,0.38071,HIGH,APPROVED,1,90,<600,50-75K
CD000229,2025-02-25 15:04:16,661,70925,31.69,4,15150,debt_consolidation,MORTGAGE,0,0,0,66.72,1,685,0.021935,LOW,APPROVED,0,0,600-700,50-75K
CD000230,2025-04-16 17:08:43,765,55709,18.91,1,32908,debt_consolidation,OWN,0,0,0,46.8,2,717,0.007298,LOW,APPROVED,0,0,700-800,50-75K
CD000231,2025-04-08 09:35:01,719,78421,40.22,2,82762,debt_consolidation,MORTGAGE,1,6,11,76.61,0,626,0.089054,MEDIUM,APPROVED,0,0,600-700,75-100K
CD000232,2025-05-22 07:24:28,618,47932,38.87,17,17164,credit_card,RENT,1,6,12,82.85,1,579,0.206941,HIGH,DECLINED,1,120,<600,<50K
CD000233,2025-06-04 03:45:58,696,93349,37.9,9,48953,debt_consolidation,MORTGAGE,0,0,0,55.26,1,677,0.040438,MEDIUM,APPROVED,1,90,600-700,75-100K
CD000234,2025-03-11 13:46:32,706,67030,4.69,7,28880,major_purchase,RENT,0,0,0,71.02,3,675,0.037705,MEDIUM,APPROVED,0,0,600-700,50-75K
CD000235,2025-01-07 11:04:59,674,49942,20.8,4,57118,major_purchase,MORTGAGE,0,0,0,75.63,1,656,0.030103,LOW,APPROVED,0,0,600-700,<50K
CD000236,2025-05-02 14:10:56,665,41666,42.09,6,9609,major_purchase,MORTGAGE,1,4,42,77.39,2,539,0.439203,VERY_HIGH,DECLINED,1,60,<600,<50K
CD000237,2025-04-15 17:48:55,679,54150,21.92,2,15142,debt_consolidation,MORTGAGE,0,0,0,38.27,2,669,0.061311,MEDIUM,DECLINED,0,0,600-700,50-75K
CD000238,2025-06-19 19:58:13,588,59789,42.01,2,29696,credit_card,OWN,1,1,50,42.92,3,545,0.521271,VERY_HIGH,APPROVED,1,60,<600,50-75K
CD000239,2025-01-07 14:51:41,678,116063,17.44,8,37976,debt_consolidation,RENT,0,0,0,25.2,1,702,0.013695,LOW,APPROVED,0,0,700-800,100K+
CD000240,2025-01-16 04:18:03,618,60124,34.4,4,55413,credit_card,MORTGAGE,0,0,0,48.63,5,578,0.332963,HIGH,DECLINED,1,60,<600,50-75K
CD000241,2025-02-28 11:33:11,692,77604,6.69,10,10924,debt_consolidation,OTHER,0,0,0,39.36,1,661,0.045965,MEDIUM,APPROVED,0,0,600-700,75-100K
CD000242,2025-04-29 13:52:43,694,23170,36.29,5,33240,credit_card,MORTGAGE,2,7,38,56.18,2,590,0.258143,HIGH,DECLINED,0,0,<600,<50K
CD000243,2025-02-27 18:36:56,622,89398,30.83,8,8356,credit_card,OWN,0,0,0,43.2,2,526,0.580453,VERY_HIGH,DECLINED,0,0,<600,75-100K
CD000244,2025-05-09 11:05:17,704,55846,21.01,35,21485,debt_consolidation,RENT,1,4,1,52.68,1,621,0.160832,HIGH,APPROVED,1,90,600-700,50-75K
CD000245,2025-01-27 09:29:20,690,38420,25.44,5,39312,credit_card,MORTGAGE,0,0,0,38.36,4,655,0.052325,MEDIUM,APPROVED,1,150,600-700,<50K
CD000246,2025-06-24 09:14:14,668,21107,27.61,0,31013,other,MORTGAGE,1,6,18,51.09,0,584,0.19409,HIGH,APPROVED,0,0,<600,<50K
CD000247,2025-03-07 22:31:41,711,39635,20.7,2,57391,credit_card,OWN,2,5,8,78.7,0,656,0.046734,MEDIUM,DECLINED,1,90,600-700,<50K
CD000248,2025-04-10 07:27:37,654,118664,21.48,5,5921,credit_card,MORTGAGE,1,5,48,64.87,1,575,0.279658,HIGH,DECLINED,1,60,<600,100K+
CD000249,2025-02-11 12:13:59,655,83419,44.59,4,21176,major_purchase,RENT,0,0,0,72.94,0,530,0.602061,VERY_HIGH,APPROVED,0,0,<600,75-100K
CD000250,2025-03-19 02:21:40,675,82189,33.32,1,13304,other,RENT,0,0,0,56.4,6,577,0.302669,HIGH,DECLINED,0,0,<600,75-100K
CD000251,2025-01-15 11:53:44,667,46644,26.3,3,10381,credit_card,MORTGAGE,0,0,0,60.85,1,592,0.217471,HIGH,DECLINED,0,0,<600,<50K
CD000252,2025-01-08 08:26:16,734,75810,38.45,1,45402,other,OWN,0,0,0,39.59,1,660,0.03476,MEDIUM,APPROVED,0,0,600-700,75-100K
CD000253,2025-05-12 01:39:03,540,75806,32.81,1,11629,credit_card,MORTGAGE,3,1,38,40.9,0,514,0.685386,VERY_HIGH,DECLINED,1,120,<600,75-100K
CD000254,2025-03-14 17:12:25,654,66930,14.4,19,18799,debt_consolidation,OWN,1,2,54,93.42,1,528,0.554893,VERY_HIGH,DECLINED,0,0,<600,50-75K
CD000255,2025-03-29 09:40:17,560,38156,15.34,3,31702,debt_consolidation,RENT,1,5,11,73.56,2,540,0.620292,VERY_HIGH,DECLINED,1,120,<600,<50K
CD000256,2025-06-03 02:33:02,642,43988,31.23,3,6160,debt_consolidation,MORTGAGE,1,1,53,92.3,3,505,0.657783,VERY_HIGH,DECLINED,0,0,<600,<50K
CD000257,2025-06-15 06:07:30,684,50196,18.2,0,53489,debt_consolidation,RENT,0,0,0,53.21,3,655,0.045739,MEDIUM,APPROVED,0,0,600-700,50-75K
CD000258,2025-01-28 11:14:01,670,221018,32.02,1,34351,credit_card,MORTGAGE,0,0,0,62.32,2,693,0.016222,LOW,APPROVED,0,0,600-700,100K+
CD000259,2025-04-03 16:45:54,722,23898,24.06,13,42022,major_purchase,RENT,1,8,29,38.05,1,674,0.023488,LOW,APPROVED,0,0,600-700,<50K
CD000260,2025-01-01 03:25:24,687,119578,18.54,5,63261,credit_card,RENT,1,4,29,59.67,0,671,0.036666,MEDIUM,APPROVED,0,0,600-700,100K+
CD000261,2025-03-13 07:45:41,518,106889,22.35,6,20906,home_improvement,OTHER,1,6,22,37.92,4,442,0.936983,VERY_HIGH,DECLINED,0,0,<600,100K+
CD000262,2025-02-20 13:04:20,607,63413,7.51,3,14027,major_purchase,MORTGAGE,1,3,41,48.43,2,571,0.327509,HIGH,DECLINED,0,0,<600,50-75K
CD000263,2025-06-26 22:46:01,754,82653,40.62,1,12039,other,RENT,0,0,0,40.3,0,700,0.023126,LOW,APPROVED,0,0,700-800,75-100K
CD000264,2025-01-05 05:58:00,754,67627,30.73,2,24777,credit_card,OWN,0,0,0,7.97,1,714,0.009284,LOW,APPROVED,0,0,700-800,50-75K
CD000265,2025-01-31 07:17:43,674,73649,27.65,1,17491,credit_card,RENT,0,0,0,11.4,3,659,0.049459,MEDIUM,APPROVED,1,60,600-700,50-75K
CD000266,2025-02-13 13:48:32,583,44233,46.17,10,9529,home_improvement,OTHER,0,0,0,58.42,1,570,0.326712,HIGH,DECLINED,1,90,<600,<50K
CD000267,2025-01-18 14:31:49,787,23893,31.73,5,28074,debt_consolidation,MORTGAGE,0,0,0,51.12,1,719,0.010313,LOW,APPROVED,0,0,700-800,<50K
CD000268,2025-02-02 18:29:48,552,190521,13.94,7,16553,credit_card,OWN,1,5,5,39.36,1,667,0.026092,LOW,APPROVED,0,0,600-700,100K+
CD000269,2025-06-18 03:12:07,685,125327,36.63,0,24599,debt_consolidation,RENT,0,0,0,79.48,2,608,0.113398,HIGH,DECLINED,0,0,600-700,100K+
CD000270,2025-03-10 07:14:47,665,30783,36.71,3,25789,debt_consolidation,RENT,1,4,16,13.36,2,654,0.061297,MEDIUM,APPROVED,0,0,600-700,<50K
CD000271,2025-01-20 18:43:52,681,95248,26.02,6,12913,credit_card,MORTGAGE,0,0,0,76.65,1,645,0.046974,MEDIUM,APPROVED,0,0,600-700,75-100K
CD000272,2025-03-25 07:19:48,603,47926,44.56,2,17558,debt_consolidation,MORTGAGE,1,4,45,100.0,1,460,0.919901,VERY_HIGH,DECLINED,1,120,<600,<50K
CD000273,2025-03-04 02:38:40,645,70570,23.87,3,26482,home_improvement,OWN,0,0,0,56.52,1,678,0.04013,MEDIUM,APPROVED,0,0,600-700,50-75K
CD000274,2025-04-25 21:55:42,726,36165,26.23,3,24879,debt_consolidation,OTHER,0,0,0,42.89,0,731,0.006034,LOW,APPROVED,0,0,700-800,<50K
CD000275,2025-02-14 11:58:38,640,35645,34.22,11,19785,debt_consolidation,MORTGAGE,0,0,0,57.88,1,610,0.154756,HIGH,APPROVED,1,120,600-700,<50K
CD000276,2025-02-04 01:53:40,590,131952,27.13,1,10285,credit_card,OTHER,0,0,0,77.66,2,572,0.325592,HIGH,APPROVED,0,0,<600,100K+
CD000277,2025-02-14 08:11:11,665,46670,17.29,13,16696,debt_consolidation,RENT,0,0,0,25.06,4,686,0.032724,MEDIUM,APPROVED,1,60,600-700,<50K
CD000278,2025-03-05 10:48:08,671,55104,24.91,0,8582,credit_card,OWN,2,8,52,44.04,0,593,0.31539,HIGH,APPROVED,0,0,<600,50-75K
CD000279,2025-03-01 08:15:09,659,78404,25.69,7,55003,home_improvement,OWN,2,3,41,34.01,2,660,0.053329,MEDIUM,APPROVED,0,0,600-700,75-100K
CD000280,2025-05-13 05:05:33,622,110987,43.32,3,76051,home_improvement,RENT,3,6,56,95.63,1,564,0.413933,HIGH,DECLINED,0,0,<600,100K+
CD000281,2025-03-11 22:16:11,696,46177,27.67,2,34112,debt_consolidation,OTHER,0,0,0,42.34,1,700,0.021352,LOW,APPROVED,0,0,700-800,<50K
CD000282,2025-01-21 13:06:14,659,75520,12.32,0,37953,debt_consolidation,OWN,0,0,0,68.33,1,752,0.003168,LOW,APPROVED,0,0,700-800,75-100K
CD000283,2025-03-28 02:12:54,601,80633,22.57,11,24152,other,RENT,1,4,12,39.81,1,619,0.115571,HIGH,APPROVED,0,0,600-700,75-100K
CD000284,2025-06-14 05:54:31,678,43967,22.3,1,9115,other,MORTGAGE,1,2,57,94.33,1,634,0.102703,HIGH,APPROVED,0,0,600-700,<50K
CD000285,2025-02-01 00:00:02,664,44277,28.49,4,14725,home_improvement,OWN,0,0,0,49.06,0,569,0.302681,HIGH,DECLINED,0,0,<600,<50K
CD000286,2025-04-15 14:18:06,674,75418,18.69,10,29106,other,MORTGAGE,0,0,0,33.01,1,685,0.03558,MEDIUM,DECLINED,1,150,600-700,75-100K
CD000287,2025-06-15 20:24:37,572,54381,17.85,3,35646,debt_consolidation,MORTGAGE,1,10,39,84.6,2,556,0.353553,HIGH,DECLINED,1,90,<600,50-75K
CD000288,2025-04-19 11:15:11,624,115865,33.45,9,10021,debt_consolidation,RENT,1,3,12,88.2,1,585,0.237479,HIGH,DECLINED,0,0,<600,100K+
CD000289,2025-04-17 23:53:56,691,25693,19.69,10,15972,other,MORTGAGE,1,2,8,50.92,3,618,0.12401,HIGH,APPROVED,0,0,600-700,<50K
CD000290,2025-02-06 07:47:48,718,72379,38.51,7,19864,other,OTHER,0,0,0,52.95,1,698,0.01943,LOW,APPROVED,0,0,600-700,50-75K
CD000291,2025-06-18 13:56:07,686,53576,28.91,2,67569,major_purchase,RENT,1,3,21,13.85,5,506,0.669642,VERY_HIGH,DECLINED,0,0,<600,50-75K
CD000292,2025-05-24 03:38:59,675,30783,26.46,15,27204,major_purchase,OWN,0,0,0,30.37,0,618,0.108407,HIGH,APPROVED,0,0,600-700,<50K
CD000293,2025-04-23 01:23:25,707,54566,25.37,6,19295,debt_consolidation,RENT,0,0,0,0.0,0,676,0.031677,MEDIUM,APPROVED,1,150,600-700,50-75K
CD000294,2025-06-13 02:44:19,721,30320,31.11,2,23077,debt_consolidation,MORTGAGE,1,1,49,65.18,2,657,0.047662,MEDIUM,APPROVED,0,0,600-700,<50K
CD000295,2025-04-09 09:51:51,765,49340,31.04,4,28091,credit_card,OTHER,0,0,0,17.07,2,797,0.001425,LOW,APPROVED,0,0,700-800,<50K
CD000296,2025-05-07 07:55:19,694,93279,18.77,1,90000,home_improvement,RENT,0,0,0,37.81,1,735,0.004941,LOW,APPROVED,0,0,700-800,75-100K
CD000297,2025-01-01 22:34:12,637,41832,38.29,9,8940,credit_card,MORTGAGE,1,8,27,50.41,2,610,0.108918,HIGH,APPROVED,0,0,600-700,<50K
CD000298,2025-06-12 18:52:48,695,75216,24.33,3,5917,debt_consolidation,MORTGAGE,0,0,0,34.24,1,721,0.0042,LOW,APPROVED,0,0,700-800,75-100K
CD000299,2025-03-31 06:52:33,561,65529,33.53,11,28269,debt_consolidation,RENT,1,4,1,65.51,2,472,0.810504,VERY_HIGH,DECLINED,1,60,<600,50-75K
CD000300,2025-01-02 20:13:00,672,45979,27.47,5,20986,other,MORTGAGE,0,0,0,64.23,0,612,0.120694,HIGH,APPROVED,1,150,600-700,<50K
CD000301,2025-02-01 16:08:16,644,50629,45.27,4,19334,debt_consolidation,MORTGAGE,1,5,18,33.76,0,603,0.117198,HIGH,DECLINED,0,0,600-700,50-75K
CD000302,2025-05-03 19:11:06,668,63060,27.02,10,26790,major_purchase,MORTGAGE,0,0,0,93.31,3,660,0.037881,MEDIUM,APPROVED,0,0,600-700,50-75K
CD000303,2025-06-01 07:47:24,696,66231,20.99,7,29060,home_improvement,OTHER,1,0,7,37.97,0,610,0.166739,HIGH,APPROVED,0,0,600-700,50-75K
CD000304,2025-05-31 19:43:51,672,45812,28.11,11,29130,other,MORTGAGE,0,0,0,70.79,1,690,0.017189,LOW,DECLINED,0,0,600-700,<50K
CD000305,2025-01-14 19:28:27,590,53484,37.08,3,13521,credit_card,RENT,1,6,29,99.87,4,510,0.7375,VERY_HIGH,DECLINED,1,120,<600,50-75K
CD000306,2025-01-26 02:43:25,650,81032,26.32,0,21862,debt_consolidation,RENT,0,0,0,53.59,1,564,0.397636,HIGH,DECLINED,1,90,<600,75-100K
CD000307,2025-02-17 16:31:05,626,36759,12.37,24,12813,debt_consolidation,OTHER,0,0,0,18.26,1,738,0.005634,LOW,APPROVED,0,0,700-800,<50K
CD000308,2025-04-01 07:52:02,669,33898,28.38,3,18321,credit_card,RENT,0,0,0,43.08,0,707,0.015126,LOW,APPROVED,0,0,700-800,<50K
CD000309,2025-01-31 22:06:37,690,66031,22.82,4,34927,credit_card,OWN,0,0,0,43.01,0,759,0.004076,LOW,APPROVED,0,0,700-800,50-75K
CD000310,2025-05-06 12:29:53,617,70657,40.45,3,7477,debt_consolidation,MORTGAGE,0,0,0,24.26,3,641,0.047029,MEDIUM,APPROVED,1,60,600-700,50-75K
CD000311,2025-05-08 22:40:08,711,20501,31.37,4,15308,credit_card,OTHER,1,2,23,8.39,2,674,0.044012,MEDIUM,APPROVED,0,0,600-700,<50K
CD000312,2025-01-08 11:13:09,742,60179,28.54,1,31111,other,MORTGAGE,0,0,0,81.86,2,589,0.150766,HIGH,DECLINED,0,0,<600,50-75K
CD000313,2025-03-02 19:17:44,655,106578,39.15,2,8227,home_improvement,RENT,1,5,26,78.49,1,575,0.30409,HIGH,DECLINED,1,150,<600,100K+
CD000314,2025-04-28 11:01:05,710,83172,27.79,6,10330,credit_card,RENT,2,4,23,57.33,1,657,0.038398,MEDIUM,APPROVED,0,0,600-700,75-100K
CD000315,2025-02-12 10:44:42,589,48931,9.87,6,15616,debt_consolidation,OWN,1,1,28,3.88,1,580,0.238188,HIGH,DECLINED,0,0,<600,<50K
CD000316,2025-01-14 17:44:07,641,68007,25.12,3,13694,debt_consolidation,MORTGAGE,0,0,0,48.28,0,690,0.020395,LOW,APPROVED,0,0,600-700,50-75K
CD000317,2025-04-24 08:30:23,723,27672,22.58,1,35250,credit_card,RENT,0,0,0,20.68,1,705,0.01194,LOW,APPROVED,0,0,700-800,<50K
CD000318,2025-03-20 06:41:15,573,76225,30.31,4,26920,debt_consolidation,MORTGAGE,0,0,0,32.33,4,506,0.706422,VERY_HIGH,DECLINED,1,60,<600,75-100K
CD000319,2025-04-22 12:09:32,643,65595,16.8,2,49240,debt_consolidation,RENT,0,0,0,39.68,2,667,0.034798,MEDIUM,APPROVED,0,0,600-700,50-75K
CD000320,2025-02-08 10:22:46,621,84618,26.62,0,17758,debt_consolidation,MORTGAGE,0,0,0,53.35,0,670,0.025868,LOW,APPROVED,0,0,600-700,75-100K
CD000321,2025-01-04 22:04:23,734,53707,28.26,2,14305,credit_card,MORTGAGE,0,0,0,100.0,1,682,0.025595,LOW,APPROVED,0,0,600-700,50-75K
CD000322,2025-04-09 13:44:55,733,77442,23.16,0,40007,debt_consolidation,OWN,2,1,5,32.9,4,658,0.033713,MEDIUM,APPROVED,0,30,600-700,75-100K
CD000323,2025-06-29 15:57:04,636,47371,19.0,4,17224,debt_consolidation,RENT,0,0,0,35.01,2,631,0.099013,HIGH,APPROVED,1,90,600-700,<50K
CD000324,2025-06-11 03:44:48,677,93217,36.22,8,25538,debt_consolidation,RENT,1,3,51,8.51,2,619,0.087648,MEDIUM,DECLINED,0,0,600-700,75-100K
CD000325,2025-03-27 14:46:58,527,70551,17.19,5,17664,credit_card,MORTGAGE,1,5,12,73.89,2,574,0.31596,HIGH,DECLINED,1,60,<600,50-75K
CD000326,2025-02-09 15:18:08,717,25934,40.03,2,66078,debt_consolidation,OWN,2,3,50,48.98,0,618,0.105217,HIGH,APPROVED,1,90,600-700,<50K
CD000327,2025-02-16 20:31:57,690,27534,33.72,16,13390,other,RENT,0,0,0,57.06,3,645,0.089409,MEDIUM,APPROVED,0,0,600-700,<50K
CD000328,2025-03-28 02:59:10,743,73152,30.65,0,12223,major_purchase,MORTGAGE,1,3,33,14.34,1,708,0.00988,LOW,APPROVED,0,0,700-800,50-75K
CD000329,2025-02-15 08:16:26,539,89225,23.26,0,38911,debt_consolidation,RENT,0,0,0,37.92,0,626,0.133728,HIGH,DECLINED,0,0,600-700,75-100K
CD000330,2025-03-17 17:59:45,690,101723,26.9,4,17437,debt_consolidation,MORTGAGE,0,0,0,94.14,1,649,0.052072,MEDIUM,APPROVED,0,0,600-700,100K+
CD000331,2025-02-14 03:19:49,651,45958,27.44,15,25114,credit_card,MORTGAGE,1,1,43,31.22,3,606,0.109004,HIGH,DECLINED,1,120,600-700,<50K
CD000332,2025-06-24 14:32:21,527,63448,21.09,4,18159,debt_consolidation,MORTGAGE,1,2,56,48.04,1,430,0.965098,VERY_HIGH,DECLINED,0,0,<600,50-75K
CD000333,2025-03-10 19:15:03,632,50314,21.18,6,16219,debt_consolidation,RENT,0,0,0,42.84,4,556,0.481524,VERY_HIGH,DECLINED,0,0,<600,50-75K
CD000334,2025-01-02 13:00:17,666,43080,31.05,2,33751,debt_consolidation,RENT,0,0,0,38.05,3,668,0.055811,MEDIUM,APPROVED,0,0,600-700,<50K
CD000335,2025-01-28 03:39:25,715,51950,20.07,7,36252,debt_consolidation,RENT,0,0,0,0.0,3,727,0.007137,LOW,APPROVED,0,0,700-800,50-75K
CD000336,2025-06-01 22:10:38,681,100500,29.59,5,15524,credit_card,OWN,0,0,0,13.47,1,688,0.02729,LOW,APPROVED,0,30,600-700,100K+
CD000337,2025-03-07 05:34:46,642,47376,22.19,3,14304,credit_card,OWN,0,0,0,52.69,2,623,0.154766,HIGH,APPROVED,0,0,600-700,<50K
CD000338,2025-01-29 01:47:50,695,128846,18.59,9,34879,debt_consolidation,OTHER,1,5,30,86.73,0,769,0.002782,LOW,APPROVED,0,0,700-800,100K+
CD000339,2025-05-10 20:09:47,664,32387,33.77,2,11127,debt_consolidation,MORTGAGE,0,0,0,94.45,2,607,0.290264,HIGH,DECLINED,0,0,600-700,<50K
CD000340,2025-02-20 05:42:08,635,50083,22.93,1,7375,credit_card,MORTGAGE,1,6,37,100.0,1,632,0.086137,MEDIUM,DECLINED,1,60,600-700,50-75K
CD000341,2025-06-10 22:09:34,614,73559,19.09,8,12947,debt_consolidation,RENT,1,5,11,59.2,3,614,0.171967,HIGH,APPROVED,1,60,600-700,50-75K
CD000342,2025-01-24 05:18:03,679,73251,22.96,15,29801,major_purchase,RENT,1,1,46,96.34,0,611,0.120896,HIGH,DECLINED,0,0,600-700,50-75K
CD000343,2025-03-13 12:12:48,679,61639,33.24,1,19290,home_improvement,MORTGAGE,0,0,0,64.58,1,642,0.059674,MEDIUM,APPROVED,0,0,600-700,50-75K
CD000344,2025-04-17 04:34:05,772,27612,20.76,7,57695,debt_consolidation,MORTGAGE,1,5,42,77.55,0,711,0.011552,LOW,APPROVED,0,30,700-800,<50K
CD000345,2025-02-24 19:25:46,646,51580,25.36,5,33577,debt_consolidation,MORTGAGE,0,0,0,91.74,0,683,0.025422,LOW,APPROVED,0,0,600-700,50-75K
CD000346,2025-06-13 13:52:06,759,109496,13.32,2,16020,credit_card,RENT,1,5,23,65.27,2,689,0.023866,LOW,APPROVED,0,0,600-700,100K+
CD000347,2025-02-17 09:34:28,690,78121,28.79,12,9798,other,RENT,0,0,0,78.41,2,641,0.084365,MEDIUM,DECLINED,0,0,600-700,75-100K
CD000348,2025-02-10 19:39:17,735,73661,26.22,1,67158,major_purchase,MORTGAGE,1,1,32,76.58,2,666,0.023266,LOW,APPROVED,0,0,600-700,50-75K
CD000349,2025-02-13 15:40:06,621,70649,17.34,1,9756,other,RENT,2,6,18,79.62,0,610,0.157936,HIGH,DECLINED,0,0,600-700,50-75K
CD000350,2025-04-30 23:23:26,622,55934,32.3,0,13140,home_improvement,MORTGAGE,1,3,26,62.0,1,558,0.380991,HIGH,DECLINED,1,90,<600,50-75K
CD000351,2025-01-05 09:13:26,654,57337,32.57,1,26848,debt_consolidation,MORTGAGE,1,4,54,36.02,1,617,0.084728,MEDIUM,APPROVED,0,0,600-700,50-75K
CD000352,2025-06-08 05:35:02,720,44964,35.28,1,22612,debt_consolidation,OTHER,1,8,10,24.03,1,712,0.009993,LOW,APPROVED,0,0,700-800,<50K
CD000353,2025-04-18 00:27:49,680,107319,21.93,9,19279,home_improvement,MORTGAGE,0,0,0,26.56,1,685,0.029129,LOW,APPROVED,0,0,600-700,100K+
CD000354,2025-05-21 16:03:41,712,70968,16.6,27,14425,major_purchase,RENT,1,3,46,34.99,2,673,0.037115,MEDIUM,APPROVED,0,0,600-700,50-75K
CD000355,2025-06-19 19:33:30,688,69264,40.07,8,30329,debt_consolidation,OTHER,0,0,0,37.87,1,643,0.048056,MEDIUM,APPROVED,0,0,600-700,50-75K
CD000356,2025-02-13 10:52:07,727,62576,10.49,6,14416,home_improvement,RENT,1,5,2,24.72,2,633,0.075479,MEDIUM,APPROVED,0,0,600-700,50-75K
CD000357,2025-01-19 15:06:59,682,52207,28.55,0,40395,debt_consolidation,MORTGAGE,0,0,0,49.92,0,660,0.039608,MEDIUM,APPROVED,0,0,600-700,50-75K
CD000358,2025-03-23 11:27:31,642,30481,28.1,1,10334,major_purchase,RENT,1,3,25,70.65,2,579,0.358371,HIGH,DECLINED,1,90,<600,<50K
CD000359,2025-06-21 02:15:56,699,57588,31.15,1,40308,debt_consolidation,RENT,0,0,0,85.92,1,625,0.097926,HIGH,APPROVED,0,0,600-700,50-75K
CD000360,2025-03-29 17:00:51,676,42866,28.24,3,25131,credit_card,MORTGAGE,0,0,0,58.33,3,567,0.303261,HIGH,DECLINED,0,0,<600,<50K
CD000361,2025-01-09 17:30:55,767,45228,29.45,1,16689,home_improvement,RENT,0,0,0,48.33,2,744,0.004924,LOW,APPROVED,0,0,700-800,<50K
CD000362,2025-06-05 09:21:17,662,63427,25.04,7,8340,major_purchase,RENT,0,0,0,76.01,1,623,0.058686,MEDIUM,DECLINED,0,0,600-700,50-75K
CD000363,2025-01-18 20:41:57,677,104523,30.21,3,23980,home_improvement,OWN,1,11,30,50.83,1,620,0.11853,HIGH,DECLINED,0,0,600-700,100K+
CD000364,2025-02-06 03:18:29,654,36701,26.38,10,14195,home_improvement,RENT,0,0,0,25.9,0,659,0.05709,MEDIUM,APPROVED,0,0,600-700,<50K
CD000365,2025-06-20 23:43:05,734,58290,30.53,2,23027,home_improvement,RENT,2,5,19,54.26,0,684,0.026366,LOW,APPROVED,0,0,600-700,50-75K
CD000366,2025-02-02 14:10:26,719,118790,51.33,12,22563,credit_card,MORTGAGE,0,0,0,96.55,0,565,0.25011,HIGH,APPROVED,0,0,<600,100K+
CD000367,2025-05-13 20:37:16,707,33322,15.48,15,23096,credit_card,OWN,0,0,0,43.86,2,736,0.011604,LOW,APPROVED,0,0,700-800,<50K
CD000368,2025-03-06 03:38:09,602,73607,4.79,7,51671,home_improvement,MORTGAGE,1,5,3,38.55,1,690,0.023295,LOW,APPROVED,1,120,600-700,50-75K
CD000369,2025-04-14 18:26:45,587,47603,30.26,4,17978,credit_card,MORTGAGE,0,0,0,43.83,2,544,0.477978,VERY_HIGH,DECLINED,1,90,<600,<50K
CD000370,2025-03-22 15:11:37,685,80982,48.7,22,45513,other,MORTGAGE,1,4,50,31.2,0,586,0.231652,HIGH,DECLINED,0,0,<600,75-100K
CD000371,2025-06-26 05:28:22,710,117995,18.9,0,12385,debt_consolidation,RENT,0,0,0,43.11,0,703,0.01764,LOW,APPROVED,0,0,700-800,100K+
CD000372,2025-01-04 18:33:38,752,56387,39.77,10,10860,debt_consolidation,MORTGAGE,0,0,0,44.36,2,599,0.178153,HIGH,DECLINED,1,120,<600,50-75K
CD000373,2025-06-13 09:54:22,572,90374,29.35,1,22255,debt_consolidation,MORTGAGE,0,0,0,63.48,2,574,0.294137,HIGH,DECLINED,1,150,<600,75-100K
CD000374,2025-04-28 14:19:13,661,67103,33.08,0,26366,debt_consolidation,OWN,1,1,5,72.38,0,591,0.242306,HIGH,DECLINED,0,0,<600,50-75K
CD000375,2025-01-30 13:35:02,578,137032,24.02,1,55530,major_purchase,MORTGAGE,0,0,0,84.44,2,512,0.618762,VERY_HIGH,DECLINED,1,120,<600,100K+
CD000376,2025-05-28 09:43:01,618,18000,42.0,9,4131,debt_consolidation,OWN,0,0,0,62.64,0,579,0.314266,HIGH,DECLINED,1,120,<600,<50K
CD000377,2025-03-27 05:21:36,659,38968,27.57,5,27055,credit_card,RENT,0,0,0,34.55,0,684,0.018255,LOW,APPROVED,0,0,600-700,<50K
CD000378,2025-06-25 01:57:32,724,55583,42.32,2,17038,debt_consolidation,MORTGAGE,1,6,47,39.76,1,567,0.367637,HIGH,APPROVED,0,0,<600,50-75K
CD000379,2025-05-15 16:55:52,642,61239,51.36,9,9984,credit_card,OWN,1,2,19,83.97,3,644,0.083342,MEDIUM,APPROVED,1,90,600-700,50-75K
CD000380,2025-02-28 21:08:06,631,123651,48.23,12,24300,major_purchase,RENT,1,7,45,36.3,2,602,0.191787,HIGH,DECLINED,0,0,600-700,100K+
CD000381,2025-01-06 05:21:02,653,97187,38.66,12,15341,home_improvement,MORTGAGE,2,5,28,49.3,6,517,0.706404,VERY_HIGH,DECLINED,1,90,<600,75-100K
CD000382,2025-03-19 09:35:57,740,49560,11.49,5,23955,credit_card,MORTGAGE,0,0,0,68.32,1,694,0.016316,LOW,APPROVED,0,0,600-700,<50K
CD000383,2025-02-12 00:11:12,804,30775,31.16,4,21098,credit_card,OWN,0,0,0,100.0,2,655,0.040517,MEDIUM,APPROVED,0,0,600-700,<50K
CD000384,2025-03-16 03:51:30,586,98664,36.52,14,14332,major_purchase,OWN,1,3,33,21.06,1,637,0.098277,HIGH,DECLINED,1,90,600-700,75-100K
CD000385,2025-06-13 01:58:24,656,66147,26.35,4,7760,home_improvement,MORTGAGE,1,2,12,34.94,1,667,0.035003,MEDIUM,APPROVED,0,0,600-700,50-75K
CD000386,2025-01-04 02:17:07,647,52015,25.02,12,25031,home_improvement,RENT,0,0,0,49.51,0,671,0.026029,LOW,APPROVED,0,0,600-700,50-75K
CD000387,2025-06-10 00:44:06,735,86261,20.77,1,33143,debt_consolidation,RENT,0,0,0,21.58,2,633,0.074458,MEDIUM,APPROVED,0,0,600-700,75-100K
CD000388,2025-06-29 05:08:36,695,130963,50.52,11,6660,home_improvement,RENT,0,0,0,55.14,2,627,0.081446,MEDIUM,APPROVED,1,90,600-700,100K+
CD000389,2025-02-27 01:37:40,755,68777,32.59,13,11498,debt_consolidation,RENT,2,6,29,54.83,2,667,0.043528,MEDIUM,DECLINED,0,0,600-700,50-75K
CD000390,2025-06-22 12:36:24,615,111325,25.81,4,19772,major_purchase,RENT,0,0,0,61.17,2,609,0.165574,HIGH,DECLINED,0,0,600-700,100K+
CD000391,2025-02-27 04:50:32,672,26289,26.27,3,13336,credit_card,OWN,1,3,58,22.22,2,630,0.127547,HIGH,APPROVED,0,0,600-700,<50K
CD000392,2025-02-09 15:03:02,646,86718,34.5,4,23251,home_improvement,MORTGAGE,1,1,49,42.96,0,525,0.535864,VERY_HIGH,DECLINED,0,0,<600,75-100K
CD000393,2025-02-26 16:14:07,610,169003,34.98,1,20947,major_purchase,RENT,2,6,34,56.67,1,558,0.400923,HIGH,DECLINED,0,0,<600,100K+
CD000394,2025-06-10 06:39:36,662,102126,20.31,9,11547,debt_consolidation,MORTGAGE,0,0,0,62.16,1,660,0.041889,MEDIUM,APPROVED,0,0,600-700,100K+
CD000395,2025-05-24 15:24:00,606,45333,28.72,13,8844,other,RENT,2,8,56,24.13,1,613,0.08271,MEDIUM,APPROVED,0,0,600-700,<50K
CD000396,2025-05-14 13:11:26,790,35693,32.46,4,47932,home_improvement,MORTGAGE,1,3,59,23.86,0,734,0.006284,LOW,APPROVED,0,0,700-800,<50K
CD000397,2025-05-22 00:16:57,694,70034,29.16,9,33602,other,MORTGAGE,0,0,0,80.4,2,568,0.370287,HIGH,APPROVED,0,0,<600,50-75K
CD000398,2025-03-14 03:49:46,615,40368,47.74,2,30934,debt_consolidation,RENT,0,0,0,64.42,2,554,0.370381,HIGH,DECLINED,0,0,<600,<50K
CD000399,2025-05-15 08:20:42,637,46725,32.38,1,8863,debt_consolidation,MORTGAGE,0,0,0,56.5,1,579,0.211758,HIGH,DECLINED,0,0,<600,<50K
CD000400,2025-06-23 14:41:16,766,26932,30.79,4,22548,debt_consolidation,MORTGAGE,0,0,0,57.05,1,678,0.049777,MEDIUM,APPROVED,0,0,600-700,<50K
CD000401,2025-02-14 01:24:52,644,37658,1.03,29,12399,other,RENT,0,0,0,57.43,4,589,0.170391,HIGH,DECLINED,0,0,<600,<50K
CD000402,2025-06-13 12:25:08,709,75543,24.22,15,30655,debt_consolidation,RENT,0,0,0,42.09,2,773,0.003385,LOW,APPROVED,0,0,700-800,75-100K
CD000403,2025-04-21 04:15:47,703,41508,40.21,8,16355,credit_card,RENT,0,0,0,58.6,2,647,0.064679,MEDIUM,APPROVED,0,0,600-700,<50K
CD000404,2025-02-14 08:28:49,731,40184,44.89,0,24641,debt_consolidation,RENT,0,0,0,66.98,1,603,0.183929,HIGH,APPROVED,0,0,600-700,<50K
CD000405,2025-06-21 23:22:02,706,32092,34.35,0,29599,home_improvement,OTHER,2,2,38,76.14,1,575,0.267536,HIGH,DECLINED,1,120,<600,<50K
CD000406,2025-06-18 03:06:28,659,54382,36.84,8,14583,other,OWN,0,0,0,22.37,1,627,0.0756,MEDIUM,APPROVED,1,60,600-700,50-75K
CD000407,2025-06-10 12:07:01,638,67866,24.05,18,90000,other,MORTGAGE,1,5,4,38.43,2,633,0.116989,HIGH,APPROVED,1,90,600-700,50-75K
CD000408,2025-04-28 22:43:19,573,60643,21.75,7,31621,credit_card,RENT,1,1,39,53.15,4,606,0.234552,HIGH,DECLINED,0,0,600-700,50-75K
CD000409,2025-05-08 21:46:20,668,18000,23.4,21,8673,debt_consolidation,RENT,0,0,0,37.28,1,653,0.041887,MEDIUM,APPROVED,0,0,600-700,<50K
CD000410,2025-03-14 00:16:45,678,57723,37.35,7,16061,major_purchase,RENT,0,0,0,36.48,1,647,0.080279,MEDIUM,DECLINED,0,0,600-700,50-75K
CD000411,2025-06-23 18:21:32,651,37672,29.43,7,10919,other,RENT,0,0,0,90.07,2,627,0.097127,HIGH,DECLINED,0,0,600-700,<50K
CD000412,2025-06-14 14:59:10,663,54855,18.45,14,28939,major_purchase,MORTGAGE,2,1,56,78.39,0,590,0.257673,HIGH,DECLINED,0,0,<600,50-75K
CD000413,2025-02-27 13:41:21,604,35074,39.33,0,6555,debt_consolidation,OWN,2,5,27,56.39,0,490,0.788902,VERY_HIGH,DECLINED,1,60,<600,<50K
CD000414,2025-01-06 10:53:33,790,95454,22.43,9,31472,debt_consolidation,RENT,0,0,0,75.87,0,781,0.001572,LOW,APPROVED,0,0,700-800,75-100K
CD000415,2025-03-03 05:55:38,643,135139,19.42,2,6987,credit_card,MORTGAGE,1,5,47,48.45,3,672,0.021198,LOW,APPROVED,0,0,600-700,100K+
CD000416,2025-03-25 03:25:55,614,86744,26.85,1,21388,major_purchase,OWN,0,0,0,42.99,3,582,0.180261,HIGH,DECLINED,0,0,<600,75-100K
CD000417,2025-04-11 14:03:02,638,125978,33.42,7,21611,debt_consolidation,RENT,2,7,12,54.62,2,569,0.3216,HIGH,DECLINED,0,30,<600,100K+
CD000418,2025-03-01 18:33:58,661,64124,25.3,7,16281,credit_card,MORTGAGE,0,0,0,50.46,0,693,0.017264,LOW,APPROVED,0,0,600-700,50-75K
CD000419,2025-01-16 22:06:02,712,50976,34.93,3,20082,home_improvement,MORTGAGE,0,0,0,33.02,1,680,0.019127,LOW,APPROVED,0,0,600-700,50-75K
CD000420,2025-03-10 13:12:21,537,23073,27.92,15,24852,home_improvement,OTHER,1,3,4,69.05,0,480,0.766279,VERY_HIGH,DECLINED,1,60,<600,<50K
CD000421,2025-01-13 19:21:36,699,43117,38.79,10,34002,credit_card,OWN,3,3,24,66.23,1,513,0.629748,VERY_HIGH,DECLINED,1,90,<600,<50K
CD000422,2025-04-24 08:07:25,637,47176,27.39,3,17902,credit_card,MORTGAGE,1,5,16,66.38,1,598,0.200755,HIGH,APPROVED,0,0,<600,<50K
CD000423,2025-02-18 09:40:43,661,116255,35.5,2,14077,major_purchase,MORTGAGE,1,6,53,71.79,1,556,0.461098,VERY_HIGH,DECLINED,1,90,<600,100K+
CD000424,2025-01-15 08:31:37,727,37534,24.61,1,31831,debt_consolidation,RENT,0,0,0,85.47,2,680,0.032804,MEDIUM,DECLINED,0,0,600-700,<50K
CD000425,2025-06-18 00:10:11,713,59602,33.2,4,32206,debt_consolidation,RENT,1,3,2,32.13,3,599,0.181746,HIGH,APPROVED,0,0,<600,50-75K
CD000426,2025-06-29 04:39:46,633,76929,29.14,19,17075,other,RENT,0,0,0,20.21,0,687,0.025665,LOW,APPROVED,0,0,600-700,75-100K
CD000427,2025-06-07 02:18:55,666,59260,19.07,1,44301,other,RENT,1,5,39,31.41,3,653,0.03688,MEDIUM,DECLINED,0,0,600-700,50-75K
CD000428,2025-04-27 02:32:57,774,57308,40.88,3,7673,debt_consolidation,MORTGAGE,2,6,7,13.34,2,659,0.06479,MEDIUM,APPROVED,0,0,600-700,50-75K
CD000429,2025-02-12 06:40:32,746,92728,25.54,3,17606,debt_consolidation,MORTGAGE,0,0,0,42.06,0,659,0.044339,MEDIUM,APPROVED,0,0,600-700,75-100K
CD000430,2025-06-15 22:53:53,719,39139,31.8,21,36697,credit_card,MORTGAGE,1,3,21,74.55,2,618,0.098398,HIGH,APPROVED,0,0,600-700,<50K
CD000431,2025-04-17 11:27:54,671,58482,24.24,0,31270,debt_consolidation,MORTGAGE,0,0,0,87.94,0,653,0.040313,MEDIUM,APPROVED,1,90,600-700,50-75K
CD000432,2025-03-13 02:08:44,724,64062,28.99,2,22249,home_improvement,RENT,2,4,25,30.04,1,687,0.016253,LOW,APPROVED,0,0,600-700,50-75K
CD000433,2025-03-27 01:31:42,693,118752,28.22,13,20681,home_improvement,MORTGAGE,2,4,22,81.04,1,573,0.282967,HIGH,DECLINED,0,30,<600,100K+
CD000434,2025-05-29 22:34:35,641,107165,23.63,4,21549,debt_consolidation,RENT,1,4,28,60.95,3,556,0.453711,VERY_HIGH,APPROVED,1,90,<600,100K+
CD000435,2025-01-26 10:25:31,616,74712,29.73,0,10968,debt_consolidation,MORTGAGE,2,2,31,35.38,0,577,0.244588,HIGH,DECLINED,0,0,<600,50-75K
CD000436,2025-02-25 11:38:34,700,85012,28.57,1,18286,debt_consolidation,RENT,0,0,0,60.96,2,650,0.068605,MEDIUM,DECLINED,0,0,600-700,75-100K
CD000437,2025-03-13 13:24:48,692,22512,34.13,1,24854,credit_card,MORTGAGE,0,0,0,19.74,3,658,0.045899,MEDIUM,APPROVED,0,0,600-700,<50K
CD000438,2025-04-04 21:45:18,737,66152,26.84,17,25979,credit_card,RENT,1,3,7,55.24,0,613,0.088052,MEDIUM,APPROVED,0,0,600-700,50-75K
CD000439,2025-03-26 22:51:33,644,45523,36.0,3,45632,debt_consolidation,RENT,0,0,0,46.25,2,622,0.0808,MEDIUM,APPROVED,0,0,600-700,<50K
CD000440,2025-04-02 02:36:44,748,29026,25.98,9,23446,debt_consolidation,OWN,3,6,45,46.29,1,556,0.345581,HIGH,DECLINED,0,0,<600,<50K
CD000441,2025-05-23 10:57:44,651,77528,25.59,0,13339,home_improvement,RENT,0,0,0,42.45,1,620,0.101394,HIGH,APPROVED,0,0,600-700,75-100K
CD000442,2025-05-22 09:44:44,740,47862,26.57,4,19373,debt_consolidation,RENT,1,2,42,39.42,3,620,0.167208,HIGH,APPROVED,0,0,600-700,<50K
CD000443,2025-06-17 18:31:02,701,42156,25.58,8,10504,credit_card,RENT,0,0,0,45.53,1,659,0.077975,MEDIUM,APPROVED,0,0,600-700,<50K
CD000444,2025-06-25 01:50:16,639,26262,28.35,0,31831,debt_consolidation,RENT,0,0,0,82.58,0,580,0.277861,HIGH,DECLINED,0,0,<600,<50K
CD000445,2025-02-03 22:42:11,619,61584,32.7,2,28556,credit_card,RENT,2,7,29,62.55,1,557,0.413984,HIGH,APPROVED,1,60,<600,50-75K
CD000446,2025-03-02 06:55:34,664,99240,31.03,2,12110,debt_consolidation,OWN,3,6,15,72.11,3,514,0.621681,VERY_HIGH,DECLINED,0,0,<600,75-100K
CD000447,2025-02-02 01:03:34,656,61390,21.07,4,19516,other,MORTGAGE,1,5,15,33.49,1,667,0.046691,MEDIUM,APPROVED,0,0,600-700,50-75K
CD000448,2025-06-28 03:19:57,723,79350,14.78,16,6550,debt_consolidation,MORTGAGE,0,0,0,9.5,1,701,0.011872,LOW,APPROVED,0,0,700-800,75-100K
CD000449,2025-04-02 19:51:07,633,89086,13.47,8,32958,other,RENT,0,0,0,60.25,3,668,0.030274,LOW,APPROVED,0,0,600-700,75-100K
CD000450,2025-01-03 21:00:20,590,56570,44.38,21,72192,debt_consolidation,RENT,0,0,0,39.91,4,508,0.710419,VERY_HIGH,DECLINED,0,0,<600,50-75K
CD000451,2025-06-29 22:14:51,670,48063,17.34,0,7880,debt_consolidation,MORTGAGE,0,0,0,71.72,1,636,0.093043,MEDIUM,APPROVED,0,0,600-700,<50K
CD000452,2025-04-25 16:12:37,777,43159,26.68,5,25322,debt_consolidation,OWN,2,2,45,77.93,2,683,0.025252,LOW,APPROVED,0,0,600-700,<50K
CD000453,2025-05-26 06:18:02,761,49753,44.69,0,19640,debt_consolidation,RENT,0,0,0,83.22,1,659,0.024323,LOW,APPROVED,0,0,600-700,<50K
CD000454,2025-05-06 14:42:40,637,44426,33.28,0,24697,major_purchase,RENT,0,0,0,51.92,2,591,0.228713,HIGH,DECLINED,0,0,<600,<50K
CD000455,2025-05-16 14:56:18,656,58568,30.45,6,21960,debt_consolidation,RENT,0,0,0,43.34,2,565,0.324592,HIGH,DECLINED,1,90,<600,50-75K
CD000456,2025-05-07 17:21:30,688,45663,23.42,9,36407,debt_consolidation,MORTGAGE,0,0,0,64.28,1,607,0.162613,HIGH,DECLINED,0,0,600-700,<50K
CD000457,2025-02-26 01:33:49,634,93065,23.47,1,24692,debt_consolidation,RENT,2,6,51,72.31,2,606,0.205287,HIGH,APPROVED,1,90,600-700,75-100K
CD000458,2025-02-13 10:21:44,657,38264,29.99,3,20848,debt_consolidation,MORTGAGE,2,4,38,54.4,0,555,0.317837,HIGH,DECLINED,1,90,<600,<50K
CD000459,2025-05-07 02:04:42,656,116660,34.8,3,67317,credit_card,RENT,0,0,0,41.94,1,705,0.01409,LOW,APPROVED,0,30,700-800,100K+
CD000460,2025-03-30 23:47:47,613,46132,35.93,4,27701,home_improvement,MORTGAGE,0,0,0,40.96,0,613,0.16092,HIGH,DECLINED,1,120,600-700,<50K
CD000461,2025-05-04 14:40:36,637,46045,34.18,12,79381,credit_card,RENT,0,0,0,31.18,2,621,0.076012,MEDIUM,APPROVED,0,0,600-700,<50K
CD000462,2025-02-23 03:05:45,644,76692,19.57,13,9346,credit_card,MORTGAGE,0,0,0,32.61,0,613,0.176253,HIGH,APPROVED,1,90,600-700,75-100K
CD000463,2025-05-13 21:37:24,684,40923,24.2,3,14988,other,RENT,2,6,50,42.77,2,608,0.170758,HIGH,DECLINED,0,0,600-700,<50K
CD000464,2025-05-07 17:10:32,606,24419,27.33,16,10659,debt_consolidation,MORTGAGE,1,3,41,80.6,2,506,0.733901,VERY_HIGH,DECLINED,0,0,<600,<50K
CD000465,2025-05-31 07:28:29,677,82490,31.31,1,34786,debt_consolidation,RENT,0,0,0,77.91,0,600,0.148432,HIGH,APPROVED,0,0,600-700,75-100K
CD000466,2025-03-02 18:43:43,617,107822,42.77,19,34912,debt_consolidation,OWN,2,3,11,89.17,0,564,0.379922,HIGH,DECLINED,1,90,<600,100K+
CD000467,2025-03-21 23:16:28,626,23831,28.57,0,26877,home_improvement,RENT,4,9,10,52.77,0,418,0.968529,VERY_HIGH,DECLINED,1,90,<600,<50K
CD000468,2025-01-07 20:36:20,609,71696,24.66,1,18049,other,MORTGAGE,1,2,10,58.64,3,621,0.090281,MEDIUM,DECLINED,0,0,600-700,50-75K
CD000469,2025-03-28 19:48:27,850,44122,31.69,12,34471,major_purchase,MORTGAGE,0,0,0,51.27,1,709,0.010218,LOW,APPROVED,0,0,700-800,<50K
CD000470,2025-01-28 18:31:08,740,51352,30.57,14,29316,debt_consolidation,RENT,0,0,0,17.12,0,709,0.00955,LOW,APPROVED,0,0,700-800,50-75K
CD000471,2025-02-18 01:39:06,745,114749,36.47,3,30794,home_improvement,RENT,1,3,12,44.23,4,620,0.11783,HIGH,APPROVED,0,0,600-700,100K+
CD000472,2025-01-18 20:01:53,716,30789,28.15,1,57049,debt_consolidation,RENT,0,0,0,87.66,2,621,0.119753,HIGH,APPROVED,0,0,600-700,<50K
CD000473,2025-03-12 22:59:35,658,44878,24.49,0,24438,debt_consolidation,MORTGAGE,0,0,0,41.12,2,612,0.164594,HIGH,DECLINED,0,0,600-700,<50K
CD000474,2025-01-19 12:20:11,675,99403,15.84,26,12712,debt_consolidation,MORTGAGE,0,0,0,13.14,2,658,0.048067,MEDIUM,APPROVED,0,0,600-700,75-100K
CD000475,2025-02-18 17:01:46,687,63081,25.83,2,7547,debt_consolidation,OWN,2,3,29,65.34,0,641,0.061171,MEDIUM,DECLINED,0,0,600-700,50-75K
CD000476,2025-01-20 12:33:37,696,69536,30.22,22,21191,debt_consolidation,RENT,0,0,0,39.5,1,698,0.016111,LOW,APPROVED,0,0,600-700,50-75K
CD000477,2025-01-02 03:15:27,704,42092,25.79,0,21508,credit_card,MORTGAGE,2,7,53,66.91,1,614,0.105405,HIGH,DECLINED,1,60,600-700,<50K
CD000478,2025-03-20 03:48:35,755,39574,34.71,1,15686,debt_consolidation,RENT,1,8,7,33.38,0,674,0.03787,MEDIUM,APPROVED,0,0,600-700,<50K
CD000479,2025-06-01 08:30:59,508,40030,32.09,1,13140,debt_consolidation,MORTGAGE,0,0,0,70.42,1,472,0.828507,VERY_HIGH,DECLINED,1,90,<600,<50K
CD000480,2025-01-06 03:37:02,640,62536,32.59,1,18265,debt_consolidation,OWN,0,0,0,73.64,0,473,0.826881,VERY_HIGH,DECLINED,1,150,<600,50-75K
CD000481,2025-02-18 14:56:25,708,46481,13.81,11,8499,debt_consolidation,MORTGAGE,1,1,6,15.95,3,697,0.017047,LOW,APPROVED,0,0,600-700,<50K
CD000482,2025-04-01 15:05:28,651,68534,39.05,4,9426,credit_card,OWN,0,0,0,63.45,0,585,0.162871,HIGH,APPROVED,1,90,<600,50-75K
CD000483,2025-03-10 01:37:05,662,183673,34.04,5,61768,debt_consolidation,MORTGAGE,1,6,7,36.03,4,597,0.20912,HIGH,DECLINED,0,0,<600,100K+
CD000484,2025-06-11 01:22:50,753,25489,5.78,7,12628,credit_card,MORTGAGE,0,0,0,35.71,5,738,0.008091,LOW,APPROVED,0,0,700-800,<50K
CD000485,2025-04-11 01:51:49,681,63578,22.67,2,20237,credit_card,MORTGAGE,3,5,7,64.24,0,498,0.786301,VERY_HIGH,DECLINED,0,0,<600,50-75K
CD000486,2025-03-20 00:51:47,769,54060,8.35,15,13598,debt_consolidation,RENT,0,0,0,27.25,1,805,0.001194,LOW,APPROVED,0,0,800+,50-75K
CD000487,2025-01-21 07:42:53,668,35002,21.3,3,8257,debt_consolidation,MORTGAGE,1,4,2,85.22,2,655,0.055344,MEDIUM,APPROVED,0,0,600-700,<50K
CD000488,2025-02-09 08:30:33,684,61247,19.18,9,14566,major_purchase,OTHER,0,0,0,13.92,4,605,0.161891,HIGH,APPROVED,0,0,600-700,50-75K
CD000489,2025-06-22 02:40:35,612,37759,16.63,15,21348,debt_consolidation,OTHER,1,4,18,18.74,0,624,0.103535,HIGH,DECLINED,0,0,600-700,<50K
CD000490,2025-03-16 07:35:52,562,30612,33.53,1,58990,major_purchase,RENT,0,0,0,29.26,0,565,0.286234,HIGH,DECLINED,1,90,<600,<50K
CD000491,2025-03-09 16:19:45,648,56283,35.83,9,12527,debt_consolidation,RENT,1,4,48,83.56,0,579,0.292133,HIGH,DECLINED,0,0,<600,50-75K
CD000492,2025-03-31 19:34:02,674,113900,24.78,4,6171,debt_consolidation,OTHER,0,0,0,34.95,2,622,0.132851,HIGH,APPROVED,0,0,600-700,100K+
CD000493,2025-06-23 14:13:47,652,51041,17.77,3,18478,credit_card,RENT,0,0,0,23.8,3,620,0.175915,HIGH,APPROVED,0,0,600-700,50-75K
CD000494,2025-02-07 16:57:05,597,67801,38.18,2,41904,credit_card,RENT,1,3,26,31.34,2,528,0.566,VERY_HIGH,DECLINED,1,60,<600,50-75K
CD000495,2025-02-20 15:41:25,707,41619,21.98,8,14679,home_improvement,MORTGAGE,1,4,7,14.98,1,607,0.165931,HIGH,APPROVED,0,0,600-700,<50K
CD000496,2025-01-11 12:03:13,675,40104,26.61,1,7306,debt_consolidation,OWN,1,7,42,19.95,0,751,0.004647,LOW,APPROVED,0,0,700-800,<50K
CD000497,2025-03-01 23:00:49,671,29063,32.42,12,10836,other,OTHER,2,2,34,38.07,2,554,0.397007,HIGH,APPROVED,1,60,<600,<50K
CD000498,2025-03-13 14:26:40,628,55507,26.76,23,30127,other,RENT,1,2,50,70.2,3,528,0.564282,VERY_HIGH,DECLINED,1,120,<600,50-75K
CD000499,2025-05-08 11:47:21,762,69029,22.71,0,21351,credit_card,OWN,1,3,24,16.61,2,702,0.013435,LOW,APPROVED,0,0,700-800,50-75K
CD000500,2025-03-11 08:34:45,752,25618,26.09,0,19317,credit_card,RENT,1,4,18,46.7,0,775,0.002048,LOW,APPROVED,0,0,700-800,<50K
CD000501,2025-04-11 13:56:35,688,23622,31.24,1,35278,debt_consolidation,RENT,2,3,41,81.7,1,714,0.016299,LOW,APPROVED,0,0,700-800,<50K
CD000502,2025-05-13 07:03:24,664,69907,33.22,37,31710,major_purchase,MORTGAGE,0,0,0,89.0,2,572,0.228545,HIGH,DECLINED,1,90,<600,50-75K
CD000503,2025-01-04 22:20:05,685,40776,24.68,0,46940,debt_consolidation,OWN,3,1,48,36.27,1,556,0.337248,HIGH,DECLINED,0,0,<600,<50K
CD000504,2025-01-13 12:51:44,764,27110,14.8,1,32436,debt_consolidation,MORTGAGE,1,4,41,53.14,2,691,0.013708,LOW,APPROVED,0,0,600-700,<50K
CD000505,2025-01-23 23:46:22,825,74101,31.48,5,31113,debt_consolidation,RENT,0,0,0,48.53,3,683,0.026176,LOW,DECLINED,0,0,600-700,50-75K
CD000506,2025-06-28 01:04:25,671,49921,28.84,3,9455,debt_consolidation,MORTGAGE,2,4,34,59.48,3,488,0.826192,VERY_HIGH,DECLINED,0,0,<600,<50K
CD000507,2025-03-21 07:22:56,647,45797,38.13,5,18691,credit_card,RENT,0,0,0,44.4,2,638,0.05962,MEDIUM,APPROVED,1,120,600-700,<50K
CD000508,2025-04-04 10:46:56,571,54657,29.48,1,17357,debt_consolidation,MORTGAGE,0,0,0,55.17,2,566,0.401146,HIGH,APPROVED,1,60,<600,50-75K
CD000509,2025-02-07 17:52:56,825,40980,23.36,3,90000,home_improvement,OTHER,1,4,53,18.7,1,745,0.003711,LOW,APPROVED,0,0,700-800,<50K
CD000510,2025-03-31 12:19:54,610,196156,21.52,4,9168,major_purchase,RENT,0,0,0,91.66,3,640,0.101051,HIGH,APPROVED,0,0,600-700,100K+
CD000511,2025-03-24 14:18:39,719,20929,33.57,1,28336,debt_consolidation,OWN,0,0,0,81.55,3,600,0.180998,HIGH,APPROVED,0,30,600-700,<50K
CD000512,2025-05-12 01:50:06,698,43784,11.65,8,20523,other,MORTGAGE,1,9,50,100.0,1,681,0.032669,MEDIUM,DECLINED,0,0,600-700,<50K
CD000513,2025-01-08 04:14:23,744,71010,27.84,8,11778,debt_consolidation,MORTGAGE,1,8,6,57.23,0,652,0.037244,MEDIUM,DECLINED,0,0,600-700,50-75K
CD000514,2025-04-01 19:12:30,623,65657,17.05,4,21544,other,RENT,1,4,28,66.88,1,630,0.112606,HIGH,APPROVED,0,0,600-700,50-75K
CD000515,2025-04-24 04:50:19,582,32247,31.13,12,76219,debt_consolidation,MORTGAGE,2,3,30,53.46,0,453,0.915541,VERY_HIGH,DECLINED,0,0,<600,<50K
CD000516,2025-05-06 06:08:08,679,47384,28.4,11,53011,debt_consolidation,MORTGAGE,2,4,6,31.96,0,605,0.141263,HIGH,DECLINED,1,120,600-700,<50K
CD000517,2025-02-21 19:06:03,693,52812,28.19,0,47071,home_improvement,MORTGAGE,1,6,34,0.0,1,630,0.062627,MEDIUM,APPROVED,1,90,600-700,50-75K
CD000518,2025-04-26 16:23:48,734,101901,31.46,2,29073,major_purchase,MORTGAGE,1,3,9,54.72,1,675,0.036207,MEDIUM,APPROVED,0,0,600-700,100K+
CD000519,2025-03-18 06:11:01,578,114830,37.6,15,13896,debt_consolidation,MORTGAGE,0,0,0,40.69,0,647,0.071744,MEDIUM,DECLINED,0,0,600-700,100K+
CD000520,2025-03-17 07:07:15,646,116336,39.05,10,6858,credit_card,RENT,2,7,33,42.58,0,586,0.222708,HIGH,DECLINED,0,0,<600,100K+
CD000521,2025-04-20 23:30:24,656,60674,23.71,4,18409,debt_consolidation,MORTGAGE,2,3,18,92.86,1,632,0.10673,HIGH,APPROVED,1,90,600-700,50-75K
CD000522,2025-01-11 19:29:11,596,103938,38.24,16,13011,debt_consolidation,MORTGAGE,3,6,51,24.03,1,527,0.657024,VERY_HIGH,DECLINED,1,120,<600,100K+
CD000523,2025-01-20 16:05:49,662,72916,29.16,5,17305,debt_consolidation,RENT,0,0,0,35.73,1,724,0.011054,LOW,APPROVED,1,150,700-800,50-75K
CD000524,2025-06-10 03:55:36,715,51029,31.54,3,13948,debt_consolidation,MORTGAGE,0,0,0,49.78,0,680,0.020166,LOW,APPROVED,0,0,600-700,50-75K
CD000525,2025-05-26 07:56:43,669,49365,29.29,1,10658,debt_consolidation,MORTGAGE,0,0,0,62.71,4,649,0.068778,MEDIUM,APPROVED,0,0,600-700,<50K
CD000526,2025-06-29 17:06:57,592,77975,30.5,1,16129,debt_consolidation,MORTGAGE,0,0,0,36.47,0,608,0.159204,HIGH,APPROVED,1,60,600-700,75-100K
CD000527,2025-04-10 12:08:35,690,66206,22.62,6,10605,credit_card,OTHER,0,0,0,55.83,2,695,0.015096,LOW,APPROVED,1,90,600-700,50-75K
CD000528,2025-04-30 21:22:01,718,44981,17.82,10,33485,debt_consolidation,RENT,0,0,0,100.0,1,641,0.072401,MEDIUM,APPROVED,0,0,600-700,<50K
CD000529,2025-03-02 21:22:00,700,37588,21.5,14,5906,home_improvement,MORTGAGE,0,0,0,72.73,1,678,0.024475,LOW,APPROVED,0,0,600-700,<50K
CD000530,2025-03-23 20:49:57,714,37202,31.71,6,21211,debt_consolidation,MORTGAGE,0,0,0,91.37,1,722,0.011785,LOW,APPROVED,0,0,700-800,<50K
CD000531,2025-02-09 06:28:57,580,107321,43.38,16,10452,credit_card,MORTGAGE,0,0,0,50.09,3,496,0.764102,VERY_HIGH,DECLINED,1,150,<600,100K+
CD000532,2025-05-05 05:05:55,696,51176,19.99,12,20241,major_purchase,RENT,0,0,0,48.6,0,653,0.0568,MEDIUM,APPROVED,1,120,600-700,50-75K
CD000533,2025-04-16 11:03:13,704,60463,37.35,5,24029,home_improvement,RENT,2,6,55,29.77,1,603,0.205064,HIGH,DECLINED,0,0,600-700,50-75K
CD000534,2025-01-17 22:16:21,650,111186,15.87,3,5988,debt_consolidation,RENT,0,0,0,51.6,3,644,0.103141,HIGH,DECLINED,0,0,600-700,100K+
CD000535,2025-06-08 15:38:51,668,114821,26.37,3,14213,home_improvement,OTHER,2,3,52,62.37,0,667,0.04386,MEDIUM,APPROVED,0,0,600-700,100K+
CD000536,2025-03-13 16:15:19,628,85405,36.47,1,11186,home_improvement,RENT,1,6,9,35.86,2,578,0.224927,HIGH,DECLINED,0,0,<600,75-100K
CD000537,2025-06-19 04:56:59,739,70082,37.47,8,39066,debt_consolidation,MORTGAGE,2,8,28,60.69,2,586,0.320105,HIGH,APPROVED,0,0,<600,50-75K
CD000538,2025-02-02 09:20:27,654,46987,28.25,11,12233,debt_consolidation,RENT,1,2,21,2.49,1,670,0.035959,MEDIUM,APPROVED,0,0,600-700,<50K
CD000539,2025-02-22 08:40:09,619,59034,47.51,10,32385,debt_consolidation,OWN,1,3,1,11.74,1,532,0.641891,VERY_HIGH,APPROVED,1,120,<600,50-75K
CD000540,2025-02-20 18:02:58,681,64389,30.1,1,11391,debt_consolidation,RENT,0,0,0,30.59,1,658,0.047976,MEDIUM,APPROVED,0,0,600-700,50-75K
CD000541,2025-05-29 23:25:27,677,78633,26.36,9,15618,home_improvement,RENT,1,1,19,72.87,1,673,0.02899,LOW,APPROVED,0,0,600-700,75-100K
CD000542,2025-02-25 16:23:20,708,43876,14.13,8,6771,major_purchase,RENT,2,5,22,43.25,2,678,0.019753,LOW,APPROVED,1,120,600-700,<50K
CD000543,2025-04-08 05:55:56,625,82838,28.32,18,17577,credit_card,MORTGAGE,2,3,37,62.01,2,636,0.083472,MEDIUM,APPROVED,0,0,600-700,75-100K
CD000544,2025-02-28 13:25:06,634,91290,25.84,2,38453,debt_consolidation,OTHER,1,2,40,25.85,0,637,0.092811,MEDIUM,APPROVED,0,0,600-700,75-100K
CD000545,2025-05-22 00:40:00,692,67806,24.21,2,8647,debt_consolidation,OWN,0,0,0,54.01,0,699,0.014224,LOW,APPROVED,0,0,600-700,50-75K
CD000546,2025-01-01 05:16:05,794,30955,34.27,2,51100,debt_consolidation,RENT,0,0,0,67.01,1,731,0.006083,LOW,APPROVED,0,0,700-800,<50K
CD000547,2025-06-11 16:55:44,697,25043,23.76,6,10606,debt_consolidation,MORTGAGE,0,0,0,100.0,4,530,0.53469,VERY_HIGH,DECLINED,0,0,<600,<50K
CD000548,2025-05-28 17:25:22,596,78148,20.34,8,11239,major_purchase,MORTGAGE,0,0,0,84.08,1,605,0.156592,HIGH,DECLINED,1,150,600-700,75-100K
CD000549,2025-03-24 09:29:39,680,26371,22.36,10,8548,credit_card,MORTGAGE,2,3,42,49.61,2,627,0.099773,HIGH,APPROVED,0,0,600-700,<50K
CD000550,2025-06-13 15:31:34,628,62589,35.25,0,16659,debt_consolidation,MORTGAGE,2,6,32,40.39,0,605,0.19365,HIGH,APPROVED,1,60,600-700,50-75K
CD000551,2025-04-12 21:44:00,569,205052,26.11,17,16639,credit_card,MORTGAGE,0,0,0,38.9,2,633,0.077638,MEDIUM,APPROVED,0,0,600-700,100K+
CD000552,2025-06-16 04:03:09,633,54049,38.7,3,10360,debt_consolidation,RENT,0,0,0,39.19,1,573,0.321142,HIGH,DECLINED,0,0,<600,50-75K
CD000553,2025-02-03 02:45:45,639,31306,36.05,3,54989,credit_card,RENT,0,0,0,62.85,0,602,0.138665,HIGH,APPROVED,0,0,600-700,<50K
CD000554,2025-05-22 03:12:50,694,85051,25.71,6,7452,debt_consolidation,MORTGAGE,2,13,48,44.53,2,659,0.057219,MEDIUM,APPROVED,0,0,600-700,75-100K
CD000555,2025-05-31 15:00:07,744,46866,7.89,13,16657,debt_consolidation,OWN,2,3,59,67.27,3,720,0.0093,LOW,APPROVED,0,0,700-800,<50K
CD000556,2025-06-17 06:00:48,734,55033,31.06,4,44100,home_improvement,OTHER,2,6,15,36.06,0,636,0.056451,MEDIUM,DECLINED,0,0,600-700,50-75K
CD000557,2025-03-23 02:52:36,715,26515,30.65,1,10222,debt_consolidation,RENT,0,0,0,70.43,2,653,0.04154,MEDIUM,APPROVED,0,0,600-700,<50K
CD000558,2025-01-31 02:11:42,647,42728,38.13,4,20087,credit_card,RENT,0,0,0,62.63,0,519,0.639563,VERY_HIGH,DECLINED,0,0,<600,<50K
CD000559,2025-06-12 19:15:40,680,105206,43.16,3,24075,debt_consolidation,OWN,0,0,0,25.38,0,675,0.039738,MEDIUM,APPROVED,0,0,600-700,100K+
CD000560,2025-05-25 23:03:17,669,50655,33.18,3,48399,debt_consolidation,RENT,1,1,2,44.14,5,607,0.155686,HIGH,APPROVED,1,120,600-700,50-75K
CD000561,2025-05-25 17:04:36,749,41505,22.74,7,65295,debt_consolidation,MORTGAGE,0,0,0,42.05,0,709,0.01886,LOW,APPROVED,0,60,700-800,<50K
CD000562,2025-03-08 21:57:49,635,55782,21.09,2,18758,major_purchase,RENT,1,6,50,88.94,1,591,0.240074,HIGH,APPROVED,1,60,<600,50-75K
CD000563,2025-02-27 22:13:33,641,61749,24.63,4,19068,home_improvement,RENT,1,6,54,24.26,0,675,0.024113,LOW,APPROVED,0,0,600-700,50-75K
CD000564,2025-03-16 15:50:57,753,87133,25.18,3,5159,debt_consolidation,RENT,1,5,22,61.28,2,646,0.051484,MEDIUM,APPROVED,0,0,600-700,75-100K
CD000565,2025-05-24 17:21:53,703,76444,24.26,1,29400,credit_card,RENT,0,0,0,74.68,0,678,0.042669,MEDIUM,APPROVED,0,0,600-700,75-100K
CD000566,2025-01-29 02:52:19,646,86751,26.92,1,15443,debt_consolidation,MORTGAGE,2,6,42,50.19,1,569,0.291933,HIGH,DECLINED,0,0,<600,75-100K
CD000567,2025-03-28 14:57:40,680,31842,46.14,1,30628,home_improvement,RENT,0,0,0,28.55,1,631,0.073967,MEDIUM,APPROVED,0,30,600-700,<50K
CD000568,2025-06-12 05:03:07,679,48445,13.89,1,20381,debt_consolidation,RENT,1,5,7,77.98,0,685,0.018212,LOW,APPROVED,0,60,600-700,<50K
CD000569,2025-06-20 23:18:41,681,23775,4.1,10,13026,credit_card,OWN,1,6,18,100.0,1,590,0.166753,HIGH,DECLINED,0,0,<600,<50K
CD000570,2025-05-29 14:06:12,715,111451,25.79,8,45541,debt_consolidation,RENT,0,0,0,72.86,2,580,0.310321,HIGH,DECLINED,0,0,<600,100K+
CD000571,2025-02-26 11:15:39,691,43093,24.19,9,15400,debt_consolidation,OTHER,2,5,29,23.81,1,605,0.196003,HIGH,APPROVED,0,0,600-700,<50K
CD000572,2025-04-17 14:21:02,661,47535,15.49,14,15223,major_purchase,RENT,1,6,19,38.15,3,670,0.025919,LOW,APPROVED,0,0,600-700,<50K
CD000573,2025-06-01 04:53:49,643,126355,38.2,8,18246,debt_consolidation,OWN,1,2,59,3.22,0,619,0.174568,HIGH,APPROVED,0,0,600-700,100K+
CD000574,2025-04-10 18:31:37,576,83295,32.41,1,36235,debt_consolidation,MORTGAGE,0,0,0,44.95,0,587,0.285153,HIGH,APPROVED,0,0,<600,75-100K
CD000575,2025-03-02 15:35:56,647,48973,38.6,8,32676,debt_consolidation,MORTGAGE,2,6,41,46.29,2,510,0.683499,VERY_HIGH,APPROVED,1,60,<600,<50K
CD000576,2025-02-06 23:50:28,734,50348,37.32,10,19531,debt_consolidation,MORTGAGE,1,2,34,80.62,2,712,0.008,LOW,DECLINED,0,0,700-800,50-75K
CD000577,2025-04-21 07:16:18,684,46888,34.52,25,11502,credit_card,MORTGAGE,1,4,41,34.31,2,567,0.320392,HIGH,DECLINED,1,90,<600,<50K
CD000578,2025-03-26 20:30:40,635,82633,26.13,2,20897,debt_consolidation,RENT,1,2,26,76.47,2,570,0.301098,HIGH,APPROVED,0,0,<600,75-100K
CD000579,2025-04-06 19:36:17,658,216559,21.38,27,22534,debt_consolidation,MORTGAGE,2,3,45,30.1,1,672,0.038356,MEDIUM,APPROVED,0,0,600-700,100K+
CD000580,2025-06-27 05:12:55,624,30287,29.94,2,10772,credit_card,MORTGAGE,2,7,50,42.47,1,496,0.751292,VERY_HIGH,DECLINED,1,60,<600,<50K
CD000581,2025-01-03 23:22:28,687,108518,35.39,13,21935,debt_consolidation,RENT,1,6,26,62.4,1,671,0.04216,MEDIUM,DECLINED,0,0,600-700,100K+
CD000582,2025-04-06 17:53:26,782,98915,15.63,0,30901,debt_consolidation,OTHER,0,0,0,56.2,2,776,0.004107,LOW,APPROVED,0,0,700-800,75-100K
CD000583,2025-06-24 14:54:33,771,45934,19.94,0,10151,other,RENT,0,0,0,21.44,0,789,0.001258,LOW,APPROVED,0,0,700-800,<50K
CD000584,2025-03-30 18:21:42,737,65360,22.02,3,15887,debt_consolidation,MORTGAGE,0,0,0,34.3,2,743,0.004366,LOW,APPROVED,0,0,700-800,50-75K
CD000585,2025-05-10 13:18:48,714,64083,22.71,1,62621,home_improvement,MORTGAGE,0,0,0,47.56,2,681,0.035154,MEDIUM,APPROVED,0,0,600-700,50-75K
CD000586,2025-04-20 14:56:27,659,41231,13.25,3,20242,major_purchase,OTHER,0,0,0,47.08,1,579,0.379815,HIGH,APPROVED,0,30,<600,<50K
CD000587,2025-06-23 19:02:22,603,43141,24.57,10,15974,other,MORTGAGE,0,0,0,24.04,1,715,0.006464,LOW,APPROVED,0,0,700-800,<50K
CD000588,2025-05-10 20:27:32,672,109079,24.43,11,12101,debt_consolidation,RENT,0,0,0,28.69,0,803,0.000905,LOW,APPROVED,0,0,800+,100K+
CD000589,2025-03-06 03:23:26,647,70173,29.55,11,15299,credit_card,MORTGAGE,1,6,18,64.28,0,598,0.131467,HIGH,APPROVED,0,0,<600,50-75K
CD000590,2025-04-28 02:33:21,717,48209,13.2,2,6026,debt_consolidation,RENT,1,5,2,67.44,5,673,0.034737,MEDIUM,APPROVED,0,0,600-700,<50K
CD000591,2025-02-25 01:13:22,680,38747,16.05,4,27122,major_purchase,RENT,1,7,42,38.49,2,598,0.194339,HIGH,DECLINED,1,60,<600,<50K
CD000592,2025-03-17 21:06:54,640,55067,33.3,3,43597,debt_consolidation,MORTGAGE,2,5,25,58.75,1,486,0.77849,VERY_HIGH,DECLINED,1,60,<600,50-75K
CD000593,2025-04-05 17:18:52,696,58921,39.46,23,32196,other,MORTGAGE,0,0,0,43.12,2,567,0.360079,HIGH,DECLINED,0,0,<600,50-75K
CD000594,2025-05-10 10:00:31,832,83717,45.24,14,6103,debt_consolidation,MORTGAGE,2,1,17,73.37,1,698,0.022698,LOW,APPROVED,0,30,600-700,75-100K
CD000595,2025-04-16 01:08:29,621,115874,38.77,5,33149,credit_card,MORTGAGE,1,2,46,36.02,1,598,0.092136,MEDIUM,DECLINED,1,90,<600,100K+
CD000596,2025-02-15 12:34:15,734,58941,24.79,3,15622,major_purchase,OWN,3,5,24,63.19,3,717,0.006549,LOW,APPROVED,0,0,700-800,50-75K
CD000597,2025-01-07 02:25:58,704,38784,35.65,4,40460,debt_consolidation,RENT,0,0,0,93.57,2,517,0.60772,VERY_HIGH,DECLINED,1,120,<600,<50K
CD000598,2025-04-13 06:36:17,666,68582,15.21,0,41103,other,MORTGAGE,0,0,0,94.56,1,582,0.256182,HIGH,APPROVED,0,0,<600,50-75K
CD000599,2025-01-20 08:27:19,630,62301,37.47,7,10359,home_improvement,RENT,1,5,59,0.0,5,558,0.424384,VERY_HIGH,DECLINED,0,0,<600,50-75K
CD000600,2025-01-16 01:43:48,673,45269,23.05,0,23140,debt_consolidation,RENT,0,0,0,57.3,1,679,0.028265,LOW,APPROVED,0,0,600-700,<50K
CD000601,2025-02-21 05:52:33,684,80080,5.01,7,13953,credit_card,RENT,2,5,25,27.99,3,624,0.156775,HIGH,APPROVED,0,0,600-700,75-100K
CD000602,2025-06-26 20:03:04,714,55694,41.74,14,18904,credit_card,RENT,1,2,30,51.27,2,662,0.041805,MEDIUM,APPROVED,0,0,600-700,50-75K
CD000603,2025-04-23 10:20:13,710,67651,27.01,3,56974,major_purchase,MORTGAGE,1,5,29,72.33,1,697,0.013704,LOW,APPROVED,0,0,600-700,50-75K
CD000604,2025-04-07 20:05:09,689,58064,38.38,0,21034,other,OWN,0,0,0,59.32,1,704,0.011335,LOW,APPROVED,0,0,700-800,50-75K
CD000605,2025-03-08 06:13:44,634,71375,26.29,23,15432,other,MORTGAGE,2,5,28,71.95,3,590,0.142151,HIGH,DECLINED,1,150,<600,50-75K
CD000606,2025-01-08 00:55:44,688,75802,38.41,1,9145,credit_card,OWN,0,0,0,38.24,1,642,0.065369,MEDIUM,APPROVED,0,0,600-700,75-100K
CD000607,2025-05-01 02:44:41,646,37477,35.59,7,6646,debt_consolidation,MORTGAGE,0,0,0,16.14,2,654,0.057199,MEDIUM,APPROVED,0,0,600-700,<50K
CD000608,2025-04-20 12:36:39,614,87338,33.73,0,34484,debt_consolidation,OWN,0,0,0,58.1,1,612,0.105027,HIGH,DECLINED,0,0,600-700,75-100K
CD000609,2025-05-17 19:51:26,721,58880,12.32,5,28469,debt_consolidation,MORTGAGE,1,6,4,76.71,0,700,0.019456,LOW,APPROVED,0,0,700-800,50-75K
CD000610,2025-04-02 21:56:10,635,27585,19.97,8,8847,home_improvement,RENT,0,0,0,40.86,2,612,0.102153,HIGH,APPROVED,0,30,600-700,<50K
CD000611,2025-02-10 09:25:04,606,50166,11.28,3,25276,home_improvement,RENT,0,0,0,71.18,1,694,0.021788,LOW,APPROVED,0,0,600-700,50-75K
CD000612,2025-01-16 01:33:59,676,101168,32.39,3,4569,debt_consolidation,RENT,1,3,7,74.79,1,458,0.896024,VERY_HIGH,DECLINED,0,0,<600,100K+
CD000613,2025-01-24 16:41:56,565,110810,20.38,2,21224,major_purchase,RENT,0,0,0,43.52,1,606,0.227163,HIGH,APPROVED,0,0,600-700,100K+
CD000614,2025-01-04 11:11:00,668,44080,36.4,1,13327,debt_consolidation,MORTGAGE,0,0,0,52.77,1,632,0.092759,MEDIUM,APPROVED,1,60,600-700,<50K
CD000615,2025-04-01 17:01:56,696,66333,22.41,4,27395,debt_consolidation,MORTGAGE,0,0,0,63.74,2,681,0.027391,LOW,APPROVED,0,0,600-700,50-75K
CD000616,2025-05-15 13:53:41,648,32921,26.17,0,16707,other,RENT,0,0,0,57.3,1,659,0.04078,MEDIUM,APPROVED,0,0,600-700,<50K
CD000617,2025-03-10 17:06:12,684,71954,33.61,1,27551,other,RENT,0,0,0,61.3,2,623,0.082833,MEDIUM,APPROVED,0,0,600-700,50-75K
CD000618,2025-06-16 14:15:04,790,21514,18.45,3,68804,credit_card,MORTGAGE,1,7,6,46.88,2,637,0.06545,MEDIUM,APPROVED,0,0,600-700,<50K
CD000619,2025-06-15 03:29:14,750,27245,30.01,1,30773,home_improvement,OWN,0,0,0,53.51,1,679,0.020867,LOW,APPROVED,0,0,600-700,<50K
CD000620,2025-06-20 04:39:52,723,70248,3.29,13,60613,credit_card,MORTGAGE,0,0,0,46.85,2,709,0.008318,LOW,APPROVED,0,0,700-800,50-75K
CD000621,2025-04-26 06:33:24,704,72848,20.18,0,8221,debt_consolidation,MORTGAGE,0,0,0,59.16,4,661,0.058469,MEDIUM,APPROVED,0,0,600-700,50-75K
CD000622,2025-05-20 12:37:44,643,43654,35.7,17,20596,debt_consolidation,MORTGAGE,1,7,47,21.36,1,610,0.182279,HIGH,DECLINED,1,120,600-700,<50K
CD000623,2025-04-13 19:59:17,663,72615,50.86,1,24247,major_purchase,RENT,0,0,0,11.98,2,616,0.141709,HIGH,APPROVED,1,60,600-700,50-75K
CD000624,2025-01-01 14:47:15,655,117518,9.06,0,82929,credit_card,MORTGAGE,0,0,0,55.87,3,619,0.134335,HIGH,DECLINED,0,0,600-700,100K+
CD000625,2025-02-09 13:39:53,673,54674,41.55,6,18241,home_improvement,RENT,2,5,32,31.12,1,564,0.282028,HIGH,APPROVED,0,0,<600,50-75K
CD000626,2025-01-04 07:42:38,677,76066,40.06,6,35312,credit_card,RENT,0,0,0,66.02,0,503,0.574082,VERY_HIGH,APPROVED,0,0,<600,75-100K
CD000627,2025-04-20 09:04:47,626,40601,23.75,1,25184,debt_consolidation,MORTGAGE,2,8,12,22.6,3,679,0.031196,MEDIUM,APPROVED,1,90,600-700,<50K
CD000628,2025-05-02 14:59:28,760,32433,19.3,6,15725,debt_consolidation,OTHER,1,4,34,61.58,1,769,0.002989,LOW,APPROVED,0,30,700-800,<50K
CD000629,2025-01-01 05:46:23,614,128978,25.99,8,9430,debt_consolidation,MORTGAGE,0,0,0,81.69,4,568,0.373946,HIGH,DECLINED,0,0,<600,100K+
CD000630,2025-03-09 10:45:49,691,62065,25.7,3,16454,debt_consolidation,RENT,1,2,3,69.99,1,653,0.064112,MEDIUM,APPROVED,0,0,600-700,50-75K
CD000631,2025-05-19 16:45:19,728,43903,31.12,6,11450,major_purchase,MORTGAGE,1,7,21,58.83,1,651,0.064842,MEDIUM,APPROVED,0,0,600-700,<50K
CD000632,2025-04-12 05:54:34,669,26863,14.03,0,90000,debt_consolidation,OWN,0,0,0,59.81,2,631,0.075599,MEDIUM,APPROVED,0,0,600-700,<50K
CD000633,2025-02-24 07:48:26,634,76399,28.6,3,12049,debt_consolidation,MORTGAGE,0,0,0,20.95,3,602,0.199414,HIGH,DECLINED,0,0,600-700,75-100K
CD000634,2025-01-08 13:47:23,673,86465,22.65,6,3184,credit_card,MORTGAGE,1,2,40,54.71,1,731,0.008241,LOW,APPROVED,0,0,700-800,75-100K
CD000635,2025-04-05 06:05:31,778,108707,24.66,2,45623,credit_card,MORTGAGE,0,0,0,79.14,3,666,0.056763,MEDIUM,APPROVED,0,0,600-700,100K+
CD000636,2025-05-06 11:25:35,705,52848,33.99,18,12999,other,RENT,2,8,51,48.95,2,575,0.33596,HIGH,APPROVED,0,0,<600,50-75K
CD000637,2025-03-10 14:07:56,655,87816,31.21,1,33418,credit_card,MORTGAGE,1,7,17,45.0,1,641,0.075485,MEDIUM,DECLINED,0,0,600-700,75-100K
CD000638,2025-06-13 23:28:04,703,59289,7.81,1,33514,debt_consolidation,MORTGAGE,2,6,16,17.4,1,684,0.025081,LOW,APPROVED,0,0,600-700,50-75K
CD000639,2025-02-07 18:18:08,660,38794,28.78,4,15413,home_improvement,RENT,1,6,1,56.5,0,615,0.108085,HIGH,DECLINED,0,30,600-700,<50K
CD000640,2025-05-29 07:18:33,568,56943,28.02,2,10981,credit_card,RENT,0,0,0,45.25,0,594,0.191772,HIGH,DECLINED,1,150,<600,50-75K
CD000641,2025-04-05 13:02:37,684,44662,33.31,20,35367,other,MORTGAGE,1,1,8,51.23,2,619,0.146553,HIGH,DECLINED,0,0,600-700,<50K
CD000642,2025-03-07 17:17:01,728,38911,29.44,5,31060,major_purchase,OWN,1,4,11,63.3,4,604,0.107584,HIGH,DECLINED,0,0,600-700,<50K
CD000643,2025-06-16 23:53:45,734,43710,29.61,6,5973,other,RENT,2,8,58,52.46,2,565,0.304786,HIGH,DECLINED,1,90,<600,<50K
CD000644,2025-05-20 17:23:41,667,85564,24.69,2,32225,credit_card,RENT,0,0,0,39.75,1,723,0.010802,LOW,APPROVED,0,0,700-800,75-100K
CD000645,2025-03-11 23:43:08,593,59465,27.84,0,21693,debt_consolidation,MORTGAGE,1,3,21,19.07,1,552,0.39646,HIGH,DECLINED,0,30,<600,50-75K
CD000646,2025-06-21 03:47:51,737,41492,35.28,2,7200,home_improvement,RENT,2,6,59,6.56,2,609,0.102592,HIGH,DECLINED,0,0,600-700,<50K
CD000647,2025-02-27 22:37:11,662,54158,14.58,1,20968,home_improvement,OWN,1,6,32,63.75,0,605,0.180255,HIGH,DECLINED,0,0,600-700,50-75K
CD000648,2025-05-25 05:57:24,711,54247,25.26,3,47129,credit_card,RENT,0,0,0,73.38,1,729,0.008734,LOW,APPROVED,0,0,700-800,50-75K
CD000649,2025-05-21 14:05:15,733,54949,24.21,5,8853,credit_card,RENT,0,0,0,100.0,1,743,0.005785,LOW,APPROVED,0,0,700-800,50-75K
CD000650,2025-04-23 18:02:06,689,62827,21.21,4,23296,home_improvement,MORTGAGE,1,5,47,55.29,2,645,0.068717,MEDIUM,APPROVED,0,0,600-700,50-75K
CD000651,2025-06-16 04:21:49,667,41493,7.73,4,31472,major_purchase,MORTGAGE,0,0,0,16.2,1,651,0.038304,MEDIUM,APPROVED,0,0,600-700,<50K
CD000652,2025-03-15 03:27:01,636,109387,37.98,1,18679,debt_consolidation,MORTGAGE,0,0,0,46.12,4,602,0.298166,HIGH,DECLINED,1,60,600-700,100K+
CD000653,2025-03-06 09:27:42,647,34925,24.16,9,20404,major_purchase,OWN,2,6,11,9.53,1,701,0.012652,LOW,APPROVED,0,0,700-800,<50K
CD000654,2025-04-29 04:23:59,672,44507,41.19,1,24412,home_improvement,OWN,0,0,0,49.87,2,586,0.212261,HIGH,DECLINED,1,90,<600,<50K
CD000655,2025-01-16 14:22:19,645,31318,49.76,1,32354,debt_consolidation,OWN,1,6,41,51.37,0,526,0.650424,VERY_HIGH,DECLINED,1,120,<600,<50K
CD000656,2025-05-21 07:43:55,691,48635,18.51,6,13678,debt_consolidation,MORTGAGE,0,0,0,34.35,1,716,0.012277,LOW,APPROVED,0,0,700-800,<50K
CD000657,2025-06-29 12:59:37,563,45748,35.01,4,10650,major_purchase,MORTGAGE,0,0,0,66.94,0,526,0.612689,VERY_HIGH,DECLINED,1,150,<600,<50K
CD000658,2025-05-20 12:57:34,615,64053,27.99,1,25898,credit_card,RENT,1,5,23,43.8,2,577,0.305521,HIGH,APPROVED,1,60,<600,50-75K
CD000659,2025-01-16 17:03:54,669,30013,32.75,5,32656,debt_consolidation,MORTGAGE,0,0,0,60.05,3,628,0.115706,HIGH,APPROVED,0,0,600-700,<50K
CD000660,2025-01-12 04:35:00,632,64318,33.85,0,17910,debt_consolidation,RENT,2,5,1,51.03,2,619,0.133382,HIGH,DECLINED,0,0,600-700,50-75K
CD000661,2025-04-15 10:17:58,641,27502,34.88,28,21984,debt_consolidation,RENT,2,6,14,53.98,2,486,0.782218,VERY_HIGH,DECLINED,1,90,<600,<50K
CD000662,2025-04-27 20:02:49,608,102410,32.66,13,22345,other,RENT,1,2,5,27.06,1,586,0.255899,HIGH,DECLINED,0,0,<600,100K+
CD000663,2025-05-08 08:44:00,707,45836,28.92,6,18471,home_improvement,RENT,0,0,0,47.56,1,601,0.194978,HIGH,DECLINED,0,0,600-700,<50K
CD000664,2025-04-02 01:22:39,760,101047,19.34,14,42794,debt_consolidation,OTHER,3,4,16,60.01,0,625,0.113761,HIGH,APPROVED,0,0,600-700,100K+
CD000665,2025-05-25 05:32:57,615,116192,22.6,1,59016,major_purchase,MORTGAGE,2,2,43,49.84,1,656,0.049556,MEDIUM,APPROVED,1,60,600-700,100K+
CD000666,2025-06-22 08:10:04,733,34976,16.9,6,12506,credit_card,MORTGAGE,2,2,38,61.28,0,609,0.122063,HIGH,APPROVED,0,0,600-700,<50K
CD000667,2025-06-29 20:19:48,590,145423,15.51,1,12154,debt_consolidation,OTHER,1,7,48,96.96,0,610,0.166719,HIGH,APPROVED,1,60,600-700,100K+
CD000668,2025-05-28 19:40:16,678,59890,27.9,15,16239,debt_consolidation,RENT,0,0,0,32.6,3,663,0.049996,MEDIUM,DECLINED,1,90,600-700,50-75K
CD000669,2025-04-06 10:35:11,560,21617,20.84,1,24241,credit_card,MORTGAGE,1,2,16,47.75,1,491,0.812897,VERY_HIGH,DECLINED,1,90,<600,<50K
CD000670,2025-06-12 11:25:09,697,65132,11.56,0,27893,credit_card,OWN,2,4,23,56.93,3,634,0.056954,MEDIUM,APPROVED,0,0,600-700,50-75K
CD000671,2025-03-07 13:35:20,671,64153,10.17,7,10598,debt_consolidation,RENT,0,0,0,50.65,0,663,0.045387,MEDIUM,APPROVED,0,0,600-700,50-75K
CD000672,2025-06-28 03:31:28,677,127891,23.27,18,13658,debt_consolidation,MORTGAGE,1,4,26,8.21,1,720,0.014596,LOW,APPROVED,0,0,700-800,100K+
CD000673,2025-04-10 06:35:19,737,24803,18.22,1,23074,debt_consolidation,RENT,1,4,56,55.99,2,650,0.06554,MEDIUM,APPROVED,0,0,600-700,<50K
CD000674,2025-05-09 06:56:13,702,18000,31.45,4,39569,credit_card,RENT,1,4,52,60.74,0,646,0.056731,MEDIUM,APPROVED,0,0,600-700,<50K
CD000675,2025-03-20 02:00:21,668,55324,27.93,2,28745,debt_consolidation,MORTGAGE,1,4,54,44.75,2,670,0.037505,MEDIUM,APPROVED,1,120,600-700,50-75K
CD000676,2025-01-20 19:20:14,624,45810,31.99,16,52967,credit_card,MORTGAGE,0,0,0,94.65,3,557,0.404368,HIGH,DECLINED,0,0,<600,<50K
CD000677,2025-01-15 00:34:26,672,37010,40.46,16,38949,debt_consolidation,RENT,0,0,0,75.47,3,592,0.202568,HIGH,DECLINED,1,90,<600,<50K
CD000678,2025-03-29 03:15:54,631,56961,20.22,3,23016,major_purchase,MORTGAGE,1,4,31,43.72,3,626,0.116258,HIGH,DECLINED,0,0,600-700,50-75K
CD000679,2025-03-15 20:43:24,646,128420,31.66,0,9867,debt_consolidation,RENT,0,0,0,77.16,1,690,0.022475,LOW,APPROVED,0,0,600-700,100K+
CD000680,2025-02-15 17:37:27,751,56011,22.08,2,9974,credit_card,OWN,1,5,40,65.72,2,657,0.039826,MEDIUM,APPROVED,0,0,600-700,50-75K
CD000681,2025-02-08 16:24:50,717,86877,21.07,1,14504,home_improvement,RENT,1,3,40,92.26,2,679,0.043547,MEDIUM,APPROVED,0,0,600-700,75-100K
CD000682,2025-03-29 12:56:58,685,41226,26.46,9,28027,major_purchase,MORTGAGE,0,0,0,32.77,1,674,0.040147,MEDIUM,APPROVED,0,0,600-700,<50K
CD000683,2025-01-15 01:29:42,704,31263,12.69,0,27476,debt_consolidation,OTHER,1,6,21,11.94,0,659,0.029487,LOW,APPROVED,0,0,600-700,<50K
CD000684,2025-01-22 13:31:12,590,46446,30.55,5,5884,other,MORTGAGE,2,8,2,44.63,1,645,0.062514,MEDIUM,APPROVED,1,60,600-700,<50K
CD000685,2025-06-01 12:45:23,675,132610,27.82,3,14877,debt_consolidation,RENT,1,5,19,34.4,6,596,0.198921,HIGH,DECLINED,0,0,<600,100K+
CD000686,2025-06-14 21:49:38,576,106040,25.2,2,15125,debt_consolidation,RENT,3,2,24,43.14,1,545,0.327854,HIGH,DECLINED,1,60,<600,100K+
CD000687,2025-03-19 13:18:03,632,82113,29.22,2,7669,credit_card,RENT,0,0,0,53.81,1,562,0.303232,HIGH,DECLINED,0,0,<600,75-100K
CD000688,2025-05-21 19:10:03,689,49472,21.19,5,32741,debt_consolidation,RENT,2,5,24,24.9,0,702,0.020454,LOW,DECLINED,0,0,700-800,<50K
CD000689,2025-03-24 03:10:23,690,67698,32.43,19,26973,debt_consolidation,MORTGAGE,0,0,0,56.47,0,683,0.024651,LOW,DECLINED,1,60,600-700,50-75K
CD000690,2025-03-28 10:30:48,707,76031,7.34,1,14437,credit_card,OTHER,1,3,28,67.29,1,681,0.029189,LOW,APPROVED,0,0,600-700,75-100K
CD000691,2025-06-14 18:38:14,677,28825,15.43,2,31888,debt_consolidation,MORTGAGE,0,0,0,72.36,1,653,0.05591,MEDIUM,APPROVED,0,0,600-700,<50K
CD000692,2025-03-12 00:13:58,671,50387,30.09,2,27824,credit_card,MORTGAGE,0,0,0,57.25,1,602,0.178829,HIGH,DECLINED,0,0,600-700,50-75K
CD000693,2025-05-03 17:51:02,668,138480,23.94,3,22053,other,MORTGAGE,0,0,0,56.78,1,609,0.135089,HIGH,APPROVED,1,90,600-700,100K+
CD000694,2025-02-03 12:20:00,746,30937,31.09,3,9343,major_purchase,MORTGAGE,0,0,0,68.59,4,600,0.137464,HIGH,APPROVED,0,0,600-700,<50K
CD000695,2025-05-08 21:52:08,740,63733,7.18,4,5128,debt_consolidation,RENT,0,0,0,65.21,1,763,0.001956,LOW,APPROVED,0,0,700-800,50-75K
CD000696,2025-04-15 14:30:02,588,45952,24.31,5,12405,debt_consolidation,MORTGAGE,2,7,11,41.61,3,525,0.563386,VERY_HIGH,DECLINED,1,60,<600,<50K
CD000697,2025-03-03 21:44:29,675,49027,22.65,0,28922,credit_card,MORTGAGE,1,4,40,20.76,3,634,0.103704,HIGH,DECLINED,0,0,600-700,<50K
CD000698,2025-05-03 18:53:15,739,89495,26.83,1,16171,credit_card,OTHER,2,4,45,85.04,1,643,0.08685,MEDIUM,APPROVED,0,0,600-700,75-100K
CD000699,2025-05-06 15:44:42,654,39719,13.96,7,33230,major_purchase,RENT,0,0,0,10.39,1,708,0.018622,LOW,APPROVED,0,0,700-800,<50K
CD000700,2025-06-10 00:17:18,680,81692,37.46,0,17099,credit_card,RENT,1,1,53,42.27,4,585,0.243947,HIGH,APPROVED,0,0,<600,75-100K
CD000701,2025-03-08 18:30:16,634,56439,31.33,4,14054,other,RENT,1,1,23,78.93,0,606,0.133367,HIGH,APPROVED,0,0,600-700,50-75K
CD000702,2025-04-16 17:05:56,601,94763,30.34,5,7777,home_improvement,MORTGAGE,3,2,35,25.25,3,551,0.547718,VERY_HIGH,DECLINED,1,120,<600,75-100K
CD000703,2025-06-09 18:14:05,674,38877,30.05,1,29692,other,OWN,0,0,0,66.94,1,594,0.256517,HIGH,DECLINED,1,150,<600,<50K
CD000704,2025-02-26 02:47:52,644,98327,23.64,6,32674,debt_consolidation,OTHER,1,2,8,85.22,2,551,0.480561,VERY_HIGH,DECLINED,0,0,<600,75-100K
CD000705,2025-05-01 19:41:37,658,56786,19.9,1,19409,credit_card,MORTGAGE,2,5,55,46.81,1,590,0.250946,HIGH,APPROVED,1,90,<600,50-75K
CD000706,2025-02-07 06:33:20,587,44805,38.75,10,29517,major_purchase,OTHER,0,0,0,81.93,5,480,0.823844,VERY_HIGH,DECLINED,1,60,<600,<50K
CD000707,2025-01-20 21:22:37,602,40933,35.41,15,35289,debt_consolidation,RENT,0,0,0,42.95,1,593,0.272823,HIGH,APPROVED,0,0,<600,<50K
CD000708,2025-02-18 15:11:23,658,22822,26.5,2,41069,credit_card,MORTGAGE,0,0,0,49.58,2,612,0.093385,HIGH,APPROVED,0,0,600-700,<50K
CD000709,2025-01-10 13:55:25,641,89203,18.13,1,44735,credit_card,MORTGAGE,0,0,0,100.0,1,625,0.094938,HIGH,APPROVED,0,0,600-700,75-100K
CD000710,2025-03-05 17:11:19,695,40072,25.3,7,20385,debt_consolidation,OWN,1,7,35,94.49,2,626,0.119333,HIGH,DECLINED,0,0,600-700,<50K
CD000711,2025-02-28 23:53:41,607,98760,39.5,6,18985,major_purchase,RENT,2,5,5,41.95,0,594,0.208631,HIGH,DECLINED,1,120,<600,75-100K
CD000712,2025-04-21 21:18:21,703,165442,32.86,3,48645,credit_card,RENT,0,0,0,56.34,1,635,0.122132,HIGH,APPROVED,0,0,600-700,100K+
CD000713,2025-04-28 04:39:20,695,27041,42.49,1,49648,other,MORTGAGE,1,6,26,46.99,4,606,0.175804,HIGH,APPROVED,0,0,600-700,<50K
CD000714,2025-03-19 12:34:46,669,64758,39.68,3,9215,credit_card,MORTGAGE,2,4,29,11.7,1,663,0.034973,MEDIUM,APPROVED,0,0,600-700,50-75K
CD000715,2025-05-09 23:46:10,699,40896,40.36,8,17497,major_purchase,MORTGAGE,1,2,44,54.65,2,509,0.666938,VERY_HIGH,DECLINED,1,150,<600,<50K
CD000716,2025-01-19 23:08:00,659,59287,32.61,2,38528,credit_card,MORTGAGE,1,6,13,45.18,3,541,0.374522,HIGH,APPROVED,1,90,<600,50-75K
CD000717,2025-04-24 01:34:26,652,69411,27.25,2,14041,credit_card,OWN,1,2,28,69.5,3,537,0.619794,VERY_HIGH,DECLINED,0,0,<600,50-75K
CD000718,2025-01-07 04:43:07,661,31824,25.98,6,32019,credit_card,MORTGAGE,0,0,0,56.14,0,591,0.229119,HIGH,APPROVED,0,0,<600,<50K
CD000719,2025-03-03 22:55:42,593,90574,19.05,1,14531,major_purchase,OWN,1,5,31,59.54,0,664,0.047851,MEDIUM,APPROVED,1,60,600-700,75-100K
CD000720,2025-05-17 17:54:48,660,51851,18.48,2,14767,home_improvement,RENT,0,0,0,8.88,1,645,0.048919,MEDIUM,APPROVED,0,0,600-700,50-75K
CD000721,2025-01-11 18:00:51,706,119345,31.15,10,11184,debt_consolidation,MORTGAGE,0,0,0,61.34,1,568,0.287593,HIGH,DECLINED,0,0,<600,100K+
CD000722,2025-05-24 13:50:16,574,57040,21.15,2,17956,other,RENT,1,2,31,76.14,1,550,0.495314,VERY_HIGH,DECLINED,1,120,<600,50-75K
CD000723,2025-05-07 04:36:25,700,61940,8.74,4,8756,credit_card,MORTGAGE,0,0,0,52.92,1,742,0.004709,LOW,APPROVED,1,90,700-800,50-75K
CD000724,2025-03-06 21:52:13,627,57384,32.4,4,3078,debt_consolidation,RENT,0,0,0,39.67,1,605,0.162879,HIGH,APPROVED,1,120,600-700,50-75K
CD000725,2025-04-22 03:33:34,642,206228,16.53,3,37939,other,RENT,0,0,0,62.5,1,705,0.021185,LOW,APPROVED,0,0,700-800,100K+
CD000726,2025-06-10 04:12:24,667,45546,23.98,0,11347,debt_consolidation,MORTGAGE,1,5,25,80.72,0,606,0.1785,HIGH,APPROVED,0,0,600-700,<50K
CD000727,2025-02-15 05:32:31,675,19179,22.77,1,16787,home_improvement,OWN,0,0,0,74.58,1,701,0.017651,LOW,APPROVED,0,0,700-800,<50K
CD000728,2025-06-08 15:08:02,737,88192,21.35,2,31529,other,RENT,0,0,0,41.81,1,773,0.002638,LOW,APPROVED,0,0,700-800,75-100K
CD000729,2025-06-05 14:41:15,654,59211,38.92,10,20493,home_improvement,MORTGAGE,1,5,38,73.57,0,651,0.050302,MEDIUM,APPROVED,1,90,600-700,50-75K
CD000730,2025-02-12 01:30:27,756,84370,30.28,3,11183,home_improvement,MORTGAGE,2,5,22,43.86,2,566,0.407158,HIGH,APPROVED,0,0,<600,75-100K
CD000731,2025-06-19 05:55:06,664,98200,11.26,6,17922,major_purchase,RENT,0,0,0,100.0,2,678,0.030693,LOW,APPROVED,0,0,600-700,75-100K
CD000732,2025-01-27 03:08:38,689,114252,52.48,4,9317,home_improvement,RENT,0,0,0,52.42,0,672,0.062473,MEDIUM,APPROVED,0,0,600-700,100K+
CD000733,2025-02-05 13:12:05,699,63808,27.22,4,28321,home_improvement,RENT,2,3,46,29.56,2,751,0.005227,LOW,APPROVED,0,0,700-800,50-75K
CD000734,2025-05-08 12:37:52,625,70418,38.53,2,27093,credit_card,RENT,1,6,54,43.46,1,607,0.110522,HIGH,DECLINED,1,60,600-700,50-75K
CD000735,2025-03-30 16:53:08,601,95367,37.05,1,8790,other,RENT,0,0,0,50.41,4,609,0.143233,HIGH,DECLINED,0,0,600-700,75-100K
CD000736,2025-04-05 22:58:54,669,108280,28.58,12,12846,debt_consolidation,MORTGAGE,1,8,41,57.35,2,617,0.106,HIGH,APPROVED,0,0,600-700,100K+
CD000737,2025-03-03 12:08:29,701,30482,14.19,0,18722,debt_consolidation,MORTGAGE,2,9,59,19.13,0,755,0.005792,LOW,APPROVED,0,30,700-800,<50K
CD000738,2025-03-03 17:32:23,710,136564,8.42,0,37079,credit_card,MORTGAGE,1,3,2,53.77,0,718,0.010049,LOW,APPROVED,0,0,700-800,100K+
CD000739,2025-03-27 00:46:55,643,34365,45.04,5,17649,home_improvement,MORTGAGE,0,0,0,27.07,0,559,0.331318,HIGH,DECLINED,1,60,<600,<50K
CD000740,2025-02-26 16:44:01,760,63315,13.26,1,10592,debt_consolidation,OWN,1,4,15,38.59,1,800,0.001124,LOW,APPROVED,0,0,800+,50-75K
CD000741,2025-03-17 07:35:55,657,97537,36.04,1,18906,debt_consolidation,OWN,2,3,6,61.38,1,679,0.037487,MEDIUM,APPROVED,0,0,600-700,75-100K
CD000742,2025-03-10 12:55:16,627,45476,12.44,5,39513,major_purchase,RENT,0,0,0,60.52,0,725,0.010816,LOW,APPROVED,0,0,700-800,<50K
CD000743,2025-03-23 17:55:46,729,45316,17.19,0,19146,credit_card,RENT,2,1,53,5.24,2,729,0.008214,LOW,APPROVED,0,0,700-800,<50K
CD000744,2025-04-03 11:05:23,733,114881,34.94,8,15886,other,MORTGAGE,2,4,3,3.45,1,668,0.039109,MEDIUM,DECLINED,0,0,600-700,100K+
CD000745,2025-06-03 14:51:25,614,113234,21.11,1,18378,debt_consolidation,RENT,0,0,0,36.66,3,536,0.472181,VERY_HIGH,APPROVED,0,0,<600,100K+
CD000746,2025-01-24 16:18:00,712,29885,26.64,3,21538,credit_card,RENT,2,6,51,26.3,0,673,0.029476,LOW,APPROVED,0,0,600-700,<50K
CD000747,2025-03-25 22:39:26,598,55940,20.92,0,31702,debt_consolidation,RENT,2,3,9,34.07,4,546,0.473059,VERY_HIGH,DECLINED,1,60,<600,50-75K
CD000748,2025-06-08 03:26:18,670,68741,16.99,7,24963,major_purchase,RENT,0,0,0,43.46,1,665,0.031805,MEDIUM,APPROVED,0,0,600-700,50-75K
CD000749,2025-04-18 13:37:55,793,111554,36.91,0,17338,other,RENT,0,0,0,61.39,1,720,0.01017,LOW,APPROVED,0,0,700-800,100K+
CD000750,2025-02-24 04:14:46,740,69608,28.51,11,26449,debt_consolidation,MORTGAGE,1,6,21,46.65,1,710,0.009279,LOW,APPROVED,0,0,700-800,50-75K
CD000751,2025-01-27 17:08:34,708,88100,25.09,4,18696,other,MORTGAGE,0,0,0,100.0,0,667,0.047907,MEDIUM,APPROVED,0,0,600-700,75-100K
CD000752,2025-02-06 01:06:51,706,70705,18.11,6,10699,debt_consolidation,RENT,0,0,0,0.0,0,739,0.004813,LOW,APPROVED,0,0,700-800,50-75K
CD000753,2025-02-15 04:49:26,625,83166,14.89,0,9688,home_improvement,MORTGAGE,1,3,23,47.35,1,589,0.189754,HIGH,DECLINED,1,120,<600,75-100K
CD000754,2025-05-12 22:26:38,689,192137,21.67,31,32468,credit_card,MORTGAGE,2,8,49,61.23,0,687,0.0166,LOW,APPROVED,0,0,600-700,100K+
CD000755,2025-05-24 12:22:34,696,78213,28.98,2,10925,debt_consolidation,RENT,0,0,0,57.91,1,643,0.062205,MEDIUM,APPROVED,0,0,600-700,75-100K
CD000756,2025-01-27 12:03:08,615,72599,31.02,4,37344,home_improvement,MORTGAGE,1,5,44,27.37,0,548,0.491593,VERY_HIGH,DECLINED,1,150,<600,50-75K
CD000757,2025-05-16 16:58:50,683,29220,30.17,4,33162,credit_card,MORTGAGE,1,1,13,26.82,2,588,0.24422,HIGH,DECLINED,0,0,<600,<50K
CD000758,2025-01-13 20:03:05,702,35987,33.32,3,63220,home_improvement,MORTGAGE,0,0,0,3.3,0,714,0.008947,LOW,APPROVED,0,0,700-800,<50K
CD000759,2025-06-26 07:08:23,684,30635,12.2,12,21538,debt_consolidation,RENT,0,0,0,64.64,3,657,0.049588,MEDIUM,APPROVED,0,0,600-700,<50K
CD000760,2025-06-11 23:30:44,696,56301,35.5,3,9373,debt_consolidation,RENT,0,0,0,65.84,0,712,0.008687,LOW,APPROVED,0,0,700-800,50-75K
CD000761,2025-01-15 08:30:05,660,49669,21.15,1,33179,debt_consolidation,OWN,1,4,38,39.55,3,581,0.260726,HIGH,DECLINED,0,0,<600,<50K
CD000762,2025-05-12 05:27:33,611,40995,22.33,5,31268,home_improvement,RENT,2,7,44,57.67,1,568,0.36972,HIGH,DECLINED,1,90,<600,<50K
CD000763,2025-04-22 05:23:07,674,78567,38.79,8,57445,major_purchase,OWN,0,0,0,31.74,3,608,0.154456,HIGH,DECLINED,0,0,600-700,75-100K
CD000764,2025-05-25 13:45:01,567,28334,33.24,2,9831,home_improvement,MORTGAGE,1,10,51,64.59,2,524,0.581472,VERY_HIGH,DECLINED,0,0,<600,<50K
CD000765,2025-01-28 21:37:50,633,62562,24.34,5,38441,credit_card,MORTGAGE,0,0,0,38.12,2,657,0.037159,MEDIUM,APPROVED,0,0,600-700,50-75K
CD000766,2025-04-25 10:01:48,733,53022,27.69,39,23266,debt_consolidation,RENT,2,2,58,36.87,1,704,0.014792,LOW,DECLINED,0,0,700-800,50-75K
CD000767,2025-02-05 02:04:29,771,39289,17.46,13,16284,credit_card,MORTGAGE,1,5,18,39.22,3,668,0.034581,MEDIUM,APPROVED,0,0,600-700,<50K
CD000768,2025-02-20 12:25:13,695,37905,21.96,4,12464,home_improvement,MORTGAGE,0,0,0,62.71,1,583,0.171481,HIGH,APPROVED,1,150,<600,<50K
CD000769,2025-04-08 07:48:48,541,45509,31.13,4,10213,debt_consolidation,OTHER,2,2,21,13.93,3,495,0.719155,VERY_HIGH,APPROVED,1,90,<600,<50K
CD000770,2025-06-15 23:41:00,747,81823,25.28,13,22421,debt_consolidation,MORTGAGE,1,2,10,95.66,2,721,0.008153,LOW,APPROVED,0,0,700-800,75-100K
CD000771,2025-04-27 10:48:41,703,87141,36.25,4,14744,major_purchase,MORTGAGE,0,0,0,61.05,3,623,0.107809,HIGH,APPROVED,0,0,600-700,75-100K
CD000772,2025-03-05 17:31:40,663,28569,22.7,1,6843,credit_card,OTHER,2,2,11,46.74,0,610,0.13864,HIGH,DECLINED,0,0,600-700,<50K
CD000773,2025-05-06 16:57:58,715,58799,29.68,2,21307,debt_consolidation,MORTGAGE,1,2,56,56.99,3,584,0.318501,HIGH,DECLINED,0,0,<600,50-75K
CD000774,2025-04-05 11:45:09,703,41807,12.11,7,20522,home_improvement,OWN,1,1,37,93.9,2,624,0.078139,MEDIUM,APPROVED,0,0,600-700,<50K
CD000775,2025-05-10 01:25:14,608,88215,26.32,6,31151,debt_consolidation,RENT,1,3,23,67.21,3,682,0.034731,MEDIUM,DECLINED,1,150,600-700,75-100K
CD000776,2025-06-10 22:33:37,602,100055,29.06,8,12768,debt_consolidation,OWN,0,0,0,41.24,1,681,0.022349,LOW,APPROVED,0,0,600-700,100K+
CD000777,2025-05-10 14:54:55,731,85370,24.71,0,20984,major_purchase,RENT,0,0,0,84.18,0,641,0.07318,MEDIUM,APPROVED,0,0,600-700,75-100K
CD000778,2025-03-29 15:20:45,548,73130,10.38,3,19265,credit_card,RENT,1,5,43,33.95,5,518,0.627654,VERY_HIGH,DECLINED,0,0,<600,50-75K
CD000779,2025-05-14 15:36:25,707,78191,28.34,0,15851,major_purchase,RENT,2,2,7,44.26,0,693,0.019262,LOW,APPROVED,0,0,600-700,75-100K
CD000780,2025-01-21 18:45:41,691,25755,10.53,11,17242,debt_consolidation,MORTGAGE,1,6,21,35.53,0,731,0.004658,LOW,APPROVED,0,0,700-800,<50K
CD000781,2025-02-26 02:03:06,728,70560,22.61,3,16581,other,OWN,1,5,59,52.34,2,662,0.057913,MEDIUM,DECLINED,0,0,600-700,50-75K
CD000782,2025-03-29 15:39:21,770,65919,31.36,1,36677,other,RENT,4,6,45,0.0,2,649,0.049874,MEDIUM,APPROVED,0,0,600-700,50-75K
CD000783,2025-04-30 14:40:28,747,53018,25.89,11,9814,debt_consolidation,RENT,1,3,54,54.85,3,590,0.217139,HIGH,DECLINED,0,0,<600,50-75K
CD000784,2025-05-09 15:22:38,760,41039,18.05,3,25587,other,RENT,0,0,0,37.38,1,764,0.001607,LOW,APPROVED,0,0,700-800,<50K
CD000785,2025-02-13 11:46:49,719,33028,29.75,7,14779,credit_card,MORTGAGE,1,2,27,55.59,1,654,0.049124,MEDIUM,APPROVED,0,0,600-700,<50K
CD000786,2025-02-11 23:36:13,702,39327,10.2,1,22945,credit_card,RENT,0,0,0,13.56,1,708,0.010811,LOW,APPROVED,0,0,700-800,<50K
CD000787,2025-03-30 05:31:57,733,43343,35.74,11,30832,major_purchase,RENT,2,6,38,44.64,1,622,0.129421,HIGH,APPROVED,0,0,600-700,<50K
CD000788,2025-04-11 05:48:52,674,18000,30.52,5,44114,credit_card,RENT,1,2,13,70.02,1,615,0.140636,HIGH,APPROVED,0,0,600-700,<50K
CD000789,2025-05-25 21:21:57,625,54599,1.09,6,66015,other,RENT,0,0,0,33.24,0,664,0.035218,MEDIUM,APPROVED,0,30,600-700,50-75K
CD000790,2025-01-21 16:23:05,670,63066,27.57,4,9383,credit_card,MORTGAGE,1,3,11,10.47,4,660,0.030682,LOW,APPROVED,0,0,600-700,50-75K
CD000791,2025-06-15 15:02:05,587,118656,35.5,1,12510,credit_card,RENT,2,2,13,35.37,0,578,0.361118,HIGH,APPROVED,1,60,<600,100K+
CD000792,2025-04-08 09:14:02,645,120405,29.54,5,29822,debt_consolidation,OWN,0,0,0,55.26,0,589,0.214377,HIGH,DECLINED,0,0,<600,100K+
CD000793,2025-05-23 13:31:21,788,71983,24.95,1,10275,credit_card,MORTGAGE,2,9,52,66.59,3,666,0.048961,MEDIUM,APPROVED,0,30,600-700,50-75K
CD000794,2025-06-13 22:50:36,703,59680,15.4,3,17138,credit_card,MORTGAGE,1,6,18,27.36,3,753,0.005268,LOW,APPROVED,0,0,700-800,50-75K
CD000795,2025-01-17 21:31:56,665,58589,13.38,5,24116,credit_card,MORTGAGE,1,1,48,69.03,1,742,0.007845,LOW,APPROVED,0,0,700-800,50-75K
CD000796,2025-04-28 08:21:33,642,86417,27.77,13,15072,credit_card,MORTGAGE,0,0,0,20.43,1,790,0.001089,LOW,APPROVED,0,0,700-800,75-100K
CD000797,2025-02-08 23:12:06,577,93084,27.77,2,17295,major_purchase,MORTGAGE,1,9,12,66.82,1,529,0.518562,VERY_HIGH,DECLINED,1,60,<600,75-100K
CD000798,2025-02-02 19:25:56,645,28503,38.79,8,44985,debt_consolidation,MORTGAGE,0,0,0,65.74,0,618,0.111778,HIGH,DECLINED,1,90,600-700,<50K
CD000799,2025-05-26 02:08:52,632,82467,16.32,0,10684,credit_card,RENT,1,2,18,54.35,2,652,0.045612,MEDIUM,APPROVED,0,0,600-700,75-100K
CD000800,2025-04-06 06:33:28,674,46701,41.12,1,19174,major_purchase,RENT,1,4,14,90.8,4,583,0.297437,HIGH,APPROVED,1,60,<600,<50K
CD000801,2025-05-14 15:18:23,679,57682,35.77,6,43589,credit_card,MORTGAGE,3,4,54,68.4,1,626,0.109385,HIGH,APPROVED,1,90,600-700,50-75K
CD000802,2025-01-30 14:50:35,670,49194,32.21,5,15409,debt_consolidation,MORTGAGE,2,5,56,44.52,1,567,0.385075,HIGH,DECLINED,0,0,<600,<50K
CD000803,2025-05-14 00:01:09,569,68491,29.3,1,43660,credit_card,RENT,1,9,58,50.29,2,485,0.828039,VERY_HIGH,DECLINED,1,90,<600,50-75K
CD000804,2025-03-03 18:52:06,754,36550,22.93,16,31396,major_purchase,MORTGAGE,0,0,0,84.94,0,736,0.007069,LOW,APPROVED,0,30,700-800,<50K
CD000805,2025-04-04 10:15:19,698,58847,19.2,13,23064,home_improvement,OTHER,0,0,0,4.55,0,714,0.0127,LOW,APPROVED,0,30,700-800,50-75K
CD000806,2025-02-03 02:46:58,674,29410,30.53,4,16575,other,RENT,3,4,39,66.16,4,506,0.734655,VERY_HIGH,APPROVED,1,60,<600,<50K
CD000807,2025-02-16 06:52:43,656,91606,19.99,0,14492,major_purchase,RENT,0,0,0,34.9,1,684,0.021186,LOW,APPROVED,0,0,600-700,75-100K
CD000808,2025-06-12 13:44:43,698,84795,31.8,4,44032,debt_consolidation,RENT,0,0,0,49.45,2,633,0.11573,HIGH,APPROVED,0,0,600-700,75-100K
CD000809,2025-06-10 10:57:54,742,48652,42.18,9,32277,major_purchase,MORTGAGE,0,0,0,50.78,2,650,0.05352,MEDIUM,APPROVED,0,0,600-700,<50K
CD000810,2025-03-22 23:17:48,707,55089,41.66,12,14723,credit_card,OWN,0,0,0,41.14,1,567,0.264594,HIGH,DECLINED,0,0,<600,50-75K
CD000811,2025-04-06 15:05:11,609,43612,39.11,5,17503,debt_consolidation,RENT,0,0,0,90.58,0,567,0.247342,HIGH,DECLINED,1,60,<600,<50K
CD000812,2025-04-15 07:27:23,604,79572,30.56,6,19740,home_improvement,MORTGAGE,0,0,0,50.61,2,563,0.410388,HIGH,APPROVED,1,90,<600,75-100K
CD000813,2025-01-21 06:45:17,543,74327,26.01,6,55220,other,MORTGAGE,0,0,0,53.72,4,478,0.836955,VERY_HIGH,DECLINED,1,60,<600,50-75K
CD000814,2025-05-17 14:56:51,680,47664,39.64,4,15192,credit_card,OWN,1,3,50,42.4,0,586,0.227761,HIGH,APPROVED,0,0,<600,<50K
CD000815,2025-05-28 19:09:25,712,53344,37.72,1,27194,major_purchase,MORTGAGE,0,0,0,61.77,1,621,0.084709,MEDIUM,DECLINED,1,90,600-700,50-75K
CD000816,2025-04-02 18:09:06,739,65171,20.18,5,63847,debt_consolidation,RENT,0,0,0,49.63,1,765,0.003188,LOW,APPROVED,0,0,700-800,50-75K
CD000817,2025-06-12 03:44:49,679,41154,19.17,0,23940,credit_card,RENT,0,0,0,51.64,2,707,0.017342,LOW,APPROVED,0,0,700-800,<50K
CD000818,2025-04-26 02:17:02,717,66092,28.79,21,17388,debt_consolidation,MORTGAGE,2,4,55,45.42,1,722,0.010142,LOW,APPROVED,0,0,700-800,50-75K
CD000819,2025-02-07 21:58:54,621,73264,29.84,0,20874,debt_consolidation,OWN,0,0,0,67.91,2,554,0.368515,HIGH,DECLINED,0,0,<600,50-75K
CD000820,2025-05-30 21:04:11,700,175452,18.7,7,60875,credit_card,RENT,1,5,20,67.6,1,668,0.035024,MEDIUM,APPROVED,0,0,600-700,100K+
CD000821,2025-06-18 03:50:50,664,68405,11.75,6,7012,credit_card,OTHER,0,0,0,20.86,2,679,0.029176,LOW,DECLINED,0,0,600-700,50-75K
CD000822,2025-06-12 09:19:02,635,43107,25.04,0,15187,credit_card,MORTGAGE,0,0,0,31.28,2,587,0.199911,HIGH,APPROVED,0,0,<600,<50K
CD000823,2025-01-27 07:26:30,579,103634,24.16,0,6317,debt_consolidation,RENT,1,5,56,68.38,3,515,0.610161,VERY_HIGH,DECLINED,0,0,<600,100K+
CD000824,2025-01-13 03:26:14,734,68413,31.09,17,27491,other,MORTGAGE,1,8,19,52.6,2,632,0.067931,MEDIUM,DECLINED,0,30,600-700,50-75K
CD000825,2025-04-01 03:58:44,547,48540,17.09,0,7449,other,MORTGAGE,0,0,0,57.43,1,633,0.13138,HIGH,DECLINED,1,60,600-700,<50K
CD000826,2025-06-11 21:01:43,705,86246,30.84,12,6320,credit_card,RENT,0,0,0,41.86,1,664,0.056953,MEDIUM,APPROVED,0,0,600-700,75-100K
CD000827,2025-04-25 15:48:01,627,45783,23.8,2,16438,home_improvement,MORTGAGE,0,0,0,61.55,1,612,0.139042,HIGH,APPROVED,0,0,600-700,<50K
CD000828,2025-05-31 11:12:09,704,112975,31.46,5,50439,credit_card,OWN,2,4,23,45.75,3,642,0.071901,MEDIUM,APPROVED,0,0,600-700,100K+
CD000829,2025-05-27 16:26:30,640,83534,41.75,0,9901,other,MORTGAGE,0,0,0,43.57,1,666,0.051543,MEDIUM,APPROVED,1,120,600-700,75-100K
CD000830,2025-04-18 13:56:50,712,51386,32.62,1,27831,home_improvement,RENT,1,4,17,1.98,1,718,0.013238,LOW,APPROVED,1,60,700-800,50-75K
CD000831,2025-04-19 07:13:25,659,58548,27.99,3,87636,debt_consolidation,MORTGAGE,1,1,11,3.88,1,686,0.027701,LOW,APPROVED,0,0,600-700,50-75K
CD000832,2025-02-21 11:59:50,613,150980,36.42,6,14392,debt_consolidation,RENT,1,3,16,46.64,2,597,0.1645,HIGH,DECLINED,1,90,<600,100K+
CD000833,2025-03-23 11:35:21,642,52484,15.33,7,10712,debt_consolidation,RENT,1,3,9,95.5,0,620,0.094912,HIGH,DECLINED,1,150,600-700,50-75K
CD000834,2025-03-19 03:33:05,582,49834,24.34,3,18807,major_purchase,RENT,1,4,10,62.61,1,458,0.902257,VERY_HIGH,DECLINED,0,0,<600,<50K
CD000835,2025-06-15 16:33:05,686,81750,27.55,11,43480,debt_consolidation,MORTGAGE,0,0,0,52.98,4,624,0.128089,HIGH,APPROVED,1,150,600-700,75-100K
CD000836,2025-04-11 05:16:21,728,64635,25.75,1,22055,debt_consolidation,RENT,0,0,0,64.91,3,627,0.115164,HIGH,APPROVED,0,0,600-700,50-75K
CD000837,2025-06-12 11:53:17,694,55028,22.48,9,11350,other,RENT,0,0,0,75.72,3,654,0.050276,MEDIUM,APPROVED,0,0,600-700,50-75K
CD000838,2025-01-23 00:03:14,676,80557,44.79,7,47752,major_purchase,RENT,0,0,0,54.4,1,629,0.079612,MEDIUM,APPROVED,1,60,600-700,75-100K
CD000839,2025-04-10 03:43:16,741,24167,30.25,2,19986,credit_card,RENT,0,0,0,43.01,1,666,0.056818,MEDIUM,DECLINED,0,0,600-700,<50K
CD000840,2025-01-11 23:30:52,606,62111,33.07,0,24163,credit_card,OWN,0,0,0,39.77,2,645,0.052639,MEDIUM,APPROVED,0,0,600-700,50-75K
CD000841,2025-03-29 01:18:14,701,112922,29.39,5,48885,credit_card,OTHER,1,4,37,51.44,3,654,0.052755,MEDIUM,APPROVED,0,0,600-700,100K+
CD000842,2025-04-22 07:46:21,671,109218,13.22,2,45718,debt_consolidation,MORTGAGE,2,4,33,42.57,3,620,0.123534,HIGH,DECLINED,0,0,600-700,100K+
CD000843,2025-03-19 13:43:38,645,42235,34.81,4,16179,debt_consolidation,RENT,1,6,2,37.01,0,652,0.061183,MEDIUM,APPROVED,0,0,600-700,<50K
CD000844,2025-04-22 16:52:31,701,59572,34.37,2,26186,other,RENT,0,0,0,65.27,1,659,0.064626,MEDIUM,APPROVED,0,0,600-700,50-75K
CD000845,2025-02-27 11:21:04,608,85098,26.81,2,23325,credit_card,OWN,2,4,58,15.52,0,590,0.148917,HIGH,DECLINED,0,0,<600,75-100K
CD000846,2025-05-06 12:07:26,663,52677,24.85,0,15547,home_improvement,MORTGAGE,2,5,25,22.12,1,588,0.131735,HIGH,DECLINED,1,120,<600,50-75K
CD000847,2025-05-20 12:38:02,689,74746,29.26,4,30315,home_improvement,RENT,1,3,28,63.87,1,594,0.228272,HIGH,APPROVED,0,0,<600,50-75K
CD000848,2025-05-23 15:30:58,606,73629,12.33,4,19410,debt_consolidation,RENT,3,5,33,55.81,0,538,0.601076,VERY_HIGH,DECLINED,1,150,<600,50-75K
CD000849,2025-06-12 02:37:32,658,26648,40.74,4,11384,debt_consolidation,OWN,1,3,38,56.21,1,603,0.209132,HIGH,DECLINED,1,120,600-700,<50K
CD000850,2025-01-21 19:05:40,699,82481,23.28,13,10728,other,MORTGAGE,1,0,30,62.94,0,631,0.105788,HIGH,DECLINED,1,60,600-700,75-100K
CD000851,2025-05-07 00:09:15,723,60187,30.19,6,39059,debt_consolidation,OTHER,0,0,0,63.28,1,655,0.050076,MEDIUM,DECLINED,0,0,600-700,50-75K
CD000852,2025-01-31 17:31:56,619,55525,28.69,0,15619,debt_consolidation,MORTGAGE,2,4,29,80.28,1,561,0.374027,HIGH,DECLINED,1,120,<600,50-75K
CD000853,2025-06-18 22:27:47,720,51489,16.35,7,11101,debt_consolidation,RENT,0,0,0,25.22,1,753,0.006679,LOW,APPROVED,0,0,700-800,50-75K
CD000854,2025-02-23 20:17:30,654,22014,29.8,2,33654,debt_consolidation,OWN,1,3,8,55.51,5,541,0.46112,VERY_HIGH,DECLINED,1,150,<600,<50K
CD000855,2025-05-16 14:10:19,676,55881,27.48,8,40035,credit_card,RENT,0,0,0,18.52,0,776,0.00293,LOW,APPROVED,0,0,700-800,50-75K
CD000856,2025-06-19 17:50:39,640,90788,27.7,7,37774,other,MORTGAGE,1,5,4,77.11,0,627,0.09312,MEDIUM,DECLINED,0,0,600-700,75-100K
CD000857,2025-05-08 18:39:05,713,106972,32.0,2,30385,other,OWN,0,0,0,71.78,4,655,0.049581,MEDIUM,DECLINED,0,0,600-700,100K+
CD000858,2025-03-29 16:42:42,632,63371,18.73,4,58119,major_purchase,MORTGAGE,1,4,53,69.12,0,661,0.032976,MEDIUM,APPROVED,0,0,600-700,50-75K
CD000859,2025-02-23 11:12:24,686,54329,15.93,14,15113,other,MORTGAGE,1,6,5,28.96,0,750,0.003963,LOW,APPROVED,0,0,700-800,50-75K
CD000860,2025-05-08 03:26:08,691,49221,27.19,1,30038,credit_card,RENT,0,0,0,73.02,0,623,0.090104,MEDIUM,APPROVED,1,90,600-700,<50K
CD000861,2025-05-17 04:25:57,712,105207,37.43,6,18784,credit_card,OWN,2,3,22,0.0,1,594,0.139737,HIGH,DECLINED,1,120,<600,100K+
CD000862,2025-05-07 05:27:32,613,151201,34.14,9,42209,debt_consolidation,RENT,1,2,57,64.88,1,554,0.350735,HIGH,DECLINED,0,0,<600,100K+
CD000863,2025-02-26 05:43:44,713,59871,33.24,0,19996,debt_consolidation,OWN,0,0,0,46.58,3,593,0.134262,HIGH,DECLINED,0,0,<600,50-75K
CD000864,2025-02-13 07:40:07,672,18366,19.5,8,17899,credit_card,MORTGAGE,3,3,54,23.71,1,633,0.098733,HIGH,APPROVED,0,0,600-700,<50K
CD000865,2025-06-15 04:36:41,750,65889,16.78,5,54428,debt_consolidation,RENT,1,4,28,29.01,1,751,0.003021,LOW,APPROVED,0,0,700-800,50-75K
CD000866,2025-02-03 11:20:24,652,118302,33.96,7,25770,home_improvement,MORTGAGE,1,3,33,82.68,0,634,0.069944,MEDIUM,APPROVED,0,0,600-700,100K+
CD000867,2025-03-08 23:48:35,639,32100,35.91,5,47018,other,MORTGAGE,5,3,10,33.94,2,492,0.841806,VERY_HIGH,DECLINED,1,90,<600,<50K
CD000868,2025-03-12 06:34:42,667,40702,28.84,6,46096,debt_consolidation,RENT,1,3,41,49.91,1,672,0.035385,MEDIUM,APPROVED,0,0,600-700,<50K
CD000869,2025-02-28 05:55:35,653,29118,28.4,21,36992,debt_consolidation,RENT,0,0,0,46.18,0,596,0.166736,HIGH,APPROVED,0,0,<600,<50K
CD000870,2025-06-13 06:27:55,661,64420,25.25,1,19170,debt_consolidation,MORTGAGE,2,3,54,87.11,0,548,0.502954,VERY_HIGH,DECLINED,0,0,<600,50-75K
CD000871,2025-04-06 16:58:47,601,166485,13.26,11,64800,credit_card,MORTGAGE,0,0,0,55.52,2,601,0.178094,HIGH,APPROVED,0,0,600-700,100K+
CD000872,2025-03-23 00:39:11,556,93112,31.32,0,17174,credit_card,MORTGAGE,0,0,0,20.26,1,555,0.435639,VERY_HIGH,DECLINED,1,90,<600,75-100K
CD000873,2025-02-14 03:50:55,590,28210,33.95,3,31201,debt_consolidation,RENT,3,5,17,34.21,1,557,0.335348,HIGH,APPROVED,1,90,<600,<50K
CD000874,2025-01-24 16:39:06,638,32061,32.09,7,42300,debt_consolidation,OWN,0,0,0,33.58,2,697,0.019562,LOW,APPROVED,1,60,600-700,<50K
CD000875,2025-05-26 17:16:25,694,74207,28.86,6,9376,home_improvement,OWN,1,3,30,58.82,2,639,0.072373,MEDIUM,DECLINED,0,0,600-700,50-75K
CD000876,2025-01-13 02:21:45,653,50942,37.35,0,45110,credit_card,MORTGAGE,0,0,0,42.15,1,605,0.13958,HIGH,APPROVED,1,90,600-700,50-75K
CD000877,2025-01-28 21:29:40,618,26842,18.63,3,9485,home_improvement,MORTGAGE,1,6,52,92.76,1,555,0.338685,HIGH,DECLINED,0,0,<600,<50K
CD000878,2025-06-07 15:16:47,662,67010,13.02,8,19827,credit_card,OTHER,2,4,9,39.13,2,595,0.177559,HIGH,APPROVED,0,0,<600,50-75K
CD000879,2025-03-28 00:42:30,674,39137,35.46,2,26879,credit_card,MORTGAGE,1,4,45,40.85,2,637,0.058111,MEDIUM,DECLINED,0,0,600-700,<50K
CD000880,2025-03-12 12:04:00,822,71033,27.36,3,17141,home_improvement,RENT,3,0,21,52.32,1,772,0.002283,LOW,APPROVED,0,0,700-800,50-75K
CD000881,2025-05-04 17:06:38,741,74380,34.99,5,38331,major_purchase,RENT,0,0,0,47.67,1,738,0.00562,LOW,APPROVED,0,0,700-800,50-75K
CD000882,2025-03-12 22:01:57,681,66169,28.58,7,38191,debt_consolidation,RENT,0,0,0,54.6,1,586,0.194758,HIGH,APPROVED,1,120,<600,50-75K
CD000883,2025-02-15 16:02:15,590,35620,33.45,9,14792,credit_card,MORTGAGE,1,4,36,44.21,2,563,0.42904,VERY_HIGH,DECLINED,0,0,<600,<50K
CD000884,2025-05-03 13:27:10,661,39234,39.56,1,13502,credit_card,MORTGAGE,0,0,0,8.66,1,664,0.045963,MEDIUM,APPROVED,0,0,600-700,<50K
CD000885,2025-02-22 17:14:13,654,52841,30.05,5,29320,home_improvement,MORTGAGE,1,5,56,15.09,2,687,0.01447,LOW,APPROVED,0,0,600-700,50-75K
CD000886,2025-02-01 14:52:49,701,43649,15.86,17,22581,home_improvement,MORTGAGE,1,4,11,64.62,0,728,0.010478,LOW,APPROVED,0,0,700-800,<50K
CD000887,2025-04-25 02:07:11,787,91539,46.86,3,49054,other,OWN,0,0,0,43.43,1,640,0.057695,MEDIUM,DECLINED,0,0,600-700,75-100K
CD000888,2025-02-02 15:00:56,667,96599,28.4,7,7214,credit_card,RENT,0,0,0,0.0,1,609,0.102372,HIGH,DECLINED,0,0,600-700,75-100K
CD000889,2025-03-13 08:58:28,562,62445,35.96,6,9772,home_improvement,MORTGAGE,0,0,0,89.3,3,412,0.967493,VERY_HIGH,DECLINED,1,120,<600,50-75K
CD000890,2025-02-20 16:08:20,664,85760,26.66,33,5040,other,RENT,1,1,13,37.54,1,671,0.042568,MEDIUM,APPROVED,0,0,600-700,75-100K
CD000891,2025-04-19 14:44:21,578,113223,21.02,3,11615,credit_card,MORTGAGE,1,4,7,86.27,1,562,0.45881,VERY_HIGH,DECLINED,1,120,<600,100K+
CD000892,2025-01-01 03:38:59,716,37365,24.89,2,35946,home_improvement,MORTGAGE,1,0,18,62.1,0,749,0.003769,LOW,APPROVED,0,0,700-800,<50K
CD000893,2025-05-19 22:00:40,731,47909,3.3,0,33689,debt_consolidation,RENT,0,0,0,72.95,0,733,0.007041,LOW,APPROVED,0,0,700-800,<50K
CD000894,2025-06-16 19:38:20,689,136680,31.72,3,6134,debt_consolidation,MORTGAGE,0,0,0,41.23,3,707,0.013699,LOW,APPROVED,0,0,700-800,100K+
CD000895,2025-05-30 19:42:39,589,53037,21.84,10,17402,debt_consolidation,RENT,1,2,44,40.58,0,645,0.089075,MEDIUM,APPROVED,1,120,600-700,50-75K
CD000896,2025-02-21 11:43:04,661,45045,43.11,11,25752,debt_consolidation,MORTGAGE,1,2,31,37.93,2,554,0.490188,VERY_HIGH,DECLINED,1,60,<600,<50K
CD000897,2025-04-07 16:38:05,737,58584,33.94,2,13856,debt_consolidation,OTHER,0,0,0,62.83,0,635,0.09227,MEDIUM,DECLINED,0,0,600-700,50-75K
CD000898,2025-03-02 07:43:20,615,71352,39.69,1,9355,credit_card,MORTGAGE,1,2,22,48.23,3,497,0.787578,VERY_HIGH,DECLINED,1,150,<600,50-75K
CD000899,2025-02-01 19:28:29,638,29394,33.89,7,23966,other,RENT,0,0,0,53.62,2,586,0.262796,HIGH,DECLINED,1,120,<600,<50K
CD000900,2025-02-21 15:04:43,685,57900,22.45,2,26992,credit_card,RENT,2,2,34,76.24,0,616,0.136559,HIGH,DECLINED,1,120,600-700,50-75K
CD000901,2025-04-07 09:20:24,698,89047,29.28,5,24056,other,OWN,0,0,0,39.48,1,623,0.105207,HIGH,APPROVED,0,0,600-700,75-100K
CD000902,2025-03-16 15:11:07,675,47436,37.88,22,24706,home_improvement,OWN,0,0,0,46.19,1,650,0.049369,MEDIUM,APPROVED,0,0,600-700,<50K
CD000903,2025-02-01 05:58:49,689,46015,26.71,9,17116,debt_consolidation,MORTGAGE,0,0,0,41.91,1,738,0.008611,LOW,APPROVED,0,0,700-800,<50K
CD000904,2025-03-15 16:04:54,682,87851,30.33,4,16903,debt_consolidation,RENT,2,5,56,51.35,4,568,0.350172,HIGH,DECLINED,0,0,<600,75-100K
CD000905,2025-05-20 07:43:02,639,39803,29.25,4,45437,credit_card,OTHER,2,4,22,11.64,2,667,0.039185,MEDIUM,DECLINED,0,0,600-700,<50K
CD000906,2025-06-06 13:57:50,666,32415,32.48,5,34822,credit_card,RENT,0,0,0,52.56,1,616,0.120669,HIGH,DECLINED,0,0,600-700,<50K
CD000907,2025-03-17 01:55:20,686,52580,28.65,20,48016,home_improvement,RENT,1,2,25,32.84,2,616,0.139932,HIGH,APPROVED,0,0,600-700,50-75K
CD000908,2025-05-03 20:48:38,611,77672,40.47,32,15388,credit_card,RENT,1,4,3,54.56,3,493,0.761371,VERY_HIGH,DECLINED,1,60,<600,75-100K
CD000909,2025-06-12 11:00:42,681,49488,36.16,1,37465,major_purchase,RENT,0,0,0,57.02,1,707,0.014774,LOW,APPROVED,0,0,700-800,<50K
CD000910,2025-06-05 05:08:50,676,18000,29.63,5,21757,credit_card,RENT,1,5,49,42.51,2,587,0.23237,HIGH,APPROVED,0,0,<600,<50K
CD000911,2025-05-06 19:16:50,696,40215,32.29,12,9307,debt_consolidation,OWN,4,4,21,53.54,3,557,0.48818,VERY_HIGH,DECLINED,1,90,<600,<50K
CD000912,2025-04-24 00:30:08,690,67038,23.19,4,23331,credit_card,RENT,1,2,34,29.14,1,648,0.03761,MEDIUM,DECLINED,0,0,600-700,50-75K
CD000913,2025-05-21 07:46:21,613,121156,28.19,2,51643,home_improvement,MORTGAGE,0,0,0,10.56,4,763,0.004362,LOW,APPROVED,0,0,700-800,100K+
CD000914,2025-05-11 09:42:22,602,53942,31.84,0,19715,major_purchase,MORTGAGE,2,0,19,76.88,1,469,0.88211,VERY_HIGH,DECLINED,1,90,<600,50-75K
CD000915,2025-06-29 05:40:18,685,173802,31.71,2,12767,other,RENT,2,6,51,68.84,3,517,0.599552,VERY_HIGH,DECLINED,0,0,<600,100K+
CD000916,2025-06-27 14:40:14,662,35649,10.22,7,35091,debt_consolidation,OWN,2,4,47,70.22,0,664,0.046433,MEDIUM,APPROVED,1,120,600-700,<50K
CD000917,2025-06-08 10:33:04,676,43962,23.26,1,9157,debt_consolidation,RENT,0,0,0,70.72,0,698,0.015437,LOW,APPROVED,1,120,600-700,<50K
CD000918,2025-05-13 14:14:52,640,58892,18.44,6,43330,debt_consolidation,RENT,1,6,28,28.03,2,649,0.064037,MEDIUM,DECLINED,1,60,600-700,50-75K
CD000919,2025-03-10 03:22:13,600,80645,47.54,4,11088,major_purchase,MORTGAGE,0,0,0,78.13,3,568,0.328067,HIGH,DECLINED,1,90,<600,75-100K
CD000920,2025-03-20 15:57:48,685,49238,39.89,11,19443,major_purchase,MORTGAGE,0,0,0,35.04,3,639,0.077073,MEDIUM,DECLINED,0,0,600-700,<50K
CD000921,2025-01-25 10:15:41,663,76027,33.98,6,50273,major_purchase,MORTGAGE,1,2,13,49.08,2,627,0.098057,HIGH,DECLINED,1,150,600-700,75-100K
CD000922,2025-05-07 03:14:40,705,49651,23.1,3,44601,credit_card,MORTGAGE,1,5,29,34.96,1,660,0.040391,MEDIUM,APPROVED,0,0,600-700,<50K
CD000923,2025-02-18 12:20:45,731,70604,27.47,10,18899,debt_consolidation,MORTGAGE,1,3,58,56.52,0,739,0.004971,LOW,APPROVED,0,0,700-800,50-75K
CD000924,2025-04-11 12:12:30,731,73086,31.49,4,10372,credit_card,OWN,1,7,21,45.16,2,591,0.250028,HIGH,DECLINED,0,0,<600,50-75K
CD000925,2025-01-21 21:45:11,725,61248,40.89,1,35657,other,OWN,1,2,21,85.25,0,593,0.248366,HIGH,DECLINED,0,0,<600,50-75K
CD000926,2025-03-14 17:32:11,618,62549,17.9,5,6426,debt_consolidation,MORTGAGE,0,0,0,45.59,2,633,0.103807,HIGH,APPROVED,1,90,600-700,50-75K
CD000927,2025-03-06 07:46:42,555,50904,20.46,1,24967,home_improvement,RENT,1,8,41,51.19,3,537,0.51635,VERY_HIGH,DECLINED,1,120,<600,50-75K
CD000928,2025-06-11 02:45:18,637,41645,17.29,3,32365,other,RENT,1,3,56,78.8,0,594,0.213082,HIGH,DECLINED,0,0,<600,<50K
CD000929,2025-02-05 21:33:49,604,216729,19.0,3,21209,debt_consolidation,OTHER,0,0,0,25.33,0,613,0.145754,HIGH,APPROVED,0,0,600-700,100K+
CD000930,2025-05-05 11:49:49,598,38368,22.38,1,12642,debt_consolidation,RENT,0,0,0,53.02,1,504,0.747024,VERY_HIGH,DECLINED,0,0,<600,<50K
CD000931,2025-01-13 23:56:01,706,107825,25.22,2,41927,debt_consolidation,MORTGAGE,0,0,0,4.8,1,642,0.068989,MEDIUM,APPROVED,0,0,600-700,100K+
CD000932,2025-05-27 03:29:24,582,92882,37.26,2,20148,other,RENT,1,3,11,52.64,1,645,0.07377,MEDIUM,APPROVED,1,150,600-700,75-100K
CD000933,2025-03-14 04:07:12,721,58640,22.15,10,46917,credit_card,MORTGAGE,1,3,59,54.7,3,667,0.03363,MEDIUM,APPROVED,0,0,600-700,50-75K
CD000934,2025-04-15 04:15:43,731,56875,29.61,2,6637,credit_card,RENT,1,3,6,58.41,3,636,0.092518,MEDIUM,APPROVED,0,0,600-700,50-75K
CD000935,2025-01-20 10:21:59,817,41616,25.4,6,11621,debt_consolidation,RENT,1,2,6,23.64,1,780,0.001529,LOW,APPROVED,0,0,700-800,<50K
CD000936,2025-02-25 02:44:00,727,63845,14.37,1,17741,other,MORTGAGE,0,0,0,58.87,0,712,0.010971,LOW,APPROVED,1,150,700-800,50-75K
CD000937,2025-02-11 12:32:21,786,35026,37.6,4,32357,other,MORTGAGE,0,0,0,61.19,3,611,0.129141,HIGH,DECLINED,0,0,600-700,<50K
CD000938,2025-05-18 17:43:57,635,58272,35.92,9,25165,other,RENT,0,0,0,27.22,1,571,0.30173,HIGH,DECLINED,1,150,<600,50-75K
CD000939,2025-02-14 21:13:07,633,144298,27.69,6,17796,credit_card,RENT,1,3,46,47.9,2,569,0.3947,HIGH,DECLINED,0,0,<600,100K+
CD000940,2025-03-24 23:05:56,724,99819,24.83,10,7859,major_purchase,RENT,0,0,0,64.81,0,777,0.001518,LOW,APPROVED,0,0,700-800,75-100K
CD000941,2025-01-07 09:38:30,598,31442,28.47,16,30635,credit_card,OTHER,1,3,48,65.78,2,527,0.584573,VERY_HIGH,DECLINED,1,60,<600,<50K
CD000942,2025-02-06 17:12:36,733,62702,33.59,2,8202,debt_consolidation,RENT,2,7,23,59.74,1,606,0.155117,HIGH,APPROVED,0,0,600-700,50-75K
CD000943,2025-01-14 20:29:28,655,48946,21.6,3,7265,home_improvement,OWN,0,0,0,88.9,2,637,0.086599,MEDIUM,DECLINED,0,0,600-700,<50K
CD000944,2025-06-03 09:18:51,562,31514,22.09,12,29835,home_improvement,RENT,0,0,0,54.8,4,520,0.585093,VERY_HIGH,DECLINED,1,90,<600,<50K
CD000945,2025-05-18 04:03:57,772,97457,31.01,4,44766,home_improvement,RENT,0,0,0,54.49,2,692,0.014254,LOW,APPROVED,0,0,600-700,75-100K
CD000946,2025-02-24 23:07:08,609,25985,18.58,8,40670,debt_consolidation,OTHER,0,0,0,58.85,0,563,0.329287,HIGH,APPROVED,0,0,<600,<50K
CD000947,2025-04-28 05:53:30,808,72798,15.15,5,23881,credit_card,MORTGAGE,1,3,24,23.65,1,807,0.000938,LOW,APPROVED,0,0,800+,50-75K
CD000948,2025-01-02 23:41:44,589,135766,29.61,5,20136,credit_card,RENT,0,0,0,31.58,2,533,0.582321,VERY_HIGH,DECLINED,0,0,<600,100K+
CD000949,2025-04-25 03:42:42,624,120252,22.82,6,14378,credit_card,MORTGAGE,1,7,7,26.7,0,565,0.453142,VERY_HIGH,DECLINED,0,0,<600,100K+
CD000950,2025-06-02 12:46:30,682,33750,13.43,39,29113,credit_card,OWN,1,1,50,29.43,3,688,0.032496,MEDIUM,APPROVED,0,0,600-700,<50K
CD000951,2025-06-14 23:00:21,671,52820,38.45,7,14543,credit_card,MORTGAGE,2,3,42,65.07,0,639,0.08732,MEDIUM,DECLINED,0,0,600-700,50-75K
CD000952,2025-04-26 05:08:03,583,54356,30.41,2,48669,other,MORTGAGE,0,0,0,57.2,2,480,0.847164,VERY_HIGH,DECLINED,0,0,<600,50-75K
CD000953,2025-02-15 07:44:13,676,57247,17.18,5,56898,home_improvement,OTHER,1,0,5,61.26,0,622,0.134903,HIGH,APPROVED,1,60,600-700,50-75K
CD000954,2025-03-05 01:00:52,681,89586,14.56,3,8960,home_improvement,RENT,1,4,23,89.03,1,681,0.029638,LOW,APPROVED,0,0,600-700,75-100K
CD000955,2025-01-14 07:16:41,695,79412,20.57,4,20660,credit_card,MORTGAGE,1,3,2,57.71,2,593,0.205666,HIGH,DECLINED,0,0,<600,75-100K
CD000956,2025-05-08 16:16:04,582,133040,24.5,4,8969,debt_consolidation,MORTGAGE,0,0,0,13.54,2,631,0.082679,MEDIUM,DECLINED,0,0,600-700,100K+
CD000957,2025-06-19 01:29:21,637,45185,35.58,18,10768,debt_consolidation,OWN,0,0,0,38.52,0,694,0.029334,LOW,APPROVED,0,0,600-700,<50K
CD000958,2025-06-07 15:37:22,665,72231,19.63,1,10277,credit_card,MORTGAGE,2,5,13,47.24,1,533,0.597453,VERY_HIGH,DECLINED,0,0,<600,50-75K
CD000959,2025-06-21 05:02:47,715,105070,28.73,5,44743,debt_consolidation,MORTGAGE,0,0,0,27.51,0,731,0.005958,LOW,APPROVED,0,0,700-800,100K+
CD000960,2025-06-06 22:02:51,680,75434,13.98,1,22062,other,RENT,0,0,0,66.68,1,693,0.025565,LOW,APPROVED,0,0,600-700,75-100K
CD000961,2025-02-28 23:43:15,651,26193,30.41,1,55388,other,RENT,4,0,39,34.06,2,543,0.448858,VERY_HIGH,DECLINED,1,60,<600,<50K
CD000962,2025-01-06 11:03:11,647,63698,31.81,8,43789,other,RENT,1,3,42,67.77,2,512,0.673306,VERY_HIGH,APPROVED,1,90,<600,50-75K
CD000963,2025-01-31 11:28:40,751,66275,40.29,5,22761,major_purchase,MORTGAGE,1,4,7,64.69,0,716,0.01106,LOW,APPROVED,0,0,700-800,50-75K
CD000964,2025-03-26 19:13:21,625,61736,34.8,4,10363,credit_card,MORTGAGE,1,3,18,25.81,1,572,0.312737,HIGH,APPROVED,1,120,<600,50-75K
CD000965,2025-06-20 14:52:22,687,39530,17.88,3,36029,debt_consolidation,MORTGAGE,1,11,4,53.96,0,597,0.18426,HIGH,DECLINED,0,0,<600,<50K
CD000966,2025-01-23 08:19:01,551,83976,27.88,1,17031,other,MORTGAGE,3,3,41,45.68,5,418,0.958199,VERY_HIGH,DECLINED,1,90,<600,75-100K
CD000967,2025-05-12 01:00:25,764,62271,33.5,6,37604,credit_card,RENT,1,7,21,82.29,3,546,0.437679,VERY_HIGH,DECLINED,0,0,<600,50-75K
CD000968,2025-02-19 05:43:44,696,41697,21.85,7,30387,major_purchase,RENT,1,4,28,39.6,1,643,0.051478,MEDIUM,APPROVED,1,60,600-700,<50K
CD000969,2025-06-16 10:55:24,574,74914,22.81,5,10299,other,MORTGAGE,0,0,0,35.64,4,591,0.234648,HIGH,APPROVED,1,60,<600,50-75K
CD000970,2025-01-08 11:22:18,704,57148,27.15,2,11184,credit_card,MORTGAGE,0,0,0,78.17,1,661,0.056689,MEDIUM,APPROVED,0,0,600-700,50-75K
CD000971,2025-01-25 08:47:11,747,46996,27.75,2,21515,debt_consolidation,RENT,1,2,55,65.66,3,658,0.037757,MEDIUM,APPROVED,0,60,600-700,<50K
CD000972,2025-04-17 20:01:13,715,44029,15.04,8,31571,credit_card,MORTGAGE,1,8,23,64.68,0,668,0.042076,MEDIUM,APPROVED,1,120,600-700,<50K
CD000973,2025-03-01 08:37:29,675,36843,29.68,2,7363,credit_card,MORTGAGE,2,3,26,11.76,0,672,0.039741,MEDIUM,APPROVED,0,0,600-700,<50K
CD000974,2025-02-24 01:06:29,717,60121,35.23,2,16725,debt_consolidation,RENT,0,0,0,56.37,1,614,0.103711,HIGH,DECLINED,0,0,600-700,50-75K
CD000975,2025-04-23 08:23:34,630,45659,24.93,1,4983,home_improvement,MORTGAGE,2,7,42,61.29,0,597,0.238352,HIGH,APPROVED,0,0,<600,<50K
CD000976,2025-01-18 03:40:37,657,94832,30.89,13,15429,debt_consolidation,MORTGAGE,0,0,0,4.56,2,625,0.125595,HIGH,APPROVED,0,0,600-700,75-100K
CD000977,2025-01-25 07:02:12,651,56316,31.82,1,20893,debt_consolidation,MORTGAGE,4,6,41,36.42,0,492,0.792756,VERY_HIGH,DECLINED,1,90,<600,50-75K
CD000978,2025-03-07 05:17:17,675,81904,28.35,13,30929,debt_consolidation,RENT,2,1,39,33.42,1,631,0.077203,MEDIUM,DECLINED,0,0,600-700,75-100K
CD000979,2025-01-10 20:31:29,613,40722,22.2,2,35309,debt_consolidation,MORTGAGE,2,5,57,10.04,2,598,0.219399,HIGH,DECLINED,1,60,<600,<50K
CD000980,2025-05-10 12:14:37,746,46961,22.41,0,46399,credit_card,MORTGAGE,0,0,0,34.98,4,646,0.070242,MEDIUM,APPROVED,0,0,600-700,<50K
CD000981,2025-01-17 19:26:08,664,59409,41.36,12,20053,major_purchase,MORTGAGE,1,3,23,19.9,2,502,0.714312,VERY_HIGH,DECLINED,0,30,<600,50-75K
CD000982,2025-03-23 21:17:13,611,80592,39.23,5,48428,debt_consolidation,RENT,1,7,44,35.24,2,530,0.4326,VERY_HIGH,DECLINED,1,60,<600,75-100K
CD000983,2025-05-22 07:20:07,658,87203,13.7,1,10279,credit_card,MORTGAGE,1,2,23,40.43,0,666,0.051736,MEDIUM,DECLINED,0,30,600-700,75-100K
CD000984,2025-01-21 05:25:17,691,61509,22.59,5,49026,debt_consolidation,OTHER,2,1,34,39.37,1,614,0.073064,MEDIUM,DECLINED,0,0,600-700,50-75K
CD000985,2025-02-08 09:27:30,673,64479,31.69,0,71712,major_purchase,OWN,1,1,31,49.01,1,585,0.246568,HIGH,DECLINED,0,0,<600,50-75K
CD000986,2025-04-07 01:15:05,731,75172,29.06,2,25419,debt_consolidation,MORTGAGE,0,0,0,39.95,1,765,0.001539,LOW,APPROVED,0,0,700-800,75-100K
CD000987,2025-04-22 05:02:13,651,82480,46.9,9,12709,debt_consolidation,MORTGAGE,1,6,50,35.3,1,500,0.731829,VERY_HIGH,DECLINED,1,90,<600,75-100K
CD000988,2025-05-24 14:41:51,628,92326,18.88,4,67655,credit_card,RENT,0,0,0,39.19,2,628,0.082916,MEDIUM,APPROVED,0,0,600-700,75-100K
CD000989,2025-01-09 23:04:04,698,27395,32.35,9,29234,home_improvement,MORTGAGE,3,5,54,50.01,0,548,0.462653,VERY_HIGH,APPROVED,0,0,<600,<50K
CD000990,2025-03-21 04:18:46,741,85662,29.9,6,9816,credit_card,MORTGAGE,0,0,0,40.59,2,683,0.026403,LOW,APPROVED,0,0,600-700,75-100K
CD000991,2025-03-13 17:22:37,617,56179,28.73,26,17383,credit_card,RENT,1,7,36,43.21,1,501,0.775526,VERY_HIGH,DECLINED,1,90,<600,50-75K
CD000992,2025-01-12 05:34:03,583,60604,20.4,4,12732,debt_consolidation,RENT,1,4,39,48.91,1,577,0.235555,HIGH,APPROVED,1,90,<600,50-75K
CD000993,2025-02-25 13:27:56,635,41264,19.04,4,45376,major_purchase,OTHER,2,5,41,45.52,3,584,0.292663,HIGH,DECLINED,1,90,<600,<50K
CD000994,2025-05-30 00:54:20,666,82194,24.82,10,32541,credit_card,MORTGAGE,2,1,59,17.37,2,629,0.107632,HIGH,DECLINED,0,0,600-700,75-100K
CD000995,2025-04-16 15:41:37,614,100316,9.74,6,4309,debt_consolidation,OTHER,2,5,54,51.88,1,594,0.171318,HIGH,DECLINED,0,0,<600,100K+
CD000996,2025-03-10 11:23:19,679,99269,40.17,1,27241,debt_consolidation,OTHER,3,4,50,40.57,1,520,0.663665,VERY_HIGH,DECLINED,1,60,<600,75-100K
CD000997,2025-02-21 02:55:47,623,44224,29.38,4,25618,major_purchase,OTHER,1,4,13,17.95,1,521,0.589484,VERY_HIGH,DECLINED,0,0,<600,<50K
CD000998,2025-05-03 17:34:56,719,29157,37.72,18,18950,major_purchase,MORTGAGE,1,5,46,44.35,3,654,0.052018,MEDIUM,DECLINED,0,0,600-700,<50K
CD000999,2025-06-09 09:17:59,605,104616,30.05,8,35322,debt_consolidation,RENT,0,0,0,27.23,0,612,0.105391,HIGH,APPROVED,0,0,600-700,100K+
CD001000,2025-04-03 18:36:37,620,48212,46.62,1,24592,home_improvement,RENT,2,5,29,70.8,3,487,0.818031,VERY_HIGH,DECLINED,1,90,<600,<50K
CD001001,2025-01-27 15:09:19,674,26992,30.47,5,42188,credit_card,MORTGAGE,0,0,0,31.57,0,721,0.012593,LOW,APPROVED,0,0,700-800,<50K
CD001002,2025-03-31 06:09:36,707,89440,29.25,1,27560,debt_consolidation,MORTGAGE,1,7,2,80.58,0,602,0.155379,HIGH,DECLINED,0,0,600-700,75-100K
CD001003,2025-02-16 07:47:27,721,22410,43.17,4,12363,debt_consolidation,MORTGAGE,0,0,0,56.32,2,619,0.123843,HIGH,DECLINED,0,0,600-700,<50K
CD001004,2025-05-13 03:38:30,632,91456,35.01,12,39378,credit_card,MORTGAGE,1,3,46,50.96,2,675,0.04699,MEDIUM,DECLINED,0,0,600-700,75-100K
CD001005,2025-04-21 23:19:41,671,46178,50.04,3,52400,home_improvement,MORTGAGE,1,3,5,48.42,0,603,0.285357,HIGH,DECLINED,1,90,600-700,<50K
CD001006,2025-01-09 06:32:21,700,134847,29.45,3,8529,debt_consolidation,RENT,1,3,32,66.28,2,665,0.029011,LOW,APPROVED,0,0,600-700,100K+
CD001007,2025-05-17 03:39:38,748,59390,29.42,2,8826,debt_consolidation,OWN,2,5,7,58.02,1,708,0.011482,LOW,APPROVED,1,150,700-800,50-75K
CD001008,2025-05-10 01:56:28,621,44192,35.14,7,19475,major_purchase,RENT,1,3,40,27.69,3,512,0.558182,VERY_HIGH,DECLINED,1,150,<600,<50K
CD001009,2025-02-19 21:16:55,601,60781,30.14,3,22290,debt_consolidation,RENT,1,2,10,1.45,3,559,0.303669,HIGH,DECLINED,0,0,<600,50-75K
CD001010,2025-01-01 02:44:33,696,39652,30.37,18,18132,other,MORTGAGE,1,6,29,0.0,4,662,0.064629,MEDIUM,APPROVED,0,0,600-700,<50K
CD001011,2025-06-24 23:13:55,656,44389,33.81,0,22363,credit_card,MORTGAGE,0,0,0,50.4,1,593,0.193647,HIGH,APPROVED,0,0,<600,<50K
CD001012,2025-03-12 15:51:55,744,69889,17.37,4,19604,major_purchase,MORTGAGE,2,6,33,57.44,1,711,0.010484,LOW,APPROVED,0,0,700-800,50-75K
CD001013,2025-02-19 02:28:06,671,58852,26.98,3,45460,major_purchase,RENT,1,5,43,72.12,1,641,0.063979,MEDIUM,APPROVED,1,60,600-700,50-75K
CD001014,2025-04-06 12:06:01,688,33451,33.04,1,41375,other,RENT,0,0,0,77.29,4,642,0.08909,MEDIUM,APPROVED,1,90,600-700,<50K
CD001015,2025-01-01 06:59:02,627,47855,20.75,1,13490,debt_consolidation,MORTGAGE,1,5,15,67.74,1,615,0.096037,HIGH,APPROVED,0,0,600-700,<50K
CD001016,2025-02-02 10:42:58,685,129999,17.16,1,49409,home_improvement,RENT,0,0,0,58.46,2,733,0.005536,LOW,APPROVED,0,0,700-800,100K+
CD001017,2025-05-20 04:53:17,737,31735,6.66,6,6278,credit_card,OWN,1,8,18,55.98,1,675,0.027825,LOW,APPROVED,0,0,600-700,<50K
CD001018,2025-01-23 04:25:26,656,74615,23.5,1,34665,debt_consolidation,MORTGAGE,1,1,52,53.79,0,586,0.211363,HIGH,APPROVED,1,150,<600,50-75K
CD001019,2025-01-14 03:37:22,604,179055,24.09,9,24272,debt_consolidation,RENT,2,6,53,67.53,1,584,0.261717,HIGH,APPROVED,0,0,<600,100K+
CD001020,2025-02-20 17:46:13,718,40391,22.82,2,26781,credit_card,RENT,1,6,58,43.46,4,651,0.079139,MEDIUM,APPROVED,0,0,600-700,<50K
CD001021,2025-01-24 23:20:02,653,81699,41.23,0,26214,debt_consolidation,RENT,1,4,20,72.2,1,528,0.559846,VERY_HIGH,DECLINED,1,150,<600,75-100K
CD001022,2025-02-27 16:12:00,673,59180,45.21,1,31459,credit_card,RENT,1,5,52,82.16,2,526,0.612484,VERY_HIGH,DECLINED,1,90,<600,50-75K
CD001023,2025-04-02 12:56:28,630,37613,19.7,1,31095,credit_card,MORTGAGE,2,7,1,34.97,2,640,0.100456,HIGH,APPROVED,1,120,600-700,<50K
CD001024,2025-03-15 20:49:52,722,82926,18.35,2,38024,debt_consolidation,RENT,1,3,51,66.01,1,662,0.042369,MEDIUM,APPROVED,0,60,600-700,75-100K
CD001025,2025-04-19 15:36:24,629,78901,29.98,8,29728,debt_consolidation,RENT,2,3,10,44.53,2,568,0.281989,HIGH,DECLINED,1,150,<600,75-100K
CD001026,2025-06-05 20:28:23,643,56844,32.97,4,28487,home_improvement,OTHER,1,1,17,69.87,1,570,0.368063,HIGH,DECLINED,0,0,<600,50-75K
CD001027,2025-01-19 15:50:28,670,40917,19.02,3,7718,debt_consolidation,MORTGAGE,0,0,0,24.31,2,612,0.163717,HIGH,DECLINED,0,0,600-700,<50K
CD001028,2025-01-17 05:09:25,659,89499,22.78,5,28836,debt_consolidation,MORTGAGE,1,4,19,68.54,4,619,0.16904,HIGH,DECLINED,0,0,600-700,75-100K
CD001029,2025-02-25 13:43:32,546,75252,29.21,3,29937,debt_consolidation,RENT,2,2,36,44.23,1,571,0.319452,HIGH,APPROVED,1,60,<600,75-100K
CD001030,2025-03-05 12:14:43,695,50658,12.07,1,7570,debt_consolidation,MORTGAGE,0,0,0,44.11,3,683,0.031688,MEDIUM,APPROVED,0,0,600-700,50-75K
CD001031,2025-05-10 02:06:42,605,38735,18.64,9,67406,debt_consolidation,MORTGAGE,0,0,0,34.53,1,696,0.024093,LOW,APPROVED,0,0,600-700,<50K
CD001032,2025-05-20 13:38:01,684,50461,31.54,18,15574,debt_consolidation,MORTGAGE,0,0,0,33.32,2,667,0.022211,LOW,DECLINED,0,0,600-700,50-75K
CD001033,2025-03-17 00:03:06,648,46056,34.75,1,15116,other,RENT,1,5,1,98.62,2,523,0.614649,VERY_HIGH,DECLINED,0,0,<600,<50K
CD001034,2025-03-13 17:58:27,663,44181,26.78,0,12828,other,RENT,1,4,12,42.12,4,692,0.031003,MEDIUM,APPROVED,0,0,600-700,<50K
CD001035,2025-03-30 04:30:56,629,100635,24.43,2,10908,major_purchase,MORTGAGE,0,0,0,74.68,1,586,0.201375,HIGH,DECLINED,0,0,<600,100K+
CD001036,2025-05-09 08:38:47,611,54546,34.49,2,46671,debt_consolidation,RENT,1,4,52,9.68,3,620,0.154832,HIGH,DECLINED,1,90,600-700,50-75K
CD001037,2025-05-03 20:54:48,677,109513,26.93,2,31665,credit_card,MORTGAGE,1,7,3,50.75,3,584,0.237982,HIGH,DECLINED,0,0,<600,100K+
CD001038,2025-04-03 14:18:09,681,97720,14.72,25,15808,debt_consolidation,OWN,2,4,55,44.96,2,656,0.03336,MEDIUM,APPROVED,0,30,600-700,75-100K
CD001039,2025-04-28 06:20:41,725,89535,31.33,1,13841,credit_card,MORTGAGE,1,2,45,64.65,3,671,0.017226,LOW,APPROVED,0,0,600-700,75-100K
CD001040,2025-03-03 08:31:07,699,72651,37.0,6,90000,credit_card,MORTGAGE,0,0,0,23.8,1,661,0.0346,MEDIUM,DECLINED,0,0,600-700,50-75K
CD001041,2025-03-25 14:36:25,631,55677,31.23,12,44280,other,OWN,0,0,0,74.79,2,510,0.616485,VERY_HIGH,DECLINED,0,0,<600,50-75K
CD001042,2025-03-10 19:28:47,734,55912,24.03,1,7021,major_purchase,MORTGAGE,2,5,18,15.74,3,682,0.038628,MEDIUM,APPROVED,0,60,600-700,50-75K
CD001043,2025-03-12 10:56:12,791,141967,24.16,6,54302,debt_consolidation,MORTGAGE,1,3,20,63.15,2,674,0.01672,LOW,APPROVED,0,0,600-700,100K+
CD001044,2025-06-07 14:10:26,709,95535,15.43,8,20234,major_purchase,RENT,0,0,0,57.09,1,737,0.007545,LOW,APPROVED,0,0,700-800,75-100K
CD001045,2025-03-23 12:57:29,659,49185,16.94,6,22235,credit_card,MORTGAGE,0,0,0,30.39,1,682,0.022697,LOW,APPROVED,0,0,600-700,<50K
CD001046,2025-01-30 07:33:04,616,79556,22.09,2,44147,other,MORTGAGE,1,3,33,41.52,0,585,0.291607,HIGH,APPROVED,1,90,<600,75-100K
CD001047,2025-01-19 10:07:51,674,45473,23.87,9,14120,debt_consolidation,OWN,0,0,0,100.0,1,556,0.316768,HIGH,DECLINED,1,90,<600,<50K
CD001048,2025-04-16 13:20:57,590,57173,21.3,5,16514,debt_consolidation,MORTGAGE,0,0,0,14.74,4,573,0.320961,HIGH,DECLINED,0,0,<600,50-75K
CD001049,2025-03-29 18:22:41,713,37114,26.82,5,27717,home_improvement,MORTGAGE,1,5,12,60.92,2,612,0.108326,HIGH,APPROVED,0,0,600-700,<50K
CD001050,2025-01-07 02:21:24,648,37763,26.21,4,90000,major_purchase,MORTGAGE,0,0,0,5.43,2,622,0.12812,HIGH,APPROVED,0,0,600-700,<50K
CD001051,2025-03-20 06:28:53,638,35853,29.63,7,27931,credit_card,RENT,0,0,0,61.1,3,560,0.471439,VERY_HIGH,DECLINED,1,90,<600,<50K
CD001052,2025-03-06 11:39:51,683,67516,13.5,10,19077,debt_consolidation,OWN,1,7,45,43.99,4,644,0.072174,MEDIUM,DECLINED,1,150,600-700,50-75K
CD001053,2025-03-28 23:37:40,601,96622,33.6,15,28403,credit_card,RENT,1,3,52,49.8,4,513,0.680644,VERY_HIGH,DECLINED,0,0,<600,75-100K
CD001054,2025-06-10 23:00:56,574,57546,44.83,6,48797,debt_consolidation,OWN,1,1,22,51.6,4,517,0.705355,VERY_HIGH,DECLINED,1,150,<600,50-75K
CD001055,2025-06-01 14:16:01,645,68196,28.29,16,27457,credit_card,MORTGAGE,0,0,0,76.64,4,496,0.794391,VERY_HIGH,DECLINED,1,90,<600,50-75K
CD001056,2025-06-05 04:39:37,736,50981,36.18,1,88230,debt_consolidation,RENT,0,0,0,37.06,0,742,0.004322,LOW,APPROVED,0,0,700-800,50-75K
CD001057,2025-06-19 07:12:38,622,45512,29.0,15,90000,debt_consolidation,MORTGAGE,1,1,52,72.25,0,572,0.200899,HIGH,DECLINED,1,120,<600,<50K
CD001058,2025-05-01 22:15:31,717,65487,11.34,5,17987,debt_consolidation,MORTGAGE,0,0,0,51.05,0,715,0.009139,LOW,APPROVED,0,0,700-800,50-75K
CD001059,2025-01-09 08:04:39,568,33878,37.32,1,37224,debt_consolidation,MORTGAGE,0,0,0,69.17,1,544,0.34373,HIGH,DECLINED,1,90,<600,<50K
CD001060,2025-01-06 22:54:26,666,92631,26.22,1,61841,debt_consolidation,MORTGAGE,0,0,0,77.08,4,548,0.400715,HIGH,APPROVED,1,90,<600,75-100K
CD001061,2025-03-05 22:33:20,697,81619,14.59,2,19413,other,MORTGAGE,0,0,0,76.45,2,662,0.074595,MEDIUM,APPROVED,0,30,600-700,75-100K
CD001062,2025-02-11 03:26:11,767,67835,10.11,0,73061,credit_card,MORTGAGE,0,0,0,67.71,2,788,0.002339,LOW,APPROVED,0,0,700-800,50-75K
CD001063,2025-05-28 22:22:29,572,57688,34.2,9,10713,debt_consolidation,RENT,1,3,14,0.0,2,590,0.193635,HIGH,DECLINED,1,90,<600,50-75K
CD001064,2025-02-06 00:38:08,665,45141,32.72,3,28627,debt_consolidation,RENT,1,4,3,88.05,0,621,0.120131,HIGH,DECLINED,0,0,600-700,<50K
CD001065,2025-03-20 02:15:58,619,118435,22.52,0,20369,other,OWN,2,3,35,44.81,2,664,0.057296,MEDIUM,APPROVED,1,60,600-700,100K+
CD001066,2025-06-22 13:34:43,686,52292,21.68,1,65422,credit_card,MORTGAGE,0,0,0,61.33,2,616,0.121425,HIGH,APPROVED,0,0,600-700,50-75K
CD001067,2025-01-10 23:03:55,639,44203,34.87,5,9719,other,RENT,2,5,46,69.23,2,490,0.70652,VERY_HIGH,DECLINED,0,0,<600,<50K
CD001068,2025-05-28 13:34:05,675,36604,26.49,1,19154,other,MORTGAGE,0,0,0,42.26,0,745,0.003056,LOW,APPROVED,0,0,700-800,<50K
CD001069,2025-05-08 05:33:52,627,41549,22.61,1,23665,other,RENT,1,4,14,50.03,6,566,0.428853,VERY_HIGH,DECLINED,1,120,<600,<50K
CD001070,2025-03-14 09:46:41,639,52506,17.85,1,5521,major_purchase,OTHER,0,0,0,14.37,3,544,0.578108,VERY_HIGH,DECLINED,0,0,<600,50-75K
CD001071,2025-02-09 10:26:33,691,48909,26.38,4,23442,debt_consolidation,RENT,1,7,11,32.65,2,654,0.067902,MEDIUM,APPROVED,1,90,600-700,<50K
CD001072,2025-01-27 02:54:01,751,77179,10.76,0,17040,debt_consolidation,RENT,1,1,32,41.32,3,749,0.005013,LOW,APPROVED,0,0,700-800,75-100K
CD001073,2025-01-30 21:39:40,680,46965,36.92,13,11750,credit_card,OTHER,0,0,0,52.09,2,676,0.031382,MEDIUM,APPROVED,0,0,600-700,<50K
CD001074,2025-06-24 14:26:35,676,39732,27.13,0,6242,debt_consolidation,MORTGAGE,1,6,16,21.29,2,650,0.060302,MEDIUM,APPROVED,0,0,600-700,<50K
CD001075,2025-04-05 14:03:57,643,72832,28.05,1,20516,debt_consolidation,MORTGAGE,2,3,1,71.66,2,608,0.139412,HIGH,DECLINED,1,60,600-700,50-75K
CD001076,2025-06-12 01:53:41,756,40845,18.28,5,22647,debt_consolidation,RENT,1,2,29,67.65,4,776,0.002352,LOW,APPROVED,0,0,700-800,<50K
CD001077,2025-05-11 12:56:43,562,129089,26.9,1,23298,home_improvement,RENT,1,4,15,16.44,2,536,0.575824,VERY_HIGH,DECLINED,0,30,<600,100K+
CD001078,2025-05-30 00:14:42,560,32062,20.39,1,55640,debt_consolidation,RENT,1,5,42,22.54,0,570,0.266536,HIGH,DECLINED,1,120,<600,<50K
CD001079,2025-06-18 22:13:02,626,53779,24.5,33,18134,debt_consolidation,OWN,0,0,0,85.14,1,627,0.15369,HIGH,APPROVED,0,0,600-700,50-75K
CD001080,2025-04-23 13:38:48,693,39933,15.34,5,11924,debt_consolidation,RENT,1,3,47,55.92,0,689,0.024635,LOW,APPROVED,0,0,600-700,<50K
CD001081,2025-05-08 09:09:34,721,66355,26.55,5,11154,home_improvement,RENT,3,3,26,59.98,3,624,0.131089,HIGH,DECLINED,0,0,600-700,50-75K
CD001082,2025-06-05 11:29:57,700,105075,20.51,0,13025,other,OWN,1,7,25,63.28,0,691,0.016666,LOW,APPROVED,0,60,600-700,100K+
CD001083,2025-06-14 14:50:32,710,46590,23.64,1,47029,credit_card,MORTGAGE,0,0,0,55.58,2,689,0.020787,LOW,DECLINED,1,150,600-700,<50K
CD001084,2025-01-28 21:59:42,678,28085,20.75,17,21256,home_improvement,RENT,0,0,0,8.63,1,626,0.093187,HIGH,DECLINED,0,0,600-700,<50K
CD001085,2025-02-01 01:27:06,643,65614,12.54,4,23974,debt_consolidation,MORTGAGE,0,0,0,60.67,0,613,0.105095,HIGH,DECLINED,1,90,600-700,50-75K
CD001086,2025-05-26 11:08:01,611,59225,43.25,6,15674,debt_consolidation,MORTGAGE,1,6,2,45.33,1,549,0.416524,HIGH,APPROVED,1,90,<600,50-75K
CD001087,2025-05-17 16:02:47,694,76797,11.79,9,16709,major_purchase,RENT,0,0,0,56.64,4,752,0.007464,LOW,APPROVED,0,0,700-800,75-100K
CD001088,2025-01-17 00:36:45,617,39658,12.23,6,16207,other,MORTGAGE,0,0,0,81.91,1,636,0.086188,MEDIUM,DECLINED,0,0,600-700,<50K
CD001089,2025-06-25 20:43:33,692,42869,14.72,1,27502,debt_consolidation,RENT,0,0,0,37.16,1,667,0.044635,MEDIUM,APPROVED,0,0,600-700,<50K
CD001090,2025-01-17 11:40:16,710,40666,38.2,1,49964,debt_consolidation,MORTGAGE,0,0,0,27.64,0,705,0.014671,LOW,APPROVED,0,0,700-800,<50K
CD001091,2025-03-10 01:50:41,635,44639,30.46,4,21405,debt_consolidation,MORTGAGE,0,0,0,94.59,4,537,0.548789,VERY_HIGH,DECLINED,1,120,<600,<50K
CD001092,2025-05-16 21:53:37,644,54969,21.3,2,23218,other,MORTGAGE,1,3,3,24.4,3,533,0.51812,VERY_HIGH,DECLINED,0,0,<600,50-75K
CD001093,2025-05-20 21:43:10,639,106369,22.68,31,22509,credit_card,RENT,0,0,0,0.0,1,683,0.028277,LOW,APPROVED,0,0,600-700,100K+
CD001094,2025-03-29 02:38:09,706,70109,37.81,9,14710,credit_card,MORTGAGE,0,0,0,47.89,2,579,0.241204,HIGH,APPROVED,1,150,<600,50-75K
CD001095,2025-03-19 13:47:14,677,48446,25.44,3,15741,debt_consolidation,MORTGAGE,1,2,56,61.17,1,675,0.034078,MEDIUM,APPROVED,0,0,600-700,<50K
CD001096,2025-06-26 01:16:11,632,29833,19.56,22,38378,other,MORTGAGE,0,0,0,58.31,2,495,0.714561,VERY_HIGH,DECLINED,0,0,<600,<50K
CD001097,2025-04-25 22:59:10,684,109755,19.95,1,21070,other,RENT,2,8,16,65.71,3,573,0.271228,HIGH,DECLINED,1,120,<600,100K+
CD001098,2025-03-20 05:44:47,752,77223,41.43,1,37240,credit_card,MORTGAGE,1,3,54,78.38,0,720,0.008652,LOW,APPROVED,0,0,700-800,75-100K
CD001099,2025-03-22 10:30:56,684,107796,14.48,7,22693,credit_card,RENT,1,3,26,95.17,0,708,0.014602,LOW,APPROVED,0,0,700-800,100K+
CD001100,2025-06-08 16:35:05,676,18000,46.1,2,29338,credit_card,MORTGAGE,1,2,43,72.84,2,508,0.652121,VERY_HIGH,DECLINED,1,60,<600,<50K
CD001101,2025-02-06 08:31:25,647,168333,27.07,2,47300,other,RENT,1,4,47,67.37,0,677,0.03034,LOW,DECLINED,0,0,600-700,100K+
CD001102,2025-03-27 03:37:05,618,36899,49.58,2,17608,major_purchase,MORTGAGE,0,0,0,33.18,2,564,0.389432,HIGH,DECLINED,1,90,<600,<50K
CD001103,2025-05-23 00:39:33,669,34826,27.88,1,47143,credit_card,MORTGAGE,1,3,42,33.53,1,608,0.181727,HIGH,APPROVED,0,0,600-700,<50K
CD001104,2025-03-06 18:34:45,673,41438,23.77,6,12627,other,MORTGAGE,3,2,32,18.22,2,697,0.017785,LOW,APPROVED,1,90,600-700,<50K
CD001105,2025-03-12 06:37:31,652,44823,11.29,4,12797,debt_consolidation,RENT,0,0,0,28.18,0,726,0.008404,LOW,APPROVED,0,0,700-800,<50K
CD001106,2025-01-07 01:05:55,734,106237,8.98,6,10171,other,MORTGAGE,3,4,22,37.38,0,748,0.004439,LOW,APPROVED,0,0,700-800,100K+
CD001107,2025-02-03 01:53:48,656,20238,23.71,6,13717,major_purchase,MORTGAGE,1,4,34,24.49,1,588,0.180402,HIGH,DECLINED,0,0,<600,<50K
CD001108,2025-01-05 01:12:23,660,74873,18.59,1,29622,debt_consolidation,RENT,1,2,5,70.89,1,637,0.086447,MEDIUM,DECLINED,0,0,600-700,50-75K
CD001109,2025-02-18 19:55:31,680,103510,20.22,5,18769,debt_consolidation,MORTGAGE,0,0,0,45.95,1,640,0.064124,MEDIUM,APPROVED,0,0,600-700,100K+
CD001110,2025-04-28 23:11:21,698,95843,19.45,1,25359,credit_card,MORTGAGE,0,0,0,73.6,2,614,0.139333,HIGH,DECLINED,0,0,600-700,75-100K
CD001111,2025-03-26 00:12:42,571,77902,22.44,12,13124,credit_card,MORTGAGE,2,4,6,98.12,1,490,0.855162,VERY_HIGH,DECLINED,1,60,<600,75-100K
CD001112,2025-05-21 05:23:12,683,88447,14.95,15,34347,debt_consolidation,RENT,0,0,0,61.59,2,626,0.120479,HIGH,APPROVED,0,0,600-700,75-100K
CD001113,2025-04-22 02:56:38,738,48274,40.24,6,26030,home_improvement,MORTGAGE,0,0,0,57.94,1,664,0.04239,MEDIUM,APPROVED,0,0,600-700,<50K
CD001114,2025-03-17 23:11:55,608,41487,29.64,2,14216,debt_consolidation,RENT,0,0,0,42.02,0,585,0.235577,HIGH,APPROVED,1,90,<600,<50K
CD001115,2025-02-09 09:52:57,690,42701,39.14,0,63019,credit_card,RENT,1,3,5,33.71,3,596,0.174108,HIGH,DECLINED,0,0,<600,<50K
CD001116,2025-02-21 15:04:49,641,25680,29.7,14,14060,major_purchase,MORTGAGE,0,0,0,13.26,1,555,0.34483,HIGH,DECLINED,0,0,<600,<50K
CD001117,2025-01-24 03:20:10,615,88818,21.08,7,17933,debt_consolidation,RENT,1,7,30,38.83,1,612,0.142944,HIGH,APPROVED,1,60,600-700,75-100K
CD001118,2025-05-07 18:19:39,684,55905,36.3,4,14993,debt_consolidation,MORTGAGE,1,10,31,53.87,2,602,0.23718,HIGH,APPROVED,0,0,600-700,50-75K
CD001119,2025-06-09 02:05:02,664,67312,42.11,0,22151,debt_consolidation,RENT,1,6,49,48.93,2,550,0.481114,VERY_HIGH,APPROVED,0,0,<600,50-75K
CD001120,2025-06-02 20:47:04,556,112816,26.71,3,19718,debt_consolidation,OWN,1,4,43,86.1,2,527,0.548463,VERY_HIGH,DECLINED,1,90,<600,100K+
CD001121,2025-05-11 19:26:36,637,107060,32.41,1,31348,debt_consolidation,RENT,2,2,20,58.49,5,559,0.461233,VERY_HIGH,DECLINED,1,150,<600,100K+
CD001122,2025-04-12 21:59:04,714,74009,30.75,12,8269,credit_card,MORTGAGE,0,0,0,66.82,2,596,0.16173,HIGH,APPROVED,0,0,<600,50-75K
CD001123,2025-06-03 18:12:45,637,39693,27.97,1,13549,other,MORTGAGE,0,0,0,27.75,2,612,0.115479,HIGH,DECLINED,0,0,600-700,<50K
CD001124,2025-05-23 04:50:29,629,25648,36.52,6,9022,credit_card,MORTGAGE,1,5,21,53.97,2,598,0.232152,HIGH,APPROVED,0,0,<600,<50K
CD001125,2025-02-04 01:53:27,649,85147,32.44,4,12115,home_improvement,MORTGAGE,1,3,38,37.19,0,612,0.162,HIGH,DECLINED,0,0,600-700,75-100K
CD001126,2025-01-06 20:55:10,645,26765,38.21,4,30892,debt_consolidation,MORTGAGE,0,0,0,17.14,1,660,0.065124,MEDIUM,APPROVED,0,0,600-700,<50K
CD001127,2025-01-07 03:20:39,710,50092,18.82,3,18843,credit_card,OWN,0,0,0,0.0,1,643,0.051908,MEDIUM,APPROVED,0,0,600-700,50-75K
CD001128,2025-04-12 17:53:27,623,53785,21.31,0,33794,credit_card,RENT,0,0,0,19.11,1,675,0.03313,MEDIUM,DECLINED,0,0,600-700,50-75K
CD001129,2025-05-10 22:34:31,606,40608,38.23,1,36666,major_purchase,MORTGAGE,0,0,0,79.24,0,630,0.097229,HIGH,DECLINED,1,150,600-700,<50K
CD001130,2025-02-08 00:15:52,693,60040,25.41,4,26561,debt_consolidation,RENT,0,0,0,63.72,1,658,0.04539,MEDIUM,APPROVED,0,0,600-700,50-75K
CD001131,2025-05-14 17:39:11,724,86285,31.85,4,13074,other,OWN,4,2,4,20.37,1,583,0.256823,HIGH,DECLINED,0,0,<600,75-100K
CD001132,2025-06-03 23:24:32,708,110083,16.68,13,41473,debt_consolidation,RENT,0,0,0,51.33,0,634,0.053414,MEDIUM,APPROVED,0,0,600-700,100K+
CD001133,2025-01-02 16:25:15,715,46574,33.09,2,19860,debt_consolidation,RENT,0,0,0,38.49,3,716,0.010394,LOW,APPROVED,0,0,700-800,<50K
CD001134,2025-02-13 20:15:29,634,30707,39.96,5,21247,debt_consolidation,MORTGAGE,1,2,56,49.46,3,586,0.198311,HIGH,DECLINED,1,150,<600,<50K
CD001135,2025-05-05 13:03:21,589,51502,20.78,6,19400,other,RENT,1,5,13,47.82,2,591,0.227607,HIGH,APPROVED,1,90,<600,50-75K
CD001136,2025-01-11 23:49:18,631,34958,32.35,0,21270,other,RENT,2,3,27,42.26,1,527,0.538285,VERY_HIGH,DECLINED,0,0,<600,<50K
CD001137,2025-05-31 02:45:08,668,36146,30.5,4,10811,debt_consolidation,MORTGAGE,1,2,42,23.52,2,653,0.063462,MEDIUM,APPROVED,0,0,600-700,<50K
CD001138,2025-01-23 23:23:50,577,63353,27.05,14,11682,debt_consolidation,MORTGAGE,1,6,14,36.94,3,494,0.793833,VERY_HIGH,DECLINED,1,60,<600,50-75K
CD001139,2025-05-14 12:53:17,653,92894,16.61,10,42994,credit_card,MORTGAGE,1,6,37,25.72,2,662,0.04029,MEDIUM,APPROVED,1,150,600-700,75-100K
CD001140,2025-01-29 13:29:33,701,60757,32.55,3,16241,debt_consolidation,OWN,1,7,57,63.16,1,627,0.098067,HIGH,DECLINED,0,0,600-700,50-75K
CD001141,2025-06-09 14:26:00,632,63845,34.08,19,31457,credit_card,MORTGAGE,0,0,0,40.49,1,570,0.290808,HIGH,DECLINED,0,0,<600,50-75K
CD001142,2025-06-03 01:30:01,778,95131,28.7,1,16695,home_improvement,OTHER,0,0,0,24.73,1,716,0.013775,LOW,APPROVED,0,0,700-800,75-100K
CD001143,2025-03-21 02:26:01,711,75485,19.28,1,20185,major_purchase,RENT,1,2,39,38.78,0,774,0.00255,LOW,APPROVED,0,30,700-800,75-100K
CD001144,2025-03-09 16:42:55,603,33580,35.9,2,22140,other,MORTGAGE,2,1,30,61.27,0,474,0.860141,VERY_HIGH,DECLINED,1,60,<600,<50K
CD001145,2025-01-16 13:43:28,608,43481,30.72,4,19863,credit_card,OTHER,2,4,22,9.7,1,599,0.183682,HIGH,APPROVED,0,0,<600,<50K
CD001146,2025-01-24 06:25:52,631,46987,26.26,18,19428,debt_consolidation,RENT,0,0,0,46.33,2,554,0.419925,VERY_HIGH,DECLINED,1,90,<600,<50K
CD001147,2025-01-20 16:26:04,708,108661,35.04,27,16707,credit_card,OWN,1,5,25,48.08,1,601,0.183867,HIGH,APPROVED,0,0,600-700,100K+
CD001148,2025-01-18 16:04:22,695,30961,22.86,1,9925,major_purchase,RENT,0,0,0,63.25,0,684,0.02116,LOW,APPROVED,0,0,600-700,<50K
CD001149,2025-04-04 13:59:26,639,51633,28.93,3,25107,debt_consolidation,RENT,0,0,0,28.69,2,648,0.042221,MEDIUM,APPROVED,0,0,600-700,50-75K
CD001150,2025-03-12 01:22:14,679,18000,30.19,1,25943,other,OWN,2,5,34,89.72,2,521,0.507836,VERY_HIGH,DECLINED,1,150,<600,<50K
CD001151,2025-06-13 16:39:17,713,44123,31.61,4,10068,credit_card,RENT,1,9,14,54.43,0,582,0.195525,HIGH,DECLINED,0,0,<600,<50K
CD001152,2025-01-11 12:42:23,698,36867,19.35,25,20375,other,RENT,2,4,15,57.2,1,632,0.10573,HIGH,APPROVED,0,0,600-700,<50K
CD001153,2025-02-17 10:15:02,582,35430,26.95,4,13732,debt_consolidation,RENT,0,0,0,59.91,0,519,0.598772,VERY_HIGH,DECLINED,1,60,<600,<50K
CD001154,2025-04-04 01:46:23,611,74156,28.8,9,28026,other,RENT,1,2,41,81.99,2,503,0.767603,VERY_HIGH,DECLINED,0,0,<600,50-75K
CD001155,2025-02-05 16:47:54,620,37575,30.37,1,6898,credit_card,RENT,0,0,0,8.41,4,612,0.188883,HIGH,DECLINED,1,60,600-700,<50K
CD001156,2025-05-05 00:19:40,576,102475,32.62,6,11616,major_purchase,RENT,0,0,0,84.99,3,478,0.849716,VERY_HIGH,DECLINED,1,60,<600,100K+
CD001157,2025-06-27 06:12:38,716,59680,26.73,3,22915,major_purchase,MORTGAGE,1,9,46,35.48,1,744,0.004706,LOW,APPROVED,0,30,700-800,50-75K
CD001158,2025-02-02 09:41:13,635,49072,36.01,5,23270,debt_consolidation,MORTGAGE,0,0,0,19.87,2,619,0.115014,HIGH,DECLINED,0,0,600-700,<50K
CD001159,2025-04-13 14:15:26,634,34181,25.62,3,52953,debt_consolidation,MORTGAGE,0,0,0,53.32,1,672,0.040827,MEDIUM,APPROVED,0,0,600-700,<50K
CD001160,2025-06-23 22:24:53,624,120564,19.67,1,65514,other,RENT,0,0,0,31.29,3,671,0.027343,LOW,APPROVED,0,30,600-700,100K+
CD001161,2025-04-24 04:04:23,686,58776,30.64,6,23592,debt_consolidation,MORTGAGE,0,0,0,85.73,1,591,0.248797,HIGH,APPROVED,0,30,<600,50-75K
CD001162,2025-06-26 23:13:03,701,124920,21.78,1,31169,other,OWN,1,5,17,43.41,0,738,0.010161,LOW,APPROVED,0,0,700-800,100K+
CD001163,2025-04-28 04:22:23,706,171486,21.34,13,37338,home_improvement,RENT,2,1,53,75.92,3,693,0.023035,LOW,APPROVED,1,120,600-700,100K+
CD001164,2025-03-18 09:20:02,737,56828,46.38,0,3086,major_purchase,MORTGAGE,0,0,0,68.7,3,664,0.045959,MEDIUM,APPROVED,0,0,600-700,50-75K
CD001165,2025-01-18 03:57:22,619,79541,28.92,0,12075,debt_consolidation,RENT,2,2,41,51.37,1,595,0.220624,HIGH,APPROVED,1,120,<600,75-100K
CD001166,2025-06-19 15:18:39,758,106114,28.75,4,31660,debt_consolidation,OWN,1,7,23,34.82,0,760,0.003216,LOW,APPROVED,0,0,700-800,100K+
CD001167,2025-03-17 20:28:20,805,57836,38.64,11,11796,major_purchase,MORTGAGE,2,5,55,49.66,2,598,0.142594,HIGH,DECLINED,0,0,<600,50-75K
CD001168,2025-03-19 14:04:57,641,27389,19.28,3,51511,debt_consolidation,RENT,0,0,0,46.39,3,575,0.345591,HIGH,APPROVED,0,0,<600,<50K
CD001169,2025-01-23 21:34:22,650,90727,19.5,1,65435,home_improvement,MORTGAGE,0,0,0,62.06,2,710,0.015318,LOW,APPROVED,0,0,700-800,75-100K
CD001170,2025-04-21 18:49:54,703,44886,46.42,30,23729,debt_consolidation,OWN,2,3,8,54.6,0,655,0.035165,MEDIUM,APPROVED,1,60,600-700,<50K
CD001171,2025-05-11 05:13:52,737,33811,26.5,7,31883,credit_card,OTHER,2,3,39,29.81,1,694,0.019241,LOW,APPROVED,0,0,600-700,<50K
CD001172,2025-06-05 16:05:05,655,43368,23.87,3,9709,other,RENT,1,4,24,87.04,2,629,0.128083,HIGH,DECLINED,1,150,600-700,<50K
CD001173,2025-02-23 02:49:03,626,108290,35.24,2,68992,home_improvement,RENT,1,6,8,52.8,1,537,0.599331,VERY_HIGH,DECLINED,0,0,<600,100K+
CD001174,2025-02-28 10:33:45,783,36389,8.48,3,37423,debt_consolidation,RENT,2,2,46,51.03,4,670,0.04202,MEDIUM,APPROVED,0,0,600-700,<50K
CD001175,2025-04-24 05:43:13,643,44112,29.56,11,8280,credit_card,RENT,1,3,55,44.03,1,543,0.450897,VERY_HIGH,DECLINED,0,60,<600,<50K
CD001176,2025-06-01 04:11:44,520,35000,24.39,40,7255,other,RENT,0,0,0,36.98,2,448,0.906592,VERY_HIGH,DECLINED,1,150,<600,<50K
CD001177,2025-05-06 01:04:19,699,99443,37.09,0,45559,credit_card,MORTGAGE,1,9,44,39.4,1,697,0.017839,LOW,APPROVED,0,0,600-700,75-100K
CD001178,2025-02-26 17:28:23,724,79387,33.94,7,4648,home_improvement,OWN,0,0,0,77.43,1,658,0.063581,MEDIUM,APPROVED,0,0,600-700,75-100K
CD001179,2025-03-09 05:49:50,763,121401,34.8,4,18456,debt_consolidation,OTHER,0,0,0,41.12,2,703,0.013128,LOW,APPROVED,0,30,700-800,100K+
CD001180,2025-01-16 13:32:52,767,90417,38.53,18,49409,debt_consolidation,RENT,1,5,32,86.19,1,673,0.051047,MEDIUM,APPROVED,0,0,600-700,75-100K
CD001181,2025-03-17 16:33:21,839,74081,31.0,0,49380,debt_consolidation,OTHER,0,0,0,71.49,4,749,0.003461,LOW,APPROVED,0,0,700-800,50-75K
CD001182,2025-05-01 03:33:47,640,115080,19.65,1,13728,debt_consolidation,MORTGAGE,0,0,0,72.95,3,616,0.115279,HIGH,APPROVED,1,120,600-700,100K+
CD001183,2025-04-02 07:36:51,617,95632,35.1,2,22489,credit_card,MORTGAGE,0,0,0,24.01,1,695,0.02518,LOW,APPROVED,0,0,600-700,75-100K
CD001184,2025-04-21 01:03:37,591,67256,33.74,9,14224,home_improvement,MORTGAGE,2,4,32,100.0,3,516,0.588183,VERY_HIGH,DECLINED,0,0,<600,50-75K
CD001185,2025-04-04 19:33:07,764,83011,38.82,8,11540,debt_consolidation,MORTGAGE,1,5,25,47.96,1,675,0.036933,MEDIUM,APPROVED,0,0,600-700,75-100K
CD001186,2025-04-11 00:06:25,646,146378,33.23,3,24273,major_purchase,RENT,0,0,0,75.0,2,612,0.160986,HIGH,APPROVED,0,0,600-700,100K+
CD001187,2025-04-24 06:27:57,578,81486,29.91,2,3430,debt_consolidation,OWN,0,0,0,52.31,0,631,0.103603,HIGH,APPROVED,0,0,600-700,75-100K
CD001188,2025-04-05 10:07:36,558,27685,43.23,2,35427,credit_card,MORTGAGE,0,0,0,75.77,1,474,0.860652,VERY_HIGH,DECLINED,1,150,<600,<50K
CD001189,2025-02-26 23:32:21,677,22431,18.19,3,39960,debt_consolidation,OWN,2,0,6,92.63,2,608,0.148403,HIGH,DECLINED,0,30,600-700,<50K
CD001190,2025-06-25 11:33:19,647,38345,33.24,4,15682,credit_card,MORTGAGE,1,2,13,53.25,1,544,0.415483,HIGH,DECLINED,0,0,<600,<50K
CD001191,2025-06-15 07:04:24,688,96505,20.4,6,11902,other,MORTGAGE,0,0,0,35.79,1,761,0.003059,LOW,APPROVED,0,0,700-800,75-100K
CD001192,2025-02-04 18:40:38,623,74185,17.89,23,34415,credit_card,OWN,1,4,54,27.41,2,597,0.175319,HIGH,DECLINED,0,0,<600,50-75K
CD001193,2025-03-04 14:20:34,630,83913,29.9,3,36305,debt_consolidation,MORTGAGE,1,4,16,34.25,3,560,0.304748,HIGH,DECLINED,0,0,<600,75-100K
CD001194,2025-05-05 10:31:32,696,56472,26.85,8,55942,major_purchase,RENT,0,0,0,73.77,1,588,0.179279,HIGH,APPROVED,0,0,<600,50-75K
CD001195,2025-01-07 09:04:30,659,54526,9.4,1,16298,debt_consolidation,RENT,1,2,47,50.77,0,680,0.031922,MEDIUM,APPROVED,0,0,600-700,50-75K
CD001196,2025-01-05 01:39:07,702,46329,34.26,5,15782,other,RENT,0,0,0,22.82,1,673,0.028588,LOW,APPROVED,0,0,600-700,<50K
CD001197,2025-02-16 15:49:16,663,53931,25.48,0,27654,home_improvement,OWN,0,0,0,32.85,0,712,0.009348,LOW,APPROVED,0,0,700-800,50-75K
CD001198,2025-02-05 12:51:47,655,55130,34.48,2,31435,debt_consolidation,RENT,0,0,0,48.02,1,670,0.033532,MEDIUM,APPROVED,1,150,600-700,50-75K
CD001199,2025-01-15 05:20:57,690,52938,42.03,10,36439,other,MORTGAGE,0,0,0,65.16,1,571,0.229761,HIGH,DECLINED,0,0,<600,50-75K
CD001200,2025-05-14 16:14:58,652,33738,27.41,0,16411,debt_consolidation,RENT,0,0,0,43.38,2,654,0.058425,MEDIUM,APPROVED,0,0,600-700,<50K
CD001201,2025-06-06 22:52:07,680,29748,20.91,40,40676,credit_card,RENT,4,1,21,60.05,0,533,0.619987,VERY_HIGH,APPROVED,0,0,<600,<50K
CD001202,2025-06-03 05:34:33,695,101343,28.24,1,18502,home_improvement,RENT,0,0,0,20.45,2,718,0.016529,LOW,APPROVED,0,0,700-800,100K+
CD001203,2025-05-17 12:36:14,642,60117,18.61,20,40158,debt_consolidation,RENT,1,8,12,59.37,0,633,0.08237,MEDIUM,DECLINED,0,0,600-700,50-75K
CD001204,2025-01-11 09:15:58,664,67725,23.71,1,26037,debt_consolidation,RENT,0,0,0,46.94,0,674,0.039103,MEDIUM,APPROVED,0,0,600-700,50-75K
CD001205,2025-01-07 10:29:48,676,42505,31.94,1,37897,home_improvement,RENT,1,2,2,82.8,0,613,0.119973,HIGH,APPROVED,1,60,600-700,<50K
CD001206,2025-02-16 15:03:07,707,56059,29.23,6,45799,other,RENT,1,7,31,40.54,0,630,0.076728,MEDIUM,DECLINED,0,0,600-700,50-75K
CD001207,2025-01-20 02:47:35,683,69063,29.22,2,24460,home_improvement,MORTGAGE,0,0,0,72.23,1,621,0.098293,HIGH,DECLINED,0,0,600-700,50-75K
CD001208,2025-05-15 23:42:56,684,46940,18.55,4,27862,home_improvement,RENT,0,0,0,49.28,1,716,0.010983,LOW,APPROVED,0,0,700-800,<50K
CD001209,2025-03-03 17:37:12,696,36796,37.75,0,35495,major_purchase,OWN,0,0,0,83.3,3,670,0.030656,LOW,APPROVED,0,0,600-700,<50K
CD001210,2025-06-19 15:08:05,653,70472,1.0,11,20402,other,MORTGAGE,0,0,0,54.26,3,730,0.007393,LOW,APPROVED,0,0,700-800,50-75K
CD001211,2025-06-29 16:55:31,690,71967,26.39,13,22578,credit_card,RENT,0,0,0,49.33,1,601,0.147567,HIGH,DECLINED,0,0,600-700,50-75K
CD001212,2025-03-31 21:04:35,630,30668,24.78,13,21923,major_purchase,MORTGAGE,0,0,0,53.73,2,665,0.030241,LOW,APPROVED,0,0,600-700,<50K
CD001213,2025-02-15 01:25:20,570,34921,17.72,21,23796,credit_card,RENT,2,5,17,59.86,3,481,0.86013,VERY_HIGH,DECLINED,1,120,<600,<50K
CD001214,2025-05-06 07:54:00,693,94883,29.59,9,20184,debt_consolidation,MORTGAGE,1,4,14,57.33,2,607,0.116783,HIGH,DECLINED,0,0,600-700,75-100K
CD001215,2025-05-22 10:19:06,563,35744,22.27,1,39237,debt_consolidation,RENT,1,6,51,30.6,1,629,0.085686,MEDIUM,DECLINED,1,150,600-700,<50K
CD001216,2025-01-02 12:05:23,662,35373,17.19,5,34394,debt_consolidation,MORTGAGE,0,0,0,44.01,1,666,0.0515,MEDIUM,DECLINED,0,0,600-700,<50K
CD001217,2025-02-28 09:54:35,754,35821,22.69,10,10703,credit_card,OWN,1,2,44,99.74,0,684,0.024358,LOW,APPROVED,0,0,600-700,<50K
CD001218,2025-02-05 05:19:03,710,58592,33.45,3,15997,home_improvement,MORTGAGE,1,6,6,41.31,1,654,0.05453,MEDIUM,APPROVED,0,0,600-700,50-75K
CD001219,2025-01-06 18:04:41,614,50183,33.87,9,19159,debt_consolidation,OWN,0,0,0,61.14,1,601,0.159294,HIGH,APPROVED,0,0,600-700,50-75K
CD001220,2025-06-06 20:37:34,710,76848,32.14,2,46609,credit_card,MORTGAGE,1,6,10,65.08,4,657,0.03834,MEDIUM,DECLINED,0,0,600-700,75-100K
CD001221,2025-03-14 04:11:59,683,32120,20.48,4,21993,debt_consolidation,RENT,0,0,0,59.81,0,640,0.087422,MEDIUM,APPROVED,0,0,600-700,<50K
CD001222,2025-05-05 08:54:16,624,39821,23.2,8,34381,debt_consolidation,MORTGAGE,1,4,16,50.27,3,589,0.217135,HIGH,DECLINED,1,120,<600,<50K
CD001223,2025-01-12 11:38:32,665,53843,36.01,1,15852,debt_consolidation,MORTGAGE,0,0,0,63.2,3,550,0.447916,VERY_HIGH,DECLINED,1,90,<600,50-75K
CD001224,2025-04-01 11:05:29,641,52231,20.88,13,49858,credit_card,RENT,0,0,0,37.99,1,681,0.029464,LOW,APPROVED,0,0,600-700,50-75K
CD001225,2025-01-03 06:05:12,653,34088,32.12,12,24311,other,MORTGAGE,0,0,0,93.74,1,597,0.155933,HIGH,DECLINED,0,0,<600,<50K
CD001226,2025-03-26 19:47:43,688,45198,21.99,2,19223,credit_card,OWN,0,0,0,48.91,1,631,0.087066,MEDIUM,APPROVED,0,0,600-700,<50K
CD001227,2025-02-14 18:52:28,585,37035,30.58,2,17446,debt_consolidation,RENT,0,0,0,64.5,1,487,0.629875,VERY_HIGH,DECLINED,1,120,<600,<50K
CD001228,2025-01-04 13:40:42,716,48192,26.35,13,26132,other,OTHER,2,5,16,47.2,1,663,0.05532,MEDIUM,APPROVED,0,0,600-700,<50K
CD001229,2025-05-21 09:53:22,780,31229,22.76,1,9562,debt_consolidation,OTHER,0,0,0,32.85,2,734,0.008112,LOW,APPROVED,0,0,700-800,<50K
CD001230,2025-03-02 14:05:08,662,86739,29.49,2,10987,other,MORTGAGE,0,0,0,63.8,2,544,0.387018,HIGH,DECLINED,0,0,<600,75-100K
CD001231,2025-04-30 13:14:30,617,48160,43.71,1,9273,credit_card,MORTGAGE,4,5,28,91.98,4,414,0.967968,VERY_HIGH,DECLINED,1,120,<600,<50K
CD001232,2025-05-07 19:53:08,648,45447,32.57,10,17192,credit_card,RENT,0,0,0,63.35,5,565,0.352572,HIGH,APPROVED,1,120,<600,<50K
CD001233,2025-02-25 17:15:19,737,18000,36.16,1,13972,debt_consolidation,MORTGAGE,2,3,58,52.17,1,639,0.049469,MEDIUM,DECLINED,0,0,600-700,<50K
CD001234,2025-05-26 16:39:11,643,38568,26.82,2,51617,debt_consolidation,MORTGAGE,0,0,0,86.65,1,558,0.361651,HIGH,APPROVED,1,60,<600,<50K
CD001235,2025-05-16 12:15:51,696,63324,32.04,2,10450,other,RENT,0,0,0,71.5,0,581,0.217858,HIGH,APPROVED,0,0,<600,50-75K
CD001236,2025-04-23 05:36:29,795,80780,35.01,11,20364,major_purchase,MORTGAGE,1,3,29,51.22,6,685,0.017893,LOW,APPROVED,1,90,600-700,75-100K
CD001237,2025-06-01 08:46:38,631,31466,19.14,0,18943,major_purchase,OWN,0,0,0,24.03,3,650,0.047372,MEDIUM,APPROVED,0,0,600-700,<50K
CD001238,2025-02-25 03:22:08,676,122667,29.62,5,16521,debt_consolidation,MORTGAGE,1,3,19,43.52,1,631,0.093219,HIGH,APPROVED,0,0,600-700,100K+
CD001239,2025-05-14 02:33:13,639,150212,14.14,3,8642,home_improvement,RENT,1,8,40,45.14,1,602,0.137376,HIGH,APPROVED,0,0,600-700,100K+
CD001240,2025-05-18 01:39:39,650,38460,25.78,7,15636,debt_consolidation,OWN,0,0,0,75.05,3,589,0.187827,HIGH,DECLINED,1,90,<600,<50K
CD001241,2025-02-03 13:32:53,677,90585,40.53,6,38112,major_purchase,OWN,2,4,32,45.41,3,597,0.154941,HIGH,APPROVED,1,60,<600,75-100K
CD001242,2025-02-14 05:09:41,630,35473,25.42,11,13702,credit_card,MORTGAGE,2,5,36,29.13,4,505,0.621762,VERY_HIGH,DECLINED,0,0,<600,<50K
CD001243,2025-06-26 05:43:44,696,65417,36.5,1,8931,debt_consolidation,RENT,1,5,53,60.62,0,587,0.227752,HIGH,APPROVED,0,0,<600,50-75K
CD001244,2025-01-24 11:48:46,680,65492,11.96,3,23550,debt_consolidation,MORTGAGE,3,1,5,39.01,2,743,0.007601,LOW,APPROVED,0,0,700-800,50-75K
CD001245,2025-06-27 04:18:56,735,86900,36.04,1,23416,debt_consolidation,RENT,2,2,21,29.86,3,614,0.156182,HIGH,APPROVED,1,90,600-700,75-100K
CD001246,2025-03-30 14:28:42,708,65026,31.88,2,14568,debt_consolidation,OWN,1,1,2,47.73,1,681,0.017624,LOW,APPROVED,0,0,600-700,50-75K
CD001247,2025-03-07 07:47:08,692,49679,24.18,3,17989,credit_card,OTHER,0,0,0,72.29,2,657,0.047674,MEDIUM,DECLINED,0,0,600-700,<50K
CD001248,2025-05-31 16:42:38,753,59569,27.29,2,34409,debt_consolidation,MORTGAGE,0,0,0,52.47,0,793,0.001044,LOW,APPROVED,0,0,700-800,50-75K
CD001249,2025-01-16 19:33:17,660,76743,18.19,5,15812,debt_consolidation,RENT,0,0,0,59.04,0,741,0.006557,LOW,APPROVED,0,0,700-800,75-100K
CD001250,2025-06-23 08:20:08,706,45688,28.04,9,90000,major_purchase,MORTGAGE,1,5,44,66.16,0,636,0.048472,MEDIUM,APPROVED,0,0,600-700,<50K
CD001251,2025-03-29 15:32:26,636,77911,19.82,5,24683,debt_consolidation,MORTGAGE,1,4,22,85.92,1,618,0.154697,HIGH,APPROVED,1,60,600-700,75-100K
CD001252,2025-06-27 12:59:33,750,42020,28.48,0,17791,credit_card,OWN,0,0,0,72.25,1,648,0.037687,MEDIUM,APPROVED,0,0,600-700,<50K
CD001253,2025-02-14 08:46:49,632,63761,45.83,9,34477,other,MORTGAGE,2,5,53,7.73,3,514,0.702222,VERY_HIGH,DECLINED,1,60,<600,50-75K
CD001254,2025-03-06 21:36:09,725,88632,25.53,3,14779,debt_consolidation,MORTGAGE,0,0,0,40.65,1,662,0.055277,MEDIUM,APPROVED,0,0,600-700,75-100K
CD001255,2025-03-10 04:26:40,633,43540,22.18,9,4595,debt_consolidation,RENT,0,0,0,67.98,1,604,0.163059,HIGH,DECLINED,1,120,600-700,<50K
CD001256,2025-06-15 17:03:36,684,66194,26.33,2,14302,debt_consolidation,RENT,1,6,56,19.78,1,683,0.034218,MEDIUM,DECLINED,0,0,600-700,50-75K
CD001257,2025-04-16 11:38:36,614,18000,36.3,1,20996,debt_consolidation,OTHER,0,0,0,0.0,1,579,0.257216,HIGH,DECLINED,1,90,<600,<50K
CD001258,2025-04-10 22:53:10,631,44490,30.9,0,28051,other,RENT,2,8,46,72.13,1,608,0.2086,HIGH,DECLINED,0,0,600-700,<50K
CD001259,2025-05-07 06:53:51,621,147281,25.43,7,22718,other,MORTGAGE,0,0,0,59.31,0,592,0.18613,HIGH,APPROVED,1,90,<600,100K+
CD001260,2025-02-22 17:14:29,697,36008,18.85,3,11405,debt_consolidation,RENT,2,1,21,61.04,0,645,0.061836,MEDIUM,APPROVED,1,90,600-700,<50K
CD001261,2025-05-16 13:37:23,702,34740,27.82,4,24614,debt_consolidation,OWN,1,9,28,46.2,1,699,0.0182,LOW,DECLINED,0,0,600-700,<50K
CD001262,2025-01-29 04:51:59,715,82666,25.42,2,21676,major_purchase,MORTGAGE,0,0,0,89.44,7,589,0.3517,HIGH,APPROVED,1,90,<600,75-100K
CD001263,2025-03-19 09:21:40,695,46651,35.38,2,29895,credit_card,RENT,1,5,20,7.76,1,665,0.031971,MEDIUM,APPROVED,0,0,600-700,<50K
CD001264,2025-05-15 17:16:52,663,41298,17.13,1,13823,credit_card,RENT,0,0,0,58.24,2,605,0.133657,HIGH,APPROVED,0,0,600-700,<50K
CD001265,2025-06-20 17:29:39,711,44351,40.98,4,37185,home_improvement,MORTGAGE,0,0,0,58.53,2,681,0.035124,MEDIUM,APPROVED,0,0,600-700,<50K
CD001266,2025-02-05 08:35:22,759,86954,29.64,9,9083,major_purchase,RENT,5,5,38,58.54,2,705,0.014181,LOW,DECLINED,0,0,700-800,75-100K
CD001267,2025-03-17 22:49:02,654,47247,41.88,1,30338,other,OTHER,1,1,23,30.86,2,553,0.381692,HIGH,DECLINED,0,0,<600,<50K
CD001268,2025-06-14 16:35:15,634,24533,16.1,1,14243,debt_consolidation,RENT,1,5,20,38.69,5,552,0.422299,VERY_HIGH,DECLINED,1,60,<600,<50K
CD001269,2025-03-14 23:19:20,706,97423,24.51,4,5039,major_purchase,MORTGAGE,0,0,0,58.96,2,713,0.014084,LOW,APPROVED,0,0,700-800,75-100K
CD001270,2025-06-16 19:39:29,787,98434,47.15,1,43176,debt_consolidation,RENT,0,0,0,72.28,3,707,0.010647,LOW,APPROVED,0,0,700-800,75-100K
CD001271,2025-04-01 07:43:20,671,75111,33.76,8,26533,major_purchase,OWN,0,0,0,68.12,0,654,0.040178,MEDIUM,APPROVED,0,0,600-700,75-100K
CD001272,2025-02-21 11:19:55,658,52107,16.95,5,40700,major_purchase,RENT,1,4,36,32.56,0,664,0.043981,MEDIUM,APPROVED,0,0,600-700,50-75K
CD001273,2025-04-09 03:13:21,621,32821,19.36,1,24802,major_purchase,MORTGAGE,1,1,30,15.72,2,618,0.137932,HIGH,DECLINED,0,0,600-700,<50K
CD001274,2025-05-18 10:51:22,636,130600,20.02,6,22040,credit_card,MORTGAGE,0,0,0,40.53,3,643,0.05873,MEDIUM,APPROVED,0,0,600-700,100K+
CD001275,2025-02-08 23:00:03,624,21318,11.41,0,17670,debt_consolidation,RENT,0,0,0,55.66,2,553,0.421873,VERY_HIGH,DECLINED,0,0,<600,<50K
CD001276,2025-03-17 02:44:22,623,97302,35.82,3,24520,debt_consolidation,RENT,0,0,0,77.22,1,590,0.282395,HIGH,DECLINED,1,60,<600,75-100K
CD001277,2025-03-08 21:49:38,734,89857,23.64,8,38385,debt_consolidation,MORTGAGE,1,6,35,66.39,2,691,0.014651,LOW,DECLINED,0,0,600-700,75-100K
CD001278,2025-02-14 01:52:30,746,77732,16.39,15,31199,credit_card,MORTGAGE,0,0,0,23.73,1,677,0.022303,LOW,APPROVED,0,0,600-700,75-100K
CD001279,2025-01-13 19:09:01,682,71475,30.03,1,68388,debt_consolidation,RENT,1,5,3,93.86,1,618,0.166622,HIGH,APPROVED,1,150,600-700,50-75K
CD001280,2025-03-16 23:47:29,682,88121,36.25,1,17733,credit_card,MORTGAGE,1,5,38,35.98,0,685,0.029405,LOW,APPROVED,0,0,600-700,75-100K
CD001281,2025-01-11 14:42:55,721,58578,29.2,0,18943,home_improvement,RENT,1,2,6,38.82,2,610,0.210398,HIGH,APPROVED,0,0,600-700,50-75K
CD001282,2025-06-17 17:26:56,678,87629,9.39,2,13755,debt_consolidation,MORTGAGE,1,3,56,62.37,0,671,0.036681,MEDIUM,APPROVED,0,0,600-700,75-100K
CD001283,2025-02-07 11:43:56,683,79993,12.77,1,21630,credit_card,OWN,1,5,31,78.74,3,566,0.367966,HIGH,DECLINED,0,0,<600,75-100K
CD001284,2025-06-15 22:16:14,710,59993,23.77,1,18595,other,OWN,1,6,58,73.35,1,581,0.298522,HIGH,APPROVED,0,0,<600,50-75K
CD001285,2025-04-06 02:29:23,675,60801,22.71,18,28516,major_purchase,OTHER,0,0,0,48.02,1,658,0.032005,MEDIUM,APPROVED,0,0,600-700,50-75K
CD001286,2025-02-22 04:27:32,748,59117,24.91,11,11386,home_improvement,MORTGAGE,0,0,0,55.89,1,699,0.012519,LOW,APPROVED,0,0,600-700,50-75K
CD001287,2025-04-22 06:35:27,850,111452,28.99,1,16964,credit_card,RENT,0,0,0,34.43,0,824,0.000744,LOW,APPROVED,0,0,800+,100K+
CD001288,2025-01-27 03:29:28,678,35887,26.16,0,29071,major_purchase,MORTGAGE,0,0,0,48.41,4,654,0.060127,MEDIUM,APPROVED,1,120,600-700,<50K
CD001289,2025-01-30 06:45:09,693,51128,29.18,1,26034,home_improvement,MORTGAGE,1,9,33,45.18,2,651,0.068087,MEDIUM,APPROVED,0,0,600-700,50-75K
CD001290,2025-03-17 22:29:07,632,106576,17.87,10,61266,major_purchase,MORTGAGE,1,4,15,44.19,0,650,0.067472,MEDIUM,APPROVED,0,0,600-700,100K+
CD001291,2025-02-22 10:56:20,653,39902,35.21,4,12907,other,RENT,1,6,39,72.98,1,543,0.513196,VERY_HIGH,DECLINED,0,0,<600,<50K
CD001292,2025-01-07 21:00:42,683,66172,23.76,8,16464,credit_card,MORTGAGE,4,7,27,55.9,3,500,0.699432,VERY_HIGH,DECLINED,1,60,<600,50-75K
CD001293,2025-03-22 12:29:51,701,56342,24.32,6,25330,other,OTHER,0,0,0,69.71,0,722,0.010466,LOW,APPROVED,0,0,700-800,50-75K
CD001294,2025-02-16 11:12:18,668,28069,36.51,0,14459,other,OTHER,0,0,0,17.1,2,627,0.105555,HIGH,APPROVED,1,90,600-700,<50K
CD001295,2025-03-20 16:33:32,613,61078,25.05,2,10823,credit_card,RENT,1,2,6,37.07,3,620,0.081555,MEDIUM,DECLINED,0,0,600-700,50-75K
CD001296,2025-03-05 02:46:51,699,84563,13.5,4,54540,other,MORTGAGE,0,0,0,17.71,3,807,0.001195,LOW,APPROVED,0,0,800+,75-100K
CD001297,2025-02-18 14:34:52,649,52131,31.97,25,22244,debt_consolidation,OWN,0,0,0,40.71,3,642,0.075381,MEDIUM,APPROVED,0,0,600-700,50-75K
CD001298,2025-04-03 12:57:38,700,88237,41.22,2,8018,debt_consolidation,OTHER,0,0,0,72.52,1,661,0.050524,MEDIUM,APPROVED,1,120,600-700,75-100K
CD001299,2025-03-18 09:13:35,666,71913,29.13,4,16069,debt_consolidation,RENT,0,0,0,48.03,1,700,0.012864,LOW,APPROVED,0,30,700-800,50-75K
CD001300,2025-01-06 20:03:31,671,66448,31.59,3,21820,debt_consolidation,OWN,0,0,0,71.05,0,654,0.045343,MEDIUM,APPROVED,1,60,600-700,50-75K
CD001301,2025-04-08 04:23:00,674,27230,29.6,11,48792,credit_card,RENT,0,0,0,54.97,2,579,0.448006,VERY_HIGH,DECLINED,0,0,<600,<50K
CD001302,2025-05-05 18:25:15,562,73752,42.79,3,7664,major_purchase,RENT,1,4,29,66.21,1,456,0.896125,VERY_HIGH,DECLINED,1,150,<600,50-75K
CD001303,2025-03-31 18:21:28,746,66045,18.22,15,24333,debt_consolidation,OWN,1,4,2,100.0,0,694,0.017229,LOW,APPROVED,0,0,600-700,50-75K
CD001304,2025-03-13 07:31:11,628,78950,27.0,4,15291,debt_consolidation,OTHER,1,1,51,53.4,0,601,0.215643,HIGH,DECLINED,0,0,600-700,75-100K
CD001305,2025-02-02 00:02:37,698,75941,36.36,2,18135,credit_card,RENT,1,6,1,25.38,2,669,0.020362,LOW,DECLINED,0,0,600-700,75-100K
CD001306,2025-05-04 20:56:06,708,37766,21.29,3,42195,credit_card,RENT,0,0,0,60.22,1,713,0.011915,LOW,APPROVED,0,30,700-800,<50K
CD001307,2025-02-21 14:59:54,647,44221,38.25,0,37844,credit_card,OTHER,0,0,0,59.25,2,574,0.341736,HIGH,DECLINED,0,0,<600,<50K
CD001308,2025-01-15 15:10:15,604,32511,34.19,7,37663,major_purchase,MORTGAGE,0,0,0,33.44,3,581,0.314941,HIGH,DECLINED,1,150,<600,<50K
CD001309,2025-05-23 12:01:50,710,64092,25.65,0,37171,debt_consolidation,MORTGAGE,0,0,0,43.84,2,759,0.004047,LOW,APPROVED,0,0,700-800,50-75K
CD001310,2025-05-07 14:56:53,626,39903,32.11,1,10784,other,RENT,0,0,0,61.84,3,631,0.063132,MEDIUM,DECLINED,1,60,600-700,<50K
CD001311,2025-05-14 08:29:00,674,104077,37.69,1,25684,home_improvement,RENT,1,4,59,51.7,0,612,0.147523,HIGH,APPROVED,0,0,600-700,100K+
CD001312,2025-04-09 16:46:46,703,86932,21.61,7,13723,debt_consolidation,RENT,1,4,31,28.32,1,721,0.010405,LOW,APPROVED,0,0,700-800,75-100K
CD001313,2025-06-22 23:18:02,652,32905,34.34,5,10585,debt_consolidation,OWN,0,0,0,11.8,2,667,0.020932,LOW,DECLINED,1,120,600-700,<50K
CD001314,2025-03-07 02:00:18,584,74124,23.45,6,28974,other,RENT,1,3,37,59.0,2,549,0.491778,VERY_HIGH,DECLINED,1,90,<600,50-75K
CD001315,2025-05-23 06:04:35,641,43641,23.66,0,55497,credit_card,OWN,1,4,1,46.52,1,635,0.072821,MEDIUM,APPROVED,0,0,600-700,<50K
CD001316,2025-04-19 15:50:53,705,22744,38.78,2,32752,debt_consolidation,OWN,0,0,0,59.38,1,655,0.052858,MEDIUM,APPROVED,1,150,600-700,<50K
CD001317,2025-03-13 05:01:33,633,71531,31.2,6,33852,major_purchase,RENT,0,0,0,8.3,3,556,0.421264,VERY_HIGH,DECLINED,0,0,<600,50-75K
CD001318,2025-01-14 06:47:46,725,31050,14.59,18,52492,debt_consolidation,OWN,0,0,0,44.74,2,679,0.0266,LOW,APPROVED,0,0,600-700,<50K
CD001319,2025-02-04 08:36:27,593,46011,24.15,15,19226,debt_consolidation,MORTGAGE,1,3,31,64.81,1,483,0.847049,VERY_HIGH,DECLINED,1,90,<600,<50K
CD001320,2025-06-14 21:26:58,624,75185,25.74,1,38989,home_improvement,MORTGAGE,0,0,0,41.42,0,687,0.024717,LOW,APPROVED,1,60,600-700,75-100K
CD001321,2025-04-08 10:35:00,581,73646,25.24,1,13054,home_improvement,MORTGAGE,0,0,0,51.76,0,613,0.172325,HIGH,APPROVED,0,0,600-700,50-75K
CD001322,2025-05-22 05:32:53,624,191719,20.34,13,17641,debt_consolidation,OTHER,0,0,0,40.11,3,630,0.103271,HIGH,APPROVED,0,0,600-700,100K+
CD001323,2025-06-17 13:00:58,759,72462,26.32,9,9022,debt_consolidation,RENT,0,0,0,47.31,2,686,0.018893,LOW,APPROVED,0,0,600-700,50-75K
CD001324,2025-06-15 03:01:27,707,53134,38.64,20,38827,debt_consolidation,RENT,2,6,25,48.58,1,693,0.029056,LOW,APPROVED,1,150,600-700,50-75K
CD001325,2025-05-31 09:16:27,661,38548,36.36,4,16127,debt_consolidation,RENT,0,0,0,0.0,0,620,0.123753,HIGH,APPROVED,0,0,600-700,<50K
CD001326,2025-03-25 08:43:02,641,21204,16.08,4,22777,home_improvement,MORTGAGE,2,5,19,100.0,3,591,0.160172,HIGH,DECLINED,1,120,<600,<50K
CD001327,2025-06-18 14:11:09,738,44203,28.4,5,20569,debt_consolidation,MORTGAGE,3,5,22,35.07,2,636,0.091923,MEDIUM,DECLINED,0,0,600-700,<50K
CD001328,2025-01-30 20:50:02,668,53291,48.97,4,21339,home_improvement,MORTGAGE,2,3,46,80.33,0,579,0.300043,HIGH,DECLINED,1,60,<600,50-75K
CD001329,2025-05-02 10:07:29,620,130286,34.59,4,9554,other,MORTGAGE,0,0,0,100.0,2,552,0.496916,VERY_HIGH,DECLINED,0,0,<600,100K+
CD001330,2025-06-08 17:09:56,759,47622,34.88,10,35289,credit_card,OTHER,2,4,43,81.31,2,608,0.209004,HIGH,APPROVED,1,90,600-700,<50K
CD001331,2025-02-28 01:17:17,602,26847,30.59,2,9435,debt_consolidation,MORTGAGE,2,4,59,84.76,3,544,0.511091,VERY_HIGH,DECLINED,1,150,<600,<50K
CD001332,2025-04-13 11:24:50,685,62171,29.12,0,11990,debt_consolidation,MORTGAGE,0,0,0,78.46,0,673,0.02646,LOW,APPROVED,0,0,600-700,50-75K
CD001333,2025-02-17 02:50:31,709,57104,38.52,6,17182,other,RENT,1,3,17,94.57,2,628,0.122024,HIGH,DECLINED,0,0,600-700,50-75K
CD001334,2025-04-15 15:41:04,727,74864,10.62,0,29204,major_purchase,OWN,1,4,25,57.05,1,668,0.031784,MEDIUM,APPROVED,0,0,600-700,50-75K
CD001335,2025-03-05 21:43:45,782,58046,33.0,17,37239,major_purchase,RENT,1,4,3,54.92,2,663,0.039193,MEDIUM,APPROVED,0,0,600-700,50-75K
CD001336,2025-04-23 05:28:09,720,38079,31.86,7,25885,debt_consolidation,RENT,0,0,0,45.32,2,634,0.095321,HIGH,APPROVED,0,0,600-700,<50K
CD001337,2025-01-11 09:40:35,636,27339,14.06,1,17107,home_improvement,RENT,5,2,6,5.81,1,604,0.152731,HIGH,APPROVED,0,0,600-700,<50K
CD001338,2025-05-07 04:45:08,737,46423,31.04,1,14398,debt_consolidation,RENT,3,6,27,34.09,0,595,0.182386,HIGH,APPROVED,0,60,<600,<50K
CD001339,2025-01-24 04:14:55,690,49634,16.3,15,21906,debt_consolidation,RENT,1,2,14,74.72,2,730,0.010518,LOW,APPROVED,0,0,700-800,<50K
CD001340,2025-06-21 10:32:40,607,59748,28.75,1,46655,major_purchase,MORTGAGE,1,4,25,70.88,3,526,0.618376,VERY_HIGH,DECLINED,1,60,<600,50-75K
CD001341,2025-01-25 20:01:02,614,100958,31.71,6,21079,debt_consolidation,RENT,1,5,47,62.7,3,539,0.557994,VERY_HIGH,DECLINED,1,150,<600,100K+
CD001342,2025-02-15 06:28:47,629,48219,41.08,5,20354,major_purchase,OWN,1,4,4,31.11,0,574,0.29048,HIGH,DECLINED,1,90,<600,<50K
CD001343,2025-04-19 17:17:38,555,40626,20.36,2,73744,debt_consolidation,RENT,0,0,0,80.56,1,556,0.409036,HIGH,DECLINED,1,120,<600,<50K
CD001344,2025-06-24 14:55:22,696,18000,32.57,3,83825,debt_consolidation,RENT,1,2,1,60.48,2,613,0.122278,HIGH,DECLINED,0,0,600-700,<50K
CD001345,2025-04-11 13:44:46,703,75644,29.15,3,69635,debt_consolidation,RENT,0,0,0,38.56,1,683,0.026101,LOW,APPROVED,0,0,600-700,75-100K
CD001346,2025-05-29 20:05:46,699,29937,22.75,10,17328,debt_consolidation,RENT,1,4,17,62.11,3,655,0.048483,MEDIUM,APPROVED,0,0,600-700,<50K
CD001347,2025-05-19 08:47:25,627,45011,19.47,2,12978,debt_consolidation,MORTGAGE,1,2,40,43.86,2,554,0.419013,VERY_HIGH,DECLINED,1,120,<600,<50K
CD001348,2025-03-16 05:57:15,669,35220,18.29,0,26293,credit_card,MORTGAGE,1,3,48,59.4,1,659,0.038972,MEDIUM,APPROVED,0,0,600-700,<50K
CD001349,2025-05-01 16:34:35,738,56544,27.68,2,21145,credit_card,RENT,1,5,25,43.43,2,785,0.00333,LOW,APPROVED,0,0,700-800,50-75K
CD001350,2025-01-18 20:59:18,693,46309,27.97,0,24829,debt_consolidation,MORTGAGE,0,0,0,61.31,2,574,0.368234,HIGH,DECLINED,0,0,<600,<50K
CD001351,2025-05-24 01:05:29,664,46445,24.11,2,59331,credit_card,OWN,0,0,0,59.81,3,537,0.48901,VERY_HIGH,APPROVED,0,60,<600,<50K
CD001352,2025-06-08 08:52:59,632,37176,38.84,2,24890,debt_consolidation,RENT,0,0,0,26.95,4,555,0.335173,HIGH,DECLINED,1,150,<600,<50K
CD001353,2025-06-22 05:56:31,670,75598,29.97,4,24109,debt_consolidation,RENT,0,0,0,69.43,0,734,0.007949,LOW,APPROVED,0,0,700-800,75-100K
CD001354,2025-01-08 21:01:18,742,30927,24.53,10,13056,credit_card,MORTGAGE,0,0,0,63.23,1,741,0.005473,LOW,APPROVED,0,0,700-800,<50K
CD001355,2025-03-04 04:55:38,673,43445,19.02,11,11123,credit_card,MORTGAGE,0,0,0,56.2,2,662,0.035898,MEDIUM,DECLINED,0,0,600-700,<50K
CD001356,2025-03-21 04:35:39,798,94147,33.57,3,32488,home_improvement,MORTGAGE,1,2,37,40.43,1,692,0.022253,LOW,APPROVED,0,0,600-700,75-100K
CD001357,2025-03-23 15:11:13,805,32411,10.13,1,30477,debt_consolidation,RENT,1,3,40,73.69,1,698,0.01371,LOW,APPROVED,0,0,600-700,<50K
CD001358,2025-03-16 11:58:03,711,144735,29.15,16,9149,home_improvement,OWN,1,2,53,68.03,1,730,0.010994,LOW,APPROVED,0,0,700-800,100K+
CD001359,2025-03-31 11:17:10,583,45887,43.56,1,27346,major_purchase,RENT,0,0,0,77.85,2,428,0.952008,VERY_HIGH,DECLINED,1,90,<600,<50K
CD001360,2025-03-21 01:42:21,658,102649,20.72,1,21329,debt_consolidation,OWN,0,0,0,86.22,0,665,0.028959,LOW,DECLINED,0,0,600-700,100K+
CD001361,2025-04-07 00:40:06,742,128330,31.76,4,31136,debt_consolidation,MORTGAGE,1,2,7,67.83,1,688,0.014179,LOW,APPROVED,0,0,600-700,100K+
CD001362,2025-01-28 11:39:33,641,52660,22.8,0,17966,credit_card,MORTGAGE,1,4,6,90.49,1,627,0.14458,HIGH,DECLINED,1,90,600-700,50-75K
CD001363,2025-02-22 08:39:04,634,65749,30.34,3,11290,other,MORTGAGE,0,0,0,86.62,0,537,0.499877,VERY_HIGH,DECLINED,0,0,<600,50-75K
CD001364,2025-04-12 10:52:47,673,107312,30.94,7,21898,debt_consolidation,MORTGAGE,1,8,14,63.94,0,635,0.073837,MEDIUM,APPROVED,0,0,600-700,100K+
CD001365,2025-04-03 11:21:31,819,73463,30.86,4,72822,other,MORTGAGE,0,0,0,48.44,0,825,0.000634,LOW,APPROVED,0,0,800+,50-75K
CD001366,2025-03-26 04:34:10,646,184507,24.0,2,14731,home_improvement,RENT,2,1,46,65.45,4,643,0.053223,MEDIUM,APPROVED,0,0,600-700,100K+
CD001367,2025-03-06 04:33:42,565,85748,22.63,11,49426,other,OWN,1,4,44,53.14,6,465,0.845776,VERY_HIGH,DECLINED,1,120,<600,75-100K
CD001368,2025-03-10 07:11:15,687,51998,28.44,35,38209,credit_card,RENT,2,6,6,26.91,2,665,0.032234,MEDIUM,APPROVED,0,0,600-700,50-75K
CD001369,2025-05-11 02:23:43,693,97017,28.47,0,40762,other,OWN,2,3,4,59.74,0,685,0.024324,LOW,APPROVED,0,0,600-700,75-100K
CD001370,2025-05-16 07:35:54,712,61027,27.0,1,9714,debt_consolidation,MORTGAGE,0,0,0,89.5,1,662,0.041744,MEDIUM,APPROVED,1,120,600-700,50-75K
CD001371,2025-01-17 20:14:41,676,136719,30.64,3,43477,other,RENT,1,5,16,15.29,2,616,0.103324,HIGH,APPROVED,0,0,600-700,100K+
CD001372,2025-05-14 22:57:00,690,29495,24.77,5,49577,home_improvement,RENT,1,3,46,39.85,0,647,0.055333,MEDIUM,APPROVED,0,0,600-700,<50K
CD001373,2025-05-22 21:51:39,646,125133,9.05,3,9171,major_purchase,MORTGAGE,1,2,54,77.59,1,680,0.038216,MEDIUM,APPROVED,1,120,600-700,100K+
CD001374,2025-02-21 15:27:46,724,150229,26.2,5,31327,credit_card,RENT,0,0,0,63.58,1,727,0.010159,LOW,APPROVED,0,0,700-800,100K+
CD001375,2025-02-21 15:36:46,670,122151,22.64,10,8586,credit_card,MORTGAGE,1,9,5,97.64,0,601,0.163737,HIGH,DECLINED,1,90,600-700,100K+
CD001376,2025-05-10 23:37:36,700,59426,33.69,18,15541,credit_card,RENT,1,0,34,54.21,1,606,0.168309,HIGH,APPROVED,0,0,600-700,50-75K
CD001377,2025-03-06 04:14:43,631,22043,1.0,4,21948,debt_consolidation,RENT,1,0,56,47.28,1,545,0.477124,VERY_HIGH,DECLINED,0,0,<600,<50K
CD001378,2025-03-30 05:15:07,748,38745,31.87,4,24163,debt_consolidation,MORTGAGE,0,0,0,24.52,1,740,0.006307,LOW,APPROVED,1,60,700-800,<50K
CD001379,2025-06-27 03:16:37,685,57076,30.39,2,40359,debt_consolidation,OWN,1,2,35,100.0,0,758,0.005999,LOW,APPROVED,0,0,700-800,50-75K
CD001380,2025-03-20 07:47:24,648,111904,18.79,3,22302,credit_card,RENT,0,0,0,69.71,0,678,0.024507,LOW,APPROVED,0,0,600-700,100K+
CD001381,2025-02-27 21:44:54,674,62724,13.16,20,24491,credit_card,OWN,1,5,23,58.29,2,587,0.260598,HIGH,DECLINED,0,0,<600,50-75K
CD001382,2025-03-25 16:14:02,611,43444,29.06,4,59068,debt_consolidation,RENT,2,8,19,50.71,2,555,0.429418,VERY_HIGH,DECLINED,0,0,<600,<50K
CD001383,2025-06-18 03:38:08,638,66761,23.49,0,17924,debt_consolidation,MORTGAGE,1,1,17,78.08,1,573,0.326701,HIGH,DECLINED,0,0,<600,50-75K
CD001384,2025-03-15 07:30:33,717,109450,9.31,0,27977,home_improvement,MORTGAGE,0,0,0,71.92,0,796,0.001277,LOW,APPROVED,0,0,700-800,100K+
CD001385,2025-05-22 06:47:28,705,47691,14.12,4,23102,debt_consolidation,RENT,2,2,37,65.24,4,604,0.134849,HIGH,APPROVED,0,0,600-700,<50K
CD001386,2025-06-17 15:43:34,717,59948,24.15,3,37843,debt_consolidation,RENT,1,1,34,84.36,2,586,0.211585,HIGH,DECLINED,0,0,<600,50-75K
CD001387,2025-04-05 07:33:59,710,65273,18.91,5,36305,credit_card,RENT,0,0,0,53.71,0,657,0.027864,LOW,APPROVED,0,0,600-700,50-75K
CD001388,2025-05-15 19:27:29,656,72393,51.23,3,23412,debt_consolidation,MORTGAGE,2,4,45,59.15,3,582,0.207921,HIGH,APPROVED,1,60,<600,50-75K
CD001389,2025-04-16 13:56:31,677,86768,37.49,2,11739,debt_consolidation,OTHER,0,0,0,31.22,2,595,0.183326,HIGH,APPROVED,0,0,<600,75-100K
CD001390,2025-03-30 16:53:16,775,100430,26.93,13,21515,debt_consolidation,MORTGAGE,0,0,0,68.18,3,718,0.011956,LOW,APPROVED,0,0,700-800,100K+
CD001391,2025-06-17 15:56:08,665,28020,36.41,4,41884,home_improvement,RENT,2,4,53,87.26,0,615,0.155071,HIGH,APPROVED,1,90,600-700,<50K
CD001392,2025-05-15 12:43:47,587,73622,25.03,1,22181,debt_consolidation,MORTGAGE,1,3,38,27.62,1,472,0.864554,VERY_HIGH,DECLINED,1,90,<600,50-75K
CD001393,2025-03-05 04:04:24,670,54951,46.18,8,12659,debt_consolidation,RENT,1,4,27,8.48,2,590,0.197646,HIGH,APPROVED,1,120,<600,50-75K
CD001394,2025-01-14 09:01:55,648,38228,36.7,4,7981,other,MORTGAGE,2,5,56,79.84,0,584,0.198897,HIGH,DECLINED,0,0,<600,<50K
CD001395,2025-04-13 20:53:24,665,64029,26.38,7,19656,major_purchase,MORTGAGE,0,0,0,30.06,0,616,0.086699,MEDIUM,DECLINED,0,0,600-700,50-75K
CD001396,2025-04-07 23:44:09,671,58570,13.63,4,12089,debt_consolidation,RENT,0,0,0,34.24,2,661,0.043938,MEDIUM,APPROVED,0,0,600-700,50-75K
CD001397,2025-01-29 17:28:23,614,51357,32.39,8,38468,credit_card,MORTGAGE,0,0,0,73.14,2,575,0.333603,HIGH,APPROVED,0,30,<600,50-75K
CD001398,2025-04-19 05:31:22,693,73465,7.46,6,13235,credit_card,OWN,2,2,12,12.74,1,686,0.022313,LOW,APPROVED,0,0,600-700,50-75K
CD001399,2025-02-26 05:08:55,661,50153,34.28,6,12537,debt_consolidation,RENT,0,0,0,67.92,0,566,0.292126,HIGH,DECLINED,0,0,<600,50-75K
CD001400,2025-04-18 14:26:44,702,65484,19.25,1,9415,major_purchase,OTHER,1,3,44,31.85,2,681,0.019626,LOW,DECLINED,0,60,600-700,50-75K
CD001401,2025-04-23 23:03:28,631,60057,51.94,6,18171,debt_consolidation,RENT,1,4,24,97.18,0,497,0.831312,VERY_HIGH,DECLINED,1,60,<600,50-75K
CD001402,2025-02-18 23:19:53,615,58530,25.22,4,7710,home_improvement,RENT,0,0,0,50.04,2,681,0.02846,LOW,APPROVED,0,0,600-700,50-75K
CD001403,2025-05-06 21:09:19,645,55963,21.0,2,13183,debt_consolidation,RENT,1,4,46,57.64,2,575,0.275091,HIGH,DECLINED,0,0,<600,50-75K
CD001404,2025-04-27 10:05:45,760,48607,42.8,6,20830,credit_card,MORTGAGE,2,6,46,70.66,0,628,0.119849,HIGH,DECLINED,0,0,600-700,<50K
CD001405,2025-04-04 11:51:01,570,101825,28.96,7,12385,credit_card,RENT,0,0,0,44.4,4,552,0.447937,VERY_HIGH,DECLINED,1,90,<600,100K+
CD001406,2025-05-19 05:39:47,729,75991,26.94,10,15466,other,RENT,0,0,0,23.49,1,678,0.01858,LOW,APPROVED,0,0,600-700,75-100K
CD001407,2025-04-03 19:57:14,666,66756,11.2,4,10159,debt_consolidation,MORTGAGE,0,0,0,78.47,1,704,0.015093,LOW,APPROVED,0,0,700-800,50-75K
CD001408,2025-05-19 15:29:54,732,83486,21.37,1,26699,debt_consolidation,RENT,2,2,23,36.2,2,696,0.018803,LOW,APPROVED,0,0,600-700,75-100K
CD001409,2025-02-05 23:24:14,647,42752,30.6,15,18670,major_purchase,RENT,1,4,36,33.42,0,656,0.066614,MEDIUM,APPROVED,0,0,600-700,<50K
CD001410,2025-02-11 00:19:59,690,110658,42.22,6,20624,major_purchase,OTHER,1,4,10,26.53,1,713,0.009338,LOW,APPROVED,0,0,700-800,100K+
CD001411,2025-04-30 08:46:10,688,27001,36.47,5,35513,debt_consolidation,RENT,0,0,0,45.92,0,660,0.053082,MEDIUM,APPROVED,0,0,600-700,<50K
CD001412,2025-04-08 19:54:25,785,48768,29.93,1,28409,other,OWN,0,0,0,48.89,1,746,0.005685,LOW,APPROVED,0,0,700-800,<50K
CD001413,2025-04-28 16:44:45,661,26336,28.97,11,48365,major_purchase,MORTGAGE,0,0,0,59.44,3,552,0.458087,VERY_HIGH,DECLINED,0,0,<600,<50K
CD001414,2025-03-11 21:45:03,681,43756,36.25,2,13231,credit_card,MORTGAGE,1,5,34,36.77,1,559,0.395098,HIGH,DECLINED,0,0,<600,<50K
CD001415,2025-01-07 10:02:45,626,66397,31.02,1,13012,debt_consolidation,OWN,1,6,21,49.91,0,535,0.54771,VERY_HIGH,APPROVED,1,90,<600,50-75K
CD001416,2025-03-09 11:53:36,684,57701,24.82,3,15691,other,MORTGAGE,2,5,28,56.97,1,657,0.045545,MEDIUM,APPROVED,0,0,600-700,50-75K
CD001417,2025-05-19 23:15:37,627,140358,14.24,3,25851,debt_consolidation,MORTGAGE,1,3,53,65.06,2,604,0.171337,HIGH,DECLINED,1,150,600-700,100K+
CD001418,2025-04-13 03:06:47,661,62916,29.22,21,27100,debt_consolidation,MORTGAGE,2,6,44,69.97,1,596,0.227831,HIGH,APPROVED,1,90,<600,50-75K
CD001419,2025-01-09 10:40:48,689,69186,21.36,17,22442,home_improvement,RENT,1,3,18,17.19,0,694,0.017785,LOW,DECLINED,0,0,600-700,50-75K
CD001420,2025-01-09 01:32:37,698,54658,21.13,3,25610,credit_card,RENT,0,0,0,40.94,1,676,0.024809,LOW,APPROVED,0,0,600-700,50-75K
CD001421,2025-05-28 13:35:41,618,35493,24.68,4,16947,credit_card,MORTGAGE,2,6,45,58.75,1,537,0.507711,VERY_HIGH,DECLINED,0,0,<600,<50K
CD001422,2025-06-23 22:09:20,619,80622,17.63,8,48796,major_purchase,MORTGAGE,1,5,21,60.57,1,641,0.064557,MEDIUM,APPROVED,0,0,600-700,75-100K
CD001423,2025-01-04 04:44:36,732,107306,38.62,8,45579,home_improvement,RENT,0,0,0,7.58,3,666,0.034895,MEDIUM,APPROVED,0,0,600-700,100K+
CD001424,2025-01-31 19:11:49,639,32995,30.5,3,19071,home_improvement,RENT,0,0,0,78.85,0,642,0.067588,MEDIUM,APPROVED,1,90,600-700,<50K
CD001425,2025-01-30 18:36:17,678,23444,27.05,15,12398,other,MORTGAGE,0,0,0,38.47,1,667,0.024896,LOW,APPROVED,0,0,600-700,<50K
CD001426,2025-02-07 09:48:45,652,25384,11.55,1,17891,credit_card,RENT,0,0,0,92.49,1,651,0.058316,MEDIUM,APPROVED,1,120,600-700,<50K
CD001427,2025-02-13 12:47:48,581,48454,28.75,3,8448,home_improvement,RENT,1,1,48,71.22,0,532,0.687243,VERY_HIGH,DECLINED,1,90,<600,<50K
CD001428,2025-05-24 14:47:46,662,63656,32.09,2,13089,credit_card,OWN,0,0,0,22.98,3,676,0.036131,MEDIUM,APPROVED,0,0,600-700,50-75K
CD001429,2025-05-22 03:22:28,661,76346,11.27,1,6373,credit_card,MORTGAGE,0,0,0,26.26,2,743,0.004362,LOW,APPROVED,0,0,700-800,75-100K
CD001430,2025-05-24 10:19:15,765,19985,14.46,10,7795,home_improvement,OWN,1,2,10,24.18,1,731,0.004705,LOW,APPROVED,0,0,700-800,<50K
CD001431,2025-01-30 17:01:21,563,27408,24.85,1,8810,credit_card,RENT,0,0,0,60.66,1,521,0.620112,VERY_HIGH,DECLINED,0,0,<600,<50K
CD001432,2025-05-10 16:16:57,639,59694,37.18,5,9699,debt_consolidation,MORTGAGE,1,5,15,40.85,1,667,0.033344,MEDIUM,APPROVED,1,120,600-700,50-75K
CD001433,2025-03-06 01:30:54,702,68217,53.47,11,7695,debt_consolidation,OWN,1,2,13,3.74,0,655,0.049299,MEDIUM,APPROVED,0,0,600-700,50-75K
CD001434,2025-05-06 02:55:40,638,46650,38.67,9,27907,debt_consolidation,MORTGAGE,2,3,41,74.61,1,521,0.578035,VERY_HIGH,DECLINED,1,90,<600,<50K
CD001435,2025-06-14 13:56:10,550,42814,20.77,2,12326,other,RENT,2,2,27,28.5,0,523,0.566919,VERY_HIGH,DECLINED,1,90,<600,<50K
CD001436,2025-04-25 10:52:28,702,69549,27.54,3,4288,other,MORTGAGE,1,4,49,78.2,3,665,0.044669,MEDIUM,DECLINED,1,90,600-700,50-75K
CD001437,2025-05-22 20:35:37,677,41044,49.05,28,18545,credit_card,MORTGAGE,1,6,24,66.78,2,554,0.403933,HIGH,DECLINED,1,90,<600,<50K
CD001438,2025-01-19 06:01:22,621,25921,33.5,5,48777,debt_consolidation,RENT,0,0,0,98.52,2,537,0.601194,VERY_HIGH,DECLINED,1,90,<600,<50K
CD001439,2025-06-27 21:29:33,613,104912,33.16,3,21754,debt_consolidation,RENT,1,5,50,15.92,0,621,0.087033,MEDIUM,APPROVED,0,0,600-700,100K+
CD001440,2025-04-26 08:10:18,630,85254,32.03,0,11916,home_improvement,MORTGAGE,1,4,37,73.43,0,638,0.049586,MEDIUM,APPROVED,1,60,600-700,75-100K
CD001441,2025-02-03 09:44:55,678,47932,24.75,4,30101,debt_consolidation,MORTGAGE,0,0,0,34.9,0,699,0.017757,LOW,APPROVED,0,0,600-700,<50K
CD001442,2025-06-23 04:54:07,658,53612,7.45,2,23628,credit_card,MORTGAGE,1,3,16,69.34,1,610,0.113947,HIGH,APPROVED,0,0,600-700,50-75K
CD001443,2025-06-14 06:14:46,631,38691,17.27,12,38268,home_improvement,MORTGAGE,0,0,0,48.63,0,657,0.038355,MEDIUM,APPROVED,1,150,600-700,<50K
CD001444,2025-04-19 17:48:40,686,118197,21.65,4,59222,major_purchase,MORTGAGE,1,3,17,57.75,0,661,0.04961,MEDIUM,APPROVED,1,120,600-700,100K+
CD001445,2025-01-22 19:36:57,724,70634,32.57,6,11294,credit_card,OWN,0,0,0,44.46,0,631,0.079796,MEDIUM,APPROVED,0,0,600-700,50-75K
CD001446,2025-06-27 12:13:28,634,89225,32.18,16,8190,debt_consolidation,MORTGAGE,0,0,0,74.85,0,635,0.095089,HIGH,DECLINED,0,0,600-700,75-100K
CD001447,2025-06-07 12:51:55,753,51188,29.83,13,21555,other,MORTGAGE,0,0,0,27.51,2,684,0.019868,LOW,APPROVED,0,0,600-700,50-75K
CD001448,2025-04-04 04:52:40,669,35296,23.84,0,13823,other,MORTGAGE,2,4,31,54.8,1,617,0.126203,HIGH,DECLINED,1,60,600-700,<50K
CD001449,2025-05-20 14:39:09,700,157574,39.5,2,15521,other,MORTGAGE,1,2,28,28.52,3,653,0.057457,MEDIUM,APPROVED,0,0,600-700,100K+
CD001450,2025-03-09 03:02:48,690,68818,33.17,2,35136,debt_consolidation,MORTGAGE,2,5,38,52.19,3,547,0.530616,VERY_HIGH,DECLINED,0,0,<600,50-75K
CD001451,2025-05-18 19:47:12,694,91644,29.63,5,24912,debt_consolidation,MORTGAGE,0,0,0,49.18,3,739,0.006808,LOW,APPROVED,0,0,700-800,75-100K
CD001452,2025-05-12 04:22:11,680,107119,21.93,7,13190,home_improvement,RENT,2,4,13,30.0,2,667,0.032787,MEDIUM,APPROVED,0,0,600-700,100K+
CD001453,2025-01-07 12:42:16,543,136816,29.29,15,5168,credit_card,RENT,1,4,33,48.46,0,555,0.391131,HIGH,DECLINED,1,150,<600,100K+
CD001454,2025-06-21 17:40:07,615,73151,34.57,3,32172,major_purchase,RENT,3,3,21,23.55,3,573,0.357443,HIGH,DECLINED,1,60,<600,50-75K
CD001455,2025-02-17 05:13:29,714,28990,35.38,13,14581,debt_consolidation,MORTGAGE,1,4,36,27.9,3,640,0.091258,MEDIUM,APPROVED,0,0,600-700,<50K
CD001456,2025-03-08 10:30:46,609,74279,26.29,4,21648,home_improvement,MORTGAGE,0,0,0,39.64,3,660,0.054575,MEDIUM,APPROVED,1,90,600-700,50-75K
CD001457,2025-01-25 03:34:34,672,45213,32.1,10,26652,credit_card,RENT,0,0,0,30.43,3,695,0.012402,LOW,APPROVED,0,0,600-700,<50K
CD001458,2025-06-14 19:24:17,581,51680,26.77,17,15544,major_purchase,RENT,0,0,0,68.87,2,521,0.534271,VERY_HIGH,DECLINED,0,0,<600,50-75K
CD001459,2025-02-26 08:25:38,632,93507,34.32,4,11430,other,MORTGAGE,3,3,51,59.81,1,502,0.746091,VERY_HIGH,DECLINED,0,0,<600,75-100K
CD001460,2025-06-05 18:36:22,750,65580,25.83,1,16463,debt_consolidation,MORTGAGE,2,2,57,53.59,1,629,0.072466,MEDIUM,APPROVED,0,0,600-700,50-75K
CD001461,2025-05-13 16:17:00,679,50706,46.28,7,9091,credit_card,RENT,0,0,0,49.11,3,613,0.119796,HIGH,APPROVED,0,0,600-700,50-75K
CD001462,2025-02-15 09:32:34,618,54753,42.78,4,23935,debt_consolidation,MORTGAGE,1,3,42,32.1,2,501,0.747484,VERY_HIGH,DECLINED,1,90,<600,50-75K
CD001463,2025-02-23 09:13:05,631,71947,17.93,0,24416,other,MORTGAGE,3,6,33,30.56,3,508,0.69049,VERY_HIGH,DECLINED,1,90,<600,50-75K
CD001464,2025-02-05 10:32:43,573,108639,30.54,3,20331,debt_consolidation,RENT,3,5,25,72.73,2,557,0.411012,HIGH,DECLINED,1,150,<600,100K+
CD001465,2025-06-27 00:17:42,690,104275,33.55,19,5543,credit_card,OWN,1,3,7,64.04,0,647,0.088141,MEDIUM,APPROVED,0,0,600-700,100K+
CD001466,2025-01-06 03:36:02,652,30612,35.95,4,13795,major_purchase,OWN,0,0,0,68.82,0,608,0.117747,HIGH,APPROVED,1,150,600-700,<50K
CD001467,2025-01-18 11:53:53,705,73666,14.9,3,28963,debt_consolidation,OWN,1,6,35,35.6,3,701,0.015518,LOW,APPROVED,0,30,700-800,50-75K
CD001468,2025-04-11 10:29:01,708,67293,19.79,9,54474,other,MORTGAGE,2,3,26,46.54,3,654,0.041703,MEDIUM,APPROVED,0,0,600-700,50-75K
CD001469,2025-06-10 11:24:30,648,80573,36.47,11,22738,home_improvement,MORTGAGE,2,3,44,99.55,0,530,0.552141,VERY_HIGH,DECLINED,0,30,<600,75-100K
CD001470,2025-02-21 10:15:28,612,80698,31.17,5,7284,debt_consolidation,RENT,1,4,1,42.52,4,562,0.304306,HIGH,APPROVED,1,90,<600,75-100K
CD001471,2025-01-31 03:45:05,598,77309,41.43,8,15051,credit_card,MORTGAGE,1,4,4,53.49,4,399,0.979462,VERY_HIGH,DECLINED,1,60,<600,75-100K
CD001472,2025-04-21 18:53:26,642,91924,39.09,0,9100,credit_card,OWN,1,7,25,61.28,3,528,0.566078,VERY_HIGH,APPROVED,1,60,<600,75-100K
CD001473,2025-05-12 15:00:45,665,64406,20.79,3,5593,other,RENT,2,6,49,92.15,0,641,0.101497,HIGH,APPROVED,0,0,600-700,50-75K
CD001474,2025-02-02 09:08:58,739,100214,28.75,1,23007,debt_consolidation,RENT,0,0,0,48.64,1,790,0.001889,LOW,APPROVED,0,0,700-800,100K+
CD001475,2025-05-02 13:51:23,611,141111,23.98,1,15346,credit_card,MORTGAGE,0,0,0,53.01,2,516,0.572082,VERY_HIGH,DECLINED,0,0,<600,100K+
CD001476,2025-02-21 20:48:00,688,49436,31.73,6,16885,major_purchase,MORTGAGE,2,5,7,64.47,3,601,0.200457,HIGH,APPROVED,0,0,600-700,<50K
CD001477,2025-03-20 09:06:04,606,34459,44.65,6,85559,home_improvement,MORTGAGE,0,0,0,79.94,2,432,0.943849,VERY_HIGH,DECLINED,0,0,<600,<50K
CD001478,2025-04-19 19:05:18,632,50634,26.61,3,29665,credit_card,MORTGAGE,0,0,0,73.3,0,549,0.436979,VERY_HIGH,DECLINED,1,90,<600,50-75K
CD001479,2025-02-19 04:13:52,705,58039,38.33,2,9607,credit_card,OWN,1,2,2,87.49,5,652,0.069258,MEDIUM,APPROVED,0,0,600-700,50-75K
CD001480,2025-05-20 10:03:50,691,51498,32.16,0,10071,other,OTHER,1,5,13,84.75,1,687,0.037783,MEDIUM,APPROVED,0,0,600-700,50-75K
CD001481,2025-04-16 00:47:06,634,39241,31.92,5,30262,major_purchase,RENT,1,4,15,57.1,1,525,0.536224,VERY_HIGH,DECLINED,1,90,<600,<50K
CD001482,2025-01-29 18:00:49,627,43989,29.15,4,13379,home_improvement,MORTGAGE,1,3,15,73.0,1,592,0.171403,HIGH,APPROVED,0,0,<600,<50K
CD001483,2025-02-05 18:52:26,723,80792,28.65,7,31035,major_purchase,MORTGAGE,0,0,0,35.51,2,704,0.011411,LOW,APPROVED,0,0,700-800,75-100K
CD001484,2025-03-25 23:27:38,653,88947,35.18,11,8217,credit_card,RENT,1,2,32,48.23,2,577,0.311724,HIGH,DECLINED,0,0,<600,75-100K
CD001485,2025-02-22 03:40:35,646,39303,24.43,1,14532,major_purchase,OWN,0,0,0,24.22,1,623,0.091703,MEDIUM,APPROVED,0,30,600-700,<50K
CD001486,2025-03-04 14:52:49,605,53553,35.42,1,25766,other,RENT,0,0,0,63.01,0,574,0.348219,HIGH,DECLINED,1,90,<600,50-75K
CD001487,2025-03-01 16:24:05,800,30599,29.7,0,9259,credit_card,RENT,0,0,0,41.18,1,742,0.002798,LOW,APPROVED,0,0,700-800,<50K
CD001488,2025-04-07 18:16:46,764,41980,20.77,0,9611,home_improvement,RENT,1,6,57,70.59,2,618,0.094636,HIGH,APPROVED,0,0,600-700,<50K
CD001489,2025-06-13 17:21:47,692,61962,18.89,4,35891,other,MORTGAGE,0,0,0,58.32,0,681,0.03107,MEDIUM,APPROVED,0,30,600-700,50-75K
CD001490,2025-06-05 09:40:09,785,47904,39.94,9,60597,home_improvement,MORTGAGE,2,6,59,85.76,1,630,0.117797,HIGH,APPROVED,0,0,600-700,<50K
CD001491,2025-02-27 20:11:57,691,55029,14.86,1,22966,debt_consolidation,MORTGAGE,0,0,0,63.96,1,681,0.018592,LOW,APPROVED,0,0,600-700,50-75K
CD001492,2025-06-03 12:42:26,646,30920,32.73,3,11333,debt_consolidation,RENT,1,3,47,36.22,1,486,0.753094,VERY_HIGH,DECLINED,0,0,<600,<50K
CD001493,2025-04-13 20:39:21,694,52224,59.99,1,16407,credit_card,MORTGAGE,1,2,45,66.97,0,569,0.30543,HIGH,DECLINED,0,0,<600,50-75K
CD001494,2025-04-20 14:29:56,743,27128,18.45,3,12742,debt_consolidation,MORTGAGE,2,3,29,48.98,3,681,0.022146,LOW,APPROVED,0,0,600-700,<50K
CD001495,2025-06-07 17:37:53,604,57014,32.42,7,32532,debt_consolidation,MORTGAGE,0,0,0,52.03,2,488,0.785588,VERY_HIGH,DECLINED,1,90,<600,50-75K
CD001496,2025-01-17 09:07:08,734,55769,16.08,7,10476,home_improvement,MORTGAGE,0,0,0,72.39,1,714,0.0088,LOW,APPROVED,0,0,700-800,50-75K
CD001497,2025-03-04 18:20:30,731,38276,33.74,11,41312,debt_consolidation,MORTGAGE,1,3,16,47.13,2,711,0.022228,LOW,DECLINED,0,0,700-800,<50K
CD001498,2025-05-06 05:59:53,749,51941,34.48,1,14413,credit_card,RENT,0,0,0,76.91,1,697,0.021643,LOW,APPROVED,0,0,600-700,50-75K
CD001499,2025-03-11 15:07:35,693,63547,30.91,1,42455,debt_consolidation,RENT,2,6,9,11.61,0,648,0.047421,MEDIUM,APPROVED,0,0,600-700,50-75K
CD001500,2025-05-23 14:00:17,728,69840,34.61,6,21747,other,OWN,0,0,0,26.81,1,564,0.316189,HIGH,DECLINED,0,0,<600,50-75K
CD001501,2025-03-02 10:26:13,573,146710,19.11,5,20569,home_improvement,RENT,0,0,0,21.07,1,644,0.063761,MEDIUM,APPROVED,0,0,600-700,100K+
CD001502,2025-06-25 11:20:43,665,118854,28.96,9,13213,debt_consolidation,MORTGAGE,1,6,23,32.04,0,774,0.002593,LOW,APPROVED,0,0,700-800,100K+
CD001503,2025-04-03 19:06:35,724,47860,18.81,25,8702,home_improvement,MORTGAGE,1,4,48,74.59,1,729,0.011172,LOW,APPROVED,0,0,700-800,<50K
CD001504,2025-06-09 01:38:22,698,132993,33.92,3,48897,debt_consolidation,MORTGAGE,0,0,0,90.63,2,621,0.147615,HIGH,APPROVED,0,0,600-700,100K+
CD001505,2025-04-17 19:48:32,683,63093,15.29,1,20907,debt_consolidation,RENT,2,5,37,62.23,2,645,0.067895,MEDIUM,APPROVED,0,0,600-700,50-75K
CD001506,2025-06-19 18:56:48,600,181013,32.54,13,21992,debt_consolidation,OWN,1,5,33,47.92,4,548,0.431407,VERY_HIGH,DECLINED,1,120,<600,100K+
CD001507,2025-03-01 20:45:10,659,69663,39.87,2,43993,debt_consolidation,RENT,1,3,36,71.74,0,627,0.124712,HIGH,APPROVED,0,0,600-700,50-75K
CD001508,2025-05-17 14:31:47,574,46383,40.09,7,43627,debt_consolidation,RENT,1,3,37,36.86,2,463,0.908397,VERY_HIGH,DECLINED,0,0,<600,<50K
CD001509,2025-03-29 00:15:43,655,75174,29.46,4,27732,credit_card,MORTGAGE,1,3,54,2.4,0,616,0.099584,HIGH,APPROVED,0,0,600-700,75-100K
CD001510,2025-04-14 00:41:36,687,59905,29.71,2,32289,debt_consolidation,OTHER,1,2,48,22.86,2,618,0.081631,MEDIUM,APPROVED,0,0,600-700,50-75K
CD001511,2025-03-03 19:44:26,640,111960,23.35,1,39423,credit_card,MORTGAGE,0,0,0,24.39,2,687,0.020225,LOW,APPROVED,0,0,600-700,100K+
CD001512,2025-06-01 03:09:40,695,51407,29.4,3,18972,home_improvement,MORTGAGE,0,0,0,63.67,2,671,0.035431,MEDIUM,DECLINED,0,0,600-700,50-75K
CD001513,2025-03-08 13:21:52,669,48867,20.16,5,71210,debt_consolidation,MORTGAGE,4,3,34,53.25,1,528,0.57705,VERY_HIGH,DECLINED,1,60,<600,<50K
CD001514,2025-06-26 10:01:05,718,20409,10.97,5,13451,home_improvement,RENT,0,0,0,43.96,0,677,0.02453,LOW,APPROVED,0,0,600-700,<50K
CD001515,2025-02-15 22:48:28,650,51402,22.85,1,19667,credit_card,MORTGAGE,0,0,0,48.0,1,676,0.022639,LOW,APPROVED,0,0,600-700,50-75K
CD001516,2025-01-16 16:14:57,581,43288,33.66,0,10868,debt_consolidation,MORTGAGE,2,5,15,76.6,2,468,0.912195,VERY_HIGH,DECLINED,1,120,<600,<50K
CD001517,2025-05-09 04:08:09,600,43488,17.86,1,48945,other,OWN,2,8,48,71.17,3,528,0.579989,VERY_HIGH,DECLINED,1,60,<600,<50K
CD001518,2025-05-25 05:14:00,627,95660,34.18,9,50165,credit_card,OTHER,4,4,10,84.8,1,543,0.424391,VERY_HIGH,DECLINED,1,90,<600,75-100K
CD001519,2025-02-07 08:49:29,669,83856,47.49,0,35582,other,RENT,0,0,0,31.73,3,573,0.248411,HIGH,DECLINED,0,0,<600,75-100K
CD001520,2025-06-18 16:07:59,675,59329,30.56,8,18959,credit_card,MORTGAGE,0,0,0,44.66,1,592,0.229914,HIGH,DECLINED,0,0,<600,50-75K
CD001521,2025-05-04 23:42:12,629,54108,30.09,2,35107,debt_consolidation,RENT,2,3,17,15.9,1,582,0.205921,HIGH,DECLINED,0,30,<600,50-75K
CD001522,2025-04-09 22:46:45,676,40142,9.94,13,17184,credit_card,OWN,2,5,53,37.62,1,679,0.038447,MEDIUM,APPROVED,1,150,600-700,<50K
CD001523,2025-01-29 02:03:40,634,36334,24.41,3,24186,debt_consolidation,OWN,2,2,11,89.29,0,547,0.371824,HIGH,DECLINED,1,120,<600,<50K
CD001524,2025-04-12 03:45:23,705,74315,15.15,4,60166,debt_consolidation,RENT,0,0,0,39.96,0,645,0.049146,MEDIUM,APPROVED,0,0,600-700,50-75K
CD001525,2025-03-12 09:02:15,597,65322,33.77,7,12989,major_purchase,MORTGAGE,1,4,27,61.89,2,528,0.47637,VERY_HIGH,DECLINED,0,0,<600,50-75K
CD001526,2025-04-23 05:22:36,734,35552,20.9,2,17776,debt_consolidation,MORTGAGE,0,0,0,9.54,2,742,0.005865,LOW,APPROVED,0,0,700-800,<50K
CD001527,2025-03-06 04:01:54,686,55876,27.44,4,25206,other,RENT,1,2,11,27.35,1,635,0.054235,MEDIUM,DECLINED,0,0,600-700,50-75K
CD001528,2025-02-23 01:59:24,649,49859,21.8,11,25169,debt_consolidation,MORTGAGE,2,5,43,100.0,2,547,0.368328,HIGH,DECLINED,1,60,<600,<50K
CD001529,2025-04-10 02:43:51,612,56264,27.45,1,6344,credit_card,RENT,0,0,0,1.4,2,623,0.117094,HIGH,APPROVED,0,0,600-700,50-75K
CD001530,2025-03-17 04:26:35,702,119640,25.93,4,16611,debt_consolidation,RENT,0,0,0,3.21,1,629,0.114874,HIGH,APPROVED,0,0,600-700,100K+
CD001531,2025-03-29 19:52:33,639,41210,34.54,4,8779,credit_card,MORTGAGE,1,2,19,51.72,2,584,0.213647,HIGH,DECLINED,1,120,<600,<50K
CD001532,2025-02-06 23:30:29,707,105915,48.34,0,72652,other,OWN,1,0,36,41.75,2,574,0.376333,HIGH,DECLINED,0,0,<600,100K+
CD001533,2025-04-25 03:32:43,773,91112,31.88,3,22316,credit_card,MORTGAGE,0,0,0,100.0,0,662,0.050255,MEDIUM,DECLINED,0,0,600-700,75-100K
CD001534,2025-06-20 21:56:06,682,59075,21.15,5,20706,debt_consolidation,MORTGAGE,2,3,49,85.51,1,569,0.225461,HIGH,DECLINED,0,0,<600,50-75K
CD001535,2025-04-07 01:01:21,686,87138,23.76,12,19240,major_purchase,RENT,3,8,34,53.99,0,636,0.089412,MEDIUM,DECLINED,0,0,600-700,75-100K
CD001536,2025-04-26 13:52:09,703,70511,24.72,2,13410,debt_consolidation,RENT,0,0,0,3.11,1,731,0.010224,LOW,APPROVED,0,30,700-800,50-75K
CD001537,2025-05-10 20:44:12,644,52167,16.53,1,8398,home_improvement,MORTGAGE,0,0,0,52.43,1,624,0.107389,HIGH,APPROVED,0,0,600-700,50-75K
CD001538,2025-05-19 19:36:53,780,25672,28.2,0,17206,debt_consolidation,MORTGAGE,0,0,0,83.17,4,623,0.084519,MEDIUM,APPROVED,0,0,600-700,<50K
CD001539,2025-04-29 14:02:27,663,31700,20.38,3,39569,debt_consolidation,MORTGAGE,0,0,0,22.27,1,724,0.00771,LOW,APPROVED,0,0,700-800,<50K
CD001540,2025-02-20 00:23:02,713,36655,26.26,6,11247,debt_consolidation,OTHER,2,7,34,50.15,0,637,0.062653,MEDIUM,APPROVED,0,0,600-700,<50K
CD001541,2025-06-08 21:48:12,694,48408,30.36,3,7530,major_purchase,RENT,0,0,0,23.25,0,622,0.114108,HIGH,APPROVED,0,0,600-700,<50K
CD001542,2025-04-10 19:07:07,644,55641,45.31,9,11065,credit_card,RENT,1,2,11,93.74,2,543,0.561444,VERY_HIGH,DECLINED,0,0,<600,50-75K
CD001543,2025-02-28 17:49:34,751,106569,27.05,14,21201,debt_consolidation,RENT,0,0,0,49.85,0,767,0.002921,LOW,APPROVED,0,0,700-800,100K+
CD001544,2025-04-20 08:08:49,697,59714,37.98,2,25181,home_improvement,MORTGAGE,3,6,56,34.44,2,630,0.098811,HIGH,APPROVED,0,0,600-700,50-75K
CD001545,2025-01-05 21:17:41,642,129632,39.23,1,20581,major_purchase,RENT,1,2,8,66.54,2,665,0.062725,MEDIUM,APPROVED,1,150,600-700,100K+
CD001546,2025-06-02 10:10:50,642,101680,18.42,5,13374,debt_consolidation,MORTGAGE,0,0,0,66.62,4,642,0.07077,MEDIUM,APPROVED,0,30,600-700,100K+
CD001547,2025-06-02 20:42:03,573,97072,26.96,6,33849,other,OWN,0,0,0,45.51,0,605,0.217113,HIGH,DECLINED,0,0,600-700,75-100K
CD001548,2025-05-15 06:35:27,620,57563,22.26,10,16149,debt_consolidation,MORTGAGE,0,0,0,53.95,3,585,0.199514,HIGH,DECLINED,0,0,<600,50-75K
CD001549,2025-03-20 03:49:52,725,62326,42.24,1,29138,debt_consolidation,MORTGAGE,0,0,0,46.24,1,607,0.13628,HIGH,APPROVED,0,0,600-700,50-75K
CD001550,2025-03-25 07:47:42,725,82232,35.31,5,39217,credit_card,RENT,3,0,15,38.17,1,665,0.047301,MEDIUM,APPROVED,1,120,600-700,75-100K
CD001551,2025-03-26 03:13:14,629,52537,32.39,2,35884,home_improvement,RENT,2,4,39,48.96,4,519,0.72705,VERY_HIGH,DECLINED,1,120,<600,50-75K
CD001552,2025-05-12 11:19:44,714,62925,28.26,7,29236,major_purchase,RENT,0,0,0,57.72,2,677,0.03786,MEDIUM,APPROVED,0,0,600-700,50-75K
CD001553,2025-01-05 15:37:36,733,28482,12.76,7,33897,major_purchase,MORTGAGE,1,6,5,19.96,4,744,0.006382,LOW,APPROVED,0,0,700-800,<50K
CD001554,2025-06-07 22:05:31,722,79552,25.12,13,11794,major_purchase,OTHER,1,3,36,4.51,2,669,0.037481,MEDIUM,DECLINED,0,0,600-700,75-100K
CD001555,2025-06-23 14:09:43,749,72393,21.0,3,30542,major_purchase,MORTGAGE,1,3,30,65.99,1,704,0.017413,LOW,APPROVED,0,30,700-800,50-75K
CD001556,2025-05-12 01:03:02,576,49832,27.69,0,29631,other,MORTGAGE,0,0,0,24.52,0,590,0.279928,HIGH,DECLINED,0,0,<600,<50K
CD001557,2025-05-29 05:59:14,691,115498,16.72,4,13293,major_purchase,RENT,0,0,0,59.87,2,632,0.085897,MEDIUM,APPROVED,0,0,600-700,100K+
CD001558,2025-01-20 23:51:43,628,127149,13.67,3,7811,credit_card,OTHER,0,0,0,45.41,6,557,0.298581,HIGH,DECLINED,0,0,<600,100K+
CD001559,2025-05-29 06:21:23,717,75523,18.16,1,22473,credit_card,RENT,0,0,0,28.72,2,645,0.051215,MEDIUM,APPROVED,0,0,600-700,75-100K
CD001560,2025-02-28 15:31:39,640,45283,33.56,0,19621,major_purchase,RENT,1,2,46,85.68,3,584,0.366859,HIGH,DECLINED,0,0,<600,<50K
CD001561,2025-03-12 07:45:50,686,76065,32.77,6,13598,credit_card,RENT,2,3,54,25.0,3,573,0.306657,HIGH,DECLINED,0,0,<600,75-100K
CD001562,2025-06-06 15:04:43,728,69734,29.69,1,19525,debt_consolidation,RENT,0,0,0,56.13,0,705,0.013053,LOW,APPROVED,0,0,700-800,50-75K
CD001563,2025-01-14 05:20:18,594,92064,29.3,1,10892,credit_card,RENT,1,7,58,59.61,4,566,0.308664,HIGH,APPROVED,1,60,<600,75-100K
CD001564,2025-06-08 18:00:05,644,50946,24.06,4,21232,credit_card,RENT,2,2,52,64.74,1,595,0.20962,HIGH,APPROVED,1,120,<600,50-75K
CD001565,2025-06-04 00:25:25,641,78405,34.2,6,16514,other,RENT,0,0,0,0.0,4,572,0.283516,HIGH,DECLINED,1,150,<600,75-100K
CD001566,2025-01-21 10:07:13,677,84048,21.16,12,5527,home_improvement,MORTGAGE,1,1,36,70.77,0,627,0.122204,HIGH,APPROVED,0,0,600-700,75-100K
CD001567,2025-01-22 09:24:30,593,77031,26.59,4,18078,credit_card,MORTGAGE,0,0,0,38.4,2,688,0.024321,LOW,APPROVED,1,90,600-700,75-100K
CD001568,2025-05-06 17:53:09,721,73505,34.02,1,54775,debt_consolidation,RENT,0,0,0,72.44,0,683,0.01506,LOW,APPROVED,0,0,600-700,50-75K
CD001569,2025-02-27 16:00:10,783,61012,34.57,7,20146,credit_card,MORTGAGE,1,4,41,33.71,0,786,0.001381,LOW,APPROVED,0,0,700-800,50-75K
CD001570,2025-01-09 00:48:00,662,48854,19.4,7,28825,debt_consolidation,RENT,1,6,30,31.91,1,708,0.012228,LOW,APPROVED,0,0,700-800,<50K
CD001571,2025-05-09 23:51:21,706,36811,25.03,10,29414,debt_consolidation,MORTGAGE,0,0,0,88.4,1,645,0.054136,MEDIUM,APPROVED,0,0,600-700,<50K
CD001572,2025-03-16 03:07:24,531,22786,34.17,17,38877,debt_consolidation,OWN,0,0,0,50.18,2,492,0.779323,VERY_HIGH,DECLINED,0,0,<600,<50K
CD001573,2025-05-30 05:09:53,611,23437,29.03,16,42949,debt_consolidation,RENT,0,0,0,54.12,5,524,0.634197,VERY_HIGH,DECLINED,1,90,<600,<50K
CD001574,2025-06-17 09:29:09,712,42000,31.18,2,15937,credit_card,OWN,2,9,12,42.32,2,685,0.020703,LOW,APPROVED,0,0,600-700,<50K
CD001575,2025-06-26 22:26:37,692,46802,35.61,6,15338,other,RENT,1,3,30,16.05,2,566,0.287059,HIGH,DECLINED,0,0,<600,<50K
CD001576,2025-06-10 02:54:31,712,103817,30.46,3,34923,debt_consolidation,MORTGAGE,1,6,26,13.63,2,613,0.138731,HIGH,DECLINED,0,0,600-700,100K+
CD001577,2025-02-12 02:19:52,748,75839,19.25,1,50821,other,OTHER,0,0,0,62.31,1,841,0.000351,LOW,APPROVED,0,0,800+,75-100K
CD001578,2025-03-28 01:27:41,680,41425,18.65,1,10180,credit_card,MORTGAGE,2,2,39,38.02,2,624,0.087078,MEDIUM,APPROVED,0,0,600-700,<50K
CD001579,2025-06-28 01:59:41,661,47830,29.63,5,5568,credit_card,MORTGAGE,1,4,16,56.65,2,616,0.105281,HIGH,APPROVED,0,0,600-700,<50K
CD001580,2025-06-14 19:09:45,649,42529,42.12,8,9198,debt_consolidation,OWN,1,10,2,55.43,1,527,0.703084,VERY_HIGH,DECLINED,0,0,<600,<50K
CD001581,2025-02-26 05:56:27,680,40782,24.73,9,33216,credit_card,MORTGAGE,0,0,0,61.94,1,621,0.114092,HIGH,DECLINED,0,0,600-700,<50K
CD001582,2025-06-08 15:29:27,558,140607,36.33,22,14648,home_improvement,MORTGAGE,2,5,9,69.64,2,470,0.840434,VERY_HIGH,DECLINED,1,150,<600,100K+
CD001583,2025-01-31 00:07:45,755,41292,26.52,4,8069,credit_card,OWN,1,6,58,65.54,0,714,0.009688,LOW,APPROVED,0,0,700-800,<50K
CD001584,2025-03-19 21:03:54,555,69305,43.08,4,28320,other,RENT,2,3,26,76.11,2,547,0.419735,VERY_HIGH,DECLINED,1,90,<600,50-75K
CD001585,2025-06-23 05:52:46,586,51022,10.79,0,11491,other,RENT,1,8,9,77.85,2,597,0.163701,HIGH,DECLINED,0,0,<600,50-75K
CD001586,2025-01-07 16:46:51,677,34235,16.6,6,32983,home_improvement,MORTGAGE,1,4,53,76.54,2,558,0.359778,HIGH,DECLINED,0,0,<600,<50K
CD001587,2025-02-20 00:26:23,724,52966,38.13,4,11245,credit_card,RENT,2,4,39,44.9,0,629,0.105129,HIGH,APPROVED,0,0,600-700,50-75K
CD001588,2025-01-11 02:26:56,702,27880,37.77,1,36760,debt_consolidation,OTHER,4,4,54,30.8,3,512,0.672609,VERY_HIGH,DECLINED,1,120,<600,<50K
CD001589,2025-01-17 17:38:10,754,52491,24.21,15,10879,debt_consolidation,RENT,0,0,0,59.06,4,684,0.019054,LOW,APPROVED,0,0,600-700,50-75K
CD001590,2025-03-09 07:43:34,648,83742,36.65,2,12030,debt_consolidation,RENT,1,5,33,75.76,2,593,0.25836,HIGH,APPROVED,0,0,<600,75-100K
CD001591,2025-03-02 13:29:29,636,36069,24.53,1,8551,credit_card,MORTGAGE,1,2,56,44.74,1,638,0.076987,MEDIUM,DECLINED,1,120,600-700,<50K
CD001592,2025-03-18 14:15:42,702,91839,27.03,2,21490,home_improvement,OTHER,2,2,15,98.4,2,621,0.111369,HIGH,DECLINED,0,0,600-700,75-100K
CD001593,2025-05-02 19:31:50,610,41338,33.0,23,15838,home_improvement,RENT,0,0,0,58.08,2,552,0.439485,VERY_HIGH,APPROVED,1,60,<600,<50K
CD001594,2025-03-16 12:12:16,683,44993,27.4,5,8980,other,MORTGAGE,0,0,0,26.6,0,627,0.092542,MEDIUM,APPROVED,0,0,600-700,<50K
CD001595,2025-06-17 03:05:23,699,54349,24.62,10,11076,debt_consolidation,RENT,1,3,31,50.98,1,684,0.027614,LOW,APPROVED,0,0,600-700,50-75K
CD001596,2025-05-23 11:00:47,688,95998,14.6,3,20043,credit_card,MORTGAGE,2,2,36,81.4,0,661,0.034049,MEDIUM,APPROVED,0,0,600-700,75-100K
CD001597,2025-04-27 04:04:26,560,37997,17.12,4,10251,credit_card,MORTGAGE,0,0,0,16.43,1,631,0.071041,MEDIUM,DECLINED,0,0,600-700,<50K
CD001598,2025-03-03 14:34:43,658,69201,20.95,14,64862,other,RENT,2,4,18,29.24,2,679,0.028119,LOW,APPROVED,0,0,600-700,50-75K
CD001599,2025-03-30 20:30:27,559,36132,41.57,4,37657,debt_consolidation,RENT,1,6,35,26.36,1,590,0.167464,HIGH,DECLINED,1,120,<600,<50K
CD001600,2025-03-12 00:53:18,718,80646,18.19,10,65174,debt_consolidation,MORTGAGE,1,3,58,44.99,1,702,0.011168,LOW,APPROVED,0,0,700-800,75-100K
CD001601,2025-03-18 09:45:31,647,152416,33.61,13,14186,debt_consolidation,MORTGAGE,0,0,0,88.38,1,650,0.058422,MEDIUM,APPROVED,1,120,600-700,100K+
CD001602,2025-04-05 15:50:56,725,25167,18.57,7,63380,debt_consolidation,MORTGAGE,0,0,0,27.28,2,705,0.022688,LOW,APPROVED,0,0,700-800,<50K
CD001603,2025-03-24 20:33:45,743,49811,31.64,3,18361,credit_card,RENT,1,2,36,66.37,1,624,0.102589,HIGH,APPROVED,0,60,600-700,<50K
CD001604,2025-01-16 11:10:14,597,41922,27.02,36,17512,debt_consolidation,MORTGAGE,2,3,19,13.94,3,561,0.402248,HIGH,DECLINED,1,120,<600,<50K
CD001605,2025-02-28 11:16:42,721,44028,15.37,3,14471,home_improvement,RENT,2,5,26,32.98,2,660,0.031725,MEDIUM,APPROVED,0,0,600-700,<50K
CD001606,2025-03-18 07:46:37,692,25835,36.59,3,26479,major_purchase,RENT,0,0,0,55.9,3,569,0.299333,HIGH,DECLINED,1,90,<600,<50K
CD001607,2025-02-05 22:45:19,753,56694,22.34,2,39185,credit_card,RENT,3,6,38,59.04,0,759,0.005621,LOW,APPROVED,0,0,700-800,50-75K
CD001608,2025-05-03 03:25:58,601,38164,15.93,0,19760,debt_consolidation,MORTGAGE,2,4,31,38.91,2,599,0.185983,HIGH,DECLINED,0,0,<600,<50K
CD001609,2025-05-21 00:10:42,601,42596,25.78,15,9855,debt_consolidation,MORTGAGE,1,6,2,19.6,0,623,0.110666,HIGH,APPROVED,1,150,600-700,<50K
CD001610,2025-03-26 08:13:42,627,66372,28.6,2,8195,debt_consolidation,RENT,0,0,0,61.97,0,574,0.261514,HIGH,DECLINED,0,0,<600,50-75K
CD001611,2025-03-19 09:32:19,569,47785,33.0,28,16051,major_purchase,RENT,2,2,57,29.43,3,527,0.646599,VERY_HIGH,DECLINED,1,150,<600,<50K
CD001612,2025-01-17 12:35:11,678,41541,18.76,1,17944,debt_consolidation,MORTGAGE,1,3,43,24.86,0,606,0.175081,HIGH,APPROVED,0,0,600-700,<50K
CD001613,2025-06-22 22:07:00,631,128627,16.87,6,30937,debt_consolidation,RENT,1,6,45,43.15,2,559,0.439457,VERY_HIGH,DECLINED,0,0,<600,100K+
CD001614,2025-05-27 06:19:55,681,60525,40.58,7,15437,debt_consolidation,MORTGAGE,0,0,0,87.01,3,632,0.105338,HIGH,DECLINED,0,0,600-700,50-75K
CD001615,2025-05-04 22:24:18,689,49593,39.5,2,10953,major_purchase,RENT,0,0,0,0.0,2,765,0.002585,LOW,APPROVED,0,0,700-800,<50K
CD001616,2025-03-05 17:00:05,716,55660,27.56,18,72855,other,OWN,1,5,14,47.7,3,668,0.029252,LOW,APPROVED,0,0,600-700,50-75K
CD001617,2025-02-13 13:33:44,598,56634,32.86,8,22918,home_improvement,OWN,1,7,31,30.73,3,500,0.744499,VERY_HIGH,DECLINED,0,0,<600,50-75K
CD001618,2025-05-20 16:26:30,710,52209,37.38,10,73389,debt_consolidation,RENT,0,0,0,50.48,1,660,0.04397,MEDIUM,APPROVED,0,0,600-700,50-75K
CD001619,2025-03-05 15:13:21,710,71703,26.08,17,21667,home_improvement,OTHER,0,0,0,44.06,0,765,0.003269,LOW,APPROVED,0,0,700-800,50-75K
CD001620,2025-03-01 13:46:52,615,37891,22.85,2,6735,other,MORTGAGE,0,0,0,27.7,2,631,0.085506,MEDIUM,APPROVED,0,0,600-700,<50K
CD001621,2025-03-03 18:46:23,636,103775,28.95,9,48838,home_improvement,RENT,0,0,0,64.88,0,601,0.122846,HIGH,APPROVED,0,0,600-700,100K+
CD001622,2025-03-23 11:21:58,590,59183,25.35,0,5772,credit_card,RENT,0,0,0,27.28,2,615,0.182917,HIGH,APPROVED,0,0,600-700,50-75K
CD001623,2025-03-24 00:32:48,737,94660,24.82,18,58007,home_improvement,RENT,0,0,0,58.08,3,659,0.053128,MEDIUM,APPROVED,0,0,600-700,75-100K
CD001624,2025-01-25 05:34:23,743,49443,36.56,5,22423,debt_consolidation,RENT,0,0,0,5.42,0,732,0.004887,LOW,APPROVED,0,0,700-800,<50K
CD001625,2025-03-11 07:25:29,623,125633,39.28,11,9771,home_improvement,MORTGAGE,0,0,0,78.12,3,471,0.910901,VERY_HIGH,DECLINED,0,0,<600,100K+
CD001626,2025-03-23 01:39:14,664,73385,31.95,40,22716,debt_consolidation,OWN,0,0,0,72.42,1,601,0.131562,HIGH,DECLINED,0,0,600-700,50-75K
CD001627,2025-04-02 21:18:22,691,61052,35.71,4,33312,debt_consolidation,MORTGAGE,2,1,50,27.34,1,628,0.061598,MEDIUM,APPROVED,0,0,600-700,50-75K
CD001628,2025-01-16 06:38:35,708,121867,18.23,1,31656,debt_consolidation,RENT,1,8,36,69.47,7,599,0.137322,HIGH,APPROVED,1,90,<600,100K+
CD001629,2025-03-14 02:12:19,665,61511,32.42,3,51347,credit_card,OWN,0,0,0,53.13,1,675,0.04065,MEDIUM,APPROVED,0,0,600-700,50-75K
CD001630,2025-06-15 16:47:28,760,85002,34.84,6,10929,debt_consolidation,OWN,1,4,54,47.24,0,688,0.021857,LOW,DECLINED,0,30,600-700,75-100K
CD001631,2025-04-17 20:50:23,618,51440,31.54,1,14964,credit_card,MORTGAGE,5,7,53,18.46,3,503,0.707625,VERY_HIGH,DECLINED,1,90,<600,50-75K
CD001632,2025-02-07 08:07:34,716,212089,13.55,3,44299,credit_card,RENT,0,0,0,50.61,1,726,0.007364,LOW,APPROVED,0,0,700-800,100K+
CD001633,2025-06-29 06:28:26,674,59201,18.69,16,9522,major_purchase,RENT,0,0,0,64.7,1,681,0.032381,MEDIUM,APPROVED,0,0,600-700,50-75K
CD001634,2025-06-04 10:19:31,685,47971,32.4,1,6247,major_purchase,RENT,0,0,0,71.73,3,622,0.092647,MEDIUM,DECLINED,1,60,600-700,<50K
CD001635,2025-04-24 21:43:01,629,67222,13.61,10,22140,debt_consolidation,RENT,1,4,28,35.01,1,654,0.054441,MEDIUM,DECLINED,0,0,600-700,50-75K
CD001636,2025-02-25 18:31:11,574,95245,30.32,6,19460,major_purchase,OTHER,1,1,56,48.82,1,605,0.161392,HIGH,DECLINED,1,90,600-700,75-100K
CD001637,2025-03-29 11:55:38,641,40790,27.18,2,8285,other,RENT,0,0,0,50.35,0,629,0.092896,MEDIUM,DECLINED,0,0,600-700,<50K
CD001638,2025-04-27 04:19:50,695,92838,45.47,3,21750,credit_card,RENT,3,3,30,17.48,2,661,0.05124,MEDIUM,APPROVED,0,0,600-700,75-100K
CD001639,2025-05-03 09:11:06,623,49151,21.99,6,27277,debt_consolidation,RENT,0,0,0,38.1,3,588,0.230834,HIGH,APPROVED,0,0,<600,<50K
CD001640,2025-05-21 01:54:56,576,43873,22.87,17,46371,credit_card,MORTGAGE,2,3,17,48.43,3,537,0.56721,VERY_HIGH,DECLINED,1,120,<600,<50K
CD001641,2025-05-22 09:28:45,660,38422,38.72,0,23167,other,OWN,0,0,0,73.64,1,578,0.28105,HIGH,DECLINED,0,0,<600,<50K
CD001642,2025-03-17 14:19:08,668,108068,38.9,0,7148,other,MORTGAGE,0,0,0,78.74,2,531,0.488525,VERY_HIGH,DECLINED,0,30,<600,100K+
CD001643,2025-06-26 15:08:28,614,32208,18.0,1,90000,debt_consolidation,MORTGAGE,1,4,24,72.55,0,531,0.532832,VERY_HIGH,DECLINED,1,60,<600,<50K
CD001644,2025-02-13 15:11:45,663,40709,26.79,3,32775,major_purchase,RENT,0,0,0,35.46,3,589,0.242976,HIGH,DECLINED,1,90,<600,<50K
CD001645,2025-06-18 19:01:15,692,41573,29.91,10,30768,other,OTHER,0,0,0,5.71,3,638,0.135273,HIGH,APPROVED,0,0,600-700,<50K
CD001646,2025-02-03 12:05:25,680,53151,25.46,12,12150,other,RENT,3,1,59,26.03,2,580,0.249554,HIGH,DECLINED,0,0,<600,50-75K
CD001647,2025-01-07 20:01:19,719,63152,27.9,2,25967,major_purchase,RENT,1,3,10,67.29,1,692,0.024914,LOW,APPROVED,0,0,600-700,50-75K
CD001648,2025-04-28 16:26:10,734,41554,33.36,2,9011,major_purchase,RENT,2,4,24,46.59,1,593,0.179663,HIGH,APPROVED,1,60,<600,<50K
CD001649,2025-04-12 05:04:32,667,41061,7.86,11,22897,debt_consolidation,RENT,0,0,0,21.89,0,740,0.006299,LOW,APPROVED,0,0,700-800,<50K
CD001650,2025-06-20 00:03:28,625,19547,34.03,3,38683,debt_consolidation,MORTGAGE,0,0,0,44.22,0,600,0.22672,HIGH,DECLINED,1,60,600-700,<50K
CD001651,2025-05-20 00:23:11,574,95412,26.92,20,19561,other,MORTGAGE,0,0,0,48.96,0,566,0.359227,HIGH,DECLINED,1,60,<600,75-100K
CD001652,2025-03-12 05:03:53,724,67081,29.64,5,21847,major_purchase,OWN,3,5,52,5.25,0,677,0.029378,LOW,APPROVED,0,0,600-700,50-75K
CD001653,2025-03-31 07:05:32,688,88752,35.46,7,61659,major_purchase,RENT,1,4,12,47.4,2,627,0.088646,MEDIUM,APPROVED,0,0,600-700,75-100K
CD001654,2025-03-31 07:18:37,724,69857,30.0,15,18725,debt_consolidation,OTHER,0,0,0,29.39,1,756,0.003952,LOW,APPROVED,0,0,700-800,50-75K
CD001655,2025-04-11 11:35:06,624,27427,25.55,6,24767,other,RENT,1,0,58,69.65,0,559,0.415968,HIGH,DECLINED,0,0,<600,<50K
CD001656,2025-01-31 17:22:17,676,84420,42.16,2,13301,debt_consolidation,RENT,0,0,0,68.9,0,615,0.158802,HIGH,APPROVED,0,0,600-700,75-100K
CD001657,2025-02-24 13:46:05,624,112283,20.88,13,35873,home_improvement,OWN,1,4,18,35.53,2,608,0.152181,HIGH,DECLINED,0,0,600-700,100K+
CD001658,2025-03-10 00:42:20,620,28352,16.68,4,43299,home_improvement,RENT,1,3,13,39.1,2,591,0.199223,HIGH,APPROVED,0,0,<600,<50K
CD001659,2025-04-29 12:44:41,589,91938,3.37,2,20447,credit_card,RENT,1,7,8,27.01,0,645,0.059634,MEDIUM,APPROVED,0,0,600-700,75-100K
CD001660,2025-02-22 23:23:20,656,40610,36.76,14,6306,other,MORTGAGE,2,5,36,29.76,0,537,0.526883,VERY_HIGH,DECLINED,0,0,<600,<50K
CD001661,2025-06-02 05:18:49,695,44677,19.46,6,90000,debt_consolidation,RENT,0,0,0,12.99,1,714,0.012635,LOW,APPROVED,0,0,700-800,<50K
CD001662,2025-04-24 13:40:25,711,31894,38.12,1,15990,credit_card,RENT,1,4,43,76.23,3,663,0.053633,MEDIUM,APPROVED,0,0,600-700,<50K
CD001663,2025-01-17 04:58:03,682,37363,36.2,15,13710,debt_consolidation,MORTGAGE,1,4,59,34.89,2,611,0.116117,HIGH,APPROVED,0,0,600-700,<50K
CD001664,2025-03-25 08:29:35,653,57815,36.48,6,5911,credit_card,RENT,1,3,16,80.99,1,545,0.545957,VERY_HIGH,APPROVED,1,120,<600,50-75K
CD001665,2025-03-04 11:57:05,779,72104,19.01,1,3594,credit_card,MORTGAGE,0,0,0,48.05,2,721,0.009615,LOW,APPROVED,0,0,700-800,50-75K
CD001666,2025-03-05 00:37:28,753,71403,32.37,8,47636,home_improvement,RENT,2,8,36,93.79,1,602,0.143968,HIGH,DECLINED,1,60,600-700,50-75K
CD001667,2025-01-21 00:18:28,725,74407,41.73,16,6965,debt_consolidation,MORTGAGE,0,0,0,68.87,2,632,0.07601,MEDIUM,DECLINED,0,0,600-700,50-75K
CD001668,2025-03-26 07:22:34,677,48039,23.3,6,15760,credit_card,RENT,1,1,39,36.88,1,547,0.398459,HIGH,DECLINED,1,60,<600,<50K
CD001669,2025-04-17 21:32:38,738,71491,19.92,3,9126,debt_consolidation,RENT,2,4,27,50.37,3,712,0.008396,LOW,APPROVED,0,0,700-800,50-75K
CD001670,2025-02-12 13:36:43,627,76805,28.98,6,22203,debt_consolidation,MORTGAGE,2,2,13,46.64,0,532,0.54053,VERY_HIGH,DECLINED,1,120,<600,75-100K
CD001671,2025-05-30 06:03:40,599,89556,19.61,1,12651,debt_consolidation,MORTGAGE,0,0,0,36.98,2,610,0.15167,HIGH,APPROVED,0,0,600-700,75-100K
CD001672,2025-01-06 06:00:19,703,71506,23.73,2,9332,debt_consolidation,MORTGAGE,2,4,10,25.31,0,601,0.167919,HIGH,DECLINED,0,0,600-700,50-75K
CD001673,2025-06-28 21:38:37,678,114634,27.48,4,44702,credit_card,MORTGAGE,0,0,0,59.3,3,731,0.008096,LOW,APPROVED,1,90,700-800,100K+
CD001674,2025-05-10 13:47:09,726,57482,26.65,1,16972,credit_card,RENT,0,0,0,75.52,1,671,0.037189,MEDIUM,APPROVED,0,30,600-700,50-75K
CD001675,2025-05-29 10:16:03,626,20701,30.19,3,35446,debt_consolidation,MORTGAGE,3,5,37,80.95,3,492,0.809405,VERY_HIGH,DECLINED,0,0,<600,<50K
CD001676,2025-01-01 06:05:25,685,77994,20.21,2,18714,home_improvement,RENT,1,7,5,95.64,2,620,0.126942,HIGH,APPROVED,1,150,600-700,75-100K
CD001677,2025-05-08 12:28:26,612,70351,20.51,14,22357,debt_consolidation,MORTGAGE,1,4,32,32.98,0,610,0.15501,HIGH,APPROVED,0,30,600-700,50-75K
CD001678,2025-04-22 12:11:09,650,86264,27.22,8,22433,credit_card,RENT,0,0,0,100.0,1,614,0.084652,MEDIUM,APPROVED,1,90,600-700,75-100K
CD001679,2025-02-04 19:09:10,694,34803,37.93,1,18766,debt_consolidation,MORTGAGE,0,0,0,59.69,1,631,0.094038,HIGH,APPROVED,0,0,600-700,<50K
CD001680,2025-05-27 20:28:20,665,87235,30.71,3,20218,credit_card,MORTGAGE,1,5,33,88.57,2,537,0.41333,HIGH,DECLINED,0,0,<600,75-100K
CD001681,2025-04-28 09:14:34,617,67954,5.23,0,37713,other,OTHER,1,4,47,61.57,2,592,0.260454,HIGH,APPROVED,1,60,<600,50-75K
CD001682,2025-06-25 10:11:16,589,36115,28.08,2,19825,other,RENT,2,4,40,74.65,1,558,0.353154,HIGH,DECLINED,1,150,<600,<50K
CD001683,2025-06-25 15:06:31,648,32986,23.29,4,28604,debt_consolidation,RENT,0,0,0,24.47,1,679,0.023687,LOW,APPROVED,0,0,600-700,<50K
CD001684,2025-03-22 09:58:31,618,86954,23.1,4,14068,debt_consolidation,MORTGAGE,0,0,0,64.96,1,550,0.391893,HIGH,APPROVED,0,0,<600,75-100K
CD001685,2025-06-23 15:17:42,590,152108,25.62,2,33966,home_improvement,RENT,0,0,0,52.44,3,597,0.21501,HIGH,DECLINED,1,150,<600,100K+
CD001686,2025-05-27 07:45:17,674,78753,24.18,1,26245,debt_consolidation,OWN,1,7,57,27.35,3,682,0.019365,LOW,APPROVED,1,90,600-700,75-100K
CD001687,2025-04-18 13:09:55,619,39748,25.46,14,19436,debt_consolidation,RENT,1,3,37,56.86,3,462,0.884427,VERY_HIGH,DECLINED,1,60,<600,<50K
CD001688,2025-04-28 19:02:43,739,67841,33.89,5,15803,debt_consolidation,RENT,2,2,19,100.0,7,537,0.475567,VERY_HIGH,DECLINED,0,0,<600,50-75K
CD001689,2025-06-06 15:40:25,783,37593,39.12,10,37567,major_purchase,RENT,3,9,50,32.41,0,700,0.015634,LOW,APPROVED,0,0,700-800,<50K
CD001690,2025-02-20 13:50:12,730,49760,22.88,10,26277,home_improvement,MORTGAGE,2,2,27,52.82,3,641,0.052905,MEDIUM,APPROVED,0,0,600-700,<50K
CD001691,2025-03-07 08:03:30,822,65579,26.93,9,17718,major_purchase,MORTGAGE,0,0,0,19.86,4,790,0.001611,LOW,APPROVED,0,0,700-800,50-75K
CD001692,2025-04-11 03:38:55,602,50652,41.01,0,19519,debt_consolidation,RENT,0,0,0,82.6,1,539,0.50506,VERY_HIGH,DECLINED,1,90,<600,50-75K
CD001693,2025-04-11 22:48:20,575,95986,17.18,1,33972,debt_consolidation,RENT,1,2,2,52.69,1,477,0.814242,VERY_HIGH,DECLINED,0,0,<600,75-100K
CD001694,2025-03-30 04:50:42,661,27365,25.95,5,27560,debt_consolidation,MORTGAGE,0,0,0,83.14,2,508,0.695786,VERY_HIGH,DECLINED,0,0,<600,<50K
CD001695,2025-04-07 07:14:23,573,60111,30.21,1,66121,other,RENT,1,2,21,55.49,2,496,0.736078,VERY_HIGH,DECLINED,1,120,<600,50-75K
CD001696,2025-06-13 08:30:17,677,91602,21.68,3,17590,other,MORTGAGE,3,5,59,67.14,2,568,0.269897,HIGH,DECLINED,1,90,<600,75-100K
CD001697,2025-06-23 01:36:21,717,60438,24.21,11,21898,debt_consolidation,RENT,0,0,0,38.08,4,731,0.006009,LOW,APPROVED,0,0,700-800,50-75K
CD001698,2025-02-23 05:08:17,712,89368,41.17,2,37480,credit_card,RENT,1,5,36,86.22,1,545,0.325373,HIGH,DECLINED,0,30,<600,75-100K
CD001699,2025-02-05 20:39:41,723,48429,33.08,3,22207,debt_consolidation,MORTGAGE,1,8,36,51.29,4,657,0.043128,MEDIUM,DECLINED,0,0,600-700,<50K
CD001700,2025-05-20 10:40:02,658,79199,16.05,1,11026,other,OWN,2,4,58,74.36,0,557,0.416073,HIGH,DECLINED,0,0,<600,75-100K
CD001701,2025-02-21 05:32:18,666,34439,54.76,27,13150,debt_consolidation,OTHER,1,2,31,46.67,2,502,0.686658,VERY_HIGH,DECLINED,0,0,<600,<50K
CD001702,2025-02-24 00:50:29,683,57657,31.53,2,18266,credit_card,MORTGAGE,1,5,54,39.78,3,657,0.046346,MEDIUM,APPROVED,0,0,600-700,50-75K
CD001703,2025-06-27 06:47:24,666,52235,31.48,14,39918,home_improvement,RENT,1,3,31,28.53,1,608,0.172549,HIGH,DECLINED,0,0,600-700,50-75K
CD001704,2025-03-18 23:37:34,720,76079,24.09,9,21309,credit_card,MORTGAGE,0,0,0,2.69,0,674,0.022336,LOW,APPROVED,0,0,600-700,75-100K
CD001705,2025-05-04 09:37:35,647,43664,33.98,5,10368,debt_consolidation,RENT,1,2,51,35.24,3,539,0.60463,VERY_HIGH,DECLINED,0,0,<600,<50K
CD001706,2025-03-08 20:58:05,667,58742,32.55,3,16333,credit_card,RENT,0,0,0,69.71,1,710,0.009787,LOW,APPROVED,0,30,700-800,50-75K
CD001707,2025-02-14 17:36:54,631,18000,27.78,15,15408,debt_consolidation,MORTGAGE,1,4,23,95.44,2,537,0.564203,VERY_HIGH,DECLINED,1,90,<600,<50K
CD001708,2025-06-15 02:05:56,722,46960,27.89,0,39132,debt_consolidation,RENT,1,1,58,50.16,1,676,0.028685,LOW,APPROVED,0,0,600-700,<50K
CD001709,2025-03-30 03:00:00,676,75533,28.24,3,16647,credit_card,OTHER,1,4,16,32.13,2,640,0.087769,MEDIUM,APPROVED,0,0,600-700,75-100K
CD001710,2025-01-20 20:03:38,676,98496,19.36,3,23928,debt_consolidation,RENT,0,0,0,75.04,2,643,0.057449,MEDIUM,DECLINED,0,0,600-700,75-100K
CD001711,2025-06-07 20:17:27,642,68988,36.01,13,69859,home_improvement,RENT,0,0,0,59.61,3,587,0.225317,HIGH,DECLINED,1,90,<600,50-75K
CD001712,2025-04-20 06:00:30,572,57422,22.17,7,7379,credit_card,MORTGAGE,0,0,0,43.15,3,544,0.53868,VERY_HIGH,APPROVED,0,0,<600,50-75K
CD001713,2025-02-26 18:21:09,644,133889,11.71,29,12687,debt_consolidation,MORTGAGE,1,3,18,80.65,2,605,0.207352,HIGH,APPROVED,0,0,600-700,100K+
CD001714,2025-04-19 02:51:54,550,56728,5.79,12,6334,other,MORTGAGE,1,3,50,32.64,0,686,0.024008,LOW,APPROVED,0,0,600-700,50-75K
CD001715,2025-02-05 18:51:36,665,51151,29.11,0,11658,debt_consolidation,RENT,0,0,0,55.14,3,704,0.01722,LOW,APPROVED,0,0,700-800,50-75K
CD001716,2025-05-23 06:16:08,601,63849,11.29,2,18216,home_improvement,RENT,1,8,20,38.72,3,577,0.214819,HIGH,DECLINED,0,0,<600,50-75K
CD001717,2025-06-07 09:18:25,739,54206,26.88,3,13573,major_purchase,RENT,0,0,0,4.58,0,688,0.016163,LOW,APPROVED,0,0,600-700,50-75K
CD001718,2025-03-16 21:30:26,634,35056,29.23,12,21893,credit_card,MORTGAGE,0,0,0,0.0,1,619,0.110502,HIGH,APPROVED,1,120,600-700,<50K
CD001719,2025-01-12 21:22:19,665,26291,26.22,1,48922,credit_card,OWN,1,4,42,30.34,1,663,0.04156,MEDIUM,DECLINED,0,0,600-700,<50K
CD001720,2025-02-21 01:56:09,642,34761,41.6,5,44394,credit_card,MORTGAGE,0,0,0,0.0,1,634,0.089905,MEDIUM,APPROVED,0,0,600-700,<50K
CD001721,2025-01-08 21:09:21,606,63859,23.85,3,32014,debt_consolidation,MORTGAGE,3,2,56,60.58,1,567,0.412014,HIGH,APPROVED,1,90,<600,50-75K
CD001722,2025-01-11 10:51:46,584,73045,28.15,9,22770,debt_consolidation,RENT,0,0,0,37.31,2,584,0.248579,HIGH,DECLINED,1,60,<600,50-75K
CD001723,2025-01-26 07:22:17,531,69378,31.77,0,18336,home_improvement,OWN,1,8,45,66.06,1,480,0.853949,VERY_HIGH,DECLINED,1,90,<600,50-75K
CD001724,2025-06-21 03:13:50,633,43392,39.05,2,11839,credit_card,OWN,0,0,0,40.39,1,635,0.089022,MEDIUM,APPROVED,0,0,600-700,<50K
CD001725,2025-04-15 09:27:07,557,44828,13.72,17,13720,debt_consolidation,RENT,1,5,55,74.74,0,578,0.23777,HIGH,DECLINED,0,0,<600,<50K
CD001726,2025-06-06 12:11:26,730,82119,47.86,23,8963,credit_card,RENT,1,2,42,43.23,0,640,0.045043,MEDIUM,APPROVED,0,0,600-700,75-100K
CD001727,2025-05-19 08:35:14,598,40473,23.86,1,27576,debt_consolidation,RENT,1,6,33,24.67,2,588,0.220922,HIGH,DECLINED,0,0,<600,<50K
CD001728,2025-06-03 01:00:35,635,45063,43.12,7,9503,home_improvement,RENT,1,2,41,63.99,1,524,0.593923,VERY_HIGH,APPROVED,0,0,<600,<50K
CD001729,2025-02-04 05:43:29,667,106968,20.31,3,25659,debt_consolidation,MORTGAGE,0,0,0,87.18,3,629,0.120609,HIGH,APPROVED,1,120,600-700,100K+
CD001730,2025-04-29 15:26:30,660,58664,23.4,10,20651,debt_consolidation,RENT,2,4,47,67.99,2,563,0.380126,HIGH,DECLINED,0,0,<600,50-75K
CD001731,2025-03-28 04:44:14,732,43422,31.71,21,13762,credit_card,RENT,0,0,0,40.69,2,665,0.044367,MEDIUM,APPROVED,0,0,600-700,<50K
CD001732,2025-02-17 11:43:17,665,41219,25.05,5,18617,debt_consolidation,OTHER,1,2,4,75.53,2,677,0.025129,LOW,APPROVED,0,0,600-700,<50K
CD001733,2025-01-10 05:45:30,642,95675,31.06,0,19352,home_improvement,RENT,0,0,0,54.21,2,551,0.408933,HIGH,DECLINED,0,0,<600,75-100K
CD001734,2025-05-27 10:12:50,662,55482,25.29,2,16923,debt_consolidation,MORTGAGE,1,7,31,78.25,1,593,0.225581,HIGH,APPROVED,1,60,<600,50-75K
CD001735,2025-04-24 00:40:13,752,60171,45.66,17,8698,other,OTHER,0,0,0,9.76,2,656,0.064684,MEDIUM,APPROVED,0,0,600-700,50-75K
CD001736,2025-01-28 18:48:24,711,60442,20.3,17,9602,debt_consolidation,RENT,0,0,0,69.77,0,697,0.012084,LOW,APPROVED,0,0,600-700,50-75K
CD001737,2025-01-14 18:35:32,561,22897,30.98,5,28214,credit_card,OWN,1,4,17,46.0,1,535,0.524375,VERY_HIGH,DECLINED,1,60,<600,<50K
CD001738,2025-01-03 14:52:03,658,37444,39.16,2,21744,credit_card,MORTGAGE,1,2,7,72.97,3,563,0.291998,HIGH,APPROVED,1,90,<600,<50K
CD001739,2025-03-29 19:40:49,619,61332,30.66,2,47923,home_improvement,MORTGAGE,2,3,10,31.23,2,493,0.732745,VERY_HIGH,DECLINED,0,0,<600,50-75K
CD001740,2025-06-12 14:42:22,670,53528,11.43,0,45986,debt_consolidation,RENT,1,7,20,60.6,0,623,0.122328,HIGH,DECLINED,0,0,600-700,50-75K
CD001741,2025-02-28 06:26:14,703,66096,39.06,9,12461,major_purchase,OWN,3,4,17,54.85,1,634,0.086823,MEDIUM,APPROVED,1,120,600-700,50-75K
CD001742,2025-06-17 08:41:07,669,37242,16.61,4,10432,credit_card,MORTGAGE,0,0,0,61.6,2,616,0.110624,HIGH,APPROVED,0,0,600-700,<50K
CD001743,2025-03-13 10:22:35,702,37816,20.14,0,27318,debt_consolidation,MORTGAGE,1,5,19,74.31,2,576,0.286337,HIGH,APPROVED,0,0,<600,<50K
CD001744,2025-04-14 06:21:40,761,67701,41.87,6,30169,home_improvement,RENT,1,5,34,55.83,2,603,0.213862,HIGH,DECLINED,0,0,600-700,50-75K
CD001745,2025-05-05 05:23:46,573,118992,41.45,1,17762,credit_card,RENT,2,3,45,53.27,0,401,0.969441,VERY_HIGH,DECLINED,0,0,<600,100K+
CD001746,2025-05-06 18:15:19,666,36406,26.58,11,9443,debt_consolidation,RENT,1,8,53,62.58,1,597,0.221486,HIGH,APPROVED,0,0,<600,<50K
CD001747,2025-02-22 10:03:23,672,55053,40.68,2,6362,credit_card,MORTGAGE,1,10,25,41.25,5,557,0.401116,HIGH,DECLINED,1,60,<600,50-75K
CD001748,2025-04-06 04:45:12,694,37254,14.28,16,5312,other,RENT,1,1,45,71.26,2,625,0.058288,MEDIUM,APPROVED,0,0,600-700,<50K
CD001749,2025-04-11 03:09:50,674,27414,29.2,0,10989,credit_card,RENT,0,0,0,23.3,2,596,0.226805,HIGH,DECLINED,0,0,<600,<50K
CD001750,2025-01-15 17:53:36,719,54079,22.17,1,20851,major_purchase,MORTGAGE,1,6,56,65.75,0,688,0.03266,MEDIUM,DECLINED,0,0,600-700,50-75K
CD001751,2025-04-24 22:30:41,668,49935,16.33,2,32863,debt_consolidation,MORTGAGE,0,0,0,70.21,1,660,0.037388,MEDIUM,APPROVED,1,60,600-700,<50K
CD001752,2025-06-24 01:21:21,693,18212,8.26,5,46966,debt_consolidation,MORTGAGE,0,0,0,86.22,3,677,0.025166,LOW,APPROVED,0,0,600-700,<50K
CD001753,2025-01-14 22:35:55,584,41790,39.11,7,66263,debt_consolidation,RENT,0,0,0,45.86,3,500,0.710746,VERY_HIGH,DECLINED,1,120,<600,<50K
CD001754,2025-06-10 10:46:51,680,40154,27.29,1,10314,debt_consolidation,OWN,1,3,6,28.27,2,630,0.092046,MEDIUM,APPROVED,0,0,600-700,<50K
CD001755,2025-01-06 09:36:09,603,27403,36.24,4,16376,debt_consolidation,RENT,2,3,10,75.6,0,466,0.880815,VERY_HIGH,DECLINED,1,150,<600,<50K
CD001756,2025-05-28 00:58:31,701,36883,32.93,2,31333,debt_consolidation,MORTGAGE,1,3,29,100.0,1,596,0.245136,HIGH,APPROVED,0,0,<600,<50K
CD001757,2025-06-07 04:34:27,766,117361,26.31,3,20712,other,RENT,0,0,0,43.62,2,685,0.026438,LOW,APPROVED,0,0,600-700,100K+
CD001758,2025-05-07 05:29:19,666,19326,27.48,1,8486,debt_consolidation,RENT,1,1,33,39.04,1,576,0.290789,HIGH,DECLINED,0,0,<600,<50K
CD001759,2025-01-02 13:18:02,693,28241,13.83,26,43137,major_purchase,MORTGAGE,1,2,48,97.28,2,642,0.062816,MEDIUM,DECLINED,0,0,600-700,<50K
CD001760,2025-02-17 01:01:49,710,84652,25.13,5,11238,other,MORTGAGE,0,0,0,40.99,1,704,0.018106,LOW,APPROVED,0,0,700-800,75-100K
CD001761,2025-03-03 04:23:55,745,59139,37.44,5,12635,credit_card,MORTGAGE,0,0,0,78.21,0,645,0.058137,MEDIUM,APPROVED,0,0,600-700,50-75K
CD001762,2025-04-08 00:37:35,713,66995,41.38,10,19947,home_improvement,RENT,0,0,0,63.81,0,613,0.126303,HIGH,DECLINED,0,0,600-700,50-75K
CD001763,2025-04-23 19:10:07,738,55033,20.15,1,56818,other,RENT,0,0,0,34.71,1,751,0.004878,LOW,APPROVED,1,60,700-800,50-75K
CD001764,2025-03-19 03:48:21,642,55200,42.31,13,22726,debt_consolidation,OWN,0,0,0,49.37,1,583,0.298903,HIGH,DECLINED,1,150,<600,50-75K
CD001765,2025-01-26 05:23:50,667,41467,16.89,4,20737,debt_consolidation,MORTGAGE,0,0,0,70.6,2,612,0.120005,HIGH,DECLINED,0,0,600-700,<50K
CD001766,2025-03-23 13:47:00,591,91921,29.66,3,20345,home_improvement,OTHER,0,0,0,56.59,4,547,0.436977,VERY_HIGH,APPROVED,1,90,<600,75-100K
CD001767,2025-02-06 02:12:16,792,22351,29.46,6,10578,debt_consolidation,OWN,1,2,55,31.69,3,736,0.010784,LOW,APPROVED,0,0,700-800,<50K
CD001768,2025-02-27 21:07:44,606,62582,36.46,6,56799,debt_consolidation,RENT,1,2,43,16.9,1,679,0.018298,LOW,APPROVED,1,120,600-700,50-75K
CD001769,2025-03-31 07:33:02,721,20754,20.8,11,30831,major_purchase,RENT,1,5,16,63.33,1,704,0.015047,LOW,APPROVED,0,0,700-800,<50K
CD001770,2025-03-28 23:52:54,680,18964,35.0,3,23075,debt_consolidation,MORTGAGE,2,11,53,23.33,0,623,0.098937,HIGH,APPROVED,1,120,600-700,<50K
CD001771,2025-04-29 03:35:12,678,48084,23.32,0,11441,other,OWN,2,6,56,57.49,3,553,0.538795,VERY_HIGH,DECLINED,1,90,<600,<50K
CD001772,2025-05-09 01:07:16,607,110390,15.43,2,21535,other,OTHER,2,1,5,69.54,0,657,0.042147,MEDIUM,APPROVED,0,0,600-700,100K+
CD001773,2025-03-17 23:10:57,669,67985,21.45,9,41372,debt_consolidation,OWN,1,1,37,47.89,0,656,0.042362,MEDIUM,APPROVED,0,0,600-700,50-75K
CD001774,2025-06-12 05:36:06,676,52783,27.28,6,11503,debt_consolidation,RENT,0,0,0,79.57,1,624,0.104774,HIGH,DECLINED,0,0,600-700,50-75K
CD001775,2025-02-05 01:58:31,694,117431,36.1,7,13830,home_improvement,RENT,1,2,49,78.39,1,590,0.191531,HIGH,APPROVED,1,90,<600,100K+
CD001776,2025-02-12 22:22:41,653,51676,33.72,9,28787,major_purchase,RENT,1,4,14,40.74,1,588,0.281235,HIGH,APPROVED,0,0,<600,50-75K
CD001777,2025-02-28 07:49:50,685,38353,21.64,6,41878,debt_consolidation,RENT,0,0,0,87.28,0,736,0.007683,LOW,APPROVED,0,0,700-800,<50K
CD001778,2025-02-11 17:22:49,619,71563,32.45,20,38876,home_improvement,OTHER,1,5,36,90.82,0,452,0.923739,VERY_HIGH,DECLINED,1,90,<600,50-75K
CD001779,2025-01-28 19:32:28,737,28359,34.54,10,16169,other,OWN,1,2,11,22.66,3,650,0.06573,MEDIUM,APPROVED,0,0,600-700,<50K
CD001780,2025-03-13 17:02:36,636,144735,35.09,5,14841,credit_card,OTHER,4,8,50,51.37,4,497,0.736092,VERY_HIGH,DECLINED,1,90,<600,100K+
CD001781,2025-03-02 13:19:49,850,62284,29.54,0,15209,credit_card,OWN,0,0,0,46.57,0,850,0.0001,LOW,APPROVED,0,0,800+,50-75K
CD001782,2025-03-28 13:17:44,654,50622,22.02,19,23310,debt_consolidation,RENT,0,0,0,42.98,1,679,0.032454,MEDIUM,APPROVED,0,0,600-700,50-75K
CD001783,2025-03-07 20:04:17,636,40432,19.33,18,22975,major_purchase,RENT,1,1,7,50.04,0,630,0.083266,MEDIUM,APPROVED,0,0,600-700,<50K
CD001784,2025-02-17 04:11:26,682,74849,30.22,5,33636,debt_consolidation,MORTGAGE,1,3,27,64.41,3,652,0.048461,MEDIUM,APPROVED,0,0,600-700,50-75K
CD001785,2025-01-17 15:44:11,665,117170,33.31,4,14602,home_improvement,MORTGAGE,0,0,0,52.11,0,683,0.017635,LOW,APPROVED,1,60,600-700,100K+
CD001786,2025-01-30 02:40:10,732,36894,19.73,14,42721,debt_consolidation,RENT,0,0,0,26.54,2,740,0.004945,LOW,APPROVED,0,0,700-800,<50K
CD001787,2025-03-26 02:42:10,739,53388,22.5,13,15601,credit_card,RENT,0,0,0,31.21,0,731,0.006258,LOW,APPROVED,0,0,700-800,50-75K
CD001788,2025-05-19 04:04:52,639,55015,40.19,15,14130,debt_consolidation,RENT,1,4,48,85.22,1,724,0.008337,LOW,APPROVED,0,0,700-800,50-75K
CD001789,2025-05-02 21:37:56,636,32660,36.98,12,36745,debt_consolidation,OWN,2,5,48,33.72,1,543,0.502575,VERY_HIGH,APPROVED,0,0,<600,<50K
CD001790,2025-03-31 01:48:49,632,86031,32.44,3,14161,credit_card,MORTGAGE,1,4,51,27.12,1,638,0.065999,MEDIUM,APPROVED,0,0,600-700,75-100K
CD001791,2025-05-20 10:24:25,699,57546,29.07,15,14924,credit_card,RENT,1,1,10,37.29,1,691,0.023141,LOW,APPROVED,0,0,600-700,50-75K
CD001792,2025-01-26 10:06:25,727,39912,24.82,4,43327,other,RENT,0,0,0,15.74,3,737,0.006097,LOW,APPROVED,0,0,700-800,<50K
CD001793,2025-04-24 03:23:52,710,72471,20.73,8,31996,debt_consolidation,MORTGAGE,0,0,0,15.71,0,770,0.002767,LOW,APPROVED,0,0,700-800,50-75K
CD001794,2025-01-18 01:20:25,666,33535,37.17,9,41701,credit_card,OTHER,0,0,0,11.39,2,625,0.102042,HIGH,APPROVED,1,90,600-700,<50K
CD001795,2025-03-04 03:43:56,676,58444,19.38,8,39492,debt_consolidation,OWN,0,0,0,74.22,0,617,0.107281,HIGH,APPROVED,0,0,600-700,50-75K
CD001796,2025-04-08 19:24:44,710,54695,45.19,1,24926,home_improvement,MORTGAGE,1,4,38,37.37,2,543,0.504031,VERY_HIGH,DECLINED,0,0,<600,50-75K
CD001797,2025-01-26 09:29:40,742,33096,42.6,3,17112,other,RENT,3,6,24,19.79,1,636,0.074117,MEDIUM,APPROVED,0,0,600-700,<50K
CD001798,2025-03-19 05:44:09,672,38371,18.41,4,31150,debt_consolidation,MORTGAGE,1,4,55,43.84,3,614,0.120927,HIGH,APPROVED,1,60,600-700,<50K
CD001799,2025-01-09 03:56:18,738,56065,10.62,16,23671,credit_card,RENT,2,1,47,64.19,4,665,0.032378,MEDIUM,APPROVED,0,0,600-700,50-75K
CD001800,2025-06-12 11:56:16,656,21699,28.44,8,33717,debt_consolidation,RENT,1,1,2,45.93,0,571,0.19736,HIGH,APPROVED,0,0,<600,<50K
CD001801,2025-02-19 03:46:05,685,50996,17.06,1,14015,debt_consolidation,RENT,0,0,0,70.01,0,674,0.042595,MEDIUM,APPROVED,0,30,600-700,50-75K
CD001802,2025-05-13 16:11:49,736,60752,22.43,30,8487,debt_consolidation,RENT,1,0,7,34.69,1,667,0.040751,MEDIUM,APPROVED,0,0,600-700,50-75K
CD001803,2025-01-07 14:42:28,627,54341,30.32,4,11733,major_purchase,MORTGAGE,1,3,24,66.92,3,528,0.671601,VERY_HIGH,DECLINED,1,90,<600,50-75K
CD001804,2025-03-20 01:12:10,580,51616,14.89,2,14400,credit_card,MORTGAGE,1,0,8,44.83,2,521,0.630637,VERY_HIGH,DECLINED,0,0,<600,50-75K
CD001805,2025-02-28 10:24:55,613,28081,29.71,4,10481,credit_card,RENT,0,0,0,50.77,1,585,0.273456,HIGH,APPROVED,0,0,<600,<50K
CD001806,2025-05-14 23:42:13,666,46968,39.24,13,22012,debt_consolidation,OTHER,0,0,0,30.91,1,549,0.430484,VERY_HIGH,APPROVED,0,60,<600,<50K
CD001807,2025-06-24 21:06:44,617,51167,39.54,2,12530,debt_consolidation,OTHER,2,4,49,76.14,0,524,0.51444,VERY_HIGH,DECLINED,1,60,<600,50-75K
CD001808,2025-03-23 03:15:01,667,71448,37.21,5,34485,major_purchase,RENT,0,0,0,42.03,0,675,0.039732,MEDIUM,APPROVED,0,0,600-700,50-75K
CD001809,2025-03-29 23:09:58,749,57909,25.41,15,11764,debt_consolidation,RENT,0,0,0,82.39,2,751,0.004829,LOW,APPROVED,0,0,700-800,50-75K
CD001810,2025-05-22 02:00:51,654,85976,23.75,6,32188,home_improvement,RENT,0,0,0,45.31,5,617,0.173225,HIGH,APPROVED,0,0,600-700,75-100K
CD001811,2025-05-04 07:11:02,746,54903,22.78,2,9257,major_purchase,MORTGAGE,0,0,0,38.15,1,674,0.035798,MEDIUM,APPROVED,0,0,600-700,50-75K
CD001812,2025-01-01 17:34:31,721,62426,29.21,2,10716,major_purchase,OWN,1,3,37,36.5,4,663,0.057839,MEDIUM,APPROVED,0,0,600-700,50-75K
CD001813,2025-06-13 09:57:29,616,74718,34.45,1,20016,major_purchase,RENT,3,3,44,44.86,3,438,0.900061,VERY_HIGH,DECLINED,1,90,<600,50-75K
CD001814,2025-05-29 23:05:41,726,54575,26.88,1,18223,debt_consolidation,MORTGAGE,2,3,15,28.13,5,689,0.031434,MEDIUM,DECLINED,0,0,600-700,50-75K
CD001815,2025-02-20 22:26:03,721,100790,15.48,22,36140,credit_card,RENT,2,5,8,60.84,1,677,0.027144,LOW,APPROVED,0,0,600-700,100K+
CD001816,2025-06-19 06:13:20,727,25036,16.05,16,6667,home_improvement,OWN,2,3,53,77.98,1,635,0.092932,MEDIUM,APPROVED,0,0,600-700,<50K
CD001817,2025-04-07 22:39:37,685,29552,20.75,4,16695,debt_consolidation,MORTGAGE,0,0,0,29.35,1,731,0.005452,LOW,APPROVED,0,0,700-800,<50K
CD001818,2025-01-19 10:39:02,689,89000,28.22,10,25511,credit_card,OWN,3,1,2,73.97,1,622,0.087481,MEDIUM,APPROVED,0,0,600-700,75-100K
CD001819,2025-04-30 09:06:09,643,26226,33.43,2,12541,debt_consolidation,MORTGAGE,1,4,18,37.0,0,596,0.277653,HIGH,APPROVED,0,0,<600,<50K
CD001820,2025-01-21 12:23:10,626,39756,26.98,4,19287,other,MORTGAGE,0,0,0,75.03,1,599,0.124686,HIGH,APPROVED,1,150,<600,<50K
CD001821,2025-04-27 17:28:01,671,40939,34.06,8,16770,credit_card,OTHER,2,5,1,63.62,3,544,0.526822,VERY_HIGH,DECLINED,0,0,<600,<50K
CD001822,2025-04-29 05:07:10,713,63348,26.37,9,10034,major_purchase,RENT,2,2,3,27.31,1,680,0.029797,LOW,APPROVED,0,0,600-700,50-75K
CD001823,2025-05-11 20:49:24,641,38707,29.63,21,27020,major_purchase,MORTGAGE,0,0,0,40.22,1,615,0.145992,HIGH,APPROVED,0,0,600-700,<50K
CD001824,2025-03-10 05:16:08,763,38889,31.6,7,8902,home_improvement,MORTGAGE,1,9,44,100.0,1,669,0.02765,LOW,APPROVED,0,0,600-700,<50K
CD001825,2025-01-17 00:54:34,650,150926,25.82,9,30639,home_improvement,MORTGAGE,0,0,0,38.43,1,631,0.097706,HIGH,APPROVED,0,0,600-700,100K+
CD001826,2025-05-13 07:07:00,692,50050,35.34,18,23664,debt_consolidation,RENT,1,4,22,26.98,1,579,0.233032,HIGH,APPROVED,0,0,<600,50-75K
CD001827,2025-03-08 13:11:30,601,59970,40.4,9,25507,major_purchase,OWN,1,7,9,72.83,1,531,0.526562,VERY_HIGH,DECLINED,0,0,<600,50-75K
CD001828,2025-03-31 07:58:09,760,81560,32.52,19,18368,major_purchase,MORTGAGE,0,0,0,51.0,0,673,0.028119,LOW,APPROVED,0,0,600-700,75-100K
CD001829,2025-02-26 02:27:42,715,65057,24.53,6,83876,credit_card,OTHER,1,5,55,35.77,1,729,0.009659,LOW,APPROVED,1,90,700-800,50-75K
CD001830,2025-04-08 19:57:23,746,47000,28.84,2,7205,debt_consolidation,MORTGAGE,0,0,0,46.46,0,729,0.007171,LOW,APPROVED,0,0,700-800,<50K
CD001831,2025-06-25 11:25:07,610,36185,36.92,3,17291,credit_card,OWN,0,0,0,45.12,1,576,0.287565,HIGH,DECLINED,0,0,<600,<50K
CD001832,2025-05-11 18:30:54,755,45332,28.84,1,10395,debt_consolidation,RENT,0,0,0,63.43,2,766,0.003265,LOW,APPROVED,0,0,700-800,<50K
CD001833,2025-01-18 16:23:18,702,69780,25.52,5,25211,major_purchase,MORTGAGE,1,7,12,31.69,3,676,0.036107,MEDIUM,APPROVED,0,0,600-700,50-75K
CD001834,2025-03-26 14:58:12,643,67686,22.93,7,27884,credit_card,MORTGAGE,1,3,8,57.34,0,627,0.081966,MEDIUM,DECLINED,1,60,600-700,50-75K
CD001835,2025-06-17 07:12:35,655,83585,26.71,23,13018,other,OWN,0,0,0,50.28,2,720,0.014202,LOW,APPROVED,0,0,700-800,75-100K
CD001836,2025-06-19 02:37:48,595,83819,27.27,5,28187,debt_consolidation,MORTGAGE,1,12,2,96.6,0,552,0.459983,VERY_HIGH,DECLINED,0,0,<600,75-100K
CD001837,2025-06-16 09:14:05,667,160788,13.41,9,19501,other,MORTGAGE,0,0,0,63.45,1,727,0.007944,LOW,APPROVED,0,0,700-800,100K+
CD001838,2025-02-22 11:39:39,726,112263,33.57,2,10747,other,MORTGAGE,0,0,0,28.94,4,693,0.012303,LOW,APPROVED,0,0,600-700,100K+
CD001839,2025-04-27 18:08:37,630,63172,16.89,4,32430,credit_card,RENT,0,0,0,73.29,0,617,0.114497,HIGH,APPROVED,0,0,600-700,50-75K
CD001840,2025-03-16 17:09:33,698,66627,36.02,0,16766,debt_consolidation,MORTGAGE,0,0,0,65.74,0,682,0.02565,LOW,APPROVED,0,0,600-700,50-75K
CD001841,2025-06-01 22:55:48,611,64522,1.0,3,5240,home_improvement,MORTGAGE,0,0,0,35.91,0,759,0.003926,LOW,APPROVED,0,0,700-800,50-75K
CD001842,2025-02-12 17:03:02,531,58214,27.28,7,25702,credit_card,RENT,0,0,0,42.04,3,542,0.516011,VERY_HIGH,DECLINED,1,150,<600,50-75K
CD001843,2025-04-17 18:37:59,667,62739,37.52,5,24271,debt_consolidation,OWN,2,1,1,66.77,4,607,0.143479,HIGH,APPROVED,0,30,600-700,50-75K
CD001844,2025-02-11 20:45:27,758,65026,36.85,28,9695,home_improvement,RENT,0,0,0,69.27,4,691,0.018733,LOW,APPROVED,0,0,600-700,50-75K
CD001845,2025-03-08 00:38:52,742,45243,13.65,5,24350,credit_card,OTHER,1,3,48,67.64,1,691,0.014712,LOW,APPROVED,0,0,600-700,<50K
CD001846,2025-01-27 11:12:30,640,37281,15.82,15,19180,other,RENT,2,0,30,24.17,1,651,0.042812,MEDIUM,APPROVED,1,120,600-700,<50K
CD001847,2025-03-30 04:44:30,745,43349,31.78,0,21387,major_purchase,MORTGAGE,0,0,0,57.65,4,625,0.12072,HIGH,APPROVED,0,0,600-700,<50K
CD001848,2025-06-06 18:35:13,733,76300,16.68,5,16347,credit_card,MORTGAGE,0,0,0,58.07,2,767,0.00254,LOW,APPROVED,0,0,700-800,75-100K
CD001849,2025-06-02 09:38:07,696,97909,36.18,0,13123,debt_consolidation,RENT,1,3,51,68.39,0,596,0.219666,HIGH,DECLINED,0,0,<600,75-100K
CD001850,2025-02-07 07:27:59,656,66354,41.19,7,18077,debt_consolidation,OWN,1,6,47,14.16,3,551,0.474437,VERY_HIGH,DECLINED,0,0,<600,50-75K
CD001851,2025-05-02 01:27:38,729,56469,18.42,1,4237,credit_card,RENT,1,7,20,36.08,3,738,0.008472,LOW,APPROVED,0,0,700-800,50-75K
CD001852,2025-04-05 16:54:10,670,79856,17.11,1,30435,credit_card,MORTGAGE,0,0,0,55.29,1,629,0.078215,MEDIUM,DECLINED,1,120,600-700,75-100K
CD001853,2025-03-22 11:27:17,653,56477,24.53,0,5940,debt_consolidation,RENT,0,0,0,73.61,1,612,0.136748,HIGH,DECLINED,1,90,600-700,50-75K
CD001854,2025-06-15 11:08:42,732,65389,34.83,10,26648,credit_card,MORTGAGE,0,0,0,85.51,4,574,0.208227,HIGH,DECLINED,0,0,<600,50-75K
CD001855,2025-06-08 06:28:04,637,93006,32.84,1,17648,credit_card,MORTGAGE,1,4,47,52.28,1,542,0.46012,VERY_HIGH,DECLINED,0,30,<600,75-100K
CD001856,2025-03-13 00:28:28,712,26874,30.77,1,27408,credit_card,RENT,0,0,0,53.55,4,714,0.009805,LOW,APPROVED,0,0,700-800,<50K
CD001857,2025-03-07 09:40:54,756,37317,15.08,5,27393,major_purchase,MORTGAGE,1,3,23,39.9,0,730,0.010822,LOW,APPROVED,0,0,700-800,<50K
CD001858,2025-05-29 16:53:32,637,160356,39.39,3,24028,home_improvement,RENT,0,0,0,10.59,0,590,0.227257,HIGH,DECLINED,0,0,<600,100K+
CD001859,2025-02-25 15:21:11,684,56493,27.81,4,10902,debt_consolidation,RENT,0,0,0,37.8,2,651,0.04513,MEDIUM,APPROVED,1,150,600-700,50-75K
CD001860,2025-04-27 12:39:59,703,43182,33.28,2,18105,debt_consolidation,RENT,0,0,0,54.53,1,604,0.230777,HIGH,APPROVED,0,60,600-700,<50K
CD001861,2025-05-01 01:14:39,577,36404,29.27,6,49379,credit_card,RENT,0,0,0,18.98,3,535,0.679791,VERY_HIGH,DECLINED,1,120,<600,<50K
CD001862,2025-03-13 12:37:21,646,49541,34.96,3,37068,credit_card,MORTGAGE,0,0,0,85.83,1,618,0.147439,HIGH,APPROVED,1,150,600-700,<50K
CD001863,2025-02-20 11:46:55,643,35950,38.84,9,44332,major_purchase,RENT,0,0,0,43.33,2,642,0.073185,MEDIUM,APPROVED,0,0,600-700,<50K
CD001864,2025-01-26 19:22:46,643,46187,34.39,1,9411,debt_consolidation,RENT,2,8,45,29.99,1,509,0.785986,VERY_HIGH,DECLINED,0,0,<600,<50K
CD001865,2025-02-06 20:47:15,625,49106,2.36,25,23926,credit_card,RENT,0,0,0,47.32,2,636,0.059436,MEDIUM,APPROVED,0,0,600-700,<50K
CD001866,2025-03-13 01:15:54,743,99662,20.78,2,35553,major_purchase,MORTGAGE,1,8,36,6.95,2,713,0.012248,LOW,APPROVED,0,0,700-800,75-100K
CD001867,2025-03-19 23:56:59,623,45683,33.96,22,15556,major_purchase,MORTGAGE,0,0,0,62.15,2,557,0.330134,HIGH,DECLINED,0,0,<600,<50K
CD001868,2025-05-01 23:19:22,666,77858,17.54,9,20434,credit_card,RENT,3,3,12,74.0,1,606,0.220484,HIGH,DECLINED,0,0,600-700,75-100K
CD001869,2025-03-05 08:01:00,705,39173,46.85,10,33244,major_purchase,RENT,2,4,16,44.33,0,629,0.113184,HIGH,APPROVED,1,120,600-700,<50K
CD001870,2025-04-06 20:39:38,758,211705,18.76,1,11595,home_improvement,MORTGAGE,0,0,0,49.83,0,715,0.013774,LOW,APPROVED,0,0,700-800,100K+
CD001871,2025-03-14 21:13:41,584,32886,29.39,4,19548,credit_card,RENT,0,0,0,63.9,2,550,0.537033,VERY_HIGH,APPROVED,0,0,<600,<50K
CD001872,2025-04-25 04:32:13,600,52386,32.74,3,31372,home_improvement,RENT,0,0,0,67.97,2,655,0.046959,MEDIUM,APPROVED,1,60,600-700,50-75K
CD001873,2025-06-01 10:07:07,614,59844,35.59,4,9095,debt_consolidation,MORTGAGE,1,5,22,55.68,1,534,0.490237,VERY_HIGH,DECLINED,0,0,<600,50-75K
CD001874,2025-03-21 11:10:07,655,53382,46.57,5,4478,debt_consolidation,OWN,1,5,36,60.94,1,591,0.185624,HIGH,DECLINED,1,90,<600,50-75K
CD001875,2025-06-20 19:29:35,723,82491,10.84,6,20112,credit_card,RENT,1,2,30,35.57,1,684,0.029814,LOW,APPROVED,0,0,600-700,75-100K
CD001876,2025-05-31 19:42:11,664,78453,37.24,7,16412,debt_consolidation,MORTGAGE,1,5,32,45.99,5,516,0.717121,VERY_HIGH,DECLINED,0,0,<600,75-100K
CD001877,2025-03-11 21:07:52,680,62322,33.99,10,11860,debt_consolidation,OWN,2,8,3,67.0,2,618,0.068644,MEDIUM,APPROVED,1,90,600-700,50-75K
CD001878,2025-05-10 18:23:29,756,130889,28.37,3,90000,debt_consolidation,OTHER,1,2,51,55.76,2,641,0.113178,HIGH,APPROVED,0,0,600-700,100K+
CD001879,2025-03-10 22:09:18,654,45512,25.89,14,31789,credit_card,RENT,0,0,0,32.38,0,697,0.023186,LOW,APPROVED,0,0,600-700,<50K
CD001880,2025-01-03 19:39:43,681,55039,21.44,7,12926,home_improvement,MORTGAGE,0,0,0,52.63,0,675,0.039549,MEDIUM,APPROVED,0,0,600-700,50-75K
CD001881,2025-02-18 11:17:01,780,52610,35.72,27,6424,debt_consolidation,OTHER,1,4,19,83.04,2,729,0.009016,LOW,APPROVED,0,0,700-800,50-75K
CD001882,2025-06-11 08:22:01,715,59742,24.11,1,29562,major_purchase,RENT,0,0,0,9.76,3,672,0.036001,MEDIUM,APPROVED,0,0,600-700,50-75K
CD001883,2025-02-08 15:02:50,638,68095,33.82,19,40146,home_improvement,MORTGAGE,0,0,0,87.84,1,552,0.453848,VERY_HIGH,DECLINED,1,150,<600,50-75K
CD001884,2025-01-25 04:49:12,636,56933,47.41,8,19603,home_improvement,RENT,1,2,17,74.92,2,550,0.457544,VERY_HIGH,DECLINED,1,90,<600,50-75K
CD001885,2025-02-04 10:05:22,733,47186,39.55,8,18889,credit_card,RENT,2,4,32,17.43,3,580,0.263829,HIGH,DECLINED,0,60,<600,<50K
CD001886,2025-03-18 22:47:55,609,44936,35.11,5,52998,debt_consolidation,OWN,0,0,0,69.33,0,555,0.33794,HIGH,DECLINED,1,120,<600,<50K
CD001887,2025-02-03 14:28:42,624,50489,36.56,0,27937,credit_card,RENT,2,2,34,55.24,0,607,0.157772,HIGH,APPROVED,1,120,600-700,50-75K
CD001888,2025-01-06 02:22:53,716,38793,1.0,2,40601,debt_consolidation,RENT,1,6,57,21.02,0,777,0.002507,LOW,APPROVED,0,0,700-800,<50K
CD001889,2025-02-07 20:21:52,746,43032,35.31,5,13453,major_purchase,RENT,1,6,52,72.85,2,677,0.024744,LOW,DECLINED,0,0,600-700,<50K
CD001890,2025-03-29 06:03:51,764,33610,24.06,3,19395,debt_consolidation,RENT,0,0,0,49.77,2,708,0.013079,LOW,APPROVED,0,0,700-800,<50K
CD001891,2025-02-15 11:59:37,619,20906,17.65,17,10106,major_purchase,RENT,1,5,32,43.17,0,595,0.213262,HIGH,DECLINED,0,0,<600,<50K
CD001892,2025-04-07 04:11:40,701,74588,35.61,1,10067,other,MORTGAGE,2,3,26,32.59,1,575,0.292226,HIGH,APPROVED,0,0,<600,50-75K
CD001893,2025-01-29 18:33:19,490,37446,48.18,9,30600,debt_consolidation,RENT,0,0,0,71.27,2,352,0.992152,VERY_HIGH,DECLINED,1,150,<600,<50K
CD001894,2025-01-08 08:37:45,626,86217,19.07,5,9995,debt_consolidation,MORTGAGE,1,4,1,14.04,1,688,0.021314,LOW,DECLINED,0,0,600-700,75-100K
CD001895,2025-03-09 15:12:13,834,36979,29.12,0,12179,home_improvement,RENT,0,0,0,76.51,4,668,0.03274,MEDIUM,APPROVED,0,0,600-700,<50K
CD001896,2025-01-07 18:49:35,759,67415,20.76,3,13464,home_improvement,MORTGAGE,1,6,20,60.03,0,688,0.014108,LOW,APPROVED,0,0,600-700,50-75K
CD001897,2025-03-14 10:34:35,713,32979,23.67,16,22281,major_purchase,OTHER,0,0,0,48.54,1,652,0.069174,MEDIUM,APPROVED,0,0,600-700,<50K
CD001898,2025-05-18 01:32:45,623,98330,38.48,2,12594,debt_consolidation,RENT,2,2,42,42.38,1,628,0.177391,HIGH,APPROVED,1,120,600-700,75-100K
CD001899,2025-04-08 00:40:33,605,39108,23.54,8,12332,major_purchase,MORTGAGE,0,0,0,56.61,0,627,0.100758,HIGH,APPROVED,0,0,600-700,<50K
CD001900,2025-04-20 03:47:54,735,28562,25.86,0,16396,credit_card,RENT,2,4,25,32.96,1,667,0.044029,MEDIUM,APPROVED,0,0,600-700,<50K
CD001901,2025-02-15 10:03:17,665,46270,27.46,1,16759,credit_card,MORTGAGE,0,0,0,57.45,0,626,0.074061,MEDIUM,DECLINED,0,0,600-700,<50K
CD001902,2025-06-15 12:56:34,629,35609,13.83,2,17528,credit_card,OTHER,0,0,0,24.13,1,583,0.243336,HIGH,DECLINED,0,30,<600,<50K
CD001903,2025-01-19 11:46:57,714,197183,23.93,3,23830,credit_card,MORTGAGE,2,3,56,47.94,3,697,0.016487,LOW,APPROVED,0,0,600-700,100K+
CD001904,2025-03-22 06:59:28,712,33369,33.93,2,10413,credit_card,OWN,1,2,28,35.43,1,661,0.051775,MEDIUM,APPROVED,0,0,600-700,<50K
CD001905,2025-04-12 01:34:47,636,79807,34.23,16,39927,debt_consolidation,RENT,2,5,31,80.2,1,463,0.873651,VERY_HIGH,DECLINED,1,90,<600,75-100K
CD001906,2025-03-26 00:55:40,650,19028,26.91,3,17120,other,RENT,2,3,29,37.87,2,616,0.138511,HIGH,APPROVED,1,120,600-700,<50K
CD001907,2025-04-22 22:28:36,796,78133,37.39,2,12790,other,RENT,1,3,3,53.97,2,719,0.008587,LOW,APPROVED,0,0,700-800,75-100K
CD001908,2025-05-09 04:42:02,621,30918,39.89,17,18528,other,RENT,0,0,0,98.28,4,480,0.861778,VERY_HIGH,DECLINED,1,60,<600,<50K
CD001909,2025-02-05 17:50:23,730,46852,10.44,6,39230,debt_consolidation,OWN,0,0,0,67.04,2,604,0.146543,HIGH,DECLINED,0,0,600-700,<50K
CD001910,2025-04-22 05:22:06,636,34991,25.16,3,15568,major_purchase,OWN,0,0,0,74.74,1,655,0.039791,MEDIUM,APPROVED,0,0,600-700,<50K
CD001911,2025-04-28 17:26:24,627,71441,31.04,7,34989,debt_consolidation,RENT,0,0,0,100.0,0,608,0.133052,HIGH,DECLINED,0,0,600-700,50-75K
CD001912,2025-04-06 08:02:43,617,39122,34.72,13,46614,credit_card,RENT,3,4,20,51.32,6,427,0.942302,VERY_HIGH,DECLINED,1,150,<600,<50K
CD001913,2025-04-23 13:24:24,668,59809,28.52,7,12624,credit_card,RENT,1,3,30,19.96,1,668,0.032423,MEDIUM,APPROVED,0,0,600-700,50-75K
CD001914,2025-03-04 08:37:39,673,69481,37.32,0,19693,credit_card,RENT,0,0,0,68.0,3,526,0.542943,VERY_HIGH,DECLINED,0,30,<600,50-75K
CD001915,2025-06-10 06:19:31,715,74701,23.61,2,23564,credit_card,RENT,0,0,0,66.79,1,684,0.021958,LOW,APPROVED,0,0,600-700,50-75K
CD001916,2025-02-15 00:23:10,634,51254,36.65,4,44520,debt_consolidation,RENT,1,3,40,55.95,2,517,0.633844,VERY_HIGH,DECLINED,1,90,<600,50-75K
CD001917,2025-02-21 08:36:34,697,104219,20.33,2,14488,credit_card,RENT,2,5,22,73.81,0,617,0.113611,HIGH,DECLINED,1,150,600-700,100K+
CD001918,2025-01-11 10:07:40,644,104209,16.65,0,12047,debt_consolidation,RENT,0,0,0,28.23,0,673,0.026437,LOW,APPROVED,0,0,600-700,100K+
CD001919,2025-06-14 14:14:24,634,42482,41.2,7,19389,credit_card,MORTGAGE,0,0,0,74.61,1,579,0.259927,HIGH,DECLINED,0,0,<600,<50K
CD001920,2025-04-26 03:53:02,709,67853,30.56,3,38942,debt_consolidation,RENT,1,6,1,79.7,0,644,0.083223,MEDIUM,APPROVED,0,0,600-700,50-75K
CD001921,2025-01-04 07:30:41,699,88663,28.28,7,28759,credit_card,MORTGAGE,2,7,39,64.58,3,652,0.063674,MEDIUM,APPROVED,0,0,600-700,75-100K
CD001922,2025-01-12 20:28:30,591,151888,15.33,2,11366,credit_card,MORTGAGE,1,3,3,48.39,2,625,0.102324,HIGH,APPROVED,0,30,600-700,100K+
CD001923,2025-03-22 14:19:35,683,41956,37.3,10,25415,home_improvement,RENT,0,0,0,52.54,1,656,0.063415,MEDIUM,APPROVED,0,0,600-700,<50K
CD001924,2025-03-27 06:21:56,574,82865,25.34,7,17260,home_improvement,MORTGAGE,0,0,0,56.94,0,556,0.436528,VERY_HIGH,DECLINED,1,150,<600,75-100K
CD001925,2025-06-09 18:12:04,615,63364,34.67,6,9387,credit_card,MORTGAGE,1,4,23,45.03,2,575,0.221109,HIGH,DECLINED,0,0,<600,50-75K
CD001926,2025-06-09 15:32:52,763,39183,24.91,7,44208,credit_card,MORTGAGE,1,3,44,43.75,2,714,0.008364,LOW,APPROVED,0,0,700-800,<50K
CD001927,2025-05-31 09:54:16,746,60195,24.44,12,20431,other,RENT,2,4,57,68.12,3,600,0.130834,HIGH,DECLINED,0,0,600-700,50-75K
CD001928,2025-03-06 19:05:35,663,29860,20.89,6,21245,credit_card,RENT,1,6,59,39.35,0,556,0.324781,HIGH,DECLINED,0,0,<600,<50K
CD001929,2025-04-16 18:10:34,706,50041,22.37,0,33927,debt_consolidation,MORTGAGE,0,0,0,11.67,1,678,0.037296,MEDIUM,APPROVED,0,0,600-700,50-75K
CD001930,2025-06-03 04:32:45,743,151632,27.48,5,12843,credit_card,RENT,0,0,0,1.44,1,736,0.005324,LOW,APPROVED,0,0,700-800,100K+
CD001931,2025-02-10 15:11:05,768,83195,27.96,5,15860,credit_card,OTHER,0,0,0,54.54,2,660,0.035748,MEDIUM,APPROVED,0,0,600-700,75-100K
CD001932,2025-01-16 18:07:41,767,102438,27.53,21,29004,other,MORTGAGE,1,5,46,40.52,3,734,0.008968,LOW,APPROVED,0,0,700-800,100K+
CD001933,2025-06-28 14:47:14,630,71771,22.95,4,49375,credit_card,RENT,2,2,17,48.16,1,510,0.632737,VERY_HIGH,DECLINED,0,0,<600,50-75K
CD001934,2025-05-25 12:43:05,670,50785,29.43,0,13445,debt_consolidation,MORTGAGE,0,0,0,61.57,2,605,0.140032,HIGH,DECLINED,0,0,600-700,50-75K
CD001935,2025-04-08 02:05:06,678,35622,32.72,0,57918,credit_card,OTHER,1,7,36,48.82,1,649,0.064802,MEDIUM,APPROVED,0,0,600-700,<50K
CD001936,2025-01-06 09:38:32,539,23959,22.16,7,10008,home_improvement,OTHER,1,0,19,58.71,1,516,0.672282,VERY_HIGH,DECLINED,1,120,<600,<50K
CD001937,2025-06-18 17:58:11,630,31765,31.56,9,17220,debt_consolidation,RENT,0,0,0,53.33,0,583,0.277155,HIGH,APPROVED,1,150,<600,<50K
CD001938,2025-03-23 13:23:42,693,146730,39.26,1,28072,debt_consolidation,MORTGAGE,0,0,0,58.95,1,607,0.188584,HIGH,DECLINED,0,0,600-700,100K+
CD001939,2025-03-09 02:12:06,659,43267,4.67,3,13380,home_improvement,OWN,2,6,22,59.74,1,577,0.220326,HIGH,APPROVED,1,90,<600,<50K
CD001940,2025-02-26 07:52:28,638,61236,35.27,16,13051,credit_card,OTHER,0,0,0,40.15,1,619,0.089165,MEDIUM,DECLINED,1,90,600-700,50-75K
CD001941,2025-02-13 07:31:23,607,93555,16.01,18,31969,major_purchase,RENT,1,4,34,70.81,0,664,0.048467,MEDIUM,APPROVED,0,0,600-700,75-100K
CD001942,2025-01-20 16:14:27,639,32691,38.92,11,25077,major_purchase,RENT,1,3,41,74.92,1,484,0.830831,VERY_HIGH,DECLINED,1,120,<600,<50K
CD001943,2025-05-20 17:50:11,670,68967,29.24,4,25257,credit_card,MORTGAGE,0,0,0,59.12,0,689,0.020392,LOW,APPROVED,0,0,600-700,50-75K
CD001944,2025-01-14 17:58:46,653,33550,36.54,0,47898,debt_consolidation,MORTGAGE,0,0,0,100.0,1,555,0.408782,HIGH,DECLINED,1,120,<600,<50K
CD001945,2025-05-15 14:22:00,733,53438,21.92,2,16348,major_purchase,RENT,2,4,29,54.65,4,635,0.087276,MEDIUM,DECLINED,0,30,600-700,50-75K
CD001946,2025-06-03 15:43:55,716,31159,26.37,2,20334,debt_consolidation,RENT,0,0,0,79.1,1,652,0.06392,MEDIUM,APPROVED,0,0,600-700,<50K
CD001947,2025-03-08 04:39:31,600,128728,12.86,1,33683,debt_consolidation,MORTGAGE,1,6,19,45.54,6,588,0.178026,HIGH,DECLINED,0,0,<600,100K+
CD001948,2025-04-22 15:33:55,722,65900,25.7,8,22113,debt_consolidation,OWN,0,0,0,46.17,4,675,0.032249,MEDIUM,DECLINED,0,0,600-700,50-75K
CD001949,2025-03-22 18:22:34,672,108579,29.77,1,9346,other,RENT,1,3,31,100.0,2,628,0.152551,HIGH,APPROVED,1,120,600-700,100K+
CD001950,2025-05-21 15:40:24,713,36576,34.14,2,23626,debt_consolidation,MORTGAGE,0,0,0,59.4,0,654,0.044633,MEDIUM,APPROVED,0,0,600-700,<50K
CD001951,2025-05-05 05:52:49,635,66565,21.18,20,14003,other,OTHER,0,0,0,41.14,4,661,0.049312,MEDIUM,APPROVED,0,0,600-700,50-75K
CD001952,2025-04-16 04:48:06,720,37583,30.84,7,13703,debt_consolidation,MORTGAGE,1,4,26,32.69,1,646,0.102792,HIGH,APPROVED,1,90,600-700,<50K
CD001953,2025-05-11 13:56:49,631,195347,22.6,17,26817,home_improvement,MORTGAGE,1,3,43,52.06,4,602,0.157526,HIGH,DECLINED,1,60,600-700,100K+
CD001954,2025-03-31 00:27:48,727,47837,33.88,12,30582,major_purchase,RENT,2,6,56,40.42,0,667,0.034009,MEDIUM,APPROVED,0,0,600-700,<50K
CD001955,2025-03-29 19:57:07,669,65085,36.4,7,24136,debt_consolidation,OWN,0,0,0,63.54,0,610,0.097233,HIGH,DECLINED,0,0,600-700,50-75K
CD001956,2025-03-29 18:22:35,657,83996,24.92,1,31213,other,MORTGAGE,0,0,0,53.65,2,611,0.126956,HIGH,DECLINED,0,0,600-700,75-100K
CD001957,2025-04-28 09:42:52,598,45778,25.1,1,8377,debt_consolidation,MORTGAGE,0,0,0,62.28,3,501,0.70333,VERY_HIGH,DECLINED,1,150,<600,<50K
CD001958,2025-01-24 23:49:53,582,79577,29.21,0,65417,credit_card,RENT,1,6,22,35.44,3,575,0.330871,HIGH,DECLINED,1,60,<600,75-100K
CD001959,2025-01-21 17:16:43,718,52160,10.32,24,20381,home_improvement,MORTGAGE,2,4,31,49.81,1,792,0.00199,LOW,APPROVED,0,0,700-800,50-75K
CD001960,2025-02-27 05:08:11,609,60381,19.4,1,23420,home_improvement,MORTGAGE,0,0,0,59.4,0,605,0.167395,HIGH,APPROVED,1,90,600-700,50-75K
CD001961,2025-02-02 01:59:26,606,40138,30.03,0,50746,other,MORTGAGE,2,4,37,13.24,2,565,0.377901,HIGH,APPROVED,1,120,<600,<50K
CD001962,2025-01-08 02:36:24,693,82770,23.88,0,37138,debt_consolidation,RENT,0,0,0,71.24,1,636,0.063974,MEDIUM,APPROVED,0,0,600-700,75-100K
CD001963,2025-02-25 19:23:04,672,106639,38.51,3,10651,home_improvement,RENT,0,0,0,74.04,3,642,0.10857,HIGH,APPROVED,1,90,600-700,100K+
CD001964,2025-03-11 01:14:21,703,28999,14.13,4,9693,debt_consolidation,MORTGAGE,0,0,0,14.45,1,711,0.013956,LOW,APPROVED,0,0,700-800,<50K
CD001965,2025-04-30 15:28:14,599,59917,35.17,9,38827,credit_card,OWN,0,0,0,74.71,4,532,0.613734,VERY_HIGH,DECLINED,1,60,<600,50-75K
CD001966,2025-06-28 10:39:44,554,48451,21.48,11,17678,credit_card,RENT,0,0,0,19.87,1,636,0.139548,HIGH,APPROVED,0,0,600-700,<50K
CD001967,2025-01-12 03:48:17,621,63592,16.06,15,23112,credit_card,RENT,2,3,33,54.82,0,719,0.009376,LOW,APPROVED,0,0,700-800,50-75K
CD001968,2025-03-17 10:05:02,725,83127,30.07,15,18230,other,RENT,0,0,0,77.56,1,658,0.045486,MEDIUM,APPROVED,1,120,600-700,75-100K
CD001969,2025-03-30 13:50:58,669,52346,20.79,0,16634,home_improvement,RENT,0,0,0,56.16,1,669,0.031369,MEDIUM,APPROVED,0,0,600-700,50-75K
CD001970,2025-02-10 08:44:45,695,55366,15.59,6,17165,debt_consolidation,MORTGAGE,2,5,19,42.53,2,626,0.065326,MEDIUM,APPROVED,0,0,600-700,50-75K
CD001971,2025-03-31 17:58:07,699,58362,31.71,0,16432,major_purchase,MORTGAGE,0,0,0,72.74,4,612,0.188975,HIGH,APPROVED,0,0,600-700,50-75K
CD001972,2025-05-13 01:47:31,680,54256,18.34,30,25095,credit_card,RENT,0,0,0,28.36,1,636,0.074658,MEDIUM,DECLINED,0,0,600-700,50-75K
CD001973,2025-03-07 06:08:35,680,75119,18.02,21,50816,credit_card,RENT,1,9,43,16.72,0,741,0.004085,LOW,APPROVED,0,0,700-800,75-100K
CD001974,2025-02-19 03:32:51,659,34224,30.54,16,22429,major_purchase,RENT,0,0,0,96.14,2,544,0.422827,VERY_HIGH,DECLINED,1,150,<600,<50K
CD001975,2025-05-09 07:53:49,683,54333,20.94,7,7729,debt_consolidation,MORTGAGE,0,0,0,61.88,2,690,0.022798,LOW,DECLINED,0,0,600-700,50-75K
CD001976,2025-05-05 12:39:45,688,66229,24.21,2,13089,credit_card,MORTGAGE,3,7,33,51.08,1,668,0.049681,MEDIUM,APPROVED,1,90,600-700,50-75K
CD001977,2025-01-09 15:20:59,635,96826,46.15,8,20643,debt_consolidation,OWN,1,3,46,45.41,0,631,0.093497,HIGH,APPROVED,1,90,600-700,75-100K
CD001978,2025-04-14 13:40:47,704,129177,33.12,0,15278,debt_consolidation,OWN,1,2,37,43.09,2,590,0.178952,HIGH,DECLINED,1,120,<600,100K+
CD001979,2025-06-21 21:16:36,671,63509,26.78,8,53672,credit_card,MORTGAGE,1,2,56,67.95,2,614,0.102576,HIGH,APPROVED,0,0,600-700,50-75K
CD001980,2025-03-29 16:13:43,666,58360,4.76,2,6396,debt_consolidation,OTHER,1,4,42,46.63,4,722,0.010489,LOW,APPROVED,0,0,700-800,50-75K
CD001981,2025-06-18 17:33:25,662,33614,26.1,4,36780,other,RENT,2,9,27,35.6,1,667,0.050783,MEDIUM,APPROVED,0,0,600-700,<50K
CD001982,2025-05-26 22:17:04,719,37012,25.56,9,10921,major_purchase,RENT,0,0,0,48.34,3,673,0.031268,MEDIUM,APPROVED,0,0,600-700,<50K
CD001983,2025-03-15 21:53:05,663,66033,30.9,2,33744,debt_consolidation,RENT,1,4,28,42.63,0,595,0.122047,HIGH,APPROVED,0,0,<600,50-75K
CD001984,2025-05-16 20:28:59,736,52595,20.97,6,6879,home_improvement,MORTGAGE,0,0,0,76.24,1,693,0.022135,LOW,APPROVED,0,0,600-700,50-75K
CD001985,2025-04-25 02:08:14,616,73504,41.98,6,19486,debt_consolidation,OWN,0,0,0,58.74,3,460,0.866196,VERY_HIGH,DECLINED,1,150,<600,50-75K
CD001986,2025-03-22 13:17:42,702,18470,27.24,29,24941,credit_card,RENT,0,0,0,32.98,3,630,0.098689,HIGH,APPROVED,1,60,600-700,<50K
CD001987,2025-01-26 05:58:12,586,43250,24.88,20,25054,credit_card,RENT,0,0,0,100.0,2,650,0.061282,MEDIUM,APPROVED,1,60,600-700,<50K
CD001988,2025-04-23 07:43:55,674,60534,42.11,12,28384,debt_consolidation,MORTGAGE,1,4,52,48.18,2,567,0.372922,HIGH,DECLINED,0,0,<600,50-75K
CD001989,2025-01-09 01:09:06,643,50301,31.43,2,14113,debt_consolidation,RENT,0,0,0,45.27,1,621,0.088612,MEDIUM,APPROVED,0,0,600-700,50-75K
CD001990,2025-05-06 21:13:23,646,47402,28.7,3,69092,debt_consolidation,OWN,0,0,0,43.61,1,584,0.209516,HIGH,DECLINED,0,60,<600,<50K
CD001991,2025-05-05 21:40:36,614,36804,22.67,11,20969,credit_card,RENT,0,0,0,46.54,0,604,0.17093,HIGH,APPROVED,0,0,600-700,<50K
CD001992,2025-01-24 13:31:27,669,47105,29.46,18,85179,other,RENT,1,5,52,23.69,0,676,0.035149,MEDIUM,APPROVED,0,0,600-700,<50K
CD001993,2025-05-09 23:22:04,701,43361,24.23,14,25764,credit_card,MORTGAGE,0,0,0,65.98,3,633,0.081835,MEDIUM,APPROVED,0,0,600-700,<50K
CD001994,2025-04-19 09:57:36,570,42705,18.28,1,11641,home_improvement,OTHER,3,7,9,55.69,0,555,0.371965,HIGH,DECLINED,1,120,<600,<50K
CD001995,2025-02-14 00:09:47,664,57559,33.73,4,15030,debt_consolidation,MORTGAGE,0,0,0,70.64,1,619,0.084369,MEDIUM,APPROVED,0,0,600-700,50-75K
CD001996,2025-03-31 09:52:28,681,76680,30.88,2,30838,home_improvement,RENT,2,4,47,27.41,3,547,0.32913,HIGH,DECLINED,0,0,<600,75-100K
CD001997,2025-03-25 14:35:55,704,54089,32.83,4,31638,debt_consolidation,MORTGAGE,1,1,43,55.0,2,727,0.007491,LOW,APPROVED,1,120,700-800,50-75K
CD001998,2025-06-20 00:08:52,690,34442,30.84,2,9817,other,MORTGAGE,1,4,40,18.46,1,646,0.048691,MEDIUM,APPROVED,1,90,600-700,<50K
CD001999,2025-04-04 21:42:57,611,106148,27.06,16,17816,credit_card,MORTGAGE,1,6,37,50.08,1,653,0.026902,LOW,APPROVED,1,60,600-700,100K+
CD002000,2025-04-23 23:05:52,725,39522,20.24,6,5755,debt_consolidation,OWN,2,3,32,15.44,0,739,0.007728,LOW,APPROVED,1,60,700-800,<50K
CD002001,2025-03-03 06:24:21,623,57671,29.48,9,10833,debt_consolidation,RENT,1,2,15,53.62,1,584,0.298296,HIGH,DECLINED,0,0,<600,50-75K
CD002002,2025-04-15 08:21:14,698,65657,23.84,12,24624,other,OTHER,1,4,36,47.34,3,660,0.056895,MEDIUM,APPROVED,0,0,600-700,50-75K
CD002003,2025-01-14 02:04:32,681,55126,39.17,16,39442,credit_card,RENT,1,5,21,61.9,3,646,0.053512,MEDIUM,APPROVED,0,0,600-700,50-75K
CD002004,2025-01-02 00:28:50,639,30527,44.0,6,12682,home_improvement,RENT,1,5,5,43.76,1,549,0.471491,VERY_HIGH,DECLINED,1,90,<600,<50K
CD002005,2025-02-01 21:58:03,621,42784,12.99,8,54989,debt_consolidation,MORTGAGE,1,7,44,30.64,0,651,0.037369,MEDIUM,APPROVED,1,60,600-700,<50K
CD002006,2025-02-23 02:14:58,659,28173,27.76,4,29612,credit_card,MORTGAGE,0,0,0,64.36,1,697,0.016038,LOW,APPROVED,0,0,600-700,<50K
CD002007,2025-01-04 07:58:33,749,109540,23.77,0,10009,debt_consolidation,RENT,0,0,0,73.02,3,743,0.004917,LOW,APPROVED,0,0,700-800,100K+
CD002008,2025-02-10 05:48:39,705,36865,29.9,3,10573,debt_consolidation,OTHER,0,0,0,48.53,1,735,0.007306,LOW,APPROVED,0,0,700-800,<50K
CD002009,2025-06-08 23:52:43,639,120451,42.88,11,41749,debt_consolidation,MORTGAGE,1,3,1,41.57,2,476,0.802381,VERY_HIGH,DECLINED,0,0,<600,100K+
CD002010,2025-05-11 17:45:56,710,77578,35.06,17,20419,other,RENT,1,5,12,88.73,1,663,0.046518,MEDIUM,APPROVED,1,90,600-700,75-100K
CD002011,2025-01-01 00:53:30,762,79376,9.95,5,17126,debt_consolidation,RENT,1,6,50,26.11,3,746,0.006273,LOW,APPROVED,0,0,700-800,75-100K
CD002012,2025-04-28 12:48:27,789,56823,37.43,1,23464,debt_consolidation,RENT,0,0,0,69.42,2,763,0.003843,LOW,APPROVED,0,0,700-800,50-75K
CD002013,2025-05-07 21:49:51,577,35249,22.64,3,11140,credit_card,OTHER,0,0,0,61.84,3,533,0.599343,VERY_HIGH,DECLINED,1,150,<600,<50K
CD002014,2025-02-09 09:00:30,710,47418,30.43,1,40888,credit_card,OTHER,1,3,41,43.26,0,642,0.087149,MEDIUM,APPROVED,0,0,600-700,<50K
CD002015,2025-01-12 05:29:10,716,52156,21.69,11,13912,home_improvement,RENT,2,1,35,68.57,0,688,0.024016,LOW,APPROVED,0,0,600-700,50-75K
CD002016,2025-04-07 01:48:45,626,152115,21.43,8,18899,credit_card,RENT,0,0,0,58.02,1,656,0.040123,MEDIUM,DECLINED,0,0,600-700,100K+
CD002017,2025-06-26 09:22:20,568,67316,21.94,3,10735,credit_card,RENT,0,0,0,72.26,0,564,0.272696,HIGH,DECLINED,0,0,<600,50-75K
CD002018,2025-01-01 16:29:53,740,34478,29.07,1,14544,credit_card,RENT,0,0,0,56.37,2,720,0.006078,LOW,APPROVED,0,0,700-800,<50K
CD002019,2025-03-31 02:50:05,645,51272,41.81,0,16497,home_improvement,MORTGAGE,0,0,0,59.56,0,628,0.085929,MEDIUM,APPROVED,1,90,600-700,50-75K
CD002020,2025-01-16 16:44:16,582,117136,24.45,6,25005,home_improvement,MORTGAGE,0,0,0,70.93,3,456,0.876842,VERY_HIGH,DECLINED,0,0,<600,100K+
CD002021,2025-01-06 17:29:00,612,67781,24.03,2,20629,debt_consolidation,OTHER,0,0,0,54.57,4,661,0.037673,MEDIUM,APPROVED,0,0,600-700,50-75K
CD002022,2025-05-20 12:37:34,711,68696,17.94,9,21099,debt_consolidation,MORTGAGE,1,3,17,35.4,2,560,0.36734,HIGH,DECLINED,0,30,<600,50-75K
CD002023,2025-04-10 22:57:21,790,49210,25.11,8,24825,major_purchase,MORTGAGE,2,6,19,53.66,3,758,0.002501,LOW,APPROVED,0,0,700-800,<50K
CD002024,2025-01-12 05:52:16,722,32443,28.77,5,17175,home_improvement,RENT,0,0,0,48.47,1,667,0.044246,MEDIUM,DECLINED,0,0,600-700,<50K
CD002025,2025-02-19 20:23:08,624,123066,22.33,7,12174,debt_consolidation,MORTGAGE,2,5,23,55.79,2,659,0.028963,LOW,APPROVED,0,0,600-700,100K+
CD002026,2025-05-29 17:36:33,740,102660,33.68,4,18807,debt_consolidation,RENT,1,3,13,57.6,3,656,0.034802,MEDIUM,APPROVED,0,0,600-700,100K+
CD002027,2025-05-27 17:34:06,568,29044,22.37,1,20293,debt_consolidation,OWN,2,2,56,34.38,1,579,0.281058,HIGH,APPROVED,1,120,<600,<50K
CD002028,2025-01-03 19:17:14,725,56268,26.84,7,18262,home_improvement,MORTGAGE,0,0,0,35.17,0,668,0.032517,MEDIUM,APPROVED,0,0,600-700,50-75K
CD002029,2025-05-20 22:23:59,722,49885,41.7,14,11595,home_improvement,MORTGAGE,0,0,0,36.89,2,677,0.018211,LOW,APPROVED,0,0,600-700,<50K
CD002030,2025-04-14 13:25:04,769,107179,48.43,1,8800,debt_consolidation,RENT,1,2,1,35.6,1,732,0.006965,LOW,APPROVED,0,0,700-800,100K+
CD002031,2025-05-31 19:42:58,725,55701,48.64,2,22146,home_improvement,MORTGAGE,1,4,42,23.46,2,592,0.152774,HIGH,DECLINED,1,60,<600,50-75K
CD002032,2025-02-07 06:56:26,734,32662,22.24,1,37531,debt_consolidation,RENT,1,8,30,59.71,2,672,0.035329,MEDIUM,APPROVED,1,60,600-700,<50K
CD002033,2025-06-01 22:41:43,677,129851,24.26,4,36532,debt_consolidation,MORTGAGE,0,0,0,18.39,1,586,0.187894,HIGH,APPROVED,0,0,<600,100K+
CD002034,2025-05-21 21:21:52,653,61652,18.35,4,44010,major_purchase,MORTGAGE,2,3,50,62.01,3,590,0.160367,HIGH,DECLINED,1,90,<600,50-75K
CD002035,2025-02-17 18:44:57,673,69861,19.86,0,45573,home_improvement,OWN,0,0,0,0.0,2,687,0.017382,LOW,APPROVED,0,0,600-700,50-75K
CD002036,2025-05-14 05:00:36,777,68189,25.64,11,23864,credit_card,RENT,1,5,53,25.01,3,724,0.008289,LOW,APPROVED,0,0,700-800,50-75K
CD002037,2025-03-12 07:29:27,640,69713,37.52,0,29996,credit_card,MORTGAGE,1,6,34,55.4,2,570,0.34061,HIGH,DECLINED,1,60,<600,50-75K
CD002038,2025-01-02 06:23:07,669,32232,39.53,1,15655,debt_consolidation,OWN,3,4,44,23.11,1,582,0.210134,HIGH,APPROVED,1,60,<600,<50K
CD002039,2025-01-28 00:31:51,646,22055,22.08,0,19858,debt_consolidation,OWN,0,0,0,60.94,1,522,0.58179,VERY_HIGH,DECLINED,0,0,<600,<50K
CD002040,2025-04-30 03:56:30,709,65396,25.37,0,16470,other,MORTGAGE,0,0,0,56.18,2,722,0.008272,LOW,APPROVED,0,0,700-800,50-75K
CD002041,2025-02-22 00:37:26,698,80594,36.57,9,11561,debt_consolidation,RENT,0,0,0,22.57,1,582,0.262763,HIGH,DECLINED,0,0,<600,75-100K
CD002042,2025-06-23 13:20:56,784,63034,38.42,8,19410,debt_consolidation,RENT,2,1,31,48.0,0,660,0.033579,MEDIUM,APPROVED,0,0,600-700,50-75K
CD002043,2025-04-24 22:41:40,791,122775,30.68,8,27544,home_improvement,RENT,3,3,22,43.92,2,667,0.038612,MEDIUM,APPROVED,0,0,600-700,100K+
CD002044,2025-01-07 05:48:38,734,49747,21.92,5,25706,debt_consolidation,RENT,0,0,0,15.72,1,759,0.003181,LOW,APPROVED,0,0,700-800,<50K
CD002045,2025-05-06 11:18:52,721,28621,30.59,1,65558,home_improvement,RENT,2,2,39,83.68,4,530,0.501518,VERY_HIGH,DECLINED,0,0,<600,<50K
CD002046,2025-03-15 13:58:34,665,103987,44.41,6,17496,credit_card,RENT,3,3,36,46.12,0,537,0.541955,VERY_HIGH,DECLINED,0,0,<600,100K+
CD002047,2025-05-18 19:38:27,590,86296,44.44,19,12207,debt_consolidation,OTHER,0,0,0,68.97,0,571,0.293009,HIGH,DECLINED,1,90,<600,75-100K
CD002048,2025-01-31 00:45:11,681,60180,27.94,1,90000,home_improvement,OWN,0,0,0,75.21,2,679,0.042161,MEDIUM,APPROVED,0,0,600-700,50-75K
CD002049,2025-02-22 08:50:45,675,19954,17.34,1,29542,debt_consolidation,MORTGAGE,0,0,0,54.92,3,657,0.060959,MEDIUM,APPROVED,0,0,600-700,<50K
CD002050,2025-05-04 15:45:20,610,122374,24.03,2,18563,debt_consolidation,MORTGAGE,1,1,24,97.96,2,612,0.159531,HIGH,DECLINED,0,0,600-700,100K+
CD002051,2025-02-19 13:42:58,684,43803,13.52,3,18426,other,RENT,1,4,47,93.49,2,701,0.015732,LOW,APPROVED,0,0,700-800,<50K
CD002052,2025-01-09 22:50:50,726,84603,28.72,14,15902,other,RENT,1,5,39,61.71,0,719,0.011059,LOW,APPROVED,0,0,700-800,75-100K
CD002053,2025-04-22 13:03:32,624,43561,25.23,4,6335,debt_consolidation,RENT,0,0,0,42.56,1,590,0.247245,HIGH,DECLINED,1,60,<600,<50K
CD002054,2025-01-11 04:38:06,721,133852,24.62,4,18468,credit_card,MORTGAGE,2,4,35,44.98,1,693,0.0137,LOW,APPROVED,0,0,600-700,100K+
CD002055,2025-03-11 20:12:14,695,69916,32.9,12,17093,credit_card,MORTGAGE,0,0,0,28.46,1,688,0.02607,LOW,DECLINED,1,150,600-700,50-75K
CD002056,2025-05-10 06:55:34,643,38153,24.68,4,18049,debt_consolidation,RENT,2,4,10,31.57,0,556,0.328212,HIGH,DECLINED,0,0,<600,<50K
CD002057,2025-05-26 05:03:55,679,23273,37.34,27,21330,debt_consolidation,OTHER,0,0,0,26.63,1,563,0.298222,HIGH,DECLINED,1,90,<600,<50K
CD002058,2025-06-26 23:32:32,714,89358,26.78,5,12988,credit_card,MORTGAGE,1,1,21,24.25,2,654,0.040343,MEDIUM,APPROVED,0,0,600-700,75-100K
CD002059,2025-05-18 13:58:47,663,29056,29.73,3,46531,debt_consolidation,MORTGAGE,1,1,14,62.91,0,619,0.119011,HIGH,DECLINED,0,0,600-700,<50K
CD002060,2025-05-26 18:25:07,669,60582,37.5,1,25974,credit_card,MORTGAGE,1,6,8,85.4,0,590,0.242046,HIGH,DECLINED,1,60,<600,50-75K
CD002061,2025-06-12 22:46:36,745,88285,16.44,5,18658,debt_consolidation,MORTGAGE,0,0,0,71.72,1,726,0.010042,LOW,APPROVED,0,0,700-800,75-100K
CD002062,2025-01-13 10:40:16,703,32838,45.12,3,28770,credit_card,RENT,1,2,53,45.94,2,583,0.192705,HIGH,APPROVED,1,60,<600,<50K
CD002063,2025-05-05 18:47:20,702,87357,26.5,3,35914,debt_consolidation,MORTGAGE,0,0,0,89.87,2,692,0.016901,LOW,APPROVED,0,0,600-700,75-100K
CD002064,2025-01-25 03:28:31,645,66659,19.48,11,49298,debt_consolidation,RENT,1,7,58,70.13,2,551,0.38844,HIGH,DECLINED,0,0,<600,50-75K
CD002065,2025-05-08 12:16:12,711,45126,31.65,0,26734,other,RENT,0,0,0,2.1,2,779,0.002137,LOW,APPROVED,0,0,700-800,<50K
CD002066,2025-01-21 07:23:55,755,55818,46.34,7,18132,debt_consolidation,RENT,0,0,0,100.0,0,641,0.064008,MEDIUM,APPROVED,0,0,600-700,50-75K
CD002067,2025-05-27 05:57:47,621,74738,24.19,0,16081,debt_consolidation,RENT,1,4,52,21.81,0,641,0.13907,HIGH,DECLINED,1,120,600-700,50-75K
CD002068,2025-05-26 08:53:43,582,48203,34.67,1,41817,other,OTHER,0,0,0,0.0,5,550,0.532533,VERY_HIGH,DECLINED,1,150,<600,<50K
CD002069,2025-05-28 03:13:03,628,83988,40.1,1,24967,debt_consolidation,RENT,1,3,35,53.66,1,655,0.051932,MEDIUM,APPROVED,0,0,600-700,75-100K
CD002070,2025-03-24 21:34:33,665,51284,40.83,4,35407,credit_card,OWN,1,1,9,100.0,3,477,0.77074,VERY_HIGH,DECLINED,0,0,<600,50-75K
CD002071,2025-01-27 09:17:13,617,59686,31.68,31,26208,debt_consolidation,RENT,3,4,59,42.06,1,467,0.876228,VERY_HIGH,DECLINED,0,0,<600,50-75K
CD002072,2025-06-22 23:12:45,579,76226,18.1,4,28177,debt_consolidation,MORTGAGE,1,3,47,59.83,0,597,0.163139,HIGH,DECLINED,1,150,<600,75-100K
CD002073,2025-06-15 14:51:15,763,91465,24.53,11,28706,credit_card,OWN,0,0,0,28.45,1,718,0.010315,LOW,APPROVED,0,0,700-800,75-100K
CD002074,2025-06-15 06:48:24,649,63826,41.31,2,31300,debt_consolidation,MORTGAGE,0,0,0,16.62,1,608,0.135237,HIGH,APPROVED,0,0,600-700,50-75K
CD002075,2025-05-29 04:43:54,627,74761,16.9,13,5989,major_purchase,RENT,2,4,44,14.41,2,604,0.152184,HIGH,DECLINED,1,120,600-700,50-75K
CD002076,2025-03-31 02:36:47,513,173843,39.04,15,18624,debt_consolidation,MORTGAGE,0,0,0,0.0,2,535,0.398416,HIGH,APPROVED,0,0,<600,100K+
CD002077,2025-04-16 02:04:12,722,72999,30.49,4,90000,major_purchase,MORTGAGE,0,0,0,56.66,2,715,0.008863,LOW,APPROVED,0,0,700-800,50-75K
CD002078,2025-02-06 18:37:30,586,25530,32.29,1,14787,other,RENT,1,2,40,25.68,0,602,0.212354,HIGH,DECLINED,0,0,600-700,<50K
CD002079,2025-03-05 05:54:25,745,113332,29.87,4,28766,debt_consolidation,MORTGAGE,0,0,0,40.65,0,709,0.01172,LOW,APPROVED,0,0,700-800,100K+
CD002080,2025-05-17 10:25:48,703,59720,20.53,2,13819,credit_card,MORTGAGE,1,5,39,67.4,2,629,0.101045,HIGH,APPROVED,0,0,600-700,50-75K
CD002081,2025-02-25 02:49:58,684,90588,49.34,12,28011,major_purchase,RENT,1,3,31,16.6,1,566,0.353553,HIGH,APPROVED,0,0,<600,75-100K
CD002082,2025-03-08 06:36:32,660,59098,16.24,8,31920,debt_consolidation,RENT,3,2,35,53.08,2,651,0.044844,MEDIUM,DECLINED,0,0,600-700,50-75K
CD002083,2025-04-04 01:02:19,725,66055,26.54,18,11010,debt_consolidation,RENT,0,0,0,43.71,1,655,0.067525,MEDIUM,APPROVED,0,0,600-700,50-75K
CD002084,2025-03-07 04:48:45,641,100671,15.38,3,13573,credit_card,RENT,1,2,32,6.4,0,663,0.027927,LOW,APPROVED,0,0,600-700,100K+
CD002085,2025-01-02 23:29:03,692,70848,31.08,16,39461,home_improvement,MORTGAGE,1,6,47,30.78,4,621,0.142449,HIGH,APPROVED,0,0,600-700,50-75K
CD002086,2025-02-01 00:02:38,644,41026,32.43,5,22502,debt_consolidation,RENT,0,0,0,31.94,3,563,0.354729,HIGH,DECLINED,1,150,<600,<50K
CD002087,2025-06-24 05:55:49,655,103041,4.68,4,23454,credit_card,MORTGAGE,0,0,0,61.18,1,688,0.020392,LOW,APPROVED,0,30,600-700,100K+
CD002088,2025-05-06 04:11:50,759,39322,31.69,18,39441,other,MORTGAGE,3,2,7,49.82,5,565,0.286323,HIGH,DECLINED,0,0,<600,<50K
CD002089,2025-02-17 22:27:45,734,86731,26.4,9,63105,major_purchase,MORTGAGE,1,1,17,71.88,1,675,0.040668,MEDIUM,APPROVED,0,0,600-700,75-100K
CD002090,2025-05-01 05:57:25,620,78910,35.13,12,19567,home_improvement,MORTGAGE,1,9,3,55.32,1,611,0.123307,HIGH,DECLINED,1,90,600-700,75-100K
CD002091,2025-04-16 00:56:11,624,55479,27.82,3,11198,debt_consolidation,OWN,0,0,0,52.39,1,543,0.473132,VERY_HIGH,DECLINED,1,120,<600,50-75K
CD002092,2025-05-11 19:56:05,674,57888,18.65,0,30189,home_improvement,RENT,1,3,19,41.3,1,566,0.353386,HIGH,APPROVED,0,0,<600,50-75K
CD002093,2025-05-07 20:22:44,665,30505,27.88,9,18714,home_improvement,OWN,0,0,0,13.28,2,663,0.059641,MEDIUM,APPROVED,0,0,600-700,<50K
CD002094,2025-04-02 06:55:30,699,43643,21.7,9,18691,credit_card,MORTGAGE,1,9,48,57.2,3,576,0.265924,HIGH,APPROVED,0,0,<600,<50K
CD002095,2025-04-16 14:39:31,651,241273,34.66,0,13730,credit_card,RENT,1,3,21,25.47,2,644,0.03861,MEDIUM,DECLINED,0,0,600-700,100K+
CD002096,2025-06-11 09:04:49,614,22364,40.79,0,7456,home_improvement,MORTGAGE,0,0,0,96.6,3,472,0.78848,VERY_HIGH,DECLINED,1,120,<600,<50K
CD002097,2025-02-22 02:11:23,718,92005,41.43,6,32997,credit_card,MORTGAGE,1,4,43,72.92,2,713,0.007881,LOW,APPROVED,1,90,700-800,75-100K
CD002098,2025-04-05 08:10:15,660,36927,26.39,1,11364,credit_card,MORTGAGE,2,6,5,65.63,1,628,0.087594,MEDIUM,APPROVED,0,0,600-700,<50K
CD002099,2025-03-07 00:00:04,710,47269,19.36,14,25290,credit_card,OWN,2,5,44,40.35,0,681,0.019581,LOW,APPROVED,0,0,600-700,<50K
CD002100,2025-01-17 04:54:52,622,22510,27.12,4,31254,credit_card,MORTGAGE,2,2,21,0.0,1,600,0.138735,HIGH,DECLINED,0,0,600-700,<50K
CD002101,2025-03-10 21:23:22,756,33154,39.26,3,7289,major_purchase,MORTGAGE,0,0,0,4.48,4,651,0.067051,MEDIUM,APPROVED,0,0,600-700,<50K
CD002102,2025-04-01 08:46:43,687,51572,30.85,6,18853,credit_card,OTHER,0,0,0,42.42,1,612,0.211053,HIGH,APPROVED,0,0,600-700,50-75K
CD002103,2025-02-12 08:46:10,686,73218,38.51,36,28226,debt_consolidation,RENT,1,4,23,59.57,1,676,0.03442,MEDIUM,APPROVED,0,0,600-700,50-75K
CD002104,2025-03-20 10:10:25,693,97140,26.88,0,22040,major_purchase,OTHER,1,5,35,92.82,0,619,0.126345,HIGH,DECLINED,0,0,600-700,75-100K
CD002105,2025-06-28 14:29:04,584,108562,27.97,2,22088,major_purchase,MORTGAGE,1,6,45,47.87,1,521,0.59032,VERY_HIGH,DECLINED,1,90,<600,100K+
CD002106,2025-06-22 22:54:09,711,56046,30.9,1,40480,major_purchase,RENT,2,6,41,39.44,2,543,0.509601,VERY_HIGH,DECLINED,0,0,<600,50-75K
CD002107,2025-05-29 06:52:35,643,38550,35.8,5,20115,debt_consolidation,MORTGAGE,4,2,15,43.41,0,598,0.209838,HIGH,APPROVED,1,120,<600,<50K
CD002108,2025-02-11 16:09:02,609,94847,60.0,5,13555,major_purchase,OTHER,1,3,28,22.5,2,487,0.802264,VERY_HIGH,DECLINED,1,60,<600,75-100K
CD002109,2025-02-17 22:04:55,693,62644,42.72,4,13029,other,RENT,0,0,0,56.64,2,713,0.011285,LOW,APPROVED,0,0,700-800,50-75K
CD002110,2025-01-21 06:06:12,768,32462,26.31,23,9759,major_purchase,RENT,1,3,8,36.73,2,717,0.007961,LOW,APPROVED,0,0,700-800,<50K
CD002111,2025-01-20 16:02:28,633,139110,31.47,13,14837,debt_consolidation,RENT,1,0,47,52.67,1,615,0.152163,HIGH,APPROVED,0,60,600-700,100K+
CD002112,2025-03-30 00:05:02,758,90493,23.05,1,13615,debt_consolidation,RENT,1,2,9,40.09,2,804,0.000775,LOW,APPROVED,0,0,800+,75-100K
CD002113,2025-04-22 12:50:42,549,104723,36.56,19,10228,credit_card,OWN,0,0,0,65.97,1,588,0.314863,HIGH,APPROVED,1,90,<600,100K+
CD002114,2025-05-30 08:11:03,688,58658,33.56,5,36719,other,MORTGAGE,1,5,9,36.55,3,670,0.034564,MEDIUM,APPROVED,0,0,600-700,50-75K
CD002115,2025-02-19 02:21:17,638,42185,25.8,1,14466,debt_consolidation,RENT,0,0,0,53.19,2,591,0.183321,HIGH,DECLINED,1,60,<600,<50K
CD002116,2025-01-14 02:00:25,686,80720,29.54,1,26120,home_improvement,RENT,0,0,0,43.67,1,766,0.003322,LOW,APPROVED,1,90,700-800,75-100K
CD002117,2025-04-24 21:00:41,791,48384,24.85,7,19743,debt_consolidation,RENT,1,6,31,37.13,3,695,0.015459,LOW,DECLINED,0,0,600-700,<50K
CD002118,2025-05-30 00:38:12,709,118774,24.41,0,17138,debt_consolidation,MORTGAGE,0,0,0,56.43,2,679,0.021961,LOW,APPROVED,0,0,600-700,100K+
CD002119,2025-04-05 21:08:36,589,48566,38.97,6,28097,credit_card,MORTGAGE,1,2,1,32.46,1,511,0.734852,VERY_HIGH,DECLINED,0,0,<600,<50K
CD002120,2025-01-14 14:18:48,753,48790,27.71,20,10158,debt_consolidation,MORTGAGE,1,5,1,84.21,0,631,0.115465,HIGH,DECLINED,0,0,600-700,<50K
CD002121,2025-03-03 16:46:20,613,104443,21.5,11,13984,debt_consolidation,RENT,0,0,0,63.39,2,600,0.123753,HIGH,DECLINED,0,30,600-700,100K+
CD002122,2025-05-21 08:53:27,640,106662,18.02,1,19943,debt_consolidation,OTHER,0,0,0,59.41,1,565,0.334745,HIGH,DECLINED,0,0,<600,100K+
CD002123,2025-06-12 11:19:45,621,68794,20.63,5,15668,credit_card,MORTGAGE,1,6,4,82.54,0,654,0.083349,MEDIUM,APPROVED,0,0,600-700,50-75K
CD002124,2025-04-07 04:41:28,679,96559,19.41,2,16686,debt_consolidation,MORTGAGE,1,3,54,39.81,3,665,0.032869,MEDIUM,APPROVED,0,0,600-700,75-100K
CD002125,2025-04-02 01:32:38,665,69825,35.41,3,30482,major_purchase,OTHER,2,3,56,66.71,1,586,0.206441,HIGH,APPROVED,0,0,<600,50-75K
CD002126,2025-06-01 02:59:58,763,42352,21.35,8,24259,home_improvement,RENT,0,0,0,97.16,2,713,0.008486,LOW,APPROVED,0,0,700-800,<50K
CD002127,2025-02-16 08:19:55,691,98756,29.92,7,25388,credit_card,MORTGAGE,0,0,0,66.38,2,560,0.22886,HIGH,APPROVED,0,0,<600,75-100K
CD002128,2025-03-16 01:19:37,711,34226,28.68,18,7837,credit_card,MORTGAGE,2,4,12,57.75,3,602,0.183111,HIGH,APPROVED,1,90,600-700,<50K
CD002129,2025-01-18 13:06:34,663,57035,32.66,3,22711,credit_card,RENT,0,0,0,5.71,1,630,0.081101,MEDIUM,DECLINED,0,0,600-700,50-75K
CD002130,2025-01-24 05:32:20,735,49849,17.86,3,21872,other,MORTGAGE,1,2,56,0.0,1,761,0.00333,LOW,APPROVED,0,0,700-800,<50K
CD002131,2025-03-21 06:47:02,614,43920,22.03,6,56174,credit_card,MORTGAGE,2,2,48,49.85,1,562,0.467534,VERY_HIGH,DECLINED,1,90,<600,<50K
CD002132,2025-03-17 00:12:43,591,39654,35.18,3,17754,credit_card,OWN,0,0,0,48.93,1,605,0.195593,HIGH,DECLINED,0,0,600-700,<50K
CD002133,2025-02-18 02:48:11,722,56946,33.75,0,20837,other,MORTGAGE,1,6,3,49.9,1,655,0.058877,MEDIUM,DECLINED,0,0,600-700,50-75K
CD002134,2025-03-22 12:53:37,714,45648,21.33,1,19495,debt_consolidation,OWN,1,4,6,50.16,1,596,0.129169,HIGH,DECLINED,0,0,<600,<50K
CD002135,2025-03-01 16:13:11,675,52114,41.39,1,16494,debt_consolidation,RENT,0,0,0,6.52,4,571,0.192549,HIGH,DECLINED,1,150,<600,50-75K
CD002136,2025-04-22 18:56:24,798,45966,30.44,11,11366,debt_consolidation,RENT,0,0,0,42.87,2,770,0.00306,LOW,APPROVED,0,0,700-800,<50K
CD002137,2025-02-19 07:02:55,623,39630,26.87,0,41010,debt_consolidation,MORTGAGE,0,0,0,10.43,0,701,0.016085,LOW,DECLINED,1,90,700-800,<50K
CD002138,2025-04-05 01:45:53,752,47005,29.89,18,32337,home_improvement,RENT,1,2,36,61.16,1,684,0.027823,LOW,APPROVED,0,0,600-700,<50K
CD002139,2025-06-13 19:35:35,758,71754,18.9,13,6248,other,MORTGAGE,0,0,0,57.77,2,772,0.002654,LOW,APPROVED,0,0,700-800,50-75K
CD002140,2025-01-09 10:00:04,604,53988,30.13,3,12023,debt_consolidation,MORTGAGE,0,0,0,53.75,2,513,0.730985,VERY_HIGH,DECLINED,0,0,<600,50-75K
CD002141,2025-06-01 15:02:45,704,34917,29.03,3,36483,debt_consolidation,MORTGAGE,2,8,19,50.72,0,620,0.151185,HIGH,DECLINED,0,60,600-700,<50K
CD002142,2025-04-21 08:50:40,717,47038,50.54,0,20900,major_purchase,MORTGAGE,0,0,0,65.82,3,592,0.271382,HIGH,DECLINED,1,90,<600,<50K
CD002143,2025-02-03 19:36:39,665,32566,24.55,12,25673,credit_card,MORTGAGE,1,1,42,32.79,1,644,0.058333,MEDIUM,APPROVED,0,0,600-700,<50K
CD002144,2025-05-08 14:31:32,666,48000,28.18,15,33647,debt_consolidation,RENT,1,6,6,53.78,0,710,0.01554,LOW,APPROVED,1,150,700-800,<50K
CD002145,2025-06-29 00:09:02,670,61566,12.81,9,29587,credit_card,OWN,0,0,0,43.22,1,637,0.057972,MEDIUM,APPROVED,0,0,600-700,50-75K
CD002146,2025-03-02 21:10:30,625,47709,14.66,24,18435,credit_card,MORTGAGE,1,4,19,36.17,0,656,0.046698,MEDIUM,DECLINED,1,120,600-700,<50K
CD002147,2025-03-31 03:42:02,596,54114,26.02,18,50112,other,RENT,1,2,7,37.84,0,571,0.249181,HIGH,DECLINED,0,30,<600,50-75K
CD002148,2025-03-05 03:46:25,717,93948,45.06,8,14645,major_purchase,RENT,0,0,0,99.83,2,661,0.052119,MEDIUM,DECLINED,1,150,600-700,75-100K
CD002149,2025-02-07 19:53:27,686,46617,23.02,7,8820,debt_consolidation,MORTGAGE,0,0,0,58.35,2,597,0.194427,HIGH,DECLINED,0,0,<600,<50K
CD002150,2025-06-23 07:09:19,675,67452,33.51,10,15942,major_purchase,MORTGAGE,1,7,5,68.13,1,661,0.036874,MEDIUM,APPROVED,0,0,600-700,50-75K
CD002151,2025-03-01 01:36:33,703,39647,28.05,8,52217,other,RENT,0,0,0,0.0,0,770,0.00208,LOW,APPROVED,0,0,700-800,<50K
CD002152,2025-03-03 06:35:19,628,111266,32.32,12,16796,other,MORTGAGE,1,6,37,62.09,0,624,0.105233,HIGH,APPROVED,0,0,600-700,100K+
CD002153,2025-04-19 05:45:49,637,52797,37.76,3,15672,debt_consolidation,RENT,1,3,48,51.5,2,545,0.575693,VERY_HIGH,DECLINED,0,0,<600,50-75K
CD002154,2025-03-13 18:58:13,718,57366,25.94,12,20735,major_purchase,RENT,0,0,0,43.92,1,641,0.099898,HIGH,APPROVED,0,0,600-700,50-75K
CD002155,2025-05-22 07:13:06,673,38998,30.41,3,21800,credit_card,MORTGAGE,2,2,21,89.99,0,577,0.19119,HIGH,DECLINED,0,0,<600,<50K
CD002156,2025-03-28 08:37:07,700,78460,26.47,13,23395,home_improvement,MORTGAGE,1,3,24,40.3,4,636,0.079161,MEDIUM,DECLINED,0,0,600-700,75-100K
CD002157,2025-01-02 09:54:47,733,84345,10.36,6,14027,home_improvement,MORTGAGE,0,0,0,43.41,2,719,0.01262,LOW,APPROVED,0,0,700-800,75-100K
CD002158,2025-06-08 15:54:53,770,106369,32.04,4,20864,debt_consolidation,OTHER,0,0,0,100.0,1,723,0.010867,LOW,APPROVED,0,0,700-800,100K+
CD002159,2025-04-20 05:23:59,622,45693,28.73,17,48148,debt_consolidation,OTHER,0,0,0,49.05,2,575,0.342921,HIGH,APPROVED,0,0,<600,<50K
CD002160,2025-02-15 21:20:47,641,73372,27.87,4,26620,debt_consolidation,MORTGAGE,0,0,0,79.17,1,585,0.184261,HIGH,APPROVED,0,0,<600,50-75K
CD002161,2025-01-01 01:58:18,593,24852,35.71,2,24697,debt_consolidation,RENT,1,5,2,76.48,1,567,0.325102,HIGH,APPROVED,1,90,<600,<50K
CD002162,2025-02-12 02:26:58,634,30346,24.22,1,6333,credit_card,RENT,0,0,0,82.28,2,664,0.056437,MEDIUM,APPROVED,1,90,600-700,<50K
CD002163,2025-05-12 13:39:41,701,98450,40.93,9,19493,major_purchase,MORTGAGE,1,6,54,47.76,2,553,0.411775,HIGH,DECLINED,1,60,<600,75-100K
CD002164,2025-06-07 14:27:00,643,99862,27.24,3,26547,major_purchase,RENT,1,1,24,54.6,0,549,0.408185,HIGH,DECLINED,1,120,<600,75-100K
CD002165,2025-03-04 13:20:21,794,57985,20.07,0,20135,credit_card,OTHER,0,0,0,87.18,2,691,0.014695,LOW,APPROVED,0,0,600-700,50-75K
CD002166,2025-06-15 03:07:50,649,60526,31.27,0,61134,debt_consolidation,OWN,3,3,1,67.38,0,621,0.137339,HIGH,APPROVED,1,90,600-700,50-75K
CD002167,2025-06-09 14:41:57,573,167842,45.65,2,22177,other,OWN,2,2,44,96.27,0,527,0.701397,VERY_HIGH,DECLINED,1,60,<600,100K+
CD002168,2025-06-22 04:26:21,623,79617,22.55,1,12788,debt_consolidation,RENT,0,0,0,50.3,0,679,0.034461,MEDIUM,APPROVED,0,0,600-700,75-100K
CD002169,2025-05-30 12:50:19,789,95666,29.48,1,18941,credit_card,RENT,0,0,0,40.64,0,758,0.003229,LOW,APPROVED,0,0,700-800,75-100K
CD002170,2025-03-29 19:04:48,623,75704,13.19,1,55052,debt_consolidation,MORTGAGE,1,8,6,16.09,1,695,0.026506,LOW,APPROVED,0,0,600-700,75-100K
CD002171,2025-02-11 10:03:11,669,57396,39.43,9,8673,debt_consolidation,MORTGAGE,0,0,0,36.92,0,694,0.016601,LOW,APPROVED,0,0,600-700,50-75K
CD002172,2025-06-08 08:17:30,627,33965,18.29,4,17099,home_improvement,RENT,1,2,54,50.39,1,599,0.177351,HIGH,DECLINED,0,0,<600,<50K
CD002173,2025-03-10 07:15:43,611,70922,18.16,4,32613,debt_consolidation,OWN,0,0,0,83.36,2,529,0.663204,VERY_HIGH,DECLINED,1,90,<600,50-75K
CD002174,2025-01-14 22:42:04,737,59435,26.41,9,25668,credit_card,RENT,1,2,22,70.65,4,747,0.006212,LOW,APPROVED,0,0,700-800,50-75K
CD002175,2025-02-09 17:52:53,606,60002,20.58,0,31891,debt_consolidation,OWN,2,4,48,8.09,1,559,0.457319,VERY_HIGH,DECLINED,0,0,<600,50-75K
CD002176,2025-05-06 13:42:30,573,72629,26.42,14,7147,home_improvement,RENT,1,8,11,68.44,3,505,0.77294,VERY_HIGH,DECLINED,1,150,<600,50-75K
CD002177,2025-02-22 14:41:12,631,57654,17.37,2,16137,debt_consolidation,OWN,0,0,0,54.72,2,556,0.399646,HIGH,DECLINED,0,0,<600,50-75K
CD002178,2025-02-18 17:25:57,636,114162,22.96,1,31674,credit_card,RENT,0,0,0,30.18,2,629,0.098599,HIGH,APPROVED,0,0,600-700,100K+
CD002179,2025-02-04 20:53:24,697,33828,29.46,8,12466,debt_consolidation,MORTGAGE,0,0,0,97.18,1,666,0.040454,MEDIUM,APPROVED,0,0,600-700,<50K
CD002180,2025-02-10 09:50:38,679,74076,37.03,4,13577,other,OWN,0,0,0,26.13,3,630,0.079404,MEDIUM,APPROVED,0,0,600-700,50-75K
CD002181,2025-04-10 21:26:02,741,38254,19.69,1,73440,debt_consolidation,RENT,1,3,46,78.8,4,644,0.059247,MEDIUM,APPROVED,0,0,600-700,<50K
CD002182,2025-06-01 22:05:06,661,51354,14.37,1,16280,other,RENT,0,0,0,51.34,1,702,0.019272,LOW,APPROVED,1,90,700-800,50-75K
CD002183,2025-05-26 23:04:09,697,33215,23.34,0,24780,debt_consolidation,OTHER,0,0,0,100.0,3,713,0.011776,LOW,APPROVED,1,120,700-800,<50K
CD002184,2025-06-23 07:08:51,700,56362,28.97,3,52752,debt_consolidation,OWN,0,0,0,76.76,1,552,0.380586,HIGH,DECLINED,0,0,<600,50-75K
CD002185,2025-05-27 01:13:30,729,91118,25.59,7,32746,debt_consolidation,RENT,3,5,31,100.0,3,535,0.509295,VERY_HIGH,DECLINED,0,0,<600,75-100K
CD002186,2025-02-28 19:53:21,605,73431,30.28,3,25187,debt_consolidation,RENT,0,0,0,53.64,0,579,0.22646,HIGH,APPROVED,0,0,<600,50-75K
CD002187,2025-05-26 09:36:57,654,54157,22.88,36,22794,debt_consolidation,RENT,2,7,12,12.38,5,577,0.220767,HIGH,DECLINED,1,90,<600,50-75K
CD002188,2025-05-23 13:01:09,521,122597,29.6,7,23871,other,OTHER,1,5,12,69.82,0,521,0.663964,VERY_HIGH,DECLINED,1,90,<600,100K+
CD002189,2025-06-05 16:22:50,628,37653,37.95,7,13630,credit_card,MORTGAGE,0,0,0,63.48,4,491,0.810491,VERY_HIGH,DECLINED,1,150,<600,<50K
CD002190,2025-01-04 09:33:57,605,124652,18.69,6,17640,debt_consolidation,MORTGAGE,2,4,31,48.69,1,532,0.561888,VERY_HIGH,DECLINED,1,120,<600,100K+
CD002191,2025-06-21 10:36:02,624,51413,26.1,16,17879,home_improvement,RENT,1,4,46,63.07,3,562,0.282852,HIGH,DECLINED,1,120,<600,50-75K
CD002192,2025-05-11 19:09:00,758,102111,27.81,6,34531,debt_consolidation,MORTGAGE,0,0,0,19.87,1,761,0.002812,LOW,APPROVED,0,0,700-800,100K+
CD002193,2025-04-02 15:34:04,729,59812,23.8,6,12209,debt_consolidation,MORTGAGE,1,3,22,23.77,1,676,0.017885,LOW,APPROVED,0,0,600-700,50-75K
CD002194,2025-06-06 11:41:37,588,49283,22.31,11,4548,home_improvement,MORTGAGE,2,0,11,13.71,0,546,0.478104,VERY_HIGH,DECLINED,1,60,<600,<50K
CD002195,2025-05-19 19:59:39,772,121671,5.52,11,31010,debt_consolidation,MORTGAGE,0,0,0,79.57,2,805,0.000923,LOW,APPROVED,0,0,800+,100K+
CD002196,2025-04-06 22:49:12,743,42238,21.64,8,44379,debt_consolidation,OWN,0,0,0,41.93,1,760,0.003348,LOW,APPROVED,0,0,700-800,<50K
CD002197,2025-01-20 07:28:20,682,70745,27.83,2,8961,debt_consolidation,RENT,0,0,0,10.22,0,667,0.026573,LOW,APPROVED,0,0,600-700,50-75K
CD002198,2025-06-04 14:12:17,666,82492,28.83,2,8807,debt_consolidation,RENT,0,0,0,27.34,2,696,0.026979,LOW,APPROVED,1,120,600-700,75-100K
CD002199,2025-01-20 05:08:54,664,96051,42.39,11,18934,major_purchase,OWN,0,0,0,56.35,0,540,0.565294,VERY_HIGH,DECLINED,1,90,<600,75-100K
CD002200,2025-02-18 10:52:56,670,37031,15.2,2,12952,debt_consolidation,MORTGAGE,0,0,0,77.18,1,634,0.115616,HIGH,APPROVED,0,0,600-700,<50K
CD002201,2025-04-25 07:35:32,708,91566,11.67,6,19599,debt_consolidation,MORTGAGE,1,5,25,49.93,1,746,0.003979,LOW,APPROVED,0,0,700-800,75-100K
CD002202,2025-06-08 00:24:43,657,32820,27.7,2,33489,debt_consolidation,RENT,3,4,51,73.71,1,566,0.327247,HIGH,DECLINED,1,90,<600,<50K
CD002203,2025-06-20 12:14:15,727,64512,23.36,6,30419,debt_consolidation,RENT,2,4,16,53.25,2,682,0.035848,MEDIUM,APPROVED,0,0,600-700,50-75K
CD002204,2025-01-19 08:38:29,653,78103,31.93,1,23957,debt_consolidation,OWN,2,2,39,94.18,5,467,0.903041,VERY_HIGH,DECLINED,1,120,<600,75-100K
CD002205,2025-04-26 14:53:28,633,76054,20.71,2,10928,major_purchase,RENT,0,0,0,55.78,0,620,0.102851,HIGH,DECLINED,0,0,600-700,75-100K
CD002206,2025-06-16 03:21:10,664,62291,17.96,13,16548,major_purchase,MORTGAGE,0,0,0,58.88,1,618,0.109494,HIGH,APPROVED,1,90,600-700,50-75K
CD002207,2025-04-05 11:50:26,690,59484,26.21,0,13166,debt_consolidation,OWN,0,0,0,31.38,1,660,0.034164,MEDIUM,APPROVED,0,0,600-700,50-75K
CD002208,2025-02-28 07:41:59,694,69709,22.94,22,27753,major_purchase,MORTGAGE,0,0,0,62.15,1,695,0.01929,LOW,APPROVED,0,0,600-700,50-75K
CD002209,2025-06-24 12:03:12,670,44466,36.01,2,42931,other,MORTGAGE,2,3,22,50.8,1,545,0.406181,HIGH,DECLINED,0,30,<600,<50K
CD002210,2025-02-01 14:45:58,587,102314,21.83,1,16429,credit_card,RENT,0,0,0,41.97,0,689,0.026597,LOW,APPROVED,0,0,600-700,100K+
CD002211,2025-05-17 09:28:06,596,95271,24.31,0,35727,other,MORTGAGE,1,5,38,92.56,0,627,0.100835,HIGH,APPROVED,0,0,600-700,75-100K
CD002212,2025-05-25 15:39:33,576,56725,25.72,2,37026,debt_consolidation,OWN,1,4,12,76.53,3,480,0.842573,VERY_HIGH,DECLINED,1,120,<600,50-75K
CD002213,2025-01-21 14:41:10,655,84956,18.23,8,29692,credit_card,OWN,1,5,11,32.6,1,605,0.142175,HIGH,APPROVED,0,0,600-700,75-100K
CD002214,2025-05-31 17:49:08,709,51536,11.02,10,10884,debt_consolidation,RENT,0,0,0,81.48,2,683,0.032275,MEDIUM,DECLINED,0,0,600-700,50-75K
CD002215,2025-03-25 10:06:31,672,72933,26.68,0,11235,credit_card,RENT,0,0,0,62.81,0,702,0.019193,LOW,APPROVED,0,0,700-800,50-75K
CD002216,2025-01-16 08:48:59,668,46668,27.54,3,17578,home_improvement,MORTGAGE,1,5,11,62.4,2,559,0.364168,HIGH,DECLINED,0,0,<600,<50K
CD002217,2025-05-13 15:15:23,644,74367,20.19,6,26317,other,RENT,1,2,10,88.04,1,607,0.116141,HIGH,APPROVED,0,0,600-700,50-75K
CD002218,2025-04-12 17:46:55,652,77965,26.83,0,14081,major_purchase,MORTGAGE,0,0,0,99.68,1,613,0.187727,HIGH,APPROVED,0,30,600-700,75-100K
CD002219,2025-01-30 00:07:23,634,53296,17.34,16,13841,home_improvement,MORTGAGE,2,1,57,48.34,2,530,0.469643,VERY_HIGH,APPROVED,0,0,<600,50-75K
CD002220,2025-06-28 12:18:24,730,28432,27.16,1,60680,credit_card,MORTGAGE,2,5,35,59.33,0,669,0.039326,MEDIUM,APPROVED,0,60,600-700,<50K
CD002221,2025-03-22 03:38:08,602,116560,21.37,7,20593,home_improvement,RENT,0,0,0,1.29,1,637,0.045938,MEDIUM,APPROVED,1,90,600-700,100K+
CD002222,2025-05-17 22:35:25,622,86797,16.42,7,57005,debt_consolidation,MORTGAGE,1,9,37,4.07,1,735,0.011104,LOW,APPROVED,0,0,700-800,75-100K
CD002223,2025-03-24 05:17:54,698,80203,32.69,7,16761,major_purchase,MORTGAGE,2,8,35,51.85,5,619,0.13661,HIGH,APPROVED,0,0,600-700,75-100K
CD002224,2025-02-10 08:39:37,651,89436,39.14,3,16202,debt_consolidation,MORTGAGE,1,6,59,61.52,4,500,0.696113,VERY_HIGH,DECLINED,1,90,<600,75-100K
CD002225,2025-01-03 04:15:31,707,63262,27.95,2,27180,other,RENT,0,0,0,25.38,2,661,0.038227,MEDIUM,DECLINED,0,0,600-700,50-75K
CD002226,2025-05-28 01:33:23,645,82828,32.44,7,20522,debt_consolidation,MORTGAGE,0,0,0,75.93,2,629,0.103935,HIGH,APPROVED,1,90,600-700,75-100K
CD002227,2025-03-14 14:15:47,695,73321,44.96,0,7745,credit_card,RENT,1,2,6,61.96,1,608,0.080408,MEDIUM,APPROVED,0,0,600-700,50-75K
CD002228,2025-06-23 06:21:39,684,33153,31.75,12,87298,other,RENT,1,4,53,46.71,1,519,0.51644,VERY_HIGH,DECLINED,0,0,<600,<50K
CD002229,2025-02-14 20:33:56,600,38393,42.4,3,20574,major_purchase,RENT,0,0,0,42.11,1,577,0.304078,HIGH,DECLINED,1,120,<600,<50K
CD002230,2025-02-10 14:29:29,702,28481,26.45,0,90000,other,MORTGAGE,0,0,0,21.75,1,663,0.037003,MEDIUM,DECLINED,0,0,600-700,<50K
CD002231,2025-01-19 05:40:43,741,37762,20.73,3,8268,major_purchase,RENT,1,6,36,47.85,3,661,0.045051,MEDIUM,APPROVED,0,0,600-700,<50K
CD002232,2025-03-10 23:08:48,634,42914,44.61,6,26850,debt_consolidation,MORTGAGE,0,0,0,49.46,3,556,0.407334,HIGH,APPROVED,1,150,<600,<50K
CD002233,2025-01-31 11:06:43,664,39971,13.52,0,30443,home_improvement,MORTGAGE,0,0,0,22.51,2,667,0.033156,MEDIUM,APPROVED,0,0,600-700,<50K
CD002234,2025-05-12 06:04:27,707,20138,15.31,1,65353,major_purchase,OWN,0,0,0,36.25,3,697,0.021024,LOW,APPROVED,0,0,600-700,<50K
CD002235,2025-05-22 16:56:29,756,52347,32.89,4,60443,home_improvement,MORTGAGE,2,5,53,37.99,3,688,0.027953,LOW,APPROVED,0,0,600-700,50-75K
CD002236,2025-03-24 06:35:35,691,35277,29.68,6,16296,major_purchase,RENT,1,6,14,29.05,2,535,0.493866,VERY_HIGH,DECLINED,1,90,<600,<50K
CD002237,2025-06-24 19:51:37,800,29657,16.97,7,13774,major_purchase,MORTGAGE,1,2,1,40.26,0,761,0.003976,LOW,APPROVED,0,0,700-800,<50K
CD002238,2025-03-20 22:55:13,650,63144,36.56,8,24840,debt_consolidation,OTHER,1,2,20,38.62,1,532,0.540186,VERY_HIGH,DECLINED,0,0,<600,50-75K
CD002239,2025-03-29 13:33:29,778,91597,28.22,7,25861,credit_card,MORTGAGE,0,0,0,83.62,2,659,0.036769,MEDIUM,APPROVED,0,0,600-700,75-100K
CD002240,2025-05-19 11:47:18,631,99483,23.06,4,30726,other,RENT,0,0,0,55.16,1,656,0.049976,MEDIUM,APPROVED,0,0,600-700,75-100K
CD002241,2025-04-09 06:09:42,671,76621,28.47,23,3805,credit_card,RENT,3,3,14,43.46,0,623,0.083932,MEDIUM,DECLINED,0,0,600-700,75-100K
CD002242,2025-03-15 20:31:00,622,84667,27.19,16,23694,debt_consolidation,OTHER,0,0,0,39.48,2,565,0.359907,HIGH,DECLINED,0,0,<600,75-100K
CD002243,2025-01-14 09:55:27,727,171748,21.61,17,33404,credit_card,RENT,1,4,55,66.35,3,755,0.002581,LOW,APPROVED,0,0,700-800,100K+
CD002244,2025-03-29 00:27:00,707,37162,28.75,6,12200,other,MORTGAGE,0,0,0,58.74,0,746,0.005334,LOW,APPROVED,0,0,700-800,<50K
CD002245,2025-02-07 14:58:05,576,89808,20.59,4,23432,debt_consolidation,MORTGAGE,2,2,9,22.42,2,585,0.253695,HIGH,DECLINED,1,60,<600,75-100K
CD002246,2025-06-09 16:03:57,527,44740,30.49,8,17320,debt_consolidation,RENT,0,0,0,56.39,0,547,0.512912,VERY_HIGH,DECLINED,1,150,<600,<50K
CD002247,2025-03-25 03:18:08,791,74608,41.2,0,12285,home_improvement,MORTGAGE,1,4,46,16.23,2,713,0.011048,LOW,APPROVED,0,0,700-800,50-75K
CD002248,2025-03-07 22:43:06,656,55938,35.05,6,16081,debt_consolidation,RENT,1,5,17,83.16,1,602,0.13234,HIGH,DECLINED,0,0,600-700,50-75K
CD002249,2025-04-18 11:20:55,580,63816,31.03,0,18728,major_purchase,MORTGAGE,1,4,49,75.07,2,505,0.727517,VERY_HIGH,DECLINED,1,120,<600,50-75K
CD002250,2025-02-08 21:44:08,622,53943,27.8,4,24539,debt_consolidation,RENT,0,0,0,19.51,0,558,0.456378,VERY_HIGH,DECLINED,0,0,<600,50-75K
CD002251,2025-02-04 11:44:09,646,47871,48.45,14,24276,debt_consolidation,MORTGAGE,1,3,17,60.53,0,593,0.221238,HIGH,DECLINED,1,120,<600,<50K
CD002252,2025-02-14 06:17:31,759,39858,23.92,6,20947,credit_card,MORTGAGE,0,0,0,61.87,2,679,0.036406,MEDIUM,DECLINED,0,0,600-700,<50K
CD002253,2025-01-08 19:23:11,696,95658,16.53,5,23861,debt_consolidation,MORTGAGE,0,0,0,64.12,2,708,0.009269,LOW,APPROVED,0,0,700-800,75-100K
CD002254,2025-04-22 23:41:29,674,86212,32.1,4,24156,other,OWN,1,3,29,68.7,3,617,0.108514,HIGH,DECLINED,0,0,600-700,75-100K
CD002255,2025-06-25 15:48:57,620,81754,26.22,0,22556,debt_consolidation,RENT,0,0,0,12.53,1,645,0.066384,MEDIUM,APPROVED,0,0,600-700,75-100K
CD002256,2025-02-12 21:59:13,709,56026,30.55,1,17592,debt_consolidation,MORTGAGE,0,0,0,66.07,2,719,0.008972,LOW,APPROVED,0,60,700-800,50-75K
CD002257,2025-06-24 14:29:46,575,30397,21.92,3,32164,debt_consolidation,RENT,0,0,0,69.39,2,596,0.236869,HIGH,DECLINED,1,150,<600,<50K
CD002258,2025-03-25 08:02:17,734,55912,9.75,12,8769,debt_consolidation,MORTGAGE,1,3,43,39.12,3,667,0.028922,LOW,APPROVED,0,0,600-700,50-75K
CD002259,2025-06-10 16:22:21,725,94201,28.16,5,55825,credit_card,MORTGAGE,3,4,40,48.56,0,712,0.010454,LOW,APPROVED,0,0,700-800,75-100K
CD002260,2025-04-02 10:20:09,646,30037,38.18,8,25916,credit_card,OWN,2,4,5,60.29,0,547,0.385702,HIGH,DECLINED,0,0,<600,<50K
CD002261,2025-06-02 02:45:50,589,95056,15.22,7,8083,debt_consolidation,RENT,1,2,39,31.17,0,650,0.057897,MEDIUM,APPROVED,0,0,600-700,75-100K
CD002262,2025-04-18 11:26:42,637,77810,30.66,5,20540,debt_consolidation,MORTGAGE,1,1,45,61.18,2,601,0.172896,HIGH,APPROVED,0,0,600-700,75-100K
CD002263,2025-02-21 02:33:37,665,58598,35.01,1,26997,debt_consolidation,OWN,0,0,0,44.97,1,635,0.054555,MEDIUM,DECLINED,1,90,600-700,50-75K
CD002264,2025-06-02 04:20:10,782,38202,29.45,6,26394,credit_card,RENT,2,2,37,40.29,1,668,0.033478,MEDIUM,APPROVED,0,0,600-700,<50K
CD002265,2025-04-02 21:44:21,765,101797,38.57,3,23014,credit_card,OWN,2,3,26,59.9,3,627,0.123889,HIGH,APPROVED,0,0,600-700,100K+
CD002266,2025-03-12 21:23:54,636,29944,28.73,22,21812,major_purchase,RENT,1,4,38,41.57,1,645,0.067604,MEDIUM,DECLINED,0,0,600-700,<50K
CD002267,2025-05-17 12:01:20,630,50075,12.38,6,18857,credit_card,MORTGAGE,1,5,47,20.27,3,619,0.121865,HIGH,APPROVED,0,0,600-700,50-75K
CD002268,2025-05-23 16:21:58,596,42178,16.13,5,13059,home_improvement,MORTGAGE,0,0,0,70.65,3,629,0.150147,HIGH,DECLINED,1,150,600-700,<50K
CD002269,2025-04-17 21:02:46,692,59487,15.16,9,9869,debt_consolidation,MORTGAGE,0,0,0,68.64,3,616,0.096171,HIGH,APPROVED,0,0,600-700,50-75K
CD002270,2025-02-12 04:02:25,642,67112,33.8,5,41721,debt_consolidation,OTHER,1,3,19,39.13,1,559,0.381152,HIGH,APPROVED,0,0,<600,50-75K
CD002271,2025-02-26 20:02:45,710,61517,27.49,8,34878,debt_consolidation,MORTGAGE,1,2,43,88.49,2,646,0.041679,MEDIUM,APPROVED,0,0,600-700,50-75K
CD002272,2025-06-08 05:43:52,675,38998,31.23,11,21799,major_purchase,MORTGAGE,1,7,20,29.82,1,595,0.191883,HIGH,APPROVED,1,150,<600,<50K
CD002273,2025-01-24 18:40:10,642,42717,24.42,3,60619,debt_consolidation,RENT,0,0,0,58.53,2,585,0.173201,HIGH,APPROVED,0,0,<600,<50K
CD002274,2025-02-15 23:44:58,616,62483,15.66,18,16073,credit_card,MORTGAGE,0,0,0,3.35,3,695,0.017737,LOW,APPROVED,0,0,600-700,50-75K
CD002275,2025-06-28 19:48:47,584,69034,28.85,0,67546,major_purchase,RENT,1,4,47,21.82,1,627,0.1307,HIGH,APPROVED,1,90,600-700,50-75K
CD002276,2025-04-02 00:51:16,704,154450,34.04,1,17188,debt_consolidation,RENT,1,2,40,66.19,0,708,0.013462,LOW,APPROVED,0,0,700-800,100K+
CD002277,2025-04-04 07:44:44,599,119259,35.99,6,61830,home_improvement,OWN,1,6,51,74.3,3,530,0.619209,VERY_HIGH,DECLINED,0,0,<600,100K+
CD002278,2025-03-18 03:51:23,710,57932,24.06,12,42673,debt_consolidation,MORTGAGE,1,3,14,80.65,1,664,0.028568,LOW,DECLINED,0,0,600-700,50-75K
CD002279,2025-01-17 22:21:39,580,66996,38.63,4,12015,credit_card,OWN,2,4,15,84.46,1,489,0.751679,VERY_HIGH,DECLINED,1,90,<600,50-75K
CD002280,2025-02-22 12:09:23,531,90777,29.6,16,30307,debt_consolidation,RENT,2,3,27,33.01,1,477,0.835011,VERY_HIGH,APPROVED,1,60,<600,75-100K
CD002281,2025-05-26 00:36:29,672,83295,26.54,2,27100,credit_card,MORTGAGE,1,4,40,18.71,1,702,0.013387,LOW,APPROVED,0,0,700-800,75-100K
CD002282,2025-03-31 11:59:09,639,58280,43.6,6,14917,debt_consolidation,RENT,1,4,56,65.47,2,616,0.227091,HIGH,APPROVED,1,90,600-700,50-75K
CD002283,2025-02-19 23:53:09,722,89579,29.0,0,15052,credit_card,MORTGAGE,2,3,24,74.72,1,653,0.043992,MEDIUM,APPROVED,0,0,600-700,75-100K
CD002284,2025-04-29 17:49:11,671,65125,25.16,3,9318,debt_consolidation,OWN,0,0,0,41.76,1,571,0.287857,HIGH,DECLINED,0,0,<600,50-75K
CD002285,2025-03-31 06:59:07,667,36720,33.8,8,28852,major_purchase,MORTGAGE,0,0,0,24.08,1,662,0.035494,MEDIUM,APPROVED,0,0,600-700,<50K
CD002286,2025-03-18 09:58:45,719,19966,35.62,6,34163,major_purchase,RENT,1,4,38,55.82,3,602,0.149568,HIGH,DECLINED,0,0,600-700,<50K
CD002287,2025-02-07 19:54:56,635,25078,28.66,0,35831,home_improvement,MORTGAGE,1,2,44,64.28,2,506,0.73325,VERY_HIGH,DECLINED,1,120,<600,<50K
CD002288,2025-01-09 04:41:28,707,36654,27.41,4,10690,home_improvement,RENT,0,0,0,78.92,1,669,0.029277,LOW,APPROVED,0,0,600-700,<50K
CD002289,2025-03-23 22:45:50,807,43535,12.62,7,28000,other,RENT,0,0,0,50.27,2,754,0.003056,LOW,APPROVED,0,0,700-800,<50K
CD002290,2025-03-04 23:03:31,684,50065,29.17,3,28386,home_improvement,RENT,0,0,0,95.49,1,649,0.054858,MEDIUM,DECLINED,1,150,600-700,50-75K
CD002291,2025-05-30 00:01:04,621,90666,13.48,7,31523,debt_consolidation,RENT,1,5,58,23.13,1,652,0.064154,MEDIUM,DECLINED,0,0,600-700,75-100K
CD002292,2025-01-01 08:10:37,670,31994,14.89,9,10823,debt_consolidation,RENT,1,2,15,34.28,2,690,0.014921,LOW,APPROVED,0,0,600-700,<50K
CD002293,2025-03-10 05:52:40,628,27552,27.49,0,19039,credit_card,RENT,1,5,18,81.18,3,515,0.661761,VERY_HIGH,DECLINED,0,0,<600,<50K
CD002294,2025-03-30 13:02:46,653,63687,19.03,3,13926,debt_consolidation,MORTGAGE,1,4,37,21.72,2,662,0.047725,MEDIUM,APPROVED,0,0,600-700,50-75K
CD002295,2025-03-02 11:29:55,764,52600,18.77,18,6560,debt_consolidation,MORTGAGE,0,0,0,42.2,0,760,0.006123,LOW,APPROVED,0,0,700-800,50-75K
CD002296,2025-05-19 02:41:53,618,43408,21.49,0,30057,other,MORTGAGE,0,0,0,11.99,2,599,0.164049,HIGH,APPROVED,0,0,<600,<50K
CD002297,2025-06-01 20:15:12,604,45386,24.78,13,20658,credit_card,OTHER,2,9,57,48.73,6,492,0.801542,VERY_HIGH,DECLINED,1,90,<600,<50K
CD002298,2025-05-22 06:39:30,701,18000,27.63,4,15069,major_purchase,MORTGAGE,0,0,0,32.83,2,672,0.039323,MEDIUM,APPROVED,0,0,600-700,<50K
CD002299,2025-04-22 09:21:23,650,34719,17.73,17,21905,debt_consolidation,MORTGAGE,1,3,18,49.73,1,678,0.032797,MEDIUM,APPROVED,0,0,600-700,<50K
CD002300,2025-01-05 09:39:10,663,71823,31.27,4,14634,debt_consolidation,OTHER,2,5,4,64.75,2,583,0.315369,HIGH,DECLINED,1,90,<600,50-75K
CD002301,2025-03-31 07:40:18,638,71598,35.82,6,28344,debt_consolidation,RENT,2,9,35,68.45,0,556,0.363597,HIGH,DECLINED,1,60,<600,50-75K
CD002302,2025-02-26 04:12:42,686,118561,29.1,15,8543,credit_card,OWN,1,7,1,62.48,0,629,0.058224,MEDIUM,APPROVED,0,0,600-700,100K+
CD002303,2025-02-01 15:06:21,753,93108,23.75,1,21185,debt_consolidation,OTHER,0,0,0,45.72,4,643,0.069058,MEDIUM,APPROVED,0,0,600-700,75-100K
CD002304,2025-01-02 12:50:04,708,51753,26.96,7,17064,debt_consolidation,RENT,0,0,0,29.56,2,669,0.037614,MEDIUM,DECLINED,0,0,600-700,50-75K
CD002305,2025-01-04 23:01:32,650,31546,32.84,4,15930,credit_card,RENT,0,0,0,56.92,0,644,0.050632,MEDIUM,APPROVED,0,0,600-700,<50K
CD002306,2025-01-26 04:31:32,653,48655,21.61,2,24200,other,RENT,1,6,17,53.14,3,583,0.266968,HIGH,DECLINED,0,0,<600,<50K
CD002307,2025-04-20 08:05:59,623,82439,27.84,7,47285,debt_consolidation,RENT,1,9,6,43.73,0,575,0.241953,HIGH,DECLINED,0,0,<600,75-100K
CD002308,2025-02-12 13:00:24,624,103112,13.06,4,8215,debt_consolidation,RENT,2,4,2,47.46,1,678,0.023888,LOW,APPROVED,0,0,600-700,100K+
CD002309,2025-03-24 01:43:41,724,222513,26.65,1,21377,credit_card,RENT,0,0,0,38.83,3,656,0.033041,MEDIUM,APPROVED,0,0,600-700,100K+
CD002310,2025-02-25 15:48:29,702,168533,28.98,15,32360,home_improvement,MORTGAGE,1,7,30,56.78,1,612,0.110219,HIGH,APPROVED,0,0,600-700,100K+
CD002311,2025-05-14 18:54:16,698,96842,43.89,8,28557,home_improvement,RENT,2,5,46,75.74,4,548,0.479451,VERY_HIGH,APPROVED,0,0,<600,75-100K
CD002312,2025-06-09 19:50:43,700,57308,39.72,7,8767,debt_consolidation,MORTGAGE,2,5,12,61.94,4,518,0.629767,VERY_HIGH,DECLINED,1,60,<600,50-75K
CD002313,2025-06-18 14:05:00,639,46725,40.25,7,32940,home_improvement,RENT,0,0,0,35.5,1,609,0.159079,HIGH,DECLINED,0,0,600-700,<50K
CD002314,2025-02-15 07:19:00,672,49150,19.05,0,46168,credit_card,MORTGAGE,0,0,0,50.15,0,637,0.07914,MEDIUM,DECLINED,1,60,600-700,<50K
CD002315,2025-06-02 13:26:24,702,23377,21.65,2,11899,credit_card,RENT,1,1,12,67.81,0,673,0.036165,MEDIUM,APPROVED,0,0,600-700,<50K
CD002316,2025-03-06 01:24:16,761,67503,38.32,1,38038,debt_consolidation,MORTGAGE,0,0,0,72.1,1,717,0.007844,LOW,APPROVED,0,0,700-800,50-75K
CD002317,2025-04-13 06:30:59,687,49650,30.09,5,30043,debt_consolidation,MORTGAGE,0,0,0,46.26,2,679,0.024206,LOW,APPROVED,0,0,600-700,<50K
CD002318,2025-02-10 23:40:07,677,40079,21.69,4,10977,major_purchase,MORTGAGE,1,2,14,93.0,0,630,0.11096,HIGH,APPROVED,0,0,600-700,<50K
CD002319,2025-05-07 06:50:34,630,55814,11.22,2,31266,credit_card,RENT,0,0,0,45.27,1,757,0.004211,LOW,APPROVED,0,0,700-800,50-75K
CD002320,2025-05-04 19:41:36,730,52065,32.78,3,36424,credit_card,RENT,1,5,16,99.98,0,655,0.037926,MEDIUM,APPROVED,1,150,600-700,50-75K
CD002321,2025-04-24 20:19:47,660,36146,24.65,27,24517,debt_consolidation,MORTGAGE,1,3,16,42.15,3,620,0.070052,MEDIUM,APPROVED,0,0,600-700,<50K
CD002322,2025-05-13 12:43:08,688,75355,18.46,3,8351,other,RENT,2,3,23,59.84,3,644,0.067787,MEDIUM,APPROVED,0,0,600-700,75-100K
CD002323,2025-03-05 20:32:19,695,68609,32.46,0,31473,credit_card,RENT,0,0,0,45.95,0,688,0.021991,LOW,APPROVED,0,0,600-700,50-75K
CD002324,2025-01-05 10:11:26,631,60996,29.67,0,21229,debt_consolidation,RENT,1,3,52,50.02,3,541,0.512796,VERY_HIGH,DECLINED,1,60,<600,50-75K
CD002325,2025-03-17 08:48:35,690,113644,34.41,18,24205,credit_card,RENT,1,5,32,49.11,2,663,0.024664,LOW,APPROVED,0,0,600-700,100K+
CD002326,2025-06-16 11:26:57,736,101086,32.28,0,7566,home_improvement,MORTGAGE,0,0,0,41.18,3,652,0.050352,MEDIUM,APPROVED,0,0,600-700,100K+
CD002327,2025-04-02 20:24:41,626,60700,23.89,9,12763,major_purchase,RENT,1,4,58,47.13,0,646,0.07136,MEDIUM,APPROVED,0,0,600-700,50-75K
CD002328,2025-02-08 05:53:12,646,37633,17.96,11,13931,credit_card,RENT,0,0,0,53.13,2,599,0.176554,HIGH,APPROVED,0,0,<600,<50K
CD002329,2025-05-09 23:59:18,629,31953,34.71,1,12696,major_purchase,MORTGAGE,0,0,0,53.1,2,550,0.402655,HIGH,DECLINED,0,60,<600,<50K
CD002330,2025-04-11 02:39:42,679,70792,38.1,11,28605,debt_consolidation,MORTGAGE,2,5,20,75.0,0,608,0.160563,HIGH,DECLINED,1,120,600-700,50-75K
CD002331,2025-04-13 20:51:35,789,56667,29.02,6,22329,other,RENT,1,1,37,39.44,2,692,0.013603,LOW,APPROVED,0,0,600-700,50-75K
CD002332,2025-04-10 07:23:05,692,105895,24.97,6,8229,credit_card,RENT,2,1,55,55.22,0,671,0.051134,MEDIUM,APPROVED,0,0,600-700,100K+
CD002333,2025-05-22 23:43:25,742,48437,34.33,14,11939,debt_consolidation,RENT,2,8,8,25.54,3,653,0.05429,MEDIUM,APPROVED,0,0,600-700,<50K
CD002334,2025-01-11 16:23:02,687,77325,31.29,28,4667,debt_consolidation,RENT,0,0,0,17.76,1,645,0.044129,MEDIUM,APPROVED,0,0,600-700,75-100K
CD002335,2025-05-30 07:03:55,651,48170,35.35,17,4516,debt_consolidation,MORTGAGE,0,0,0,55.94,2,635,0.144111,HIGH,APPROVED,1,90,600-700,<50K
CD002336,2025-04-22 17:40:42,675,53204,24.1,21,9361,other,RENT,2,6,58,19.84,2,603,0.181264,HIGH,APPROVED,0,0,600-700,50-75K
CD002337,2025-06-06 04:28:28,687,115280,27.75,0,25922,debt_consolidation,MORTGAGE,0,0,0,55.21,1,705,0.010348,LOW,APPROVED,1,90,700-800,100K+
CD002338,2025-04-21 23:39:11,664,52425,17.56,6,9397,major_purchase,RENT,1,4,47,53.04,2,610,0.149398,HIGH,DECLINED,0,0,600-700,50-75K
CD002339,2025-01-12 11:22:30,671,48953,17.45,1,5424,debt_consolidation,MORTGAGE,5,6,12,39.39,2,626,0.092522,MEDIUM,APPROVED,0,0,600-700,<50K
CD002340,2025-05-04 16:18:07,679,67000,19.79,5,18490,major_purchase,MORTGAGE,1,2,12,17.88,2,686,0.022372,LOW,APPROVED,0,0,600-700,50-75K
CD002341,2025-03-14 09:49:53,640,183872,28.67,4,19099,home_improvement,MORTGAGE,1,4,55,58.67,1,626,0.098082,HIGH,APPROVED,0,0,600-700,100K+
CD002342,2025-04-03 13:18:42,757,35862,32.16,1,26372,debt_consolidation,MORTGAGE,0,0,0,35.75,0,830,0.000431,LOW,APPROVED,0,0,800+,<50K
CD002343,2025-01-18 15:03:44,698,77271,46.39,13,8054,major_purchase,MORTGAGE,1,0,21,18.51,0,661,0.048183,MEDIUM,APPROVED,0,0,600-700,75-100K
CD002344,2025-04-17 07:04:42,668,27516,22.42,8,23528,home_improvement,OTHER,0,0,0,26.67,1,674,0.027758,LOW,APPROVED,0,0,600-700,<50K
CD002345,2025-02-18 12:48:16,643,51137,22.35,1,11888,major_purchase,MORTGAGE,1,7,39,64.76,3,550,0.441177,VERY_HIGH,DECLINED,1,120,<600,50-75K
CD002346,2025-05-05 17:00:32,694,68624,37.85,15,9622,other,RENT,2,6,14,63.74,3,617,0.087901,MEDIUM,DECLINED,0,0,600-700,50-75K
CD002347,2025-04-12 15:05:55,632,72917,14.29,9,18966,major_purchase,MORTGAGE,0,0,0,29.52,0,701,0.01672,LOW,APPROVED,1,60,700-800,50-75K
CD002348,2025-05-10 22:55:38,606,107769,18.88,1,15943,credit_card,RENT,0,0,0,38.28,1,652,0.044454,MEDIUM,APPROVED,0,0,600-700,100K+
CD002349,2025-02-07 10:47:35,654,32766,30.62,2,19545,home_improvement,MORTGAGE,0,0,0,50.34,2,604,0.162939,HIGH,APPROVED,1,120,600-700,<50K
CD002350,2025-06-11 19:52:51,742,36297,29.59,4,90000,major_purchase,MORTGAGE,0,0,0,32.53,1,723,0.01027,LOW,APPROVED,0,0,700-800,<50K
CD002351,2025-01-22 12:47:32,663,54601,19.34,0,20481,debt_consolidation,MORTGAGE,2,3,19,16.3,0,628,0.088875,MEDIUM,APPROVED,1,90,600-700,50-75K
CD002352,2025-06-06 10:24:38,684,60749,40.92,3,35994,debt_consolidation,MORTGAGE,1,6,36,90.08,3,579,0.281088,HIGH,DECLINED,1,90,<600,50-75K
CD002353,2025-06-01 13:04:25,621,52598,39.83,16,17922,debt_consolidation,MORTGAGE,1,5,4,74.51,1,471,0.86653,VERY_HIGH,DECLINED,1,150,<600,50-75K
CD002354,2025-05-24 23:45:46,702,49348,18.78,3,6618,other,RENT,0,0,0,52.75,0,681,0.025931,LOW,DECLINED,0,0,600-700,<50K
CD002355,2025-06-17 02:25:06,644,42066,20.96,1,34576,debt_consolidation,OTHER,0,0,0,19.36,1,676,0.025378,LOW,APPROVED,0,0,600-700,<50K
CD002356,2025-06-22 08:26:07,643,66919,14.98,0,17609,debt_consolidation,MORTGAGE,1,3,34,45.64,2,660,0.058915,MEDIUM,DECLINED,0,30,600-700,50-75K
CD002357,2025-03-31 00:10:46,631,48070,29.41,1,20632,other,OWN,0,0,0,46.54,1,596,0.17881,HIGH,DECLINED,0,0,<600,<50K
CD002358,2025-04-13 06:35:50,666,45703,25.82,1,22545,credit_card,RENT,1,1,56,67.07,0,701,0.01364,LOW,APPROVED,0,0,700-800,<50K
CD002359,2025-05-02 18:09:42,616,99765,23.99,19,7468,debt_consolidation,MORTGAGE,1,6,32,29.41,2,690,0.017357,LOW,APPROVED,1,90,600-700,75-100K
CD002360,2025-02-18 11:49:17,651,94809,49.82,13,16299,credit_card,RENT,0,0,0,32.61,1,654,0.050021,MEDIUM,APPROVED,1,90,600-700,75-100K
CD002361,2025-06-13 13:38:47,663,74442,29.53,1,25363,debt_consolidation,MORTGAGE,2,2,13,65.49,0,589,0.292936,HIGH,DECLINED,0,0,<600,50-75K
CD002362,2025-06-11 19:08:58,621,74892,14.98,6,14649,major_purchase,RENT,0,0,0,75.24,1,623,0.123712,HIGH,APPROVED,0,0,600-700,50-75K
CD002363,2025-03-11 20:02:01,567,84355,20.52,4,7139,debt_consolidation,RENT,1,5,51,71.41,1,561,0.442801,VERY_HIGH,APPROVED,1,60,<600,75-100K
CD002364,2025-05-06 19:14:29,697,150658,29.11,10,50697,debt_consolidation,MORTGAGE,0,0,0,43.58,0,685,0.017916,LOW,APPROVED,0,0,600-700,100K+
CD002365,2025-06-18 22:31:28,605,66401,27.28,12,25990,credit_card,MORTGAGE,1,4,16,53.3,1,624,0.05371,MEDIUM,DECLINED,1,150,600-700,50-75K
CD002366,2025-05-17 09:50:30,567,52936,34.03,2,12568,major_purchase,RENT,0,0,0,66.34,4,465,0.897212,VERY_HIGH,DECLINED,0,0,<600,50-75K
CD002367,2025-01-31 20:13:44,673,56406,31.35,2,49397,major_purchase,MORTGAGE,0,0,0,30.51,1,692,0.017017,LOW,APPROVED,0,0,600-700,50-75K
CD002368,2025-02-22 01:21:02,670,67557,39.77,7,19801,credit_card,RENT,4,5,16,61.32,1,547,0.515993,VERY_HIGH,DECLINED,0,0,<600,50-75K
CD002369,2025-05-17 03:32:30,733,39358,41.65,5,7360,debt_consolidation,RENT,0,0,0,36.54,2,675,0.043855,MEDIUM,APPROVED,0,0,600-700,<50K
CD002370,2025-04-09 12:36:01,743,55856,38.18,10,15865,debt_consolidation,RENT,2,6,22,36.51,2,626,0.120052,HIGH,APPROVED,0,0,600-700,50-75K
CD002371,2025-03-24 21:25:01,553,35916,39.27,14,26745,debt_consolidation,OWN,0,0,0,72.67,4,473,0.834727,VERY_HIGH,DECLINED,1,120,<600,<50K
CD002372,2025-02-14 01:19:26,642,49374,15.97,2,19143,debt_consolidation,OTHER,4,3,58,54.14,2,617,0.127647,HIGH,APPROVED,1,120,600-700,<50K
CD002373,2025-03-20 06:25:49,688,64996,25.7,1,90000,debt_consolidation,RENT,0,0,0,47.76,1,667,0.031406,MEDIUM,APPROVED,0,30,600-700,50-75K
CD002374,2025-01-14 23:14:15,600,58381,32.92,2,14408,home_improvement,MORTGAGE,1,3,17,60.22,1,631,0.127259,HIGH,APPROVED,0,0,600-700,50-75K
CD002375,2025-01-19 17:56:18,735,30757,38.82,5,37138,other,RENT,2,2,21,72.5,1,598,0.221203,HIGH,APPROVED,0,0,<600,<50K
CD002376,2025-05-11 14:50:35,692,32979,20.3,5,18617,home_improvement,RENT,1,1,42,24.28,1,660,0.040928,MEDIUM,DECLINED,0,0,600-700,<50K
CD002377,2025-04-22 22:21:24,636,42835,39.45,0,16531,debt_consolidation,OWN,2,7,41,51.17,1,481,0.825734,VERY_HIGH,DECLINED,1,90,<600,<50K
CD002378,2025-03-18 17:36:06,644,60076,19.03,3,33561,debt_consolidation,RENT,1,4,42,43.39,2,560,0.366101,HIGH,DECLINED,0,30,<600,50-75K
CD002379,2025-03-13 04:41:59,690,30837,28.82,1,22023,home_improvement,RENT,0,0,0,80.45,3,629,0.1358,HIGH,DECLINED,0,0,600-700,<50K
CD002380,2025-03-05 05:33:19,788,22363,40.14,8,18069,debt_consolidation,RENT,3,7,33,8.28,2,715,0.006922,LOW,APPROVED,0,0,700-800,<50K
CD002381,2025-03-10 11:46:47,778,50861,24.16,1,31650,debt_consolidation,OWN,2,1,17,22.85,2,764,0.00304,LOW,APPROVED,0,0,700-800,50-75K
CD002382,2025-02-28 01:56:26,595,76112,31.27,22,17319,major_purchase,RENT,1,7,44,60.77,0,546,0.418777,VERY_HIGH,DECLINED,0,0,<600,75-100K
CD002383,2025-01-27 11:50:50,706,97946,16.07,0,38420,other,OWN,2,2,10,63.75,1,697,0.020222,LOW,APPROVED,0,0,600-700,75-100K
CD002384,2025-05-02 12:20:30,593,75293,29.91,15,8866,major_purchase,RENT,1,1,58,69.15,3,590,0.273667,HIGH,DECLINED,1,120,<600,75-100K
CD002385,2025-05-29 23:07:09,666,68961,34.02,0,23191,debt_consolidation,RENT,1,5,44,67.27,1,618,0.101357,HIGH,DECLINED,0,0,600-700,50-75K
CD002386,2025-04-04 07:44:20,619,63524,30.96,3,19800,major_purchase,RENT,0,0,0,44.29,1,550,0.369534,HIGH,DECLINED,1,90,<600,50-75K
CD002387,2025-01-04 10:37:25,657,91669,28.72,1,15963,home_improvement,MORTGAGE,2,5,22,66.51,4,575,0.252483,HIGH,APPROVED,0,0,<600,75-100K
CD002388,2025-06-16 12:45:26,649,51450,23.03,1,62342,debt_consolidation,RENT,1,4,4,32.4,1,648,0.06961,MEDIUM,DECLINED,0,0,600-700,50-75K
CD002389,2025-05-01 12:20:38,693,47708,15.81,2,32108,debt_consolidation,RENT,0,0,0,10.26,3,772,0.001542,LOW,APPROVED,0,0,700-800,<50K
CD002390,2025-04-22 14:20:39,632,34525,29.89,0,32654,home_improvement,RENT,1,7,57,44.78,2,624,0.108453,HIGH,APPROVED,0,0,600-700,<50K
CD002391,2025-03-15 19:01:37,711,38488,20.02,17,4740,credit_card,RENT,0,0,0,12.44,3,754,0.004942,LOW,APPROVED,0,0,700-800,<50K
CD002392,2025-02-09 03:56:29,666,41582,25.91,15,18692,credit_card,MORTGAGE,1,4,7,92.17,0,567,0.319054,HIGH,DECLINED,0,0,<600,<50K
CD002393,2025-01-19 09:46:00,623,32224,22.32,2,53589,home_improvement,MORTGAGE,2,5,15,55.02,4,556,0.409037,HIGH,DECLINED,0,0,<600,<50K
CD002394,2025-01-02 04:53:18,752,61065,37.26,1,12567,home_improvement,OWN,1,6,43,51.52,0,708,0.010182,LOW,APPROVED,0,0,700-800,50-75K
CD002395,2025-04-13 15:50:13,691,72617,36.57,0,13481,home_improvement,MORTGAGE,1,4,46,77.66,2,607,0.142355,HIGH,DECLINED,1,90,600-700,50-75K
CD002396,2025-06-28 20:48:40,661,38502,41.68,14,29757,debt_consolidation,RENT,1,2,29,48.14,1,555,0.352271,HIGH,DECLINED,1,150,<600,<50K
CD002397,2025-06-10 13:18:01,678,74119,31.61,6,11988,major_purchase,RENT,1,4,6,47.87,0,613,0.129111,HIGH,APPROVED,0,0,600-700,50-75K
CD002398,2025-02-20 06:09:03,711,49790,15.77,10,31080,home_improvement,RENT,2,3,32,23.96,0,652,0.040947,MEDIUM,APPROVED,0,0,600-700,<50K
CD002399,2025-06-21 16:10:22,665,120658,26.06,5,36051,credit_card,MORTGAGE,1,4,10,53.17,0,640,0.064691,MEDIUM,APPROVED,0,0,600-700,100K+
CD002400,2025-03-20 15:26:24,640,45254,22.02,4,19347,debt_consolidation,MORTGAGE,2,6,2,46.16,2,552,0.555623,VERY_HIGH,DECLINED,0,0,<600,<50K
CD002401,2025-01-10 13:31:23,664,58344,13.74,2,10951,debt_consolidation,MORTGAGE,0,0,0,45.57,3,710,0.012173,LOW,APPROVED,0,30,700-800,50-75K
CD002402,2025-06-15 19:36:57,643,67035,25.98,2,35726,credit_card,RENT,2,2,31,22.51,2,584,0.262594,HIGH,DECLINED,0,0,<600,50-75K
CD002403,2025-02-03 15:34:30,643,77925,17.31,6,55221,home_improvement,MORTGAGE,2,4,52,58.28,1,718,0.009665,LOW,APPROVED,1,90,700-800,75-100K
CD002404,2025-06-26 20:56:25,761,104554,46.99,5,34001,credit_card,MORTGAGE,1,5,3,21.61,2,661,0.038836,MEDIUM,APPROVED,0,0,600-700,100K+
CD002405,2025-01-27 19:26:41,715,62370,51.5,18,32062,home_improvement,MORTGAGE,1,3,9,34.36,4,575,0.247446,HIGH,DECLINED,0,0,<600,50-75K
CD002406,2025-02-19 15:56:02,745,173404,21.85,0,12910,home_improvement,MORTGAGE,1,7,53,49.03,1,675,0.029059,LOW,DECLINED,0,0,600-700,100K+
CD002407,2025-03-02 05:30:16,645,48263,32.98,0,14428,other,RENT,3,5,53,27.04,1,595,0.171937,HIGH,DECLINED,1,90,<600,<50K
CD002408,2025-01-27 22:45:17,577,52680,26.01,2,14382,credit_card,MORTGAGE,0,0,0,64.5,4,521,0.668924,VERY_HIGH,DECLINED,1,150,<600,50-75K
CD002409,2025-06-12 04:50:32,652,140449,28.7,1,22991,home_improvement,RENT,1,4,11,86.26,0,585,0.235788,HIGH,APPROVED,0,0,<600,100K+
CD002410,2025-04-26 06:36:48,701,54779,27.82,2,10647,credit_card,RENT,0,0,0,66.33,2,652,0.037098,MEDIUM,APPROVED,0,0,600-700,50-75K
CD002411,2025-01-17 15:29:48,646,52129,31.48,2,50784,major_purchase,MORTGAGE,1,4,55,51.59,2,639,0.07409,MEDIUM,APPROVED,1,120,600-700,50-75K
CD002412,2025-01-12 06:42:56,683,73653,25.81,3,20553,home_improvement,RENT,1,4,14,63.36,3,645,0.055362,MEDIUM,APPROVED,0,0,600-700,50-75K
CD002413,2025-02-09 12:28:17,621,37629,34.09,8,9255,credit_card,RENT,0,0,0,51.58,0,674,0.024392,LOW,APPROVED,1,120,600-700,<50K
CD002414,2025-06-18 04:56:09,700,94930,9.72,4,33780,debt_consolidation,OTHER,1,4,38,43.26,3,630,0.089564,MEDIUM,APPROVED,0,60,600-700,75-100K
CD002415,2025-01-09 09:10:42,649,39045,20.02,8,12350,debt_consolidation,OWN,0,0,0,57.9,3,606,0.157912,HIGH,APPROVED,0,0,600-700,<50K
CD002416,2025-01-19 08:28:36,673,29465,39.38,3,68779,debt_consolidation,OTHER,0,0,0,71.2,3,595,0.177398,HIGH,DECLINED,1,90,<600,<50K
CD002417,2025-02-18 04:42:59,709,38025,29.37,4,26250,major_purchase,MORTGAGE,0,0,0,58.1,1,685,0.027048,LOW,APPROVED,1,90,600-700,<50K
CD002418,2025-03-10 03:55:12,633,64853,29.38,8,13318,other,RENT,1,6,30,79.82,0,679,0.042908,MEDIUM,APPROVED,0,0,600-700,50-75K
CD002419,2025-05-26 12:41:16,615,89305,29.05,11,49699,other,MORTGAGE,1,2,57,39.77,0,610,0.176986,HIGH,DECLINED,0,0,600-700,75-100K
CD002420,2025-03-17 20:33:07,628,78987,15.09,3,18011,other,MORTGAGE,0,0,0,40.83,2,653,0.054154,MEDIUM,APPROVED,0,0,600-700,75-100K
CD002421,2025-01-30 11:14:26,704,93041,21.63,0,20430,credit_card,RENT,1,5,37,49.14,0,748,0.003749,LOW,APPROVED,0,0,700-800,75-100K
CD002422,2025-02-24 18:25:59,654,52083,34.76,4,37183,debt_consolidation,MORTGAGE,2,5,48,42.58,1,592,0.183877,HIGH,DECLINED,1,60,<600,50-75K
CD002423,2025-01-07 06:16:46,730,44913,30.92,5,47685,home_improvement,RENT,0,0,0,33.88,0,666,0.025837,LOW,APPROVED,0,30,600-700,<50K
CD002424,2025-05-06 15:15:46,701,88866,13.38,11,15960,credit_card,MORTGAGE,1,6,59,83.98,2,636,0.066975,MEDIUM,DECLINED,0,0,600-700,75-100K
CD002425,2025-04-21 16:51:19,733,28807,42.69,1,28360,debt_consolidation,MORTGAGE,0,0,0,30.06,4,627,0.083464,MEDIUM,APPROVED,0,0,600-700,<50K
CD002426,2025-03-18 04:27:03,682,61851,40.9,4,29476,debt_consolidation,MORTGAGE,0,0,0,60.78,1,551,0.419405,VERY_HIGH,DECLINED,0,0,<600,50-75K
CD002427,2025-06-27 14:35:17,738,50804,19.03,5,14014,debt_consolidation,OWN,0,0,0,56.16,0,737,0.006167,LOW,APPROVED,0,0,700-800,50-75K
CD002428,2025-06-08 08:59:32,712,63322,32.24,1,32697,credit_card,MORTGAGE,0,0,0,41.55,3,649,0.055993,MEDIUM,APPROVED,0,0,600-700,50-75K
CD002429,2025-01-07 00:41:37,568,21181,15.65,4,19208,home_improvement,OTHER,0,0,0,45.14,3,606,0.218745,HIGH,APPROVED,1,90,600-700,<50K
CD002430,2025-05-01 17:55:24,750,36195,15.86,20,15996,major_purchase,OWN,2,4,42,43.87,6,668,0.037775,MEDIUM,DECLINED,0,0,600-700,<50K
CD002431,2025-01-24 19:47:56,720,54977,10.88,4,23408,debt_consolidation,RENT,0,0,0,34.65,2,810,0.001528,LOW,APPROVED,0,0,800+,50-75K
CD002432,2025-01-11 14:59:15,651,58489,42.45,1,10836,debt_consolidation,MORTGAGE,0,0,0,50.95,6,541,0.468115,VERY_HIGH,DECLINED,1,120,<600,50-75K
CD002433,2025-06-25 23:57:21,607,21065,39.63,3,23881,credit_card,RENT,0,0,0,44.64,1,581,0.214711,HIGH,DECLINED,1,90,<600,<50K
CD002434,2025-05-16 19:58:54,572,72092,41.87,2,26823,major_purchase,MORTGAGE,0,0,0,46.52,1,568,0.324224,HIGH,APPROVED,1,60,<600,50-75K
CD002435,2025-06-13 23:46:44,681,69265,12.37,2,15781,major_purchase,MORTGAGE,1,4,47,47.38,2,663,0.049444,MEDIUM,APPROVED,0,0,600-700,50-75K
CD002436,2025-05-14 14:47:51,626,56268,34.04,4,67573,credit_card,MORTGAGE,1,3,41,26.61,1,616,0.130367,HIGH,DECLINED,0,0,600-700,50-75K
CD002437,2025-06-08 06:04:20,610,42029,19.44,28,28095,home_improvement,OTHER,0,0,0,43.54,0,597,0.169278,HIGH,DECLINED,0,0,<600,<50K
CD002438,2025-03-06 03:47:36,619,44748,45.53,2,50675,debt_consolidation,RENT,2,1,17,57.31,1,625,0.089237,MEDIUM,APPROVED,1,90,600-700,<50K
CD002439,2025-06-17 07:50:52,584,145220,41.31,5,28063,credit_card,MORTGAGE,2,3,59,29.56,2,503,0.740443,VERY_HIGH,DECLINED,1,120,<600,100K+
CD002440,2025-02-25 05:36:40,724,54488,37.73,5,21137,credit_card,OTHER,0,0,0,54.44,2,649,0.078033,MEDIUM,APPROVED,0,0,600-700,50-75K
CD002441,2025-05-16 06:05:29,625,60038,41.87,9,7697,debt_consolidation,MORTGAGE,1,3,28,73.72,2,512,0.704585,VERY_HIGH,DECLINED,1,90,<600,50-75K
CD002442,2025-03-17 21:24:12,672,113617,35.32,11,43398,credit_card,OTHER,0,0,0,51.33,3,627,0.1027,HIGH,APPROVED,1,90,600-700,100K+
CD002443,2025-05-21 15:15:02,682,71886,33.41,9,21633,other,RENT,2,1,37,50.49,1,599,0.182471,HIGH,DECLINED,0,0,<600,50-75K
CD002444,2025-01-23 07:39:31,693,58613,25.5,7,27448,debt_consolidation,OWN,1,5,25,35.14,2,623,0.100804,HIGH,APPROVED,0,0,600-700,50-75K
CD002445,2025-06-10 08:49:54,664,27373,27.71,5,22735,debt_consolidation,RENT,0,0,0,76.23,1,585,0.262931,HIGH,DECLINED,0,0,<600,<50K
CD002446,2025-05-02 07:42:49,718,77204,30.67,7,45859,debt_consolidation,MORTGAGE,2,4,58,56.82,1,642,0.071963,MEDIUM,APPROVED,0,0,600-700,75-100K
CD002447,2025-01-06 00:03:01,640,32391,23.76,11,9284,debt_consolidation,OTHER,0,0,0,2.66,1,609,0.167464,HIGH,DECLINED,0,0,600-700,<50K
CD002448,2025-05-21 01:58:48,789,40086,16.69,0,23605,home_improvement,RENT,0,0,0,3.86,1,808,0.000913,LOW,APPROVED,0,0,800+,<50K
CD002449,2025-04-30 19:53:42,586,78253,31.15,9,32549,other,RENT,0,0,0,62.99,1,563,0.398528,HIGH,DECLINED,0,0,<600,75-100K
CD002450,2025-05-03 01:37:06,711,52566,17.47,4,24277,debt_consolidation,MORTGAGE,0,0,0,72.89,3,685,0.021868,LOW,APPROVED,0,0,600-700,50-75K
CD002451,2025-02-23 09:16:39,793,41158,43.74,0,28295,major_purchase,RENT,3,3,54,48.2,1,654,0.04652,MEDIUM,APPROVED,1,90,600-700,<50K
CD002452,2025-04-15 14:24:57,621,70897,45.29,4,10974,credit_card,OTHER,0,0,0,34.33,3,474,0.908572,VERY_HIGH,DECLINED,1,90,<600,50-75K
CD002453,2025-06-07 16:13:44,751,106792,36.69,1,21099,debt_consolidation,OWN,1,2,56,81.88,1,624,0.127571,HIGH,APPROVED,0,0,600-700,100K+
CD002454,2025-05-27 04:11:08,785,77583,26.71,0,13439,home_improvement,MORTGAGE,1,2,57,34.65,1,753,0.004538,LOW,APPROVED,0,0,700-800,75-100K
CD002455,2025-05-01 06:34:13,648,63735,33.95,1,41982,other,OTHER,1,2,19,85.09,2,497,0.802324,VERY_HIGH,DECLINED,0,0,<600,50-75K
CD002456,2025-01-17 04:08:02,757,49831,33.01,7,26203,home_improvement,RENT,0,0,0,63.07,0,666,0.037069,MEDIUM,APPROVED,0,0,600-700,<50K
CD002457,2025-03-01 11:38:37,642,75961,39.92,1,32756,debt_consolidation,RENT,0,0,0,15.29,1,639,0.099018,HIGH,APPROVED,0,0,600-700,75-100K
CD002458,2025-04-06 00:50:45,690,82019,11.2,2,27764,credit_card,MORTGAGE,1,4,31,55.88,1,650,0.085078,MEDIUM,DECLINED,0,0,600-700,75-100K
CD002459,2025-05-22 05:18:45,661,32478,45.15,9,22269,major_purchase,OTHER,0,0,0,33.68,4,570,0.324022,HIGH,DECLINED,1,90,<600,<50K
CD002460,2025-03-13 12:26:08,620,94504,37.34,0,21173,debt_consolidation,MORTGAGE,1,1,50,45.97,1,564,0.457881,VERY_HIGH,DECLINED,1,90,<600,75-100K
CD002461,2025-03-10 10:11:56,613,23062,34.39,1,17241,debt_consolidation,MORTGAGE,2,3,6,38.32,2,554,0.539774,VERY_HIGH,DECLINED,1,60,<600,<50K
CD002462,2025-01-18 02:47:05,642,85095,24.23,1,42109,debt_consolidation,MORTGAGE,1,4,53,54.9,1,672,0.035575,MEDIUM,APPROVED,0,0,600-700,75-100K
CD002463,2025-05-16 17:16:45,591,43092,19.94,2,7001,home_improvement,MORTGAGE,1,2,44,48.94,3,446,0.901731,VERY_HIGH,DECLINED,0,0,<600,<50K
CD002464,2025-02-18 21:28:23,683,44322,34.6,2,13853,credit_card,MORTGAGE,0,0,0,64.67,3,646,0.066903,MEDIUM,APPROVED,1,150,600-700,<50K
CD002465,2025-03-06 23:28:16,680,96496,24.47,8,90000,other,RENT,0,0,0,25.41,1,580,0.223308,HIGH,APPROVED,0,0,<600,75-100K
CD002466,2025-05-21 16:18:42,734,85264,7.35,0,23744,credit_card,MORTGAGE,0,0,0,51.81,1,772,0.003173,LOW,APPROVED,0,30,700-800,75-100K
CD002467,2025-05-18 04:34:02,696,60584,19.66,9,46984,home_improvement,MORTGAGE,0,0,0,61.26,1,614,0.115911,HIGH,APPROVED,0,0,600-700,50-75K
CD002468,2025-03-15 10:31:30,664,45618,26.44,7,9499,home_improvement,MORTGAGE,1,2,25,31.6,1,659,0.049058,MEDIUM,APPROVED,1,120,600-700,<50K
CD002469,2025-04-17 19:17:42,656,49088,13.24,5,33548,other,MORTGAGE,1,3,2,11.45,2,692,0.021962,LOW,APPROVED,0,60,600-700,<50K
CD002470,2025-06-16 03:56:49,808,96819,15.17,8,30395,debt_consolidation,MORTGAGE,0,0,0,34.63,1,787,0.00151,LOW,APPROVED,0,0,700-800,75-100K
CD002471,2025-05-15 16:37:01,588,38501,32.98,9,10242,debt_consolidation,RENT,0,0,0,88.13,0,484,0.775064,VERY_HIGH,DECLINED,0,0,<600,<50K
CD002472,2025-06-14 23:18:15,600,30179,20.04,3,28561,credit_card,MORTGAGE,1,8,21,100.0,1,600,0.232869,HIGH,APPROVED,0,0,600-700,<50K
CD002473,2025-04-04 07:57:32,796,56542,26.07,7,19354,debt_consolidation,OWN,1,3,48,41.45,3,725,0.007114,LOW,APPROVED,0,0,700-800,50-75K
CD002474,2025-05-01 06:29:25,732,62062,35.11,4,9926,debt_consolidation,RENT,0,0,0,64.28,2,649,0.046552,MEDIUM,DECLINED,0,0,600-700,50-75K
CD002475,2025-06-13 03:00:00,684,51967,22.5,6,35678,debt_consolidation,RENT,0,0,0,52.25,0,700,0.016704,LOW,APPROVED,0,0,700-800,50-75K
CD002476,2025-01-24 11:55:25,703,26116,26.51,3,21112,home_improvement,OWN,0,0,0,45.72,1,684,0.023624,LOW,APPROVED,0,0,600-700,<50K
CD002477,2025-04-29 22:24:03,728,81884,39.28,4,7804,credit_card,MORTGAGE,2,4,58,37.69,1,621,0.086328,MEDIUM,DECLINED,0,0,600-700,75-100K
CD002478,2025-01-05 07:33:49,593,35960,41.98,6,75008,debt_consolidation,RENT,0,0,0,14.66,0,638,0.069389,MEDIUM,APPROVED,0,0,600-700,<50K
CD002479,2025-06-09 17:53:51,657,42329,8.02,10,30162,debt_consolidation,OTHER,4,3,33,48.59,1,673,0.032336,MEDIUM,DECLINED,1,60,600-700,<50K
CD002480,2025-01-14 14:59:13,713,86262,33.01,1,18178,debt_consolidation,MORTGAGE,1,5,50,74.07,2,588,0.229527,HIGH,APPROVED,1,90,<600,75-100K
CD002481,2025-01-25 22:12:20,710,58292,39.14,20,15643,debt_consolidation,MORTGAGE,0,0,0,73.82,0,695,0.02094,LOW,APPROVED,0,0,600-700,50-75K
CD002482,2025-02-08 10:54:09,735,34478,27.56,1,10084,major_purchase,MORTGAGE,0,0,0,45.6,0,800,0.001002,LOW,APPROVED,0,0,800+,<50K
CD002483,2025-03-08 00:40:34,688,72429,27.49,2,14062,major_purchase,RENT,1,4,16,42.86,2,637,0.089686,MEDIUM,APPROVED,0,0,600-700,50-75K
CD002484,2025-04-23 11:42:06,655,55710,21.31,3,51033,credit_card,MORTGAGE,0,0,0,67.18,3,624,0.149837,HIGH,APPROVED,0,0,600-700,50-75K
CD002485,2025-05-22 11:33:24,641,85061,40.25,0,37441,major_purchase,RENT,0,0,0,20.07,2,496,0.8271,VERY_HIGH,DECLINED,0,0,<600,75-100K
CD002486,2025-03-07 16:41:55,709,79983,25.04,11,8625,debt_consolidation,OTHER,1,5,2,44.87,1,618,0.11318,HIGH,APPROVED,0,30,600-700,75-100K
CD002487,2025-02-19 06:49:13,674,161596,39.41,1,16228,home_improvement,MORTGAGE,0,0,0,78.46,0,637,0.09088,MEDIUM,APPROVED,0,0,600-700,100K+
CD002488,2025-06-12 01:13:39,701,79668,36.92,18,15649,debt_consolidation,MORTGAGE,1,5,39,58.78,3,645,0.070156,MEDIUM,APPROVED,0,0,600-700,75-100K
CD002489,2025-03-15 18:23:16,752,102254,18.24,8,19861,other,MORTGAGE,1,3,26,43.52,2,680,0.019035,LOW,APPROVED,0,0,600-700,100K+
CD002490,2025-01-22 13:14:01,743,56145,31.67,1,48029,debt_consolidation,RENT,1,6,56,0.0,3,755,0.003189,LOW,APPROVED,0,0,700-800,50-75K
CD002491,2025-01-14 15:57:30,606,57187,21.2,14,18993,debt_consolidation,RENT,2,3,15,92.04,0,439,0.939137,VERY_HIGH,DECLINED,1,120,<600,50-75K
CD002492,2025-01-11 04:00:55,739,43725,33.85,0,14418,credit_card,MORTGAGE,0,0,0,28.76,1,757,0.004469,LOW,APPROVED,0,0,700-800,<50K
CD002493,2025-05-19 12:45:38,623,57267,22.89,1,18196,credit_card,RENT,1,3,55,53.26,3,547,0.446777,VERY_HIGH,DECLINED,0,0,<600,50-75K
CD002494,2025-02-10 17:35:30,586,58558,19.81,12,64834,debt_consolidation,MORTGAGE,3,4,15,67.44,3,580,0.266048,HIGH,APPROVED,1,120,<600,50-75K
CD002495,2025-05-05 19:41:18,792,70974,38.94,8,17289,other,MORTGAGE,0,0,0,33.49,3,685,0.013953,LOW,APPROVED,0,0,600-700,50-75K
CD002496,2025-02-03 03:41:30,692,19505,30.75,2,25048,other,MORTGAGE,3,6,49,69.77,0,567,0.344741,HIGH,APPROVED,0,0,<600,<50K
CD002497,2025-02-04 04:23:11,643,69417,30.68,7,57891,credit_card,RENT,0,0,0,59.98,4,608,0.129707,HIGH,APPROVED,0,0,600-700,50-75K
CD002498,2025-03-05 21:46:40,653,40230,35.96,2,15244,credit_card,RENT,0,0,0,43.14,0,640,0.071475,MEDIUM,APPROVED,1,90,600-700,<50K
CD002499,2025-04-15 14:10:33,726,107511,35.26,16,22089,debt_consolidation,MORTGAGE,2,2,3,44.47,2,695,0.017558,LOW,APPROVED,0,0,600-700,100K+
