application_id,application_time,credit_score,annual_income,debt_to_income,employment_length,loan_amount,loan_purpose,home_ownership,number_of_delinquent_accounts,delinquent_months,months_since_last_delinquent,revolving_utilization,inquiries_last_6m,model_score,probability_of_default,risk_rating,application_status,actual_default,past_due_days,score_band,income_band
BL000000,2024-05-22 03:15:49,692,145415,35.24,2,12944,credit_card,RENT,0,0,0,27.4,2,682,0.020403,MEDIUM,APPROVED,0,0,600-700,100K+
BL000001,2024-11-04 10:22:06,765,36823,16.91,9,11664,debt_consolidation,MORTGAGE,2,8,2,72.91,1,657,0.027497,MEDIUM,APPROVED,0,0,600-700,<50K
BL000002,2024-06-11 07:20:34,757,61405,27.55,5,18816,debt_consolidation,RENT,0,0,0,74.08,1,734,0.007514,LOW,APPROVED,0,0,700-800,50-75K
BL000003,2024-05-09 06:22:57,662,38657,31.54,0,12259,other,OWN,1,1,49,45.57,3,614,0.156185,HIGH,DECLINED,0,0,600-700,<50K
BL000004,2024-09-17 06:08:45,674,94344,9.24,11,22661,major_purchase,OWN,1,3,17,55.35,3,666,0.03415,MEDIUM,APPROVED,0,0,600-700,75-100K
BL000005,2024-03-30 02:30:58,661,105591,10.68,2,52225,home_improvement,MORTGAGE,0,0,0,51.78,0,707,0.014117,LOW,APPROVED,0,0,700-800,100K+
BL000006,2024-05-23 13:54:11,721,117918,17.74,9,11391,credit_card,OWN,0,0,0,32.09,1,753,0.006067,LOW,APPROVED,0,0,700-800,100K+
BL000007,2024-05-09 08:03:48,687,54118,20.82,12,24003,major_purchase,MORTGAGE,0,0,0,65.24,2,683,0.031196,MEDIUM,APPROVED,0,0,600-700,50-75K
BL000008,2024-03-19 02:35:29,731,65193,24.46,3,14938,other,RENT,1,7,36,42.19,0,710,0.014345,LOW,APPROVED,1,90,700-800,50-75K
BL000009,2024-08-08 22:56:20,588,90358,17.28,9,11607,home_improvement,MORTGAGE,3,2,15,6.25,3,598,0.214666,VERY_HIGH,DECLINED,0,0,<600,75-100K
BL000010,2024-10-14 00:55:05,776,69198,17.4,14,26832,debt_consolidation,MORTGAGE,0,0,0,5.42,0,766,0.002221,LOW,APPROVED,0,0,700-800,50-75K
BL000011,2024-04-04 21:56:50,685,72751,14.78,11,25461,major_purchase,RENT,1,6,25,20.2,0,705,0.017466,MEDIUM,APPROVED,0,0,700-800,50-75K
BL000012,2024-10-17 15:14:15,727,69692,14.82,2,16548,home_improvement,RENT,1,8,47,37.78,1,639,0.048888,HIGH,APPROVED,0,0,600-700,50-75K
BL000013,2024-02-25 18:57:09,682,72109,27.17,6,28557,home_improvement,RENT,1,4,16,47.95,2,608,0.138333,HIGH,APPROVED,1,60,600-700,50-75K
BL000014,2024-01-20 08:44:26,669,60470,19.34,14,7756,home_improvement,RENT,2,4,43,41.42,0,660,0.039112,MEDIUM,APPROVED,0,0,600-700,50-75K
BL000015,2024-08-20 17:58:22,715,77903,14.3,1,17780,other,MORTGAGE,1,5,4,63.88,2,665,0.024458,MEDIUM,APPROVED,0,0,600-700,75-100K
BL000016,2024-07-11 13:49:23,735,32731,13.53,3,20065,major_purchase,MORTGAGE,1,2,57,32.62,0,694,0.017734,MEDIUM,APPROVED,0,60,600-700,<50K
BL000017,2024-07-16 19:28:56,679,52641,16.84,4,5714,major_purchase,MORTGAGE,0,0,0,68.67,4,671,0.049749,HIGH,APPROVED,0,0,600-700,50-75K
BL000018,2024-09-27 18:11:24,682,34788,9.66,16,56677,home_improvement,OWN,0,0,0,70.9,1,680,0.02352,MEDIUM,APPROVED,0,0,600-700,<50K
BL000019,2024-12-10 21:27:26,728,61242,25.65,16,14824,home_improvement,RENT,1,5,51,24.25,0,677,0.020397,MEDIUM,APPROVED,0,0,600-700,50-75K
BL000020,2024-03-19 16:35:07,642,45683,27.44,1,14819,home_improvement,OWN,0,0,0,27.83,0,642,0.06626,HIGH,APPROVED,0,0,600-700,<50K
BL000021,2024-01-12 21:24:21,607,81404,12.1,9,31663,debt_consolidation,RENT,0,0,0,73.05,0,617,0.148437,HIGH,APPROVED,0,0,600-700,75-100K
BL000022,2024-04-05 03:59:07,712,113164,19.08,2,32845,debt_consolidation,OWN,0,0,0,100.0,1,685,0.023807,MEDIUM,APPROVED,0,0,600-700,100K+
BL000023,2024-10-17 18:10:44,653,36238,20.63,1,23189,credit_card,RENT,3,3,38,34.87,1,602,0.169367,HIGH,DECLINED,0,0,600-700,<50K
BL000024,2024-04-28 04:53:41,584,44711,30.94,0,23995,debt_consolidation,MORTGAGE,2,5,56,41.52,2,494,0.710355,VERY_HIGH,DECLINED,1,150,<600,<50K
BL000025,2024-06-09 16:53:30,645,74110,17.29,4,14388,debt_consolidation,RENT,0,0,0,16.21,2,688,0.023891,MEDIUM,APPROVED,0,0,600-700,50-75K
BL000026,2024-02-09 07:09:33,664,122996,20.86,3,7330,other,MORTGAGE,0,0,0,44.72,1,664,0.04437,HIGH,APPROVED,0,0,600-700,100K+
BL000027,2024-01-14 02:37:53,624,90739,14.75,0,7721,major_purchase,OWN,0,0,0,55.05,0,646,0.08464,HIGH,APPROVED,0,0,600-700,75-100K
BL000028,2024-06-24 23:52:16,608,78059,15.29,10,16953,other,MORTGAGE,0,0,0,69.48,2,642,0.096382,HIGH,APPROVED,0,0,600-700,75-100K
BL000029,2024-02-03 22:17:46,692,62134,17.98,19,43336,credit_card,MORTGAGE,1,2,17,78.5,0,660,0.051885,HIGH,DECLINED,0,0,600-700,50-75K
BL000030,2024-09-14 20:41:01,739,52165,52.95,15,9999,other,RENT,0,0,0,35.56,1,592,0.148835,HIGH,APPROVED,0,0,<600,50-75K
BL000031,2024-02-01 09:55:35,677,76022,33.85,29,33432,home_improvement,OTHER,0,0,0,49.31,1,649,0.039314,MEDIUM,APPROVED,0,0,600-700,75-100K
BL000032,2024-07-13 14:39:02,649,80153,27.03,2,10132,major_purchase,OTHER,1,5,45,23.11,2,623,0.081993,HIGH,APPROVED,0,0,600-700,75-100K
BL000033,2024-07-30 04:23:35,711,68640,26.33,6,19687,debt_consolidation,OWN,1,6,12,35.56,0,681,0.027503,MEDIUM,APPROVED,0,0,600-700,50-75K
BL000034,2024-06-03 02:33:52,729,48950,10.34,5,44784,other,RENT,1,4,23,65.54,0,678,0.022194,MEDIUM,APPROVED,0,0,600-700,<50K
BL000035,2024-07-09 05:08:22,673,30728,15.23,17,14896,credit_card,OWN,0,0,0,34.82,2,706,0.018734,MEDIUM,APPROVED,0,0,700-800,<50K
BL000036,2024-10-16 18:33:18,720,43319,30.6,12,4942,home_improvement,RENT,0,0,0,28.97,1,667,0.038752,MEDIUM,APPROVED,0,0,600-700,<50K
BL000037,2024-10-19 10:20:13,747,53753,24.11,2,49429,home_improvement,RENT,0,0,0,53.32,0,735,0.006907,LOW,APPROVED,0,0,700-800,50-75K
BL000038,2024-10-23 18:36:18,679,37588,33.7,3,10573,debt_consolidation,MORTGAGE,1,5,31,7.14,3,643,0.079226,HIGH,APPROVED,0,0,600-700,<50K
BL000039,2024-11-21 08:02:39,645,73906,24.04,10,60644,credit_card,MORTGAGE,0,0,0,54.98,0,636,0.084357,HIGH,DECLINED,0,0,600-700,50-75K
BL000040,2024-07-31 13:32:15,709,33368,28.83,4,47267,credit_card,RENT,0,0,0,33.56,4,644,0.044834,HIGH,APPROVED,0,0,600-700,<50K
BL000041,2024-05-31 22:54:47,704,55488,25.0,2,57907,other,MORTGAGE,0,0,0,66.16,0,701,0.028758,MEDIUM,APPROVED,0,0,700-800,50-75K
BL000042,2024-03-19 06:08:04,750,74764,28.71,9,21276,major_purchase,RENT,1,4,7,23.54,2,724,0.012043,LOW,APPROVED,0,30,700-800,50-75K
BL000043,2024-08-30 02:01:46,619,92326,27.29,0,56076,credit_card,OWN,1,5,53,10.71,0,603,0.231991,VERY_HIGH,APPROVED,0,0,600-700,75-100K
BL000044,2024-03-08 10:09:50,654,71184,33.69,7,16054,debt_consolidation,MORTGAGE,1,3,52,26.91,1,621,0.093608,HIGH,APPROVED,0,0,600-700,50-75K
BL000045,2024-11-15 02:04:55,644,110376,19.37,4,41299,credit_card,OWN,0,0,0,39.93,0,669,0.0216,MEDIUM,APPROVED,0,0,600-700,100K+
BL000046,2024-08-02 05:57:23,595,48657,22.0,12,16489,home_improvement,RENT,2,6,45,67.17,1,563,0.279208,VERY_HIGH,DECLINED,1,90,<600,<50K
BL000047,2024-05-10 07:26:34,697,44791,17.91,2,28392,credit_card,MORTGAGE,0,0,0,0.0,0,717,0.007691,LOW,APPROVED,0,0,700-800,<50K
BL000048,2024-09-18 22:21:14,719,104588,23.9,4,34602,major_purchase,MORTGAGE,0,0,0,60.4,2,713,0.014012,LOW,APPROVED,0,0,700-800,100K+
BL000049,2024-04-17 06:06:17,649,42721,28.06,2,14910,debt_consolidation,MORTGAGE,2,0,20,81.9,0,588,0.272766,VERY_HIGH,DECLINED,0,0,<600,<50K
BL000050,2024-05-01 19:22:09,766,59354,24.66,0,8506,credit_card,OTHER,0,0,0,19.0,0,785,0.002465,LOW,APPROVED,0,0,700-800,50-75K
BL000051,2024-04-12 01:47:24,735,28979,6.72,5,24919,major_purchase,MORTGAGE,0,0,0,18.56,2,754,0.006596,LOW,APPROVED,0,0,700-800,<50K
BL000052,2024-12-25 15:24:18,725,106126,17.8,5,22633,credit_card,OTHER,0,0,0,36.58,2,706,0.015361,LOW,APPROVED,0,0,700-800,100K+
BL000053,2024-06-05 14:15:35,712,88266,19.2,10,21338,credit_card,RENT,1,3,27,68.56,0,689,0.022709,MEDIUM,APPROVED,0,0,600-700,75-100K
BL000054,2024-03-03 22:45:38,743,45269,21.07,8,32533,debt_consolidation,MORTGAGE,1,3,18,48.98,0,728,0.006887,LOW,APPROVED,0,30,700-800,<50K
BL000055,2024-06-06 16:42:45,617,28787,18.31,7,13140,credit_card,MORTGAGE,2,4,36,52.44,1,584,0.234378,VERY_HIGH,APPROVED,0,0,<600,<50K
BL000056,2024-05-22 18:48:45,724,71449,20.71,0,6396,credit_card,MORTGAGE,0,0,0,50.77,1,709,0.00907,LOW,APPROVED,0,0,700-800,50-75K
BL000057,2024-07-02 08:48:38,723,72063,32.08,5,8197,other,RENT,0,0,0,53.34,2,653,0.057704,HIGH,APPROVED,0,0,600-700,50-75K
BL000058,2024-04-01 23:46:18,593,108185,29.26,0,13958,major_purchase,OTHER,1,2,19,44.09,2,593,0.221495,VERY_HIGH,DECLINED,1,90,<600,100K+
BL000059,2024-07-08 01:50:14,709,147823,36.61,7,7466,other,MORTGAGE,3,5,56,40.87,0,636,0.071359,HIGH,APPROVED,0,0,600-700,100K+
BL000060,2024-10-22 00:40:54,676,70840,9.54,1,17829,home_improvement,OWN,0,0,0,20.98,1,717,0.008037,LOW,APPROVED,0,0,700-800,50-75K
BL000061,2024-05-08 21:02:31,733,57651,14.68,16,19001,other,RENT,0,0,0,56.18,2,717,0.011273,LOW,APPROVED,0,0,700-800,50-75K
BL000062,2024-03-25 20:04:01,666,57148,12.77,9,7504,major_purchase,RENT,1,3,34,71.41,2,659,0.060909,HIGH,APPROVED,1,150,600-700,50-75K
BL000063,2024-07-30 02:07:59,689,55507,32.91,14,26279,other,RENT,2,6,5,29.15,1,619,0.120256,HIGH,APPROVED,0,30,600-700,50-75K
BL000064,2024-02-09 06:42:10,709,34163,30.25,6,11747,home_improvement,MORTGAGE,0,0,0,39.48,2,673,0.033071,MEDIUM,APPROVED,0,60,600-700,<50K
BL000065,2024-12-06 06:33:34,642,42314,18.83,1,6081,credit_card,MORTGAGE,1,3,38,45.26,0,655,0.042898,HIGH,APPROVED,0,0,600-700,<50K
BL000066,2024-05-13 19:04:56,723,61124,19.19,0,28558,major_purchase,RENT,1,7,41,6.98,2,684,0.021943,MEDIUM,APPROVED,0,0,600-700,50-75K
BL000067,2024-01-02 13:42:07,684,30130,26.41,1,15848,credit_card,OTHER,0,0,0,28.64,0,656,0.044258,HIGH,APPROVED,1,60,600-700,<50K
BL000068,2024-10-21 06:16:52,717,35008,35.67,0,26146,home_improvement,RENT,0,0,0,4.68,3,654,0.046328,HIGH,APPROVED,0,0,600-700,<50K
BL000069,2024-10-11 19:32:57,661,110634,37.75,14,32349,other,OWN,2,8,9,0.0,1,628,0.081183,HIGH,APPROVED,0,0,600-700,100K+
BL000070,2024-06-23 18:44:12,750,46838,18.29,0,8361,debt_consolidation,RENT,0,0,0,26.55,2,757,0.003915,LOW,APPROVED,0,0,700-800,<50K
BL000071,2024-04-06 14:56:09,723,91467,31.97,27,22135,major_purchase,RENT,1,5,51,56.48,1,682,0.034244,MEDIUM,APPROVED,0,0,600-700,75-100K
BL000072,2024-03-12 19:12:54,680,104696,22.32,1,69668,credit_card,RENT,0,0,0,21.55,1,647,0.047592,HIGH,APPROVED,0,0,600-700,100K+
BL000073,2024-02-15 07:51:09,725,63855,38.22,1,46053,debt_consolidation,MORTGAGE,0,0,0,41.42,2,669,0.048827,HIGH,APPROVED,0,0,600-700,50-75K
BL000074,2024-03-20 03:19:44,759,92704,47.17,16,17546,debt_consolidation,RENT,1,5,23,0.0,1,683,0.021628,MEDIUM,APPROVED,0,0,600-700,75-100K
BL000075,2024-06-28 08:29:09,789,58607,28.93,8,27512,credit_card,MORTGAGE,1,2,13,38.97,0,749,0.003931,LOW,APPROVED,0,0,700-800,50-75K
BL000076,2024-01-21 17:30:30,603,42766,29.48,5,30805,other,RENT,2,5,35,45.44,2,549,0.319023,VERY_HIGH,APPROVED,0,0,<600,<50K
BL000077,2024-09-29 00:10:16,739,60551,1.13,1,31921,credit_card,MORTGAGE,0,0,0,3.56,1,762,0.001621,LOW,APPROVED,0,0,700-800,50-75K
BL000078,2024-11-18 21:26:00,716,65671,29.09,0,12958,other,MORTGAGE,1,3,29,67.77,0,640,0.083655,HIGH,DECLINED,0,0,600-700,50-75K
BL000079,2024-01-21 09:07:34,685,67248,8.8,11,21653,other,RENT,1,1,47,33.77,1,689,0.015588,LOW,APPROVED,0,0,600-700,50-75K
BL000080,2024-05-20 11:11:39,635,65760,18.73,16,7549,major_purchase,OTHER,0,0,0,14.66,2,684,0.028478,MEDIUM,APPROVED,1,60,600-700,50-75K
BL000081,2024-09-30 05:32:46,759,53198,31.77,2,37377,other,OWN,1,3,1,44.7,0,718,0.009995,LOW,APPROVED,0,0,700-800,50-75K
BL000082,2024-07-15 12:28:27,621,103081,9.87,1,16018,debt_consolidation,RENT,1,5,27,15.9,1,639,0.077333,HIGH,DECLINED,0,0,600-700,100K+
BL000083,2024-11-06 08:26:51,721,58201,45.04,7,21881,home_improvement,RENT,0,0,0,0.0,1,683,0.034095,MEDIUM,APPROVED,0,0,600-700,50-75K
BL000084,2024-06-24 14:49:15,762,52768,19.18,4,50592,home_improvement,RENT,0,0,0,54.41,2,694,0.017872,MEDIUM,APPROVED,0,0,600-700,50-75K
BL000085,2024-06-23 13:43:33,602,97031,31.01,1,24470,debt_consolidation,MORTGAGE,0,0,0,44.34,0,609,0.068554,HIGH,APPROVED,0,0,600-700,75-100K
BL000086,2024-05-27 01:14:10,673,40522,19.19,2,11825,major_purchase,MORTGAGE,1,3,25,23.42,1,648,0.038092,MEDIUM,APPROVED,0,30,600-700,<50K
BL000087,2024-05-18 13:23:04,618,63628,30.21,2,20279,other,MORTGAGE,0,0,0,42.15,0,653,0.066,HIGH,APPROVED,0,0,600-700,50-75K
BL000088,2024-01-25 11:11:47,703,124400,18.82,1,29283,credit_card,MORTGAGE,0,0,0,15.87,2,754,0.006409,LOW,APPROVED,0,0,700-800,100K+
BL000089,2024-06-10 08:53:56,773,65679,23.52,1,11281,other,MORTGAGE,0,0,0,64.98,2,730,0.006902,LOW,APPROVED,0,0,700-800,50-75K
BL000090,2024-05-23 00:36:22,801,121464,3.22,0,46269,debt_consolidation,RENT,1,5,34,88.62,3,734,0.005293,LOW,APPROVED,0,0,700-800,100K+
BL000091,2024-07-27 12:56:53,592,56842,32.6,6,33686,debt_consolidation,MORTGAGE,0,0,0,30.03,1,569,0.253648,VERY_HIGH,APPROVED,1,90,<600,50-75K
BL000092,2024-03-10 04:32:28,658,50725,30.15,1,32886,home_improvement,MORTGAGE,1,5,32,85.56,1,601,0.196178,VERY_HIGH,APPROVED,0,0,600-700,50-75K
BL000093,2024-07-08 11:39:54,729,59405,20.9,17,12349,major_purchase,RENT,1,6,14,42.44,3,642,0.042638,HIGH,APPROVED,0,0,600-700,50-75K
BL000094,2024-07-25 04:27:18,777,49627,21.24,5,11157,debt_consolidation,RENT,1,3,13,73.47,1,689,0.015093,LOW,APPROVED,0,0,600-700,<50K
BL000095,2024-01-23 14:00:53,713,54400,14.24,13,45381,major_purchase,OTHER,0,0,0,57.15,0,710,0.012334,LOW,APPROVED,0,0,700-800,50-75K
BL000096,2024-07-26 14:57:29,649,52438,17.4,10,21060,debt_consolidation,RENT,0,0,0,60.83,1,649,0.057543,HIGH,APPROVED,0,0,600-700,50-75K
BL000097,2024-06-14 02:10:44,706,91957,26.12,4,17046,other,RENT,3,3,42,36.24,0,661,0.039435,MEDIUM,APPROVED,0,0,600-700,75-100K
BL000098,2024-01-31 15:07:21,689,76693,26.69,4,21362,debt_consolidation,RENT,2,7,27,52.37,1,588,0.281547,VERY_HIGH,APPROVED,0,0,<600,75-100K
BL000099,2024-01-02 20:00:16,679,58230,30.56,1,24347,major_purchase,MORTGAGE,0,0,0,37.34,3,634,0.059758,HIGH,APPROVED,0,0,600-700,50-75K
BL000100,2024-09-05 22:32:51,650,45631,34.34,0,44273,other,RENT,0,0,0,41.92,3,548,0.382461,VERY_HIGH,APPROVED,1,150,<600,<50K
BL000101,2024-09-23 13:11:38,711,273350,32.9,2,19499,home_improvement,MORTGAGE,1,2,6,38.62,1,627,0.088161,HIGH,APPROVED,0,0,600-700,100K+
BL000102,2024-04-15 18:15:17,707,58511,27.65,2,28446,debt_consolidation,MORTGAGE,0,0,0,44.71,2,639,0.07376,HIGH,APPROVED,0,0,600-700,50-75K
BL000103,2024-02-13 16:17:45,685,120818,27.09,9,10281,major_purchase,RENT,0,0,0,30.58,4,668,0.032097,MEDIUM,APPROVED,0,0,600-700,100K+
BL000104,2024-06-29 02:04:53,678,37611,22.22,6,59167,other,MORTGAGE,0,0,0,66.12,0,614,0.202467,VERY_HIGH,APPROVED,1,120,600-700,<50K
BL000105,2024-01-05 11:10:40,619,45869,35.07,10,25789,credit_card,OWN,0,0,0,29.14,0,583,0.226974,VERY_HIGH,DECLINED,0,0,<600,<50K
BL000106,2024-03-22 03:41:17,663,111604,17.49,5,20698,debt_consolidation,RENT,0,0,0,11.57,0,692,0.022322,MEDIUM,APPROVED,0,0,600-700,100K+
BL000107,2024-11-03 20:41:04,756,39001,16.94,8,15893,major_purchase,MORTGAGE,0,0,0,45.98,2,720,0.007963,LOW,APPROVED,0,0,700-800,<50K
BL000108,2024-08-02 02:22:29,680,39513,27.08,1,16997,debt_consolidation,RENT,2,4,15,34.98,1,647,0.064081,HIGH,APPROVED,0,0,600-700,<50K
BL000109,2024-01-25 18:42:33,611,62472,11.23,6,29393,major_purchase,RENT,0,0,0,3.29,1,630,0.080243,HIGH,APPROVED,0,0,600-700,50-75K
BL000110,2024-03-29 07:57:47,763,46075,21.18,2,7546,credit_card,RENT,0,0,0,79.37,1,686,0.020368,MEDIUM,APPROVED,0,0,600-700,<50K
BL000111,2024-04-08 10:15:43,719,56135,10.47,4,65229,home_improvement,MORTGAGE,2,5,20,7.62,1,676,0.043116,HIGH,APPROVED,0,0,600-700,50-75K
BL000112,2024-10-22 04:04:42,806,68705,16.35,0,19415,major_purchase,RENT,0,0,0,59.19,1,773,0.002117,LOW,APPROVED,0,0,700-800,50-75K
BL000113,2024-04-27 06:09:05,693,94934,55.3,2,56141,debt_consolidation,MORTGAGE,1,3,28,80.83,0,599,0.258188,VERY_HIGH,DECLINED,0,0,<600,75-100K
BL000114,2024-05-26 05:23:04,665,69626,9.34,33,10957,debt_consolidation,RENT,0,0,0,47.16,1,680,0.021692,MEDIUM,APPROVED,0,0,600-700,50-75K
BL000115,2024-04-24 05:03:02,610,73210,32.86,2,7402,debt_consolidation,RENT,3,4,37,48.68,1,473,0.845196,VERY_HIGH,DECLINED,0,0,<600,50-75K
BL000116,2024-06-12 06:44:34,763,116650,18.69,5,9967,credit_card,RENT,1,5,56,23.03,2,760,0.004325,LOW,APPROVED,0,0,700-800,100K+
BL000117,2024-09-18 17:13:31,831,121508,13.75,7,20579,debt_consolidation,RENT,2,3,41,40.05,1,761,0.001651,LOW,APPROVED,0,0,700-800,100K+
BL000118,2024-12-21 08:07:56,645,54655,10.68,9,26471,credit_card,RENT,0,0,0,5.55,1,648,0.038318,MEDIUM,APPROVED,0,0,600-700,50-75K
BL000119,2024-07-17 14:46:01,654,27735,29.43,10,25351,debt_consolidation,RENT,1,2,49,100.0,2,581,0.263622,VERY_HIGH,APPROVED,0,0,<600,<50K
BL000120,2024-07-27 13:00:14,723,40652,20.58,9,68577,other,MORTGAGE,0,0,0,70.54,0,692,0.021799,MEDIUM,APPROVED,0,0,600-700,<50K
BL000121,2024-11-24 22:04:56,644,104035,24.08,2,15805,home_improvement,MORTGAGE,0,0,0,46.56,1,712,0.013267,LOW,APPROVED,0,0,700-800,100K+
BL000122,2024-11-15 10:20:26,675,51666,38.73,9,8374,debt_consolidation,RENT,0,0,0,66.33,2,577,0.269766,VERY_HIGH,APPROVED,0,0,<600,50-75K
BL000123,2024-11-26 19:09:09,671,46583,11.78,6,14370,major_purchase,RENT,0,0,0,39.15,3,639,0.05024,HIGH,APPROVED,0,0,600-700,<50K
BL000124,2024-07-24 01:05:57,701,52326,4.89,19,10243,major_purchase,MORTGAGE,0,0,0,23.07,0,749,0.005381,LOW,APPROVED,0,0,700-800,50-75K
BL000125,2024-09-01 08:22:24,750,131730,25.15,13,20230,other,RENT,0,0,0,39.89,0,748,0.005,LOW,APPROVED,0,0,700-800,100K+
BL000126,2024-03-02 00:51:00,691,65869,36.23,11,18360,credit_card,RENT,1,7,26,37.6,2,628,0.072585,HIGH,APPROVED,0,0,600-700,50-75K
BL000127,2024-07-03 21:23:04,741,54140,25.44,2,14310,credit_card,RENT,1,3,18,62.56,1,676,0.029481,MEDIUM,APPROVED,0,0,600-700,50-75K
BL000128,2024-04-06 12:01:03,667,46780,36.54,20,17804,debt_consolidation,RENT,0,0,0,35.96,1,653,0.079531,HIGH,APPROVED,0,0,600-700,<50K
BL000129,2024-07-27 03:06:58,708,39095,34.16,6,24097,debt_consolidation,MORTGAGE,0,0,0,5.65,2,652,0.053847,HIGH,APPROVED,0,0,600-700,<50K
BL000130,2024-01-01 10:32:14,572,229738,27.15,6,11302,other,MORTGAGE,0,0,0,68.06,2,573,0.241685,VERY_HIGH,APPROVED,1,120,<600,100K+
BL000131,2024-12-22 13:48:01,610,63070,17.3,3,37356,debt_consolidation,MORTGAGE,1,1,30,45.66,1,592,0.194466,VERY_HIGH,DECLINED,0,0,<600,50-75K
BL000132,2024-04-01 08:22:35,734,68730,25.4,0,10390,credit_card,MORTGAGE,0,0,0,34.84,1,727,0.006958,LOW,APPROVED,0,0,700-800,50-75K
BL000133,2024-08-10 09:43:33,658,55621,34.35,2,25791,credit_card,RENT,2,5,31,52.09,1,595,0.21366,VERY_HIGH,DECLINED,0,0,<600,50-75K
BL000134,2024-07-22 11:45:06,722,104048,28.62,1,5989,credit_card,MORTGAGE,2,6,55,9.27,1,690,0.025099,MEDIUM,APPROVED,0,0,600-700,100K+
BL000135,2024-05-03 06:04:43,720,40736,24.04,4,22359,major_purchase,RENT,1,2,17,56.45,2,645,0.048904,HIGH,APPROVED,0,0,600-700,<50K
BL000136,2024-01-29 09:42:07,763,26960,27.6,5,25628,credit_card,MORTGAGE,0,0,0,47.06,1,710,0.010154,LOW,APPROVED,0,0,700-800,<50K
BL000137,2024-01-26 23:37:54,735,49498,24.09,15,36483,major_purchase,RENT,1,2,26,21.7,5,690,0.026367,MEDIUM,APPROVED,0,60,600-700,<50K
BL000138,2024-05-08 16:40:48,746,74766,31.55,1,10367,major_purchase,RENT,0,0,0,3.98,0,763,0.003657,LOW,APPROVED,0,0,700-800,50-75K
BL000139,2024-04-11 23:57:46,684,178549,22.15,3,16546,home_improvement,MORTGAGE,1,2,57,73.98,2,652,0.073147,HIGH,APPROVED,0,0,600-700,100K+
BL000140,2024-03-02 10:56:44,652,62073,38.85,2,12841,home_improvement,MORTGAGE,0,0,0,41.38,2,591,0.158387,HIGH,APPROVED,0,0,<600,50-75K
BL000141,2024-08-15 11:22:24,650,43519,27.8,5,40308,credit_card,MORTGAGE,0,0,0,27.88,1,619,0.09368,HIGH,DECLINED,0,0,600-700,<50K
BL000142,2024-05-16 19:10:59,663,57972,25.93,7,15623,other,MORTGAGE,1,1,26,25.24,2,657,0.059424,HIGH,APPROVED,0,0,600-700,50-75K
BL000143,2024-10-16 21:50:12,628,45130,8.38,7,19036,other,OWN,1,2,11,52.13,3,595,0.16142,HIGH,APPROVED,0,30,<600,<50K
BL000144,2024-10-20 17:28:51,660,45040,5.02,2,16697,other,MORTGAGE,0,0,0,21.46,1,756,0.003951,LOW,APPROVED,0,30,700-800,<50K
BL000145,2024-06-04 22:03:17,685,66945,22.66,2,12656,other,RENT,1,6,31,63.11,0,670,0.033248,MEDIUM,APPROVED,0,0,600-700,50-75K
BL000146,2024-11-23 00:58:54,704,73440,20.25,1,38736,home_improvement,MORTGAGE,0,0,0,18.01,2,675,0.023993,MEDIUM,APPROVED,0,0,600-700,50-75K
BL000147,2024-10-11 03:10:58,671,47692,41.49,12,18846,other,RENT,0,0,0,72.58,1,603,0.228895,VERY_HIGH,APPROVED,0,0,600-700,<50K
BL000148,2024-04-07 22:49:15,584,105629,17.61,5,14803,debt_consolidation,MORTGAGE,1,3,56,0.0,1,627,0.097552,HIGH,DECLINED,0,0,600-700,100K+
BL000149,2024-10-07 21:02:09,686,62093,15.59,4,37965,credit_card,MORTGAGE,0,0,0,40.54,0,674,0.026477,MEDIUM,APPROVED,0,0,600-700,50-75K
BL000150,2024-02-14 22:40:56,702,67688,31.33,2,14899,debt_consolidation,RENT,0,0,0,60.19,0,644,0.061383,HIGH,APPROVED,0,0,600-700,50-75K
BL000151,2024-08-28 13:18:22,750,50917,5.99,10,20702,debt_consolidation,MORTGAGE,1,6,45,34.64,2,730,0.007575,LOW,APPROVED,0,0,700-800,50-75K
BL000152,2024-10-29 11:02:02,722,75969,24.88,8,7257,other,RENT,1,5,44,49.86,1,656,0.03149,MEDIUM,APPROVED,0,0,600-700,75-100K
BL000153,2024-10-08 00:26:00,655,77429,12.51,5,12372,credit_card,RENT,0,0,0,38.97,2,648,0.047192,HIGH,APPROVED,0,0,600-700,75-100K
BL000154,2024-03-04 07:33:36,650,86817,1.0,6,40601,credit_card,OTHER,0,0,0,58.63,0,714,0.007762,LOW,APPROVED,0,0,700-800,75-100K
BL000155,2024-04-04 00:20:39,801,44468,7.91,11,25305,debt_consolidation,RENT,0,0,0,68.49,0,763,0.001715,LOW,APPROVED,0,0,700-800,<50K
BL000156,2024-04-17 18:33:14,732,85655,22.64,6,19142,major_purchase,OWN,0,0,0,25.05,0,735,0.008129,LOW,APPROVED,0,0,700-800,75-100K
BL000157,2024-08-02 22:57:46,791,49751,23.84,12,10958,credit_card,RENT,0,0,0,59.85,2,754,0.005567,LOW,APPROVED,0,0,700-800,<50K
BL000158,2024-03-03 10:47:06,807,67303,21.54,2,20833,other,RENT,0,0,0,41.39,1,777,0.00285,LOW,APPROVED,0,0,700-800,50-75K
BL000159,2024-06-18 17:01:35,645,90224,15.64,1,20992,debt_consolidation,MORTGAGE,1,4,38,65.51,2,604,0.109938,HIGH,APPROVED,0,0,600-700,75-100K
BL000160,2024-03-23 13:37:29,711,127865,24.28,7,22867,major_purchase,RENT,1,2,42,73.28,1,678,0.030208,MEDIUM,APPROVED,0,0,600-700,100K+
BL000161,2024-11-16 14:39:49,715,52594,26.28,0,18549,debt_consolidation,RENT,0,0,0,0.0,2,727,0.009312,LOW,APPROVED,0,0,700-800,50-75K
BL000162,2024-06-04 10:10:52,721,39012,24.27,3,14752,credit_card,MORTGAGE,1,5,41,65.69,1,634,0.071808,HIGH,APPROVED,0,0,600-700,<50K
BL000163,2024-10-21 17:04:31,720,68691,38.31,4,36034,credit_card,MORTGAGE,0,0,0,53.63,1,691,0.024359,MEDIUM,APPROVED,0,0,600-700,50-75K
BL000164,2024-01-10 23:31:44,701,112109,32.41,11,16677,debt_consolidation,MORTGAGE,2,3,38,48.37,0,652,0.039221,MEDIUM,APPROVED,0,0,600-700,100K+
BL000165,2024-08-05 23:32:57,700,55550,15.44,3,20637,debt_consolidation,RENT,0,0,0,38.13,1,641,0.052669,HIGH,APPROVED,0,0,600-700,50-75K
BL000166,2024-05-29 22:50:37,607,193718,17.85,18,3479,major_purchase,RENT,2,5,58,67.47,1,548,0.407639,VERY_HIGH,APPROVED,0,0,<600,100K+
BL000167,2024-09-04 18:13:57,681,27471,15.27,3,21552,other,MORTGAGE,1,2,12,8.96,2,661,0.034555,MEDIUM,APPROVED,0,0,600-700,<50K
BL000168,2024-11-29 22:09:32,649,127434,24.99,19,19441,home_improvement,MORTGAGE,1,8,2,68.96,1,606,0.125388,HIGH,APPROVED,0,0,600-700,100K+
BL000169,2024-07-12 20:42:39,697,109421,32.9,25,16413,major_purchase,MORTGAGE,0,0,0,70.76,0,671,0.041632,MEDIUM,APPROVED,0,0,600-700,100K+
BL000170,2024-06-25 01:45:29,664,106738,37.76,3,43463,credit_card,MORTGAGE,0,0,0,42.74,2,627,0.073942,HIGH,APPROVED,1,60,600-700,100K+
BL000171,2024-05-10 16:11:54,724,44304,25.21,1,18191,credit_card,MORTGAGE,1,0,19,63.97,0,682,0.021664,MEDIUM,APPROVED,0,0,600-700,<50K
BL000172,2024-01-29 18:35:54,735,119433,18.25,4,37239,major_purchase,MORTGAGE,0,0,0,52.45,1,714,0.009153,LOW,APPROVED,0,0,700-800,100K+
BL000173,2024-06-18 12:05:44,707,109666,14.17,9,30604,home_improvement,OWN,0,0,0,41.78,0,738,0.010212,LOW,APPROVED,0,0,700-800,100K+
BL000174,2024-10-29 07:41:56,707,113708,9.05,1,29204,other,MORTGAGE,0,0,0,16.65,1,709,0.009766,LOW,APPROVED,0,0,700-800,100K+
BL000175,2024-11-12 21:08:09,695,58308,39.15,2,14448,home_improvement,MORTGAGE,0,0,0,30.94,1,676,0.032666,MEDIUM,APPROVED,0,0,600-700,50-75K
BL000176,2024-04-22 03:13:22,665,57873,20.64,1,30214,debt_consolidation,MORTGAGE,0,0,0,79.35,0,636,0.119981,HIGH,DECLINED,0,60,600-700,50-75K
BL000177,2024-02-09 15:45:27,681,116161,19.2,2,44439,home_improvement,MORTGAGE,1,5,12,76.2,1,633,0.062456,HIGH,DECLINED,0,0,600-700,100K+
BL000178,2024-03-30 23:14:24,663,75631,40.14,2,31188,debt_consolidation,OWN,0,0,0,61.17,0,628,0.077299,HIGH,APPROVED,0,0,600-700,75-100K
BL000179,2024-04-15 09:00:15,711,54849,18.08,8,56798,credit_card,MORTGAGE,3,4,16,55.49,0,645,0.057823,HIGH,APPROVED,0,0,600-700,50-75K
BL000180,2024-07-23 00:35:18,691,44286,22.96,4,13128,major_purchase,RENT,0,0,0,65.88,0,645,0.045123,HIGH,APPROVED,0,0,600-700,<50K
BL000181,2024-06-10 22:19:25,722,72804,27.64,6,8408,home_improvement,OTHER,1,5,9,70.26,0,689,0.02805,MEDIUM,APPROVED,0,0,600-700,50-75K
BL000182,2024-01-27 05:58:08,617,34958,7.33,1,25840,other,RENT,0,0,0,20.16,1,671,0.02924,MEDIUM,APPROVED,0,0,600-700,<50K
BL000183,2024-09-19 07:45:52,739,83901,11.77,6,32603,credit_card,RENT,1,5,13,13.78,2,722,0.011558,LOW,APPROVED,0,0,700-800,75-100K
BL000184,2024-09-15 15:00:25,648,69351,52.95,10,17551,home_improvement,MORTGAGE,1,6,54,63.58,0,555,0.45044,VERY_HIGH,DECLINED,1,60,<600,50-75K
BL000185,2024-08-25 19:46:12,650,31975,27.15,22,24888,debt_consolidation,MORTGAGE,1,4,13,64.59,0,585,0.244139,VERY_HIGH,APPROVED,0,0,<600,<50K
BL000186,2024-10-29 17:50:34,679,79343,6.29,5,13384,other,OWN,1,7,3,24.86,1,729,0.009396,LOW,APPROVED,0,0,700-800,75-100K
BL000187,2024-05-05 15:04:42,659,111410,18.73,20,18535,debt_consolidation,MORTGAGE,0,0,0,41.95,3,680,0.02374,MEDIUM,APPROVED,1,60,600-700,100K+
BL000188,2024-06-06 00:00:17,706,72305,23.02,3,24036,home_improvement,RENT,2,6,56,66.3,3,649,0.074035,HIGH,APPROVED,0,0,600-700,50-75K
BL000189,2024-09-16 03:32:25,658,35371,29.34,10,20012,major_purchase,RENT,2,6,57,96.24,2,543,0.406368,VERY_HIGH,DECLINED,1,120,<600,<50K
BL000190,2024-02-29 03:06:40,631,49067,23.07,24,49002,home_improvement,MORTGAGE,0,0,0,82.17,0,596,0.166765,HIGH,DECLINED,1,90,<600,<50K
BL000191,2024-04-21 08:00:24,643,94350,13.43,0,31141,other,RENT,1,3,30,33.78,1,677,0.038501,MEDIUM,APPROVED,0,0,600-700,75-100K
BL000192,2024-03-17 02:02:25,762,35831,23.96,1,15985,other,OWN,0,0,0,62.67,1,654,0.029194,MEDIUM,APPROVED,0,0,600-700,<50K
BL000193,2024-05-16 21:40:31,692,54484,33.93,12,10647,debt_consolidation,MORTGAGE,1,5,57,43.04,2,636,0.086896,HIGH,APPROVED,0,0,600-700,50-75K
BL000194,2024-01-03 18:18:00,626,108414,18.61,1,43075,debt_consolidation,MORTGAGE,1,3,10,72.65,1,585,0.224101,VERY_HIGH,APPROVED,1,90,<600,100K+
BL000195,2024-05-13 18:54:07,690,56721,13.68,6,7235,credit_card,MORTGAGE,2,0,34,73.59,0,637,0.066145,HIGH,DECLINED,0,0,600-700,50-75K
BL000196,2024-07-12 17:21:40,604,49578,14.19,6,12689,other,RENT,1,2,25,48.48,0,583,0.218363,VERY_HIGH,APPROVED,0,0,<600,<50K
BL000197,2024-02-23 20:07:55,788,92954,3.38,15,22503,major_purchase,MORTGAGE,1,4,34,57.19,2,793,0.001901,LOW,APPROVED,0,0,700-800,75-100K
BL000198,2024-02-20 18:34:53,606,133845,35.09,2,9078,major_purchase,OWN,1,2,44,27.27,0,569,0.247834,VERY_HIGH,APPROVED,0,0,<600,100K+
BL000199,2024-02-18 10:37:04,716,77208,26.94,3,18456,other,RENT,1,7,38,56.03,2,646,0.074607,HIGH,APPROVED,0,0,600-700,75-100K
BL000200,2024-09-05 09:14:05,720,35317,23.18,4,49547,home_improvement,RENT,0,0,0,10.98,3,678,0.031165,MEDIUM,APPROVED,0,0,600-700,<50K
BL000201,2024-11-14 00:17:30,610,31048,25.52,14,36506,debt_consolidation,MORTGAGE,0,0,0,31.66,0,617,0.109994,HIGH,APPROVED,0,0,600-700,<50K
BL000202,2024-11-25 07:46:16,707,57506,35.2,1,16469,major_purchase,RENT,0,0,0,85.2,2,620,0.11196,HIGH,DECLINED,0,0,600-700,50-75K
BL000203,2024-06-16 13:55:22,745,28420,20.64,4,25295,major_purchase,MORTGAGE,0,0,0,56.16,1,772,0.002845,LOW,APPROVED,0,30,700-800,<50K
BL000204,2024-03-13 01:14:31,716,61997,12.13,5,25817,home_improvement,RENT,2,2,44,19.75,0,727,0.006604,LOW,APPROVED,0,0,700-800,50-75K
BL000205,2024-10-07 19:58:25,704,97284,33.76,4,49354,home_improvement,MORTGAGE,0,0,0,10.49,2,675,0.019847,MEDIUM,APPROVED,0,0,600-700,75-100K
BL000206,2024-02-19 19:20:31,742,19315,3.45,2,14525,home_improvement,RENT,0,0,0,92.83,3,705,0.014816,LOW,APPROVED,0,0,700-800,<50K
BL000207,2024-11-04 21:30:31,699,59431,20.8,11,11944,major_purchase,RENT,0,0,0,56.35,1,644,0.051543,HIGH,APPROVED,0,0,600-700,50-75K
BL000208,2024-08-12 07:44:45,709,74600,34.48,1,21681,debt_consolidation,RENT,0,0,0,44.03,2,657,0.042062,MEDIUM,APPROVED,0,0,600-700,50-75K
BL000209,2024-05-28 20:50:53,683,50397,37.76,5,22772,major_purchase,RENT,1,2,39,74.9,3,580,0.270195,VERY_HIGH,DECLINED,0,0,<600,50-75K
BL000210,2024-02-27 12:03:17,725,76920,23.36,3,4610,home_improvement,RENT,0,0,0,29.94,1,733,0.00791,LOW,APPROVED,0,0,700-800,75-100K
BL000211,2024-06-07 18:48:54,638,80780,23.27,6,4645,major_purchase,MORTGAGE,0,0,0,18.7,1,657,0.07363,HIGH,APPROVED,0,0,600-700,75-100K
BL000212,2024-05-21 03:38:51,734,103680,22.89,11,9975,other,MORTGAGE,0,0,0,43.82,3,700,0.016904,MEDIUM,APPROVED,0,0,700-800,100K+
BL000213,2024-08-13 08:15:27,662,219311,21.63,10,7493,other,MORTGAGE,1,5,14,13.03,1,665,0.038716,MEDIUM,APPROVED,0,0,600-700,100K+
BL000214,2024-11-28 00:55:46,630,74481,23.0,12,12399,credit_card,OWN,0,0,0,34.94,0,662,0.050948,HIGH,APPROVED,0,0,600-700,50-75K
BL000215,2024-06-21 00:37:17,710,42826,36.47,8,23701,debt_consolidation,RENT,2,6,24,64.44,1,618,0.128901,HIGH,APPROVED,0,0,600-700,<50K
BL000216,2024-10-29 18:05:37,783,40436,28.42,12,5329,major_purchase,MORTGAGE,0,0,0,30.57,2,717,0.006388,LOW,APPROVED,0,0,700-800,<50K
BL000217,2024-01-12 22:00:08,743,36736,39.38,9,12448,credit_card,MORTGAGE,2,4,25,57.45,1,619,0.10248,HIGH,APPROVED,0,0,600-700,<50K
BL000218,2024-07-20 23:18:29,662,88882,29.12,3,13414,debt_consolidation,RENT,1,3,22,43.21,0,602,0.129119,HIGH,DECLINED,0,0,600-700,75-100K
BL000219,2024-10-23 02:16:57,728,75121,20.77,12,7991,credit_card,RENT,0,0,0,57.27,0,691,0.023205,MEDIUM,APPROVED,0,0,600-700,75-100K
BL000220,2024-05-31 22:41:02,665,79504,21.64,2,32712,other,MORTGAGE,0,0,0,19.06,0,715,0.014471,LOW,APPROVED,0,0,700-800,75-100K
BL000221,2024-02-13 06:22:27,683,70422,43.6,3,19326,debt_consolidation,RENT,0,0,0,51.64,2,587,0.253066,VERY_HIGH,DECLINED,0,0,<600,50-75K
BL000222,2024-11-09 11:03:46,695,132777,18.57,1,5993,credit_card,OWN,1,2,20,7.47,1,713,0.008498,LOW,APPROVED,0,0,700-800,100K+
BL000223,2024-02-29 12:18:03,563,105746,33.3,1,24666,credit_card,RENT,1,4,35,50.97,3,523,0.668794,VERY_HIGH,DECLINED,1,90,<600,100K+
BL000224,2024-01-25 10:24:54,701,101894,15.47,6,15701,debt_consolidation,RENT,0,0,0,31.83,0,745,0.003749,LOW,APPROVED,0,0,700-800,100K+
BL000225,2024-04-26 03:19:58,633,47261,28.98,4,34571,home_improvement,MORTGAGE,0,0,0,40.0,2,644,0.067712,HIGH,APPROVED,0,0,600-700,<50K
BL000226,2024-03-29 21:53:51,652,55573,20.88,9,16338,major_purchase,MORTGAGE,1,7,5,46.76,1,653,0.038481,MEDIUM,APPROVED,0,30,600-700,50-75K
BL000227,2024-02-04 13:02:20,609,35600,20.16,3,33072,debt_consolidation,MORTGAGE,1,7,32,24.77,2,591,0.161963,HIGH,APPROVED,0,0,<600,<50K
BL000228,2024-06-08 21:45:59,607,47870,16.33,12,47426,credit_card,MORTGAGE,1,1,6,4.99,0,593,0.1528,HIGH,DECLINED,0,0,<600,<50K
BL000229,2024-07-26 06:11:15,638,66964,17.33,17,9155,credit_card,MORTGAGE,0,0,0,50.32,0,661,0.04278,HIGH,APPROVED,0,0,600-700,50-75K
BL000230,2024-05-19 01:14:25,735,36911,25.45,12,18073,major_purchase,MORTGAGE,2,5,57,71.82,4,622,0.093616,HIGH,APPROVED,0,0,600-700,<50K
BL000231,2024-08-12 08:56:31,782,48148,36.4,7,16955,debt_consolidation,MORTGAGE,1,1,10,48.42,1,681,0.028026,MEDIUM,APPROVED,0,0,600-700,<50K
BL000232,2024-12-15 01:13:37,689,160805,27.53,1,14092,debt_consolidation,MORTGAGE,0,0,0,23.17,1,719,0.006721,LOW,DECLINED,1,60,700-800,100K+
BL000233,2024-11-29 11:57:21,750,59153,16.08,2,21226,major_purchase,RENT,2,2,47,58.01,1,675,0.033575,MEDIUM,APPROVED,0,0,600-700,50-75K
BL000234,2024-08-01 04:06:35,675,32528,28.02,1,28559,other,OWN,4,0,18,57.11,1,562,0.332202,VERY_HIGH,DECLINED,0,0,<600,<50K
BL000235,2024-03-24 18:40:47,585,36513,1.51,4,20098,home_improvement,RENT,2,3,55,68.74,2,586,0.305618,VERY_HIGH,APPROVED,0,0,<600,<50K
BL000236,2024-03-10 03:00:18,698,61830,23.28,5,23332,debt_consolidation,RENT,3,5,18,36.43,0,638,0.095497,HIGH,DECLINED,0,0,600-700,50-75K
BL000237,2024-11-21 00:13:18,715,94306,44.21,5,17056,debt_consolidation,RENT,1,4,58,49.59,2,596,0.184636,VERY_HIGH,APPROVED,0,0,<600,75-100K
BL000238,2024-04-16 03:27:51,666,61799,2.43,2,22714,other,MORTGAGE,1,4,6,16.53,2,691,0.019894,MEDIUM,APPROVED,0,0,600-700,50-75K
BL000239,2024-09-21 14:45:15,707,95342,21.08,19,22739,debt_consolidation,MORTGAGE,1,5,45,42.84,0,685,0.024511,MEDIUM,APPROVED,0,0,600-700,75-100K
BL000240,2024-01-03 07:37:05,721,74143,32.88,6,22355,major_purchase,MORTGAGE,1,3,18,67.1,3,656,0.053378,HIGH,APPROVED,0,0,600-700,50-75K
BL000241,2024-10-15 13:16:53,643,38800,40.95,3,28235,debt_consolidation,RENT,0,0,0,44.77,1,565,0.335815,VERY_HIGH,DECLINED,0,0,<600,<50K
BL000242,2024-03-01 03:27:53,609,102784,35.29,2,34671,major_purchase,OWN,0,0,0,68.62,1,593,0.258762,VERY_HIGH,DECLINED,0,0,<600,100K+
BL000243,2024-12-11 22:43:34,678,52369,20.08,7,46809,credit_card,RENT,0,0,0,27.38,0,703,0.012572,LOW,APPROVED,0,0,700-800,50-75K
BL000244,2024-04-04 04:16:37,678,151303,38.92,4,23890,credit_card,MORTGAGE,0,0,0,54.0,2,601,0.11431,HIGH,APPROVED,0,0,600-700,100K+
BL000245,2024-12-12 07:33:45,671,49256,38.28,7,13909,major_purchase,MORTGAGE,1,7,28,58.92,1,606,0.165186,HIGH,APPROVED,1,90,600-700,<50K
BL000246,2024-05-12 11:27:54,744,60303,21.09,1,10788,other,OWN,0,0,0,67.68,1,734,0.006289,LOW,APPROVED,0,0,700-800,50-75K
BL000247,2024-12-12 08:39:35,785,50257,24.86,23,18886,major_purchase,RENT,0,0,0,28.9,0,722,0.010901,LOW,APPROVED,0,0,700-800,50-75K
BL000248,2024-03-05 14:56:44,667,56987,16.04,20,20931,home_improvement,RENT,1,7,3,13.58,1,654,0.057643,HIGH,DECLINED,0,0,600-700,50-75K
BL000249,2024-03-08 08:03:46,728,79216,21.36,2,90000,debt_consolidation,MORTGAGE,1,4,40,58.19,0,684,0.024353,MEDIUM,APPROVED,0,0,600-700,75-100K
BL000250,2024-11-15 06:10:53,742,59120,36.56,7,17673,credit_card,OWN,0,0,0,38.06,0,666,0.038168,MEDIUM,APPROVED,0,0,600-700,50-75K
BL000251,2024-04-28 21:32:59,729,110259,13.62,9,6949,credit_card,MORTGAGE,1,1,53,69.03,2,678,0.028122,MEDIUM,APPROVED,0,0,600-700,100K+
BL000252,2024-04-01 14:50:25,748,78147,34.9,0,18118,debt_consolidation,MORTGAGE,0,0,0,17.4,3,677,0.023432,MEDIUM,APPROVED,0,0,600-700,75-100K
BL000253,2024-02-24 10:57:22,669,132139,27.32,9,10393,credit_card,RENT,1,7,49,21.28,2,605,0.122109,HIGH,APPROVED,0,0,600-700,100K+
BL000254,2024-09-11 02:56:20,731,66542,27.53,1,15521,major_purchase,RENT,1,7,26,46.6,1,686,0.017844,MEDIUM,DECLINED,0,0,600-700,50-75K
BL000255,2024-01-11 15:34:12,801,115875,18.8,4,12261,other,MORTGAGE,1,2,29,62.68,0,769,0.002516,LOW,APPROVED,0,0,700-800,100K+
BL000256,2024-08-08 23:19:59,734,111328,31.04,1,20283,credit_card,MORTGAGE,1,2,19,41.78,0,675,0.016466,MEDIUM,APPROVED,0,0,600-700,100K+
BL000257,2024-02-02 02:28:23,656,60460,22.93,3,40895,major_purchase,RENT,0,0,0,46.54,0,645,0.056148,HIGH,APPROVED,0,0,600-700,50-75K
BL000258,2024-06-17 01:09:34,723,204272,22.45,1,35284,other,MORTGAGE,2,3,3,40.58,1,685,0.017918,MEDIUM,APPROVED,0,0,600-700,100K+
BL000259,2024-01-03 11:23:27,759,128338,9.74,5,20972,other,RENT,0,0,0,73.17,2,742,0.005114,LOW,APPROVED,0,0,700-800,100K+
BL000260,2024-09-27 02:52:51,710,82757,24.4,0,50251,home_improvement,RENT,0,0,0,25.11,0,698,0.0131,LOW,APPROVED,0,0,600-700,75-100K
BL000261,2024-11-28 18:14:22,659,59108,20.71,27,24830,credit_card,RENT,1,8,34,53.37,1,662,0.041975,MEDIUM,APPROVED,0,0,600-700,50-75K
BL000262,2024-12-21 22:32:47,775,62359,31.88,1,26687,credit_card,MORTGAGE,1,4,10,42.77,1,697,0.015959,LOW,APPROVED,0,0,600-700,50-75K
BL000263,2024-07-01 05:29:06,621,59899,25.28,10,2296,home_improvement,OWN,1,3,1,39.89,0,635,0.109477,HIGH,APPROVED,0,0,600-700,50-75K
BL000264,2024-07-15 10:24:33,718,73693,23.38,3,10448,major_purchase,OWN,0,0,0,21.47,1,700,0.014134,LOW,APPROVED,0,0,700-800,50-75K
BL000265,2024-06-29 22:26:56,689,38758,19.34,7,14368,other,MORTGAGE,0,0,0,19.9,1,662,0.03821,MEDIUM,APPROVED,0,0,600-700,<50K
BL000266,2024-11-13 10:47:00,624,66490,18.59,0,14031,debt_consolidation,MORTGAGE,1,1,28,55.54,1,607,0.15317,HIGH,APPROVED,0,0,600-700,50-75K
BL000267,2024-07-14 06:31:53,757,49308,17.52,5,12505,credit_card,RENT,1,3,27,60.97,2,712,0.007168,LOW,APPROVED,0,0,700-800,<50K
BL000268,2024-11-22 07:16:17,709,137991,30.34,7,12730,debt_consolidation,RENT,1,6,19,0.0,2,653,0.039156,MEDIUM,APPROVED,0,0,600-700,100K+
BL000269,2024-07-15 17:39:04,626,91853,10.87,2,11026,other,RENT,0,0,0,60.81,2,636,0.110975,HIGH,APPROVED,0,30,600-700,75-100K
BL000270,2024-09-14 19:30:43,723,138373,10.72,3,28823,credit_card,RENT,0,0,0,40.21,1,754,0.004345,LOW,APPROVED,0,0,700-800,100K+
BL000271,2024-02-14 05:37:01,666,191334,26.31,16,9498,debt_consolidation,OTHER,1,8,48,50.01,0,636,0.079835,HIGH,APPROVED,0,0,600-700,100K+
BL000272,2024-03-21 15:51:09,585,80696,36.88,26,11540,debt_consolidation,RENT,0,0,0,84.63,2,564,0.429515,VERY_HIGH,DECLINED,0,0,<600,75-100K
BL000273,2024-01-07 01:58:40,652,162115,26.92,7,24588,major_purchase,RENT,0,0,0,34.77,1,657,0.044331,HIGH,APPROVED,0,0,600-700,100K+
BL000274,2024-09-09 23:24:36,704,77177,22.33,7,60749,debt_consolidation,MORTGAGE,0,0,0,52.16,0,732,0.006395,LOW,APPROVED,0,0,700-800,75-100K
BL000275,2024-09-25 03:21:40,725,86622,43.02,17,37478,home_improvement,OWN,0,0,0,23.98,3,660,0.039564,MEDIUM,APPROVED,0,0,600-700,75-100K
BL000276,2024-01-24 01:41:19,699,42381,26.78,11,10407,home_improvement,RENT,0,0,0,50.06,2,612,0.09003,HIGH,APPROVED,0,0,600-700,<50K
BL000277,2024-03-25 15:08:27,692,67624,18.76,4,25161,debt_consolidation,OWN,0,0,0,46.82,2,703,0.018332,MEDIUM,APPROVED,0,0,700-800,50-75K
BL000278,2024-11-01 06:49:23,716,124612,25.45,5,22582,debt_consolidation,MORTGAGE,0,0,0,54.98,2,720,0.008889,LOW,APPROVED,0,0,700-800,100K+
BL000279,2024-10-24 19:46:30,678,81602,32.99,3,45070,debt_consolidation,MORTGAGE,1,4,22,55.28,1,602,0.169489,HIGH,DECLINED,0,0,600-700,75-100K
BL000280,2024-10-11 20:44:47,755,54957,20.42,1,7017,credit_card,RENT,1,4,10,82.12,2,683,0.021859,MEDIUM,APPROVED,0,0,600-700,50-75K
BL000281,2024-09-03 11:08:33,698,65383,31.08,3,24909,credit_card,MORTGAGE,0,0,0,56.78,1,637,0.064594,HIGH,APPROVED,0,0,600-700,50-75K
BL000282,2024-07-18 12:09:23,706,46680,20.72,8,11540,credit_card,MORTGAGE,0,0,0,34.94,2,670,0.018766,MEDIUM,APPROVED,0,0,600-700,<50K
BL000283,2024-07-10 02:52:12,720,48075,25.11,4,4920,major_purchase,RENT,0,0,0,40.7,0,680,0.027123,MEDIUM,APPROVED,0,0,600-700,<50K
BL000284,2024-01-19 23:53:39,632,33996,26.6,14,45792,credit_card,RENT,1,3,21,27.96,1,640,0.11911,HIGH,APPROVED,0,0,600-700,<50K
BL000285,2024-07-04 01:32:36,651,107800,1.54,7,31567,major_purchase,MORTGAGE,0,0,0,40.92,0,735,0.008022,LOW,APPROVED,0,0,700-800,100K+
BL000286,2024-05-14 19:58:56,774,107064,34.88,5,23854,debt_consolidation,RENT,2,1,6,8.26,0,765,0.00262,LOW,APPROVED,0,0,700-800,100K+
BL000287,2024-08-29 07:03:18,708,62054,28.99,1,10563,home_improvement,OWN,0,0,0,21.27,0,677,0.022084,MEDIUM,APPROVED,0,0,600-700,50-75K
BL000288,2024-02-07 12:47:59,674,35505,27.62,0,36939,major_purchase,RENT,1,6,30,7.19,0,693,0.018792,MEDIUM,APPROVED,0,0,600-700,<50K
BL000289,2024-10-30 03:59:03,709,58531,25.24,1,25278,credit_card,RENT,1,4,27,52.48,0,686,0.02447,MEDIUM,APPROVED,1,60,600-700,50-75K
BL000290,2024-08-03 05:16:25,664,162091,21.38,3,18499,major_purchase,MORTGAGE,0,0,0,0.7,2,660,0.04176,MEDIUM,APPROVED,0,0,600-700,100K+
BL000291,2024-09-11 14:30:38,705,35722,35.7,1,16739,other,RENT,0,0,0,54.34,2,653,0.063729,HIGH,APPROVED,0,60,600-700,<50K
BL000292,2024-06-12 01:57:28,653,51889,23.5,7,14891,credit_card,OWN,0,0,0,19.87,0,619,0.094461,HIGH,APPROVED,0,0,600-700,50-75K
BL000293,2024-08-25 06:38:50,705,52674,31.27,17,33067,credit_card,RENT,0,0,0,43.56,0,662,0.053829,HIGH,APPROVED,0,30,600-700,50-75K
BL000294,2024-01-31 20:32:28,603,93671,8.06,4,38735,debt_consolidation,MORTGAGE,1,3,25,66.14,3,567,0.352035,VERY_HIGH,DECLINED,0,0,<600,75-100K
BL000295,2024-07-17 04:52:03,763,36688,41.25,20,11894,major_purchase,RENT,0,0,0,19.42,3,703,0.012339,LOW,APPROVED,0,0,700-800,<50K
BL000296,2024-01-12 19:46:24,662,73482,25.33,6,18695,major_purchase,MORTGAGE,2,1,8,76.63,1,607,0.144194,HIGH,APPROVED,0,0,600-700,50-75K
BL000297,2024-10-14 17:01:27,603,44934,25.99,5,10412,major_purchase,OTHER,1,9,20,46.63,0,582,0.277258,VERY_HIGH,DECLINED,0,0,<600,<50K
BL000298,2024-10-16 00:30:24,678,55500,14.16,8,20484,credit_card,MORTGAGE,1,3,26,41.44,1,628,0.111989,HIGH,APPROVED,0,30,600-700,50-75K
BL000299,2024-11-03 21:54:04,670,37616,15.24,16,12037,credit_card,OWN,0,0,0,81.12,2,637,0.07723,HIGH,APPROVED,0,0,600-700,<50K
BL000300,2024-06-20 18:54:14,698,82810,27.05,5,39276,major_purchase,RENT,2,4,35,61.08,2,654,0.057483,HIGH,APPROVED,0,0,600-700,75-100K
BL000301,2024-09-23 14:13:12,627,52193,1.0,5,11459,credit_card,OTHER,3,4,48,46.41,1,609,0.245679,VERY_HIGH,APPROVED,1,90,600-700,50-75K
BL000302,2024-12-04 14:01:25,712,49909,34.51,1,27513,debt_consolidation,MORTGAGE,0,0,0,40.7,2,632,0.058032,HIGH,DECLINED,0,0,600-700,<50K
BL000303,2024-10-20 14:32:07,850,107201,16.38,9,18341,credit_card,MORTGAGE,0,0,0,33.3,0,837,0.000256,LOW,APPROVED,0,0,800+,100K+
BL000304,2024-07-02 22:53:41,620,76371,15.86,4,13467,debt_consolidation,MORTGAGE,1,3,19,55.67,1,661,0.042578,HIGH,APPROVED,0,0,600-700,75-100K
BL000305,2024-03-13 05:16:03,709,190182,23.32,15,10766,home_improvement,MORTGAGE,1,2,54,48.6,3,666,0.029163,MEDIUM,APPROVED,0,0,600-700,100K+
BL000306,2024-10-26 07:55:12,673,79030,40.14,0,63605,debt_consolidation,RENT,1,5,22,39.07,1,615,0.130479,HIGH,APPROVED,0,60,600-700,75-100K
BL000307,2024-12-24 23:30:30,701,67858,24.99,1,10185,debt_consolidation,RENT,0,0,0,59.17,1,705,0.008901,LOW,APPROVED,0,0,700-800,50-75K
BL000308,2024-05-04 00:53:28,590,69143,32.88,6,21701,debt_consolidation,RENT,1,7,37,50.27,1,546,0.48083,VERY_HIGH,DECLINED,0,30,<600,50-75K
BL000309,2024-09-13 09:01:43,627,227306,11.62,6,8448,debt_consolidation,RENT,1,2,55,61.97,0,659,0.060959,HIGH,APPROVED,0,0,600-700,100K+
BL000310,2024-01-29 16:25:55,715,115047,17.53,34,13133,other,RENT,0,0,0,42.39,1,717,0.013417,LOW,APPROVED,0,0,700-800,100K+
BL000311,2024-09-03 19:18:34,688,57524,30.88,1,5289,credit_card,MORTGAGE,2,2,21,70.81,2,605,0.124477,HIGH,APPROVED,0,0,600-700,50-75K
BL000312,2024-10-15 12:28:37,780,75600,12.54,4,29836,debt_consolidation,OTHER,1,7,17,78.26,3,692,0.017594,MEDIUM,APPROVED,0,0,600-700,75-100K
BL000313,2024-06-13 14:54:21,651,51779,1.0,12,27492,debt_consolidation,MORTGAGE,0,0,0,62.65,1,685,0.028625,MEDIUM,APPROVED,0,0,600-700,50-75K
BL000314,2024-01-08 11:42:03,700,88367,16.6,1,19510,other,RENT,0,0,0,52.82,3,661,0.065868,HIGH,APPROVED,0,0,600-700,75-100K
BL000315,2024-05-22 05:59:38,850,52122,19.47,4,36137,debt_consolidation,RENT,0,0,0,46.37,2,775,0.001691,LOW,APPROVED,0,0,700-800,50-75K
BL000316,2024-06-10 12:02:47,648,50834,20.83,7,45446,debt_consolidation,RENT,0,0,0,51.55,0,605,0.132195,HIGH,APPROVED,1,90,600-700,50-75K
BL000317,2024-12-17 23:13:57,640,79946,29.29,1,9474,debt_consolidation,RENT,0,0,0,6.95,3,620,0.147967,HIGH,DECLINED,0,0,600-700,75-100K
BL000318,2024-08-23 04:07:49,688,120836,28.61,1,42913,credit_card,OWN,0,0,0,56.09,4,648,0.053759,HIGH,APPROVED,0,0,600-700,100K+
BL000319,2024-05-01 11:08:04,688,96362,18.91,4,15109,debt_consolidation,MORTGAGE,2,7,53,15.48,2,661,0.032355,MEDIUM,APPROVED,0,0,600-700,75-100K
BL000320,2024-06-04 05:46:51,736,91801,27.91,13,15307,home_improvement,MORTGAGE,1,7,38,53.52,1,680,0.033642,MEDIUM,APPROVED,0,0,600-700,75-100K
BL000321,2024-07-13 11:18:00,697,66681,21.77,14,21277,credit_card,OTHER,1,1,39,79.43,1,622,0.072769,HIGH,DECLINED,0,0,600-700,50-75K
BL000322,2024-07-21 07:50:12,648,21916,23.95,17,25305,major_purchase,MORTGAGE,0,0,0,60.3,2,605,0.138185,HIGH,APPROVED,0,0,600-700,<50K
BL000323,2024-03-31 00:58:49,702,60608,14.31,1,13312,debt_consolidation,MORTGAGE,0,0,0,14.35,0,782,0.002386,LOW,APPROVED,0,0,700-800,50-75K
BL000324,2024-05-05 19:28:32,835,59447,28.89,1,11318,home_improvement,RENT,0,0,0,7.25,3,814,0.000674,LOW,APPROVED,0,0,800+,50-75K
BL000325,2024-11-10 05:29:58,760,83201,19.92,15,16521,credit_card,MORTGAGE,0,0,0,38.06,2,741,0.006604,LOW,APPROVED,0,0,700-800,75-100K
BL000326,2024-03-22 01:14:47,537,144551,34.06,9,14319,other,MORTGAGE,0,0,0,46.91,1,565,0.28242,VERY_HIGH,APPROVED,0,0,<600,100K+
BL000327,2024-06-04 09:07:08,682,92088,10.29,0,21927,other,MORTGAGE,1,7,45,29.9,1,695,0.021439,MEDIUM,APPROVED,0,0,600-700,75-100K
BL000328,2024-08-31 08:08:36,642,29629,33.19,1,13220,debt_consolidation,OWN,2,8,5,49.34,0,524,0.642829,VERY_HIGH,DECLINED,0,0,<600,<50K
BL000329,2024-02-11 15:02:06,724,65916,12.44,3,31947,major_purchase,RENT,0,0,0,46.99,0,710,0.01822,MEDIUM,APPROVED,0,0,700-800,50-75K
BL000330,2024-01-01 23:55:11,680,58594,26.95,4,63310,other,OWN,0,0,0,33.43,0,633,0.078397,HIGH,APPROVED,0,0,600-700,50-75K
BL000331,2024-07-08 19:33:50,796,90294,13.03,12,13709,other,RENT,0,0,0,89.61,2,721,0.008295,LOW,APPROVED,0,30,700-800,75-100K
BL000332,2024-03-11 19:21:43,741,63363,14.82,4,9170,home_improvement,RENT,0,0,0,42.23,2,699,0.015459,LOW,APPROVED,0,0,600-700,50-75K
BL000333,2024-07-03 19:45:59,739,27365,29.49,1,12062,debt_consolidation,RENT,0,0,0,45.31,3,684,0.030402,MEDIUM,APPROVED,1,150,600-700,<50K
BL000334,2024-02-08 03:56:00,700,43171,8.33,2,13796,major_purchase,MORTGAGE,1,5,22,33.92,1,715,0.008797,LOW,APPROVED,0,0,700-800,<50K
BL000335,2024-07-13 12:36:22,688,56224,31.39,8,41842,credit_card,MORTGAGE,0,0,0,62.02,2,626,0.096227,HIGH,DECLINED,0,0,600-700,50-75K
BL000336,2024-05-27 19:12:07,709,25676,42.15,10,42238,home_improvement,MORTGAGE,2,4,29,45.0,1,659,0.0709,HIGH,APPROVED,0,0,600-700,<50K
BL000337,2024-10-21 16:25:58,761,61393,29.55,6,37387,other,OTHER,1,1,8,57.05,1,670,0.040742,MEDIUM,APPROVED,0,0,600-700,50-75K
BL000338,2024-12-24 10:29:29,719,57005,9.17,1,14119,other,MORTGAGE,0,0,0,39.74,1,727,0.00931,LOW,APPROVED,0,0,700-800,50-75K
BL000339,2024-01-03 03:43:31,671,105463,28.96,3,12708,debt_consolidation,MORTGAGE,1,3,50,24.7,1,633,0.073584,HIGH,APPROVED,0,0,600-700,100K+
BL000340,2024-09-14 18:53:48,760,61459,22.28,11,9973,other,OTHER,2,4,58,38.82,3,690,0.025254,MEDIUM,APPROVED,0,0,600-700,50-75K
BL000341,2024-04-13 12:33:06,701,48799,24.74,2,15818,debt_consolidation,RENT,1,5,1,35.12,2,640,0.053695,HIGH,APPROVED,0,0,600-700,<50K
BL000342,2024-05-18 13:28:26,686,61137,23.07,1,23422,debt_consolidation,RENT,1,5,32,10.07,2,659,0.030707,MEDIUM,APPROVED,0,0,600-700,50-75K
BL000343,2024-10-05 14:46:28,646,65218,32.91,24,16748,home_improvement,MORTGAGE,0,0,0,28.02,3,583,0.20872,VERY_HIGH,DECLINED,0,0,<600,50-75K
BL000344,2024-01-06 06:29:54,659,100540,38.67,14,11334,debt_consolidation,MORTGAGE,0,0,0,34.06,1,671,0.046347,HIGH,APPROVED,0,0,600-700,100K+
BL000345,2024-11-28 23:33:03,655,41883,26.34,1,33496,major_purchase,MORTGAGE,1,5,5,63.08,3,577,0.295385,VERY_HIGH,APPROVED,0,0,<600,<50K
BL000346,2024-09-10 00:00:19,536,23205,36.22,10,57245,credit_card,MORTGAGE,0,0,0,71.03,2,477,0.810481,VERY_HIGH,DECLINED,1,120,<600,<50K
BL000347,2024-09-02 03:25:27,746,225966,19.09,15,17980,major_purchase,RENT,0,0,0,43.94,2,732,0.006124,LOW,APPROVED,0,0,700-800,100K+
BL000348,2024-05-22 06:35:59,721,91109,44.95,4,18487,major_purchase,OTHER,0,0,0,8.11,0,707,0.014704,LOW,APPROVED,0,0,700-800,75-100K
BL000349,2024-03-09 22:31:23,678,65737,14.89,5,38327,other,RENT,2,3,7,40.71,2,656,0.063961,HIGH,APPROVED,0,0,600-700,50-75K
BL000350,2024-07-16 14:15:55,748,194026,13.69,6,21654,debt_consolidation,RENT,0,0,0,65.86,0,735,0.004119,LOW,APPROVED,0,0,700-800,100K+
BL000351,2024-04-04 08:04:55,714,38371,20.2,2,12272,other,MORTGAGE,0,0,0,43.1,5,642,0.092629,HIGH,APPROVED,0,0,600-700,<50K
BL000352,2024-01-10 08:46:48,710,44977,30.95,0,13365,debt_consolidation,MORTGAGE,2,6,49,38.39,1,632,0.107923,HIGH,DECLINED,0,0,600-700,<50K
BL000353,2024-11-16 10:49:46,554,52769,32.55,4,36645,home_improvement,MORTGAGE,1,5,35,51.5,0,524,0.573904,VERY_HIGH,DECLINED,1,90,<600,50-75K
BL000354,2024-04-29 09:38:54,677,80471,9.47,1,34998,credit_card,MORTGAGE,1,1,40,59.26,1,654,0.04574,HIGH,APPROVED,0,0,600-700,75-100K
BL000355,2024-01-10 06:08:31,719,52245,25.8,9,16400,debt_consolidation,RENT,0,0,0,26.37,3,693,0.021074,MEDIUM,APPROVED,0,0,600-700,50-75K
BL000356,2024-09-09 02:55:21,779,91904,27.29,1,19400,debt_consolidation,OWN,1,8,19,2.74,0,810,0.000815,LOW,APPROVED,0,30,800+,75-100K
BL000357,2024-02-17 01:29:15,791,54858,46.79,3,18268,home_improvement,RENT,0,0,0,31.53,2,711,0.012209,LOW,APPROVED,0,0,700-800,50-75K
BL000358,2024-01-15 06:15:32,768,116286,21.0,3,27002,home_improvement,MORTGAGE,0,0,0,10.23,2,754,0.002852,LOW,APPROVED,0,0,700-800,100K+
BL000359,2024-04-18 19:18:36,626,79539,11.07,8,41266,credit_card,MORTGAGE,1,7,9,1.74,1,636,0.05024,HIGH,APPROVED,0,0,600-700,75-100K
BL000360,2024-05-30 13:57:06,569,30238,8.63,8,23876,home_improvement,OWN,0,0,0,39.12,0,669,0.063347,HIGH,APPROVED,0,0,600-700,<50K
BL000361,2024-10-04 05:07:32,721,63372,21.93,0,4572,home_improvement,OWN,1,4,38,38.8,2,678,0.02841,MEDIUM,APPROVED,0,0,600-700,50-75K
BL000362,2024-03-18 12:49:01,692,38222,28.37,10,28674,other,RENT,1,2,51,37.67,1,612,0.142964,HIGH,APPROVED,0,0,600-700,<50K
BL000363,2024-12-16 06:51:51,743,60335,25.79,1,33376,debt_consolidation,RENT,2,4,29,44.39,1,696,0.019534,MEDIUM,APPROVED,0,0,600-700,50-75K
BL000364,2024-06-23 13:00:52,683,64199,23.03,0,14892,debt_consolidation,RENT,0,0,0,53.05,0,690,0.02857,MEDIUM,APPROVED,0,0,600-700,50-75K
BL000365,2024-02-21 09:59:33,702,178297,16.62,14,9294,debt_consolidation,RENT,0,0,0,27.29,2,710,0.015424,LOW,APPROVED,0,0,700-800,100K+
BL000366,2024-01-31 10:45:14,608,57663,23.4,1,8230,other,RENT,1,2,18,45.24,2,597,0.15276,HIGH,DECLINED,0,0,<600,50-75K
BL000367,2024-09-14 23:47:44,715,30766,24.1,17,31666,home_improvement,MORTGAGE,0,0,0,33.5,0,697,0.016404,MEDIUM,APPROVED,0,0,600-700,<50K
BL000368,2024-02-16 14:21:23,666,67346,46.65,11,17355,major_purchase,OWN,2,3,40,67.58,1,586,0.243784,VERY_HIGH,APPROVED,0,0,<600,50-75K
BL000369,2024-04-12 18:47:40,709,37677,22.94,0,36080,other,OTHER,1,8,24,70.93,3,619,0.137799,HIGH,APPROVED,0,0,600-700,<50K
BL000370,2024-07-29 12:22:43,715,147553,13.89,5,48056,credit_card,RENT,0,0,0,75.98,0,714,0.009137,LOW,APPROVED,0,0,700-800,100K+
BL000371,2024-02-17 19:11:17,684,88509,19.63,1,10540,other,RENT,0,0,0,44.64,0,737,0.006577,LOW,APPROVED,0,0,700-800,75-100K
BL000372,2024-06-05 19:44:35,707,131251,21.63,6,17529,debt_consolidation,RENT,0,0,0,32.68,0,752,0.004241,LOW,APPROVED,0,0,700-800,100K+
BL000373,2024-05-02 11:08:06,689,53345,4.48,2,11042,other,RENT,2,5,47,48.62,1,652,0.074563,HIGH,APPROVED,0,0,600-700,50-75K
BL000374,2024-01-15 09:53:12,732,39720,23.31,3,10746,credit_card,RENT,0,0,0,70.43,1,670,0.017395,MEDIUM,APPROVED,1,90,600-700,<50K
BL000375,2024-09-14 00:09:59,718,73072,25.19,6,43692,credit_card,MORTGAGE,0,0,0,40.69,1,674,0.03119,MEDIUM,APPROVED,0,0,600-700,50-75K
BL000376,2024-11-04 17:17:11,660,34110,24.88,22,10745,home_improvement,MORTGAGE,2,4,12,55.71,2,610,0.153521,HIGH,DECLINED,0,0,600-700,<50K
BL000377,2024-08-31 23:02:20,658,41114,14.48,8,19719,credit_card,OWN,3,4,2,84.06,1,554,0.463497,VERY_HIGH,DECLINED,0,0,<600,<50K
BL000378,2024-03-17 11:43:35,786,45167,21.18,5,47300,debt_consolidation,MORTGAGE,0,0,0,36.39,1,759,0.00337,LOW,APPROVED,0,0,700-800,<50K
BL000379,2024-07-26 14:16:30,684,59780,26.11,3,27281,major_purchase,RENT,1,4,16,14.35,1,683,0.019419,MEDIUM,APPROVED,0,60,600-700,50-75K
BL000380,2024-04-20 10:57:52,745,31842,31.09,14,15164,debt_consolidation,MORTGAGE,0,0,0,34.3,2,694,0.021332,MEDIUM,APPROVED,0,0,600-700,<50K
BL000381,2024-04-01 08:23:29,712,24874,26.31,17,31535,home_improvement,RENT,1,4,8,58.98,1,666,0.041011,MEDIUM,APPROVED,0,0,600-700,<50K
BL000382,2024-09-19 23:00:00,659,122773,11.71,11,27368,debt_consolidation,MORTGAGE,0,0,0,23.59,2,701,0.012254,LOW,APPROVED,0,0,700-800,100K+
BL000383,2024-03-23 21:08:55,649,49810,29.9,16,75854,credit_card,MORTGAGE,0,0,0,44.68,2,628,0.068109,HIGH,APPROVED,0,0,600-700,<50K
BL000384,2024-03-27 23:21:08,697,58711,37.7,10,10860,debt_consolidation,OTHER,0,0,0,86.09,3,577,0.316162,VERY_HIGH,DECLINED,0,0,<600,50-75K
BL000385,2024-05-04 12:53:02,704,83832,21.42,5,22748,home_improvement,MORTGAGE,0,0,0,44.53,3,640,0.057354,HIGH,DECLINED,0,0,600-700,75-100K
BL000386,2024-03-17 18:38:12,724,78072,1.0,12,30121,major_purchase,RENT,1,5,54,47.18,2,751,0.004932,LOW,APPROVED,0,0,700-800,75-100K
BL000387,2024-03-25 22:05:11,620,47346,31.41,2,25839,credit_card,MORTGAGE,1,4,37,43.92,0,576,0.375347,VERY_HIGH,DECLINED,0,0,<600,<50K
BL000388,2024-06-11 08:44:09,657,52091,33.29,0,18559,home_improvement,OTHER,1,7,49,24.38,2,625,0.106095,HIGH,APPROVED,1,120,600-700,50-75K
BL000389,2024-09-10 14:59:05,685,133718,24.09,5,35263,credit_card,RENT,0,0,0,51.17,0,672,0.033921,MEDIUM,APPROVED,0,0,600-700,100K+
BL000390,2024-06-29 05:47:57,778,113733,20.18,21,20459,home_improvement,MORTGAGE,0,0,0,77.33,4,702,0.015415,LOW,APPROVED,0,0,700-800,100K+
BL000391,2024-02-01 06:20:03,560,90120,34.36,12,23668,home_improvement,MORTGAGE,1,4,17,63.53,3,553,0.515084,VERY_HIGH,DECLINED,1,120,<600,75-100K
BL000392,2024-11-09 04:01:55,714,137219,31.5,5,61349,major_purchase,MORTGAGE,1,6,6,70.38,0,650,0.078309,HIGH,APPROVED,0,0,600-700,100K+
BL000393,2024-01-19 11:33:06,660,27038,24.0,4,78883,home_improvement,RENT,2,3,39,43.37,0,614,0.133313,HIGH,DECLINED,1,90,600-700,<50K
BL000394,2024-12-23 08:45:02,714,68146,22.63,27,30357,major_purchase,RENT,0,0,0,44.29,3,706,0.016317,MEDIUM,APPROVED,0,0,700-800,50-75K
BL000395,2024-01-19 23:10:39,663,56511,25.93,1,29367,credit_card,RENT,0,0,0,58.32,0,676,0.029216,MEDIUM,APPROVED,0,0,600-700,50-75K
BL000396,2024-07-04 23:37:41,710,26614,33.54,12,18529,credit_card,MORTGAGE,0,0,0,19.14,1,665,0.033311,MEDIUM,DECLINED,0,0,600-700,<50K
BL000397,2024-08-19 15:20:02,776,75064,25.44,7,8477,home_improvement,RENT,0,0,0,40.24,2,735,0.007563,LOW,APPROVED,0,0,700-800,75-100K
BL000398,2024-08-18 18:48:29,709,86445,13.52,13,4572,debt_consolidation,RENT,1,4,54,20.86,0,727,0.007589,LOW,APPROVED,0,0,700-800,75-100K
BL000399,2024-05-18 23:08:48,714,72477,18.6,10,41416,credit_card,MORTGAGE,0,0,0,60.02,1,688,0.016801,MEDIUM,APPROVED,0,0,600-700,50-75K
BL000400,2024-05-13 12:34:46,711,28100,25.6,10,37632,home_improvement,RENT,0,0,0,50.58,1,621,0.077958,HIGH,APPROVED,0,0,600-700,<50K
BL000401,2024-08-11 18:48:29,649,58287,27.64,4,27906,credit_card,OWN,0,0,0,40.08,0,633,0.10706,HIGH,APPROVED,0,0,600-700,50-75K
BL000402,2024-09-27 23:53:48,720,71032,18.98,9,14130,home_improvement,OWN,0,0,0,39.95,2,729,0.005629,LOW,APPROVED,0,0,700-800,50-75K
BL000403,2024-03-25 10:17:04,679,57749,30.92,6,36388,credit_card,MORTGAGE,0,0,0,22.11,1,641,0.052779,HIGH,APPROVED,0,0,600-700,50-75K
BL000404,2024-07-27 08:14:43,645,73331,18.41,1,67402,other,RENT,0,0,0,20.64,1,656,0.044432,HIGH,APPROVED,0,0,600-700,50-75K
BL000405,2024-05-19 06:18:36,688,81084,32.95,6,28942,credit_card,RENT,1,2,21,42.41,0,653,0.061515,HIGH,APPROVED,0,0,600-700,75-100K
BL000406,2024-02-25 18:32:14,677,123772,39.35,12,9190,home_improvement,RENT,0,0,0,23.95,2,584,0.17347,HIGH,DECLINED,0,0,<600,100K+
BL000407,2024-09-03 09:14:41,731,71884,31.57,8,7467,home_improvement,RENT,1,5,43,28.7,0,698,0.019297,MEDIUM,APPROVED,0,0,600-700,50-75K
BL000408,2024-04-16 16:10:28,688,216287,24.93,2,16346,major_purchase,RENT,0,0,0,42.45,4,648,0.064136,HIGH,APPROVED,0,0,600-700,100K+
BL000409,2024-04-14 20:18:48,661,71423,29.26,6,15224,major_purchase,OTHER,1,9,51,63.15,2,559,0.319422,VERY_HIGH,APPROVED,1,90,<600,50-75K
BL000410,2024-08-27 22:23:35,770,73732,4.64,2,29600,debt_consolidation,MORTGAGE,0,0,0,45.25,0,785,0.001259,LOW,APPROVED,0,0,700-800,50-75K
BL000411,2024-03-15 03:23:07,744,92546,37.09,2,5989,debt_consolidation,MORTGAGE,2,7,20,63.6,1,652,0.051,HIGH,APPROVED,0,30,600-700,75-100K
BL000412,2024-04-21 14:09:57,760,62612,15.9,1,32449,home_improvement,RENT,0,0,0,39.74,0,787,0.002637,LOW,APPROVED,0,0,700-800,50-75K
BL000413,2024-11-18 10:14:21,723,55817,14.66,1,16756,credit_card,OWN,1,5,58,54.43,1,645,0.058722,HIGH,APPROVED,0,0,600-700,50-75K
BL000414,2024-11-22 04:11:23,684,114430,19.71,2,48206,debt_consolidation,MORTGAGE,3,2,30,98.59,0,621,0.144578,HIGH,APPROVED,0,30,600-700,100K+
BL000415,2024-12-10 19:53:53,667,24288,14.53,14,18634,credit_card,MORTGAGE,0,0,0,56.52,3,615,0.158355,HIGH,DECLINED,0,0,600-700,<50K
BL000416,2024-06-11 23:49:47,675,28764,22.95,1,27547,credit_card,RENT,0,0,0,51.73,1,597,0.134222,HIGH,DECLINED,0,0,<600,<50K
BL000417,2024-08-13 06:33:04,742,168230,20.36,2,15068,other,MORTGAGE,1,2,30,51.97,0,740,0.005445,LOW,APPROVED,0,0,700-800,100K+
BL000418,2024-06-04 09:30:10,696,90972,22.33,0,9121,other,RENT,1,5,25,53.35,0,702,0.018865,MEDIUM,APPROVED,0,0,700-800,75-100K
BL000419,2024-09-05 17:43:02,608,83212,33.36,8,57323,credit_card,RENT,3,8,47,94.17,1,507,0.687145,VERY_HIGH,DECLINED,0,0,<600,75-100K
BL000420,2024-07-14 00:21:08,688,74646,26.47,9,13376,home_improvement,RENT,1,4,30,80.25,2,630,0.121412,HIGH,APPROVED,0,0,600-700,50-75K
BL000421,2024-06-21 19:14:38,612,73930,17.34,6,8552,debt_consolidation,MORTGAGE,2,5,55,39.1,1,549,0.386806,VERY_HIGH,APPROVED,1,60,<600,50-75K
BL000422,2024-06-14 21:30:46,699,42074,21.02,9,18043,home_improvement,RENT,2,4,32,52.28,1,651,0.037659,MEDIUM,APPROVED,0,0,600-700,<50K
BL000423,2024-03-31 02:23:15,624,57017,15.15,0,21241,other,RENT,0,0,0,28.28,1,642,0.059873,HIGH,DECLINED,0,0,600-700,50-75K
BL000424,2024-04-08 11:44:42,620,40600,31.79,3,14851,other,RENT,0,0,0,31.53,0,612,0.157322,HIGH,APPROVED,0,0,600-700,<50K
BL000425,2024-04-02 02:06:39,697,110379,12.66,23,13914,credit_card,RENT,0,0,0,51.3,0,703,0.012936,LOW,APPROVED,0,0,700-800,100K+
BL000426,2024-10-11 17:03:19,686,87114,18.89,1,15755,home_improvement,RENT,0,0,0,83.27,3,668,0.044857,HIGH,APPROVED,0,0,600-700,75-100K
BL000427,2024-01-26 11:30:54,599,72638,37.46,0,25832,major_purchase,RENT,1,9,6,51.63,2,525,0.511035,VERY_HIGH,DECLINED,1,90,<600,50-75K
BL000428,2024-02-13 05:41:09,731,77805,19.84,1,34900,major_purchase,OTHER,0,0,0,51.46,1,698,0.014169,LOW,DECLINED,0,0,600-700,75-100K
BL000429,2024-04-15 02:47:55,809,61253,24.03,4,23078,debt_consolidation,RENT,1,6,42,28.0,0,774,0.003208,LOW,APPROVED,0,0,700-800,50-75K
BL000430,2024-12-21 21:51:29,609,38376,27.14,2,22419,home_improvement,MORTGAGE,1,3,27,31.3,0,559,0.250798,VERY_HIGH,DECLINED,0,0,<600,<50K
BL000431,2024-07-16 11:52:55,790,142450,7.85,16,31624,home_improvement,MORTGAGE,0,0,0,40.32,0,823,0.000684,LOW,APPROVED,0,0,800+,100K+
BL000432,2024-09-09 17:21:48,652,87814,24.39,2,10084,debt_consolidation,RENT,1,2,25,41.87,0,649,0.045415,HIGH,APPROVED,0,0,600-700,75-100K
BL000433,2024-06-16 06:35:03,663,60188,31.49,5,22132,major_purchase,OWN,0,0,0,38.57,0,630,0.07621,HIGH,DECLINED,0,0,600-700,50-75K
BL000434,2024-05-11 15:11:32,680,85519,24.27,4,45000,credit_card,RENT,0,0,0,42.53,3,635,0.073352,HIGH,APPROVED,0,0,600-700,75-100K
BL000435,2024-07-05 02:24:17,611,116875,28.08,14,13383,major_purchase,RENT,0,0,0,72.5,2,556,0.321595,VERY_HIGH,APPROVED,0,0,<600,100K+
BL000436,2024-11-06 09:09:40,761,112081,14.56,1,41107,debt_consolidation,MORTGAGE,2,7,38,24.33,2,734,0.008293,LOW,APPROVED,0,0,700-800,100K+
BL000437,2024-05-01 10:09:44,717,88372,23.1,1,21246,credit_card,RENT,1,4,29,42.41,0,714,0.012573,LOW,APPROVED,0,0,700-800,75-100K
BL000438,2024-06-04 17:25:46,649,95326,19.88,23,37122,credit_card,OTHER,0,0,0,72.0,1,639,0.097148,HIGH,APPROVED,1,120,600-700,75-100K
BL000439,2024-07-30 00:37:53,675,58748,22.76,20,10051,credit_card,RENT,2,7,39,57.37,1,621,0.115505,HIGH,APPROVED,1,60,600-700,50-75K
BL000440,2024-04-24 21:52:08,607,121445,10.7,7,10502,home_improvement,RENT,0,0,0,66.62,1,591,0.176875,HIGH,APPROVED,1,150,<600,100K+
BL000441,2024-12-03 02:50:24,671,100941,17.06,3,39101,major_purchase,OWN,0,0,0,47.1,2,675,0.034602,MEDIUM,APPROVED,0,60,600-700,100K+
BL000442,2024-10-13 21:42:35,741,100996,26.99,3,14337,debt_consolidation,MORTGAGE,2,0,11,27.58,1,639,0.052004,HIGH,APPROVED,0,0,600-700,100K+
BL000443,2024-10-29 16:29:00,596,35967,16.93,0,12333,other,RENT,1,8,55,23.68,1,613,0.10875,HIGH,APPROVED,0,0,600-700,<50K
BL000444,2024-12-12 15:56:14,666,87721,27.52,3,19669,home_improvement,MORTGAGE,0,0,0,82.41,1,630,0.147672,HIGH,APPROVED,0,0,600-700,75-100K
BL000445,2024-01-28 09:52:11,698,88743,36.44,4,2534,major_purchase,MORTGAGE,1,5,46,43.64,1,715,0.0141,LOW,APPROVED,0,0,700-800,75-100K
BL000446,2024-07-15 13:09:30,748,94317,25.12,2,28855,other,RENT,0,0,0,52.79,4,702,0.016484,MEDIUM,APPROVED,1,60,700-800,75-100K
BL000447,2024-03-25 19:57:52,764,19789,23.58,4,48780,debt_consolidation,MORTGAGE,1,9,39,21.04,2,692,0.027749,MEDIUM,APPROVED,0,0,600-700,<50K
BL000448,2024-03-13 09:31:42,665,27604,28.3,8,17780,home_improvement,MORTGAGE,2,2,52,51.28,4,554,0.402056,VERY_HIGH,DECLINED,0,0,<600,<50K
BL000449,2024-01-27 07:22:54,649,74022,14.74,1,4913,debt_consolidation,MORTGAGE,1,1,38,47.73,0,605,0.183629,VERY_HIGH,APPROVED,0,0,600-700,50-75K
BL000450,2024-12-06 22:31:24,715,42100,18.24,2,4087,home_improvement,RENT,0,0,0,33.42,0,690,0.016395,MEDIUM,APPROVED,0,0,600-700,<50K
BL000451,2024-05-22 12:05:30,670,77605,13.16,18,18545,other,RENT,2,5,27,42.69,1,643,0.061038,HIGH,APPROVED,0,0,600-700,75-100K
BL000452,2024-10-13 23:22:21,673,62267,15.24,5,60900,debt_consolidation,MORTGAGE,1,3,17,96.21,2,616,0.127155,HIGH,APPROVED,0,0,600-700,50-75K
BL000453,2024-04-27 01:06:31,749,96375,38.11,3,19093,home_improvement,MORTGAGE,0,0,0,78.28,1,688,0.03086,MEDIUM,APPROVED,0,0,600-700,75-100K
BL000454,2024-01-31 19:45:27,783,50101,15.96,3,20588,credit_card,MORTGAGE,1,3,43,24.53,2,773,0.001939,LOW,APPROVED,0,0,700-800,50-75K
BL000455,2024-12-11 23:43:28,705,39687,22.83,28,32529,home_improvement,RENT,0,0,0,34.22,1,701,0.020088,MEDIUM,APPROVED,0,0,700-800,<50K
BL000456,2024-09-27 22:06:04,679,82314,19.8,6,12975,other,RENT,1,5,28,0.0,0,640,0.071313,HIGH,APPROVED,0,0,600-700,75-100K
BL000457,2024-07-24 13:11:47,721,56918,19.06,2,32745,debt_consolidation,MORTGAGE,2,6,58,46.64,0,681,0.015935,LOW,APPROVED,0,0,600-700,50-75K
BL000458,2024-05-07 22:21:46,586,37616,20.28,3,6508,major_purchase,RENT,2,4,39,39.41,0,552,0.316283,VERY_HIGH,APPROVED,0,0,<600,<50K
BL000459,2024-07-05 10:32:45,689,25927,20.97,8,16072,debt_consolidation,OWN,0,0,0,17.18,1,693,0.015665,LOW,APPROVED,0,0,600-700,<50K
BL000460,2024-11-04 13:25:35,632,274405,25.97,5,14634,home_improvement,MORTGAGE,1,4,18,65.19,1,615,0.162567,HIGH,APPROVED,0,30,600-700,100K+
BL000461,2024-01-16 16:17:39,821,54602,20.24,6,15151,debt_consolidation,MORTGAGE,1,2,23,71.6,0,759,0.003595,LOW,APPROVED,0,0,700-800,50-75K
BL000462,2024-04-05 20:40:33,730,57645,26.54,0,4354,home_improvement,MORTGAGE,0,0,0,33.35,0,760,0.005308,LOW,APPROVED,0,60,700-800,50-75K
BL000463,2024-02-15 13:12:00,698,26052,21.54,3,15311,home_improvement,MORTGAGE,0,0,0,26.17,1,684,0.024791,MEDIUM,APPROVED,0,0,600-700,<50K
BL000464,2024-08-24 18:31:50,679,40241,20.33,0,30912,major_purchase,RENT,1,3,12,43.6,4,610,0.19472,VERY_HIGH,APPROVED,0,0,600-700,<50K
BL000465,2024-06-16 01:20:42,552,59768,21.19,0,13121,debt_consolidation,RENT,1,3,24,61.23,1,542,0.517034,VERY_HIGH,DECLINED,1,90,<600,50-75K
BL000466,2024-07-02 11:46:16,729,74767,38.06,3,51578,credit_card,RENT,0,0,0,34.77,1,632,0.068945,HIGH,DECLINED,0,0,600-700,50-75K
BL000467,2024-09-28 17:31:37,780,92037,12.39,1,17069,other,RENT,0,0,0,76.34,1,743,0.006166,LOW,APPROVED,0,0,700-800,75-100K
BL000468,2024-01-07 08:00:25,650,45505,21.68,2,20362,major_purchase,OWN,0,0,0,37.13,1,601,0.148326,HIGH,APPROVED,0,0,600-700,<50K
BL000469,2024-06-17 21:42:56,728,80244,29.16,8,6025,home_improvement,OTHER,1,5,7,86.66,3,573,0.2333,VERY_HIGH,DECLINED,0,0,<600,75-100K
BL000470,2024-12-10 23:59:31,730,109258,27.85,2,31291,other,RENT,0,0,0,33.9,0,728,0.006185,LOW,APPROVED,0,0,700-800,100K+
BL000471,2024-01-06 23:39:41,605,50705,14.32,2,23557,home_improvement,OTHER,0,0,0,38.92,1,607,0.142498,HIGH,APPROVED,0,0,600-700,50-75K
BL000472,2024-09-22 08:35:11,741,62178,13.38,5,40926,debt_consolidation,MORTGAGE,1,2,48,48.14,0,704,0.015002,LOW,APPROVED,0,0,700-800,50-75K
BL000473,2024-06-27 16:22:10,765,27917,22.51,4,11009,credit_card,RENT,0,0,0,63.65,0,759,0.004248,LOW,APPROVED,0,0,700-800,<50K
BL000474,2024-01-28 10:38:10,703,44002,33.31,8,20403,debt_consolidation,RENT,1,3,50,68.17,2,633,0.09697,HIGH,APPROVED,0,0,600-700,<50K
BL000475,2024-10-15 16:29:46,687,33897,29.6,2,42250,home_improvement,RENT,0,0,0,45.9,1,661,0.07113,HIGH,APPROVED,0,0,600-700,<50K
BL000476,2024-02-06 10:25:40,733,87404,22.46,5,18689,home_improvement,MORTGAGE,0,0,0,76.39,1,724,0.005056,LOW,APPROVED,0,0,700-800,75-100K
BL000477,2024-05-06 02:30:45,605,58975,19.96,8,17721,credit_card,MORTGAGE,0,0,0,42.96,0,641,0.065576,HIGH,APPROVED,0,0,600-700,50-75K
BL000478,2024-02-19 17:20:12,695,133757,21.11,12,7985,home_improvement,RENT,2,2,30,41.16,1,676,0.055651,HIGH,APPROVED,0,0,600-700,100K+
BL000479,2024-01-27 03:49:08,748,70003,21.63,9,48411,major_purchase,MORTGAGE,1,2,34,24.37,2,747,0.004219,LOW,APPROVED,1,150,700-800,50-75K
BL000480,2024-01-30 01:28:09,622,92891,10.77,10,38134,debt_consolidation,RENT,0,0,0,76.55,0,607,0.116171,HIGH,APPROVED,0,0,600-700,75-100K
BL000481,2024-07-21 10:10:05,745,81438,10.82,14,10068,debt_consolidation,MORTGAGE,0,0,0,43.16,0,721,0.007495,LOW,APPROVED,0,0,700-800,75-100K
BL000482,2024-07-18 12:46:16,667,70532,22.38,0,38558,debt_consolidation,MORTGAGE,1,4,45,49.64,2,624,0.083539,HIGH,APPROVED,0,0,600-700,50-75K
BL000483,2024-04-11 13:34:16,576,39110,39.74,1,47826,major_purchase,OTHER,0,0,0,34.24,0,566,0.31687,VERY_HIGH,DECLINED,0,0,<600,<50K
BL000484,2024-09-08 10:38:11,684,138009,25.1,12,35353,major_purchase,MORTGAGE,1,4,50,46.86,0,703,0.022725,MEDIUM,APPROVED,0,0,700-800,100K+
BL000485,2024-11-10 12:10:37,637,61575,7.69,5,19984,other,MORTGAGE,1,1,30,75.35,0,637,0.054479,HIGH,APPROVED,0,0,600-700,50-75K
BL000486,2024-02-27 16:08:49,708,27393,13.39,4,21219,other,RENT,1,1,18,82.78,0,709,0.010212,LOW,APPROVED,0,0,700-800,<50K
BL000487,2024-05-10 12:52:13,626,49151,22.4,9,6366,debt_consolidation,RENT,2,1,24,66.73,2,525,0.693422,VERY_HIGH,DECLINED,0,0,<600,<50K
BL000488,2024-04-26 14:32:07,748,38527,14.28,0,16134,other,RENT,0,0,0,37.57,0,753,0.004251,LOW,APPROVED,0,0,700-800,<50K
BL000489,2024-05-12 06:26:25,649,110808,25.06,7,15655,debt_consolidation,MORTGAGE,0,0,0,65.56,1,654,0.054775,HIGH,APPROVED,0,0,600-700,100K+
BL000490,2024-01-16 10:12:09,710,104385,16.62,8,8494,home_improvement,OWN,0,0,0,50.08,0,743,0.004638,LOW,APPROVED,0,0,700-800,100K+
BL000491,2024-09-03 01:24:12,657,130583,16.11,8,31907,debt_consolidation,RENT,0,0,0,31.81,3,648,0.073466,HIGH,APPROVED,0,0,600-700,100K+
BL000492,2024-02-07 19:41:16,672,176920,11.46,3,16684,other,MORTGAGE,0,0,0,45.12,3,664,0.030297,MEDIUM,APPROVED,0,0,600-700,100K+
BL000493,2024-03-08 18:59:14,756,47537,26.77,6,30110,credit_card,OWN,0,0,0,28.99,3,702,0.019129,MEDIUM,APPROVED,0,0,700-800,<50K
BL000494,2024-05-01 14:28:28,702,26750,25.96,0,13928,debt_consolidation,MORTGAGE,0,0,0,37.52,1,680,0.027063,MEDIUM,APPROVED,0,0,600-700,<50K
BL000495,2024-06-11 08:28:10,668,41510,26.54,0,7076,credit_card,RENT,1,4,11,28.28,0,665,0.036943,MEDIUM,APPROVED,0,0,600-700,<50K
BL000496,2024-07-22 22:06:33,621,77658,29.01,8,20450,home_improvement,MORTGAGE,0,0,0,28.89,2,585,0.222178,VERY_HIGH,APPROVED,0,0,<600,75-100K
BL000497,2024-02-21 09:35:59,754,18285,21.97,3,16248,debt_consolidation,RENT,0,0,0,64.35,0,746,0.006097,LOW,APPROVED,0,0,700-800,<50K
BL000498,2024-03-04 02:24:41,730,48566,33.67,2,29701,home_improvement,RENT,0,0,0,79.63,1,671,0.036217,MEDIUM,DECLINED,0,0,600-700,<50K
BL000499,2024-11-18 03:52:43,672,95043,14.17,1,19238,other,RENT,0,0,0,34.98,1,686,0.020311,MEDIUM,APPROVED,0,0,600-700,75-100K
BL000500,2024-08-09 19:23:34,703,43223,29.69,16,46950,debt_consolidation,MORTGAGE,1,5,8,31.98,1,637,0.078449,HIGH,APPROVED,0,0,600-700,<50K
BL000501,2024-07-27 20:00:52,633,60727,19.58,11,13737,debt_consolidation,OTHER,0,0,0,24.01,1,629,0.072696,HIGH,APPROVED,0,0,600-700,50-75K
BL000502,2024-05-26 08:08:15,634,42099,18.96,1,63038,debt_consolidation,MORTGAGE,1,5,8,81.95,1,623,0.144146,HIGH,APPROVED,1,90,600-700,<50K
BL000503,2024-05-18 09:28:23,645,144755,17.26,0,25615,debt_consolidation,OWN,0,0,0,29.94,1,697,0.023949,MEDIUM,APPROVED,0,0,600-700,100K+
BL000504,2024-03-30 15:47:12,709,159160,28.2,1,38294,credit_card,RENT,1,3,59,55.69,3,673,0.04123,MEDIUM,APPROVED,0,0,600-700,100K+
BL000505,2024-12-01 16:28:35,706,40021,25.02,6,8437,other,RENT,0,0,0,47.68,0,641,0.074036,HIGH,APPROVED,0,0,600-700,<50K
BL000506,2024-02-29 01:51:07,649,43326,32.89,18,31412,major_purchase,OWN,1,4,9,33.73,2,582,0.284888,VERY_HIGH,APPROVED,1,150,<600,<50K
BL000507,2024-06-28 15:06:05,731,68396,15.42,1,21366,debt_consolidation,MORTGAGE,0,0,0,64.15,0,707,0.009095,LOW,APPROVED,0,0,700-800,50-75K
BL000508,2024-11-18 07:23:26,733,89179,25.24,8,43243,other,RENT,0,0,0,75.81,0,677,0.026064,MEDIUM,APPROVED,0,0,600-700,75-100K
BL000509,2024-08-31 17:28:44,700,79035,15.09,2,13392,debt_consolidation,RENT,0,0,0,38.6,0,691,0.018457,MEDIUM,APPROVED,0,0,600-700,75-100K
BL000510,2024-02-24 01:01:28,747,88112,28.06,6,20845,home_improvement,MORTGAGE,2,2,23,50.31,1,610,0.141229,HIGH,APPROVED,0,0,600-700,75-100K
BL000511,2024-10-15 18:19:24,674,103447,35.85,11,7225,credit_card,RENT,0,0,0,61.77,0,620,0.133554,HIGH,APPROVED,1,60,600-700,100K+
BL000512,2024-12-21 17:57:46,684,115293,15.25,2,30426,major_purchase,MORTGAGE,0,0,0,26.39,2,655,0.043912,HIGH,APPROVED,0,0,600-700,100K+
BL000513,2024-10-11 16:11:39,716,158505,33.12,5,37761,debt_consolidation,MORTGAGE,0,0,0,7.42,1,729,0.006104,LOW,APPROVED,0,0,700-800,100K+
BL000514,2024-04-24 07:00:14,688,72202,14.74,7,34815,major_purchase,MORTGAGE,0,0,0,41.4,2,686,0.030436,MEDIUM,APPROVED,0,0,600-700,50-75K
BL000515,2024-04-23 19:47:15,734,53563,36.57,1,18870,debt_consolidation,OTHER,1,4,16,43.79,2,643,0.061468,HIGH,APPROVED,0,0,600-700,50-75K
BL000516,2024-03-21 02:59:44,621,64691,25.0,8,33980,home_improvement,RENT,0,0,0,42.89,0,623,0.092671,HIGH,DECLINED,0,60,600-700,50-75K
BL000517,2024-02-23 20:50:42,768,190229,28.53,10,25406,debt_consolidation,RENT,1,2,51,36.37,1,718,0.005839,LOW,APPROVED,0,30,700-800,100K+
BL000518,2024-12-02 00:08:45,647,99681,14.15,1,11332,home_improvement,OWN,0,0,0,53.63,0,668,0.025331,MEDIUM,APPROVED,0,0,600-700,75-100K
BL000519,2024-08-15 20:07:51,681,94223,37.78,11,21339,home_improvement,MORTGAGE,1,3,51,35.7,0,639,0.069735,HIGH,APPROVED,0,0,600-700,75-100K
BL000520,2024-01-03 17:20:16,614,126786,22.83,0,19303,other,RENT,1,2,8,66.34,2,604,0.17428,HIGH,APPROVED,0,0,600-700,100K+
BL000521,2024-08-22 19:39:06,723,120575,19.73,7,30878,other,MORTGAGE,0,0,0,60.37,3,679,0.017052,MEDIUM,APPROVED,0,0,600-700,100K+
BL000522,2024-11-16 16:54:30,760,204183,32.31,0,30848,major_purchase,MORTGAGE,0,0,0,60.9,0,697,0.016898,MEDIUM,APPROVED,0,0,600-700,100K+
BL000523,2024-04-29 01:15:27,749,46553,17.04,6,30837,other,OWN,1,7,43,60.77,1,697,0.018443,MEDIUM,APPROVED,0,0,600-700,<50K
BL000524,2024-08-09 03:33:31,736,74600,21.43,2,44229,home_improvement,MORTGAGE,0,0,0,41.5,0,695,0.015431,LOW,APPROVED,0,0,600-700,50-75K
BL000525,2024-10-05 05:40:33,604,96566,20.51,8,7440,other,MORTGAGE,3,3,24,86.17,4,536,0.542987,VERY_HIGH,DECLINED,1,60,<600,75-100K
BL000526,2024-04-17 07:36:11,647,99557,16.95,0,55528,debt_consolidation,MORTGAGE,0,0,0,77.06,2,645,0.088597,HIGH,APPROVED,1,120,600-700,75-100K
BL000527,2024-07-26 16:54:00,665,56601,33.29,1,61184,home_improvement,MORTGAGE,0,0,0,2.69,1,636,0.064974,HIGH,DECLINED,0,0,600-700,50-75K
BL000528,2024-11-17 11:12:11,639,31697,38.5,9,32192,debt_consolidation,RENT,0,0,0,61.63,4,498,0.672733,VERY_HIGH,DECLINED,1,120,<600,<50K
BL000529,2024-10-14 22:19:29,752,59569,15.58,16,37559,other,MORTGAGE,1,7,47,55.53,0,707,0.011742,LOW,APPROVED,0,0,700-800,50-75K
BL000530,2024-01-24 07:20:25,700,48905,37.58,1,42805,major_purchase,MORTGAGE,0,0,0,33.56,2,623,0.086887,HIGH,APPROVED,0,0,600-700,<50K
BL000531,2024-10-14 16:59:45,689,64240,33.4,5,18589,other,RENT,0,0,0,60.51,1,650,0.054541,HIGH,DECLINED,0,0,600-700,50-75K
BL000532,2024-10-10 13:32:52,717,112884,20.74,7,19686,debt_consolidation,RENT,1,0,23,81.39,3,664,0.046736,HIGH,APPROVED,0,0,600-700,100K+
BL000533,2024-11-11 04:48:51,638,93525,29.51,13,30568,credit_card,OTHER,0,0,0,45.12,1,636,0.096685,HIGH,DECLINED,0,0,600-700,75-100K
BL000534,2024-08-31 10:37:46,640,39430,41.36,1,44082,credit_card,RENT,0,0,0,47.46,1,581,0.281593,VERY_HIGH,DECLINED,0,0,<600,<50K
BL000535,2024-06-30 09:50:55,642,47329,18.38,2,14926,other,OWN,0,0,0,62.47,1,669,0.04894,HIGH,APPROVED,0,0,600-700,<50K
BL000536,2024-06-19 15:24:32,717,73533,19.05,2,15567,credit_card,OWN,0,0,0,95.7,0,715,0.011584,LOW,APPROVED,0,0,700-800,50-75K
BL000537,2024-09-06 09:35:38,709,114305,15.29,32,17075,other,MORTGAGE,1,3,17,31.77,0,752,0.005227,LOW,APPROVED,1,120,700-800,100K+
BL000538,2024-08-08 07:33:44,722,65035,42.12,9,47547,home_improvement,MORTGAGE,0,0,0,23.93,0,654,0.054437,HIGH,APPROVED,0,0,600-700,50-75K
BL000539,2024-12-02 14:38:57,749,74148,32.86,6,18284,home_improvement,RENT,0,0,0,41.26,1,722,0.009488,LOW,DECLINED,0,0,700-800,50-75K
BL000540,2024-05-14 23:50:42,615,32903,17.07,2,15366,major_purchase,MORTGAGE,3,7,43,27.95,2,558,0.365899,VERY_HIGH,DECLINED,0,0,<600,<50K
BL000541,2024-01-03 13:12:55,659,53043,22.77,1,21541,major_purchase,RENT,0,0,0,57.15,1,615,0.128364,HIGH,APPROVED,1,60,600-700,50-75K
BL000542,2024-01-07 10:05:22,698,45926,29.84,0,13959,major_purchase,RENT,2,2,43,67.16,2,591,0.191662,VERY_HIGH,APPROVED,1,90,<600,<50K
BL000543,2024-04-10 07:46:11,616,72901,21.81,7,12610,home_improvement,RENT,0,0,0,30.52,2,611,0.130213,HIGH,DECLINED,0,0,600-700,50-75K
BL000544,2024-08-28 15:10:12,661,58349,34.22,6,30575,major_purchase,RENT,2,4,25,69.1,0,584,0.254104,VERY_HIGH,APPROVED,0,0,<600,50-75K
BL000545,2024-11-20 23:19:15,746,43825,24.65,10,30600,debt_consolidation,RENT,0,0,0,43.02,0,717,0.013601,LOW,APPROVED,0,30,700-800,<50K
BL000546,2024-03-06 11:23:02,751,39644,35.09,10,13102,debt_consolidation,RENT,0,0,0,0.0,1,702,0.013899,LOW,APPROVED,0,0,700-800,<50K
BL000547,2024-08-15 17:00:36,749,72496,27.17,8,22063,credit_card,MORTGAGE,1,5,21,84.38,0,695,0.020977,MEDIUM,APPROVED,0,0,600-700,50-75K
BL000548,2024-01-20 19:15:57,692,48338,26.12,10,30328,major_purchase,RENT,1,7,49,67.74,3,568,0.268648,VERY_HIGH,APPROVED,0,0,<600,<50K
BL000549,2024-11-16 10:35:54,678,111375,19.06,4,7645,debt_consolidation,RENT,0,0,0,54.45,1,694,0.016875,MEDIUM,APPROVED,0,0,600-700,100K+
BL000550,2024-01-22 02:18:01,749,70162,27.24,1,6577,debt_consolidation,MORTGAGE,1,7,23,34.77,2,710,0.016875,MEDIUM,APPROVED,0,0,700-800,50-75K
BL000551,2024-02-23 00:32:52,670,57588,31.44,0,25483,other,RENT,1,3,58,29.01,1,657,0.05137,HIGH,APPROVED,0,0,600-700,50-75K
BL000552,2024-05-16 09:06:25,709,99650,10.65,6,8448,home_improvement,RENT,1,5,10,64.64,2,649,0.036371,MEDIUM,DECLINED,0,0,600-700,75-100K
BL000553,2024-07-27 17:02:12,763,37217,29.32,5,24100,home_improvement,MORTGAGE,1,3,10,45.45,2,675,0.029036,MEDIUM,APPROVED,0,0,600-700,<50K
BL000554,2024-09-14 08:01:57,670,99654,35.61,14,27704,major_purchase,RENT,1,3,57,40.86,0,611,0.133857,HIGH,APPROVED,0,0,600-700,75-100K
BL000555,2024-10-06 08:45:26,656,46378,32.51,14,18352,debt_consolidation,MORTGAGE,0,0,0,33.49,1,656,0.035105,MEDIUM,APPROVED,1,90,600-700,<50K
BL000556,2024-06-03 09:04:46,689,91105,28.07,6,13649,debt_consolidation,MORTGAGE,0,0,0,30.97,0,652,0.033605,MEDIUM,DECLINED,0,0,600-700,75-100K
BL000557,2024-06-22 00:46:16,723,47139,22.84,3,34862,credit_card,RENT,3,2,12,44.76,0,647,0.046698,HIGH,APPROVED,0,0,600-700,<50K
BL000558,2024-08-03 06:02:41,717,41576,15.26,5,46545,other,RENT,1,3,50,37.08,3,632,0.067236,HIGH,DECLINED,0,0,600-700,<50K
BL000559,2024-09-28 00:36:01,699,27304,16.74,17,9537,debt_consolidation,MORTGAGE,2,8,50,42.95,0,683,0.029043,MEDIUM,DECLINED,0,0,600-700,<50K
BL000560,2024-05-06 17:28:53,721,65851,21.49,15,24923,home_improvement,MORTGAGE,1,4,28,51.63,0,698,0.019,MEDIUM,APPROVED,0,0,600-700,50-75K
BL000561,2024-11-28 05:33:28,602,80826,15.45,4,38273,credit_card,MORTGAGE,0,0,0,79.31,1,621,0.128581,HIGH,APPROVED,0,0,600-700,75-100K
BL000562,2024-02-01 05:11:36,643,33542,25.58,2,28555,other,RENT,2,2,50,81.89,2,585,0.302221,VERY_HIGH,DECLINED,0,0,<600,<50K
BL000563,2024-10-06 21:47:39,699,147456,20.39,2,13691,major_purchase,MORTGAGE,0,0,0,14.79,0,735,0.003537,LOW,APPROVED,0,0,700-800,100K+
BL000564,2024-01-06 06:47:44,639,63853,22.1,5,13465,credit_card,RENT,1,3,50,59.92,0,613,0.125664,HIGH,APPROVED,0,0,600-700,50-75K
BL000565,2024-08-12 03:16:13,616,37961,35.35,8,6725,debt_consolidation,OWN,1,4,35,69.14,1,538,0.551841,VERY_HIGH,DECLINED,0,0,<600,<50K
BL000566,2024-04-18 01:52:18,624,160226,26.46,12,21106,major_purchase,RENT,2,3,26,31.93,1,598,0.16135,HIGH,DECLINED,0,0,<600,100K+
BL000567,2024-10-10 20:59:12,640,53114,30.82,1,10851,home_improvement,MORTGAGE,1,5,58,14.77,0,625,0.086711,HIGH,APPROVED,0,0,600-700,50-75K
BL000568,2024-07-07 03:03:14,680,126997,10.02,3,26745,other,OWN,1,3,28,32.53,2,685,0.018745,MEDIUM,APPROVED,0,30,600-700,100K+
BL000569,2024-05-30 05:04:24,634,18000,29.76,2,26812,other,MORTGAGE,0,0,0,22.4,1,651,0.056935,HIGH,DECLINED,0,0,600-700,<50K
BL000570,2024-05-04 12:58:39,703,175319,17.74,2,19114,other,MORTGAGE,1,2,54,31.33,1,686,0.021952,MEDIUM,APPROVED,0,0,600-700,100K+
BL000571,2024-05-28 10:42:46,783,70079,38.7,1,23065,major_purchase,MORTGAGE,0,0,0,0.0,0,789,0.002109,LOW,APPROVED,0,0,700-800,50-75K
BL000572,2024-01-22 22:40:15,682,63966,11.96,9,41355,debt_consolidation,MORTGAGE,1,7,33,24.45,0,690,0.02257,MEDIUM,APPROVED,0,0,600-700,50-75K
BL000573,2024-11-13 00:19:41,760,74438,18.2,7,17234,credit_card,OTHER,1,2,41,32.9,1,699,0.016961,MEDIUM,APPROVED,0,0,600-700,50-75K
BL000574,2024-10-01 09:57:47,706,37358,31.91,5,64845,major_purchase,RENT,0,0,0,0.0,2,686,0.022405,MEDIUM,APPROVED,0,0,600-700,<50K
BL000575,2024-10-14 03:16:25,628,98605,42.63,4,28809,major_purchase,RENT,0,0,0,58.62,3,560,0.339387,VERY_HIGH,DECLINED,0,0,<600,75-100K
BL000576,2024-11-23 23:44:31,676,78580,12.23,1,10982,debt_consolidation,OWN,0,0,0,42.16,1,676,0.029513,MEDIUM,DECLINED,0,0,600-700,75-100K
BL000577,2024-12-22 01:26:20,636,74324,22.96,1,10284,credit_card,RENT,0,0,0,58.87,0,655,0.060897,HIGH,APPROVED,0,0,600-700,50-75K
BL000578,2024-07-09 09:20:46,732,49059,18.45,1,34572,other,RENT,0,0,0,30.75,3,654,0.0559,HIGH,APPROVED,0,0,600-700,<50K
BL000579,2024-10-23 14:53:49,627,37158,38.75,13,25302,debt_consolidation,OWN,0,0,0,50.64,0,574,0.244779,VERY_HIGH,DECLINED,0,0,<600,<50K
BL000580,2024-10-15 08:36:10,763,75608,42.74,7,6439,other,OWN,0,0,0,54.32,2,696,0.01156,LOW,APPROVED,0,0,600-700,75-100K
BL000581,2024-12-13 18:51:20,722,93648,27.66,22,24166,home_improvement,RENT,2,4,35,7.85,1,720,0.011252,LOW,APPROVED,0,0,700-800,75-100K
BL000582,2024-06-20 10:13:35,579,68145,33.09,2,59429,major_purchase,MORTGAGE,1,3,50,32.29,1,554,0.434936,VERY_HIGH,DECLINED,0,0,<600,50-75K
BL000583,2024-05-05 16:47:15,733,58168,19.9,2,24259,credit_card,RENT,0,0,0,21.43,0,709,0.013206,LOW,APPROVED,0,0,700-800,50-75K
BL000584,2024-03-26 21:24:58,775,50079,15.51,2,10622,debt_consolidation,MORTGAGE,0,0,0,21.06,0,801,0.000882,LOW,APPROVED,0,0,800+,50-75K
BL000585,2024-01-30 13:56:43,647,89062,29.8,7,32904,debt_consolidation,RENT,0,0,0,50.47,2,629,0.111123,HIGH,APPROVED,0,0,600-700,75-100K
BL000586,2024-07-14 04:25:37,744,125451,21.53,1,35874,home_improvement,RENT,0,0,0,43.65,0,751,0.004948,LOW,APPROVED,0,0,700-800,100K+
BL000587,2024-08-21 18:19:32,591,59403,31.91,12,12627,major_purchase,MORTGAGE,0,0,0,32.64,1,571,0.304274,VERY_HIGH,DECLINED,0,0,<600,50-75K
BL000588,2024-08-07 09:18:16,704,42873,22.95,12,27113,major_purchase,MORTGAGE,1,6,57,26.68,0,680,0.030506,MEDIUM,APPROVED,0,30,600-700,<50K
BL000589,2024-02-07 06:30:58,599,200765,36.6,3,7785,credit_card,OWN,0,0,0,57.41,1,569,0.282268,VERY_HIGH,APPROVED,1,120,<600,100K+
BL000590,2024-09-07 16:14:25,717,30927,23.96,1,61992,credit_card,RENT,0,0,0,82.99,0,661,0.041767,MEDIUM,APPROVED,0,0,600-700,<50K
BL000591,2024-05-19 08:24:04,592,71897,25.23,12,23743,other,MORTGAGE,1,3,47,54.19,0,547,0.339675,VERY_HIGH,DECLINED,1,120,<600,50-75K
BL000592,2024-06-16 00:41:03,545,60768,33.52,10,6762,debt_consolidation,MORTGAGE,1,2,8,73.88,2,489,0.791337,VERY_HIGH,DECLINED,0,0,<600,50-75K
BL000593,2024-09-11 21:57:56,712,117309,26.81,2,14215,major_purchase,OWN,1,5,58,21.03,1,708,0.023683,MEDIUM,APPROVED,0,0,700-800,100K+
BL000594,2024-08-31 01:45:21,816,59790,37.04,8,13535,debt_consolidation,MORTGAGE,1,1,31,30.98,1,716,0.012541,LOW,APPROVED,0,60,700-800,50-75K
BL000595,2024-01-05 23:13:38,657,29430,20.07,1,9548,credit_card,MORTGAGE,1,7,34,61.81,3,611,0.203238,VERY_HIGH,APPROVED,0,0,600-700,<50K
BL000596,2024-03-27 11:58:53,736,37600,17.23,6,41277,debt_consolidation,MORTGAGE,0,0,0,38.9,1,738,0.0068,LOW,APPROVED,0,0,700-800,<50K
BL000597,2024-06-12 20:42:31,696,67023,32.92,3,30248,credit_card,MORTGAGE,1,4,25,43.96,1,675,0.03208,MEDIUM,DECLINED,0,30,600-700,50-75K
BL000598,2024-06-08 17:22:56,672,63041,29.46,8,24850,debt_consolidation,MORTGAGE,0,0,0,76.18,3,672,0.034397,MEDIUM,APPROVED,0,0,600-700,50-75K
BL000599,2024-02-24 00:34:29,724,46827,20.12,5,36136,credit_card,MORTGAGE,0,0,0,25.24,1,691,0.017686,MEDIUM,APPROVED,0,0,600-700,<50K
BL000600,2024-11-01 01:39:59,780,49108,15.49,15,12073,home_improvement,MORTGAGE,1,3,42,40.88,0,735,0.007593,LOW,APPROVED,0,0,700-800,<50K
BL000601,2024-02-25 18:38:40,622,30843,19.18,26,14253,home_improvement,RENT,0,0,0,42.05,0,591,0.188951,VERY_HIGH,APPROVED,1,90,<600,<50K
BL000602,2024-02-04 23:11:09,721,32019,24.57,3,35432,other,RENT,0,0,0,30.01,0,735,0.00649,LOW,APPROVED,0,0,700-800,<50K
BL000603,2024-07-20 06:25:23,709,47580,22.69,1,29829,home_improvement,RENT,1,4,58,77.75,1,711,0.027574,MEDIUM,APPROVED,0,0,700-800,<50K
BL000604,2024-03-19 05:28:10,612,46273,15.45,2,23121,debt_consolidation,MORTGAGE,1,6,6,26.63,0,617,0.139963,HIGH,APPROVED,0,0,600-700,<50K
BL000605,2024-07-12 04:31:44,779,59685,17.38,11,17260,credit_card,RENT,0,0,0,21.32,1,768,0.002367,LOW,APPROVED,0,0,700-800,50-75K
BL000606,2024-09-19 17:07:14,797,36882,29.37,0,23219,home_improvement,OWN,0,0,0,27.09,1,721,0.012001,LOW,APPROVED,0,0,700-800,<50K
BL000607,2024-02-11 09:16:27,638,131828,34.24,1,12661,other,OTHER,1,8,50,75.75,0,622,0.12114,HIGH,APPROVED,1,150,600-700,100K+
BL000608,2024-09-24 14:31:00,786,28263,37.68,5,9333,major_purchase,MORTGAGE,1,8,51,38.14,0,671,0.031066,MEDIUM,APPROVED,0,0,600-700,<50K
BL000609,2024-03-02 01:18:29,693,95572,18.02,4,6973,credit_card,RENT,0,0,0,66.45,3,678,0.020872,MEDIUM,APPROVED,0,0,600-700,75-100K
BL000610,2024-10-26 06:58:51,681,82514,15.31,11,27494,debt_consolidation,MORTGAGE,0,0,0,62.34,1,641,0.067251,HIGH,APPROVED,0,0,600-700,75-100K
BL000611,2024-12-23 05:00:34,773,133520,29.47,4,44765,debt_consolidation,RENT,0,0,0,38.35,0,749,0.003957,LOW,APPROVED,0,0,700-800,100K+
BL000612,2024-10-19 02:38:49,703,121787,21.85,10,15632,major_purchase,RENT,0,0,0,31.4,2,694,0.018482,MEDIUM,APPROVED,0,0,600-700,100K+
BL000613,2024-09-07 18:46:42,708,34783,31.0,5,35267,other,OWN,0,0,0,59.11,0,669,0.038581,MEDIUM,APPROVED,0,0,600-700,<50K
BL000614,2024-12-14 01:40:49,773,75735,32.29,2,20860,credit_card,RENT,0,0,0,12.98,0,777,0.002261,LOW,APPROVED,0,0,700-800,75-100K
BL000615,2024-02-18 19:34:19,761,91590,21.09,15,12395,home_improvement,RENT,1,3,1,28.63,4,709,0.009752,LOW,DECLINED,0,0,700-800,75-100K
BL000616,2024-01-06 07:44:02,739,99685,23.22,5,35016,credit_card,MORTGAGE,1,5,53,7.57,1,732,0.007789,LOW,APPROVED,0,0,700-800,75-100K
BL000617,2024-12-05 20:12:00,613,81807,10.72,16,16217,credit_card,RENT,0,0,0,30.62,2,664,0.043627,HIGH,APPROVED,1,90,600-700,75-100K
BL000618,2024-07-26 20:53:14,604,49512,10.99,0,15626,home_improvement,RENT,1,1,50,55.84,1,611,0.10224,HIGH,DECLINED,0,0,600-700,<50K
BL000619,2024-04-09 21:25:49,752,117447,30.29,0,19673,other,MORTGAGE,1,3,45,41.49,2,729,0.008154,LOW,APPROVED,0,0,700-800,100K+
BL000620,2024-02-17 03:48:38,639,61143,41.93,11,15681,debt_consolidation,MORTGAGE,0,0,0,56.83,2,590,0.218707,VERY_HIGH,DECLINED,1,120,<600,50-75K
BL000621,2024-12-12 16:45:38,698,51559,9.7,5,8320,credit_card,OWN,1,4,27,29.27,0,709,0.013845,LOW,APPROVED,0,0,700-800,50-75K
BL000622,2024-11-27 05:57:52,631,70511,11.83,12,12311,major_purchase,OWN,0,0,0,38.68,1,620,0.088135,HIGH,APPROVED,0,0,600-700,50-75K
BL000623,2024-05-30 22:15:04,680,52624,19.89,5,11546,home_improvement,RENT,0,0,0,52.86,0,663,0.037184,MEDIUM,APPROVED,0,0,600-700,50-75K
BL000624,2024-07-04 14:18:55,620,47513,30.14,15,22439,home_improvement,RENT,1,3,44,36.2,1,606,0.150696,HIGH,APPROVED,0,0,600-700,<50K
BL000625,2024-06-16 09:14:03,780,68536,8.04,6,29649,debt_consolidation,RENT,0,0,0,19.31,3,758,0.002486,LOW,APPROVED,0,0,700-800,50-75K
BL000626,2024-06-01 11:27:35,634,219160,24.09,2,48082,major_purchase,OTHER,0,0,0,43.46,2,665,0.044127,HIGH,DECLINED,0,0,600-700,100K+
BL000627,2024-06-30 13:53:45,683,75260,35.43,2,25517,other,MORTGAGE,1,2,28,23.86,0,652,0.048856,HIGH,APPROVED,1,120,600-700,75-100K
BL000628,2024-06-29 18:29:58,680,67376,4.54,12,8427,other,RENT,0,0,0,65.01,0,734,0.007245,LOW,APPROVED,0,0,700-800,50-75K
BL000629,2024-02-06 14:34:19,756,52718,13.95,2,9302,debt_consolidation,OWN,0,0,0,60.41,3,709,0.009651,LOW,APPROVED,0,0,700-800,50-75K
BL000630,2024-09-13 02:38:27,612,76377,29.79,1,18590,major_purchase,OWN,1,3,26,35.5,2,558,0.316042,VERY_HIGH,DECLINED,0,0,<600,75-100K
BL000631,2024-01-03 22:02:15,688,37597,33.32,3,44760,debt_consolidation,RENT,1,4,17,62.52,1,585,0.191411,VERY_HIGH,DECLINED,0,0,<600,<50K
BL000632,2024-08-26 15:40:34,678,81347,16.83,11,13351,debt_consolidation,MORTGAGE,1,3,36,64.9,1,642,0.03921,MEDIUM,APPROVED,0,0,600-700,75-100K
BL000633,2024-01-16 07:01:32,719,73600,31.27,3,21635,credit_card,RENT,1,6,50,37.5,1,688,0.017462,MEDIUM,APPROVED,0,0,600-700,50-75K
BL000634,2024-05-18 13:40:55,716,67686,31.83,14,13904,major_purchase,RENT,1,3,47,24.23,3,700,0.017099,MEDIUM,APPROVED,0,0,700-800,50-75K
BL000635,2024-08-14 10:38:36,664,80988,11.95,0,24461,home_improvement,RENT,0,0,0,22.1,0,692,0.027981,MEDIUM,APPROVED,0,0,600-700,75-100K
BL000636,2024-02-29 16:59:09,703,59315,22.94,6,15747,home_improvement,RENT,1,3,24,41.44,2,676,0.038863,MEDIUM,APPROVED,0,0,600-700,50-75K
BL000637,2024-07-08 02:00:46,669,88364,18.89,1,30018,home_improvement,MORTGAGE,1,0,10,31.58,3,603,0.224661,VERY_HIGH,DECLINED,0,0,600-700,75-100K
BL000638,2024-07-29 17:26:27,716,83329,21.2,10,19226,debt_consolidation,RENT,2,2,42,67.91,0,698,0.023467,MEDIUM,APPROVED,0,0,600-700,75-100K
BL000639,2024-04-01 07:29:34,684,84157,25.64,1,32360,credit_card,RENT,0,0,0,31.71,2,718,0.017221,MEDIUM,APPROVED,1,90,700-800,75-100K
BL000640,2024-09-06 15:38:29,654,65112,14.3,1,12377,other,MORTGAGE,0,0,0,17.27,0,680,0.027443,MEDIUM,DECLINED,0,0,600-700,50-75K
BL000641,2024-01-27 00:53:34,688,97711,7.63,7,28365,major_purchase,RENT,0,0,0,29.04,2,732,0.008897,LOW,APPROVED,0,0,700-800,75-100K
BL000642,2024-06-28 20:41:21,710,59759,11.84,1,23006,home_improvement,RENT,0,0,0,56.93,4,699,0.019227,MEDIUM,APPROVED,0,0,600-700,50-75K
BL000643,2024-08-06 09:55:01,815,117857,12.46,9,26603,home_improvement,MORTGAGE,2,2,41,37.82,3,701,0.007715,LOW,APPROVED,0,0,700-800,100K+
BL000644,2024-05-07 20:29:27,663,61743,21.92,10,17161,debt_consolidation,RENT,0,0,0,0.0,1,708,0.013398,LOW,APPROVED,0,0,700-800,50-75K
BL000645,2024-09-03 10:32:17,707,117278,31.59,4,30011,other,MORTGAGE,0,0,0,4.0,2,714,0.011122,LOW,APPROVED,0,0,700-800,100K+
BL000646,2024-01-20 18:21:03,770,73146,19.2,1,25586,home_improvement,MORTGAGE,0,0,0,57.96,2,735,0.006947,LOW,APPROVED,0,0,700-800,50-75K
BL000647,2024-03-19 19:36:27,576,64125,17.57,2,19182,home_improvement,RENT,0,0,0,57.93,4,562,0.3461,VERY_HIGH,APPROVED,0,0,<600,50-75K
BL000648,2024-04-21 22:33:45,594,40883,19.3,1,34163,home_improvement,RENT,0,0,0,79.56,0,595,0.172612,HIGH,APPROVED,1,150,<600,<50K
BL000649,2024-11-24 16:57:09,625,87094,30.13,2,14148,major_purchase,RENT,0,0,0,10.45,3,632,0.076129,HIGH,APPROVED,0,0,600-700,75-100K
BL000650,2024-07-20 02:00:19,684,76811,22.53,2,54493,home_improvement,MORTGAGE,0,0,0,89.18,0,648,0.070421,HIGH,APPROVED,0,0,600-700,75-100K
BL000651,2024-04-19 13:34:49,824,66525,24.0,18,7708,home_improvement,OWN,0,0,0,55.67,1,722,0.009981,LOW,APPROVED,0,0,700-800,50-75K
BL000652,2024-05-21 09:33:52,712,78599,17.88,5,21894,credit_card,MORTGAGE,0,0,0,60.75,1,727,0.011506,LOW,APPROVED,0,0,700-800,75-100K
BL000653,2024-11-30 16:35:25,756,69225,23.25,1,32429,credit_card,OWN,0,0,0,20.27,2,745,0.003528,LOW,APPROVED,0,0,700-800,50-75K
BL000654,2024-06-03 13:04:47,678,42640,20.31,2,17912,debt_consolidation,MORTGAGE,1,5,55,44.65,4,598,0.237468,VERY_HIGH,DECLINED,1,120,<600,<50K
BL000655,2024-03-11 16:34:17,554,37839,33.45,2,28876,credit_card,MORTGAGE,0,0,0,72.91,3,506,0.813977,VERY_HIGH,DECLINED,1,90,<600,<50K
BL000656,2024-10-06 18:35:40,563,87153,24.1,3,15881,other,RENT,2,3,6,54.72,2,497,0.722318,VERY_HIGH,DECLINED,1,150,<600,75-100K
BL000657,2024-06-09 04:03:25,746,70813,34.0,2,32508,other,OWN,0,0,0,50.28,0,693,0.019349,MEDIUM,APPROVED,0,0,600-700,50-75K
BL000658,2024-06-11 06:24:20,700,131499,27.49,2,34744,major_purchase,RENT,0,0,0,80.57,0,661,0.027922,MEDIUM,APPROVED,0,0,600-700,100K+
BL000659,2024-02-09 20:33:13,619,164949,25.89,1,9013,other,OTHER,0,0,0,30.38,0,655,0.023964,MEDIUM,APPROVED,0,0,600-700,100K+
BL000660,2024-08-19 12:10:39,751,95492,8.82,5,7247,debt_consolidation,MORTGAGE,0,0,0,55.2,2,731,0.004817,LOW,APPROVED,0,0,700-800,75-100K
BL000661,2024-06-05 10:53:24,605,87542,21.86,3,20324,home_improvement,MORTGAGE,0,0,0,49.61,2,604,0.164659,HIGH,APPROVED,1,120,600-700,75-100K
BL000662,2024-05-18 13:29:55,752,84646,15.6,1,9690,home_improvement,MORTGAGE,1,5,3,71.04,2,713,0.011672,LOW,APPROVED,0,0,700-800,75-100K
BL000663,2024-01-12 08:03:04,770,68400,32.2,1,22460,credit_card,RENT,2,2,36,63.73,4,654,0.045176,HIGH,APPROVED,0,0,600-700,50-75K
BL000664,2024-07-10 01:43:30,648,48544,26.57,15,27927,credit_card,MORTGAGE,2,3,51,58.85,1,594,0.234788,VERY_HIGH,APPROVED,0,0,<600,<50K
BL000665,2024-02-08 12:02:40,629,19363,27.01,17,7865,credit_card,RENT,0,0,0,6.46,0,599,0.196791,VERY_HIGH,DECLINED,0,60,<600,<50K
BL000666,2024-12-23 23:47:16,736,92761,22.21,1,22295,home_improvement,MORTGAGE,1,1,53,43.87,0,762,0.00509,LOW,APPROVED,0,0,700-800,75-100K
BL000667,2024-02-24 15:30:20,630,85531,35.19,6,15985,home_improvement,MORTGAGE,1,2,11,54.74,2,545,0.388264,VERY_HIGH,DECLINED,0,30,<600,75-100K
BL000668,2024-01-26 05:12:12,737,66228,6.36,17,25694,other,MORTGAGE,0,0,0,52.08,0,736,0.004844,LOW,APPROVED,0,0,700-800,50-75K
BL000669,2024-11-29 17:50:44,624,69227,29.73,2,11472,major_purchase,MORTGAGE,1,1,42,0.0,0,645,0.054381,HIGH,APPROVED,1,60,600-700,50-75K
BL000670,2024-07-15 18:32:58,734,102084,20.16,1,24301,credit_card,OWN,0,0,0,19.43,4,686,0.018854,MEDIUM,APPROVED,0,0,600-700,100K+
BL000671,2024-04-04 15:50:20,695,99586,14.82,18,17823,debt_consolidation,RENT,2,2,20,56.17,2,652,0.046775,HIGH,DECLINED,0,0,600-700,75-100K
BL000672,2024-12-02 01:24:22,666,71299,17.3,12,6345,major_purchase,RENT,1,3,40,63.76,1,715,0.019773,MEDIUM,APPROVED,0,0,700-800,50-75K
BL000673,2024-10-29 07:19:09,641,58168,23.06,1,11982,debt_consolidation,RENT,1,3,16,54.99,2,626,0.090554,HIGH,APPROVED,0,30,600-700,50-75K
BL000674,2024-02-07 13:42:16,703,86090,26.01,0,37018,home_improvement,RENT,0,0,0,24.47,2,698,0.019234,MEDIUM,APPROVED,0,0,600-700,75-100K
BL000675,2024-02-24 21:34:08,586,94365,32.92,5,23150,home_improvement,RENT,0,0,0,60.24,2,549,0.361264,VERY_HIGH,APPROVED,1,90,<600,75-100K
BL000676,2024-07-26 21:45:02,675,180834,17.69,18,26345,debt_consolidation,MORTGAGE,0,0,0,65.25,2,671,0.027448,MEDIUM,APPROVED,0,0,600-700,100K+
BL000677,2024-06-18 01:47:52,668,42872,17.03,5,27869,major_purchase,OWN,0,0,0,49.88,1,687,0.027332,MEDIUM,APPROVED,0,60,600-700,<50K
BL000678,2024-03-28 04:55:18,727,82073,32.25,7,17296,credit_card,MORTGAGE,0,0,0,37.08,2,695,0.023178,MEDIUM,DECLINED,0,0,600-700,75-100K
BL000679,2024-11-14 00:54:29,621,43440,33.16,1,9055,debt_consolidation,RENT,0,0,0,47.71,1,566,0.254247,VERY_HIGH,DECLINED,0,0,<600,<50K
BL000680,2024-02-25 02:51:55,784,52874,14.64,5,26936,credit_card,MORTGAGE,0,0,0,67.07,0,772,0.004173,LOW,APPROVED,0,0,700-800,50-75K
BL000681,2024-05-24 09:07:06,673,192743,17.35,1,10774,debt_consolidation,MORTGAGE,0,0,0,13.7,3,663,0.044456,HIGH,APPROVED,0,0,600-700,100K+
BL000682,2024-10-29 16:28:28,627,53851,26.14,0,6663,major_purchase,RENT,0,0,0,33.99,3,642,0.054767,HIGH,DECLINED,0,0,600-700,50-75K
BL000683,2024-08-06 06:58:55,766,61541,20.88,18,21800,major_purchase,RENT,0,0,0,83.55,1,751,0.00472,LOW,APPROVED,0,0,700-800,50-75K
BL000684,2024-11-21 19:38:07,781,49953,29.27,11,34408,credit_card,RENT,0,0,0,59.45,2,709,0.010432,LOW,APPROVED,0,0,700-800,<50K
BL000685,2024-06-23 19:40:51,680,97086,16.84,9,19470,home_improvement,RENT,0,0,0,72.53,1,636,0.054484,HIGH,APPROVED,0,0,600-700,75-100K
BL000686,2024-04-26 10:51:28,641,53692,17.71,2,11231,home_improvement,MORTGAGE,0,0,0,88.85,1,623,0.111621,HIGH,APPROVED,0,60,600-700,50-75K
BL000687,2024-07-26 10:24:57,691,30203,49.82,1,5936,credit_card,MORTGAGE,1,4,13,75.94,2,580,0.315344,VERY_HIGH,DECLINED,0,0,<600,<50K
BL000688,2024-10-30 22:58:23,652,69550,33.09,6,25326,other,RENT,1,1,56,41.94,3,591,0.268703,VERY_HIGH,DECLINED,0,0,<600,50-75K
BL000689,2024-11-22 07:29:43,673,95428,37.39,5,39811,major_purchase,OWN,1,4,42,22.26,1,636,0.051088,HIGH,APPROVED,0,0,600-700,75-100K
BL000690,2024-08-10 00:34:15,776,64367,27.05,1,13286,credit_card,RENT,2,4,26,43.81,2,681,0.019434,MEDIUM,DECLINED,0,0,600-700,50-75K
BL000691,2024-09-26 19:59:45,712,69988,18.0,10,23578,home_improvement,RENT,0,0,0,37.89,1,761,0.003026,LOW,APPROVED,0,0,700-800,50-75K
BL000692,2024-10-28 07:52:36,698,47140,33.94,0,8761,home_improvement,MORTGAGE,1,6,22,6.3,0,690,0.026706,MEDIUM,APPROVED,0,0,600-700,<50K
BL000693,2024-03-18 19:08:39,709,42143,37.02,6,11519,other,RENT,0,0,0,53.67,0,653,0.071589,HIGH,APPROVED,0,0,600-700,<50K
BL000694,2024-01-08 23:01:22,687,65121,22.07,10,25630,debt_consolidation,MORTGAGE,0,0,0,24.33,1,711,0.010437,LOW,APPROVED,0,0,700-800,50-75K
BL000695,2024-09-28 23:42:24,736,38431,21.32,3,22412,major_purchase,RENT,0,0,0,70.99,1,661,0.030173,MEDIUM,APPROVED,0,0,600-700,<50K
BL000696,2024-04-19 14:57:16,738,52915,28.61,11,12065,credit_card,MORTGAGE,0,0,0,56.96,1,731,0.0081,LOW,APPROVED,0,0,700-800,50-75K
BL000697,2024-02-09 13:01:22,670,41042,22.88,0,11343,other,MORTGAGE,1,5,30,59.15,0,626,0.088616,HIGH,APPROVED,0,0,600-700,<50K
BL000698,2024-05-13 04:42:28,696,58123,10.52,5,20228,other,OWN,1,4,15,36.06,0,705,0.015356,LOW,APPROVED,0,0,700-800,50-75K
BL000699,2024-07-28 12:02:59,823,93522,29.64,3,20090,debt_consolidation,OWN,1,1,11,19.57,1,812,0.001123,LOW,APPROVED,0,0,800+,75-100K
BL000700,2024-02-13 10:54:36,713,63700,30.71,3,15943,credit_card,MORTGAGE,0,0,0,12.23,0,704,0.016489,MEDIUM,APPROVED,0,0,700-800,50-75K
BL000701,2024-04-30 03:29:13,680,109268,8.2,0,18990,other,OTHER,0,0,0,23.89,0,754,0.002868,LOW,APPROVED,0,0,700-800,100K+
BL000702,2024-09-12 01:19:48,803,76555,39.25,13,36818,credit_card,MORTGAGE,1,5,4,34.81,0,720,0.006596,LOW,APPROVED,0,30,700-800,75-100K
BL000703,2024-09-14 08:50:03,691,60835,13.72,1,14749,home_improvement,OTHER,1,2,53,66.11,2,623,0.072153,HIGH,APPROVED,0,0,600-700,50-75K
BL000704,2024-09-29 21:47:11,630,42471,12.72,1,42859,major_purchase,MORTGAGE,2,7,25,0.0,2,614,0.15757,HIGH,APPROVED,0,0,600-700,<50K
BL000705,2024-04-26 22:35:17,727,67654,15.51,0,23052,other,OWN,1,2,30,43.84,2,706,0.017846,MEDIUM,APPROVED,0,0,700-800,50-75K
BL000706,2024-11-01 13:19:26,641,37684,23.19,4,26877,debt_consolidation,OWN,2,2,58,62.06,2,568,0.27391,VERY_HIGH,APPROVED,1,120,<600,<50K
BL000707,2024-01-13 15:41:45,663,91499,22.6,0,8044,debt_consolidation,MORTGAGE,1,4,18,0.0,2,673,0.026905,MEDIUM,APPROVED,0,0,600-700,75-100K
BL000708,2024-02-11 21:53:07,708,34603,8.45,2,12276,home_improvement,OWN,3,1,50,27.66,0,696,0.013384,LOW,APPROVED,0,0,600-700,<50K
BL000709,2024-01-08 02:52:22,683,33833,24.26,14,17448,major_purchase,OWN,0,0,0,47.69,2,667,0.034291,MEDIUM,APPROVED,0,0,600-700,<50K
BL000710,2024-06-30 14:41:07,648,43338,27.05,1,11033,home_improvement,OTHER,2,3,39,20.18,1,588,0.191246,VERY_HIGH,DECLINED,0,0,<600,<50K
BL000711,2024-12-16 22:59:26,660,29660,17.15,14,34190,major_purchase,MORTGAGE,1,5,12,44.84,1,649,0.044695,HIGH,APPROVED,0,0,600-700,<50K
BL000712,2024-05-12 01:46:55,657,67508,2.86,2,34396,home_improvement,RENT,0,0,0,42.05,1,705,0.018846,MEDIUM,APPROVED,0,0,700-800,50-75K
BL000713,2024-07-11 11:21:18,754,44942,13.21,6,35278,credit_card,MORTGAGE,1,2,19,65.81,2,703,0.018071,MEDIUM,APPROVED,0,0,700-800,<50K
BL000714,2024-03-12 03:08:17,650,51889,16.97,1,15956,home_improvement,OTHER,0,0,0,19.14,2,673,0.031322,MEDIUM,APPROVED,0,0,600-700,50-75K
BL000715,2024-11-02 04:16:21,659,85487,29.64,2,8402,debt_consolidation,MORTGAGE,1,6,18,67.21,1,621,0.144392,HIGH,DECLINED,0,0,600-700,75-100K
BL000716,2024-01-24 16:47:33,802,23121,18.91,7,4569,debt_consolidation,MORTGAGE,1,3,16,33.71,0,753,0.003322,LOW,APPROVED,0,0,700-800,<50K
BL000717,2024-10-25 02:44:17,660,57245,27.04,2,27301,home_improvement,MORTGAGE,0,0,0,24.05,0,661,0.047575,HIGH,APPROVED,0,0,600-700,50-75K
BL000718,2024-10-28 20:42:56,772,75657,48.1,0,12824,debt_consolidation,MORTGAGE,0,0,0,35.41,0,685,0.017506,MEDIUM,APPROVED,0,0,600-700,75-100K
BL000719,2024-07-28 23:39:40,762,102868,23.17,7,6484,credit_card,RENT,0,0,0,69.95,2,709,0.009866,LOW,APPROVED,0,0,700-800,100K+
BL000720,2024-06-18 01:56:56,682,68224,21.42,14,14452,credit_card,RENT,1,7,10,56.86,0,666,0.047028,HIGH,APPROVED,0,0,600-700,50-75K
BL000721,2024-12-03 05:44:06,612,47067,31.1,2,48522,home_improvement,RENT,0,0,0,34.57,0,596,0.146396,HIGH,DECLINED,0,0,<600,<50K
BL000722,2024-05-17 18:52:40,715,98797,34.21,5,17376,credit_card,MORTGAGE,2,4,52,1.28,0,660,0.037682,MEDIUM,APPROVED,0,0,600-700,75-100K
BL000723,2024-05-01 02:24:01,727,98477,35.05,34,15595,other,MORTGAGE,0,0,0,41.86,0,679,0.019214,MEDIUM,APPROVED,0,0,600-700,75-100K
BL000724,2024-12-24 04:26:20,743,178592,23.57,4,30324,major_purchase,RENT,0,0,0,37.52,1,741,0.00377,LOW,APPROVED,0,0,700-800,100K+
BL000725,2024-03-03 01:49:30,694,173535,12.1,5,20640,debt_consolidation,RENT,0,0,0,42.06,1,708,0.012319,LOW,APPROVED,0,0,700-800,100K+
BL000726,2024-08-31 12:10:55,756,58362,6.36,10,15141,other,RENT,0,0,0,30.58,0,788,0.001572,LOW,APPROVED,0,0,700-800,50-75K
BL000727,2024-02-03 17:41:50,766,121013,15.46,1,27157,credit_card,MORTGAGE,2,4,4,48.86,2,693,0.012047,LOW,APPROVED,0,0,600-700,100K+
BL000728,2024-04-20 07:33:46,632,70767,20.11,1,7892,debt_consolidation,MORTGAGE,0,0,0,57.48,1,658,0.077921,HIGH,APPROVED,0,0,600-700,50-75K
BL000729,2024-10-29 20:57:42,769,40109,12.38,14,4755,other,RENT,0,0,0,38.32,1,798,0.001805,LOW,APPROVED,0,0,700-800,<50K
BL000730,2024-02-03 16:25:17,700,89011,9.94,5,10172,credit_card,MORTGAGE,0,0,0,38.78,2,715,0.008059,LOW,APPROVED,0,0,700-800,75-100K
BL000731,2024-09-12 22:01:12,659,117536,19.93,0,46963,other,OTHER,1,5,1,51.63,1,664,0.042198,HIGH,APPROVED,0,0,600-700,100K+
BL000732,2024-08-22 07:12:41,672,21671,18.87,7,33794,credit_card,RENT,0,0,0,48.79,0,659,0.045319,HIGH,APPROVED,0,0,600-700,<50K
BL000733,2024-01-23 16:13:56,793,118858,17.74,2,6071,credit_card,OWN,0,0,0,47.75,2,742,0.004233,LOW,APPROVED,0,0,700-800,100K+
BL000734,2024-04-02 22:35:52,744,43772,38.92,1,31681,debt_consolidation,RENT,0,0,0,62.8,2,625,0.071259,HIGH,APPROVED,0,0,600-700,<50K
BL000735,2024-08-03 21:42:13,592,135078,31.23,6,7032,credit_card,OTHER,1,2,14,39.86,0,616,0.123372,HIGH,APPROVED,0,0,600-700,100K+
BL000736,2024-10-19 11:40:17,695,71643,11.33,2,20376,credit_card,RENT,0,0,0,60.27,0,699,0.014892,LOW,APPROVED,0,0,600-700,50-75K
BL000737,2024-11-05 10:48:30,682,68859,31.02,10,28023,home_improvement,MORTGAGE,1,6,23,94.07,3,570,0.390612,VERY_HIGH,APPROVED,0,0,<600,50-75K
BL000738,2024-06-19 20:59:31,680,122483,21.57,3,11317,debt_consolidation,MORTGAGE,0,0,0,34.95,0,716,0.01031,LOW,APPROVED,0,0,700-800,100K+
BL000739,2024-08-10 06:12:44,662,55066,15.7,4,23021,major_purchase,MORTGAGE,0,0,0,38.91,3,616,0.095319,HIGH,APPROVED,0,0,600-700,50-75K
BL000740,2024-07-29 04:43:51,610,168831,17.62,3,7130,major_purchase,RENT,0,0,0,54.48,1,658,0.036804,MEDIUM,APPROVED,0,0,600-700,100K+
BL000741,2024-12-02 03:16:03,737,41166,46.57,3,48707,debt_consolidation,OWN,1,3,9,63.83,1,630,0.087067,HIGH,APPROVED,0,0,600-700,<50K
BL000742,2024-10-26 20:04:23,638,48614,21.7,4,65517,other,RENT,1,8,30,79.73,2,581,0.310555,VERY_HIGH,APPROVED,0,0,<600,<50K
BL000743,2024-02-06 12:53:38,670,38823,14.78,9,31025,credit_card,MORTGAGE,0,0,0,31.84,4,659,0.031558,MEDIUM,APPROVED,0,0,600-700,<50K
BL000744,2024-09-06 03:16:20,657,82253,21.24,4,9672,debt_consolidation,MORTGAGE,0,0,0,27.04,4,602,0.176424,HIGH,APPROVED,0,0,600-700,75-100K
BL000745,2024-03-27 10:48:11,650,62007,29.31,1,14749,other,RENT,0,0,0,44.33,2,662,0.055743,HIGH,APPROVED,0,0,600-700,50-75K
BL000746,2024-07-27 01:26:31,731,92665,23.86,10,13251,other,RENT,0,0,0,77.34,0,720,0.006036,LOW,APPROVED,0,0,700-800,75-100K
BL000747,2024-02-17 09:53:36,711,106199,20.79,4,18355,credit_card,RENT,0,0,0,23.36,1,735,0.008858,LOW,APPROVED,0,0,700-800,100K+
BL000748,2024-11-23 07:27:43,653,92387,14.3,5,25222,other,RENT,1,4,5,48.76,1,639,0.061436,HIGH,APPROVED,0,0,600-700,75-100K
BL000749,2024-08-16 18:55:03,638,105295,16.69,4,16118,debt_consolidation,RENT,0,0,0,73.45,0,640,0.067515,HIGH,APPROVED,0,0,600-700,100K+
BL000750,2024-02-01 14:28:46,664,105780,10.38,7,32878,other,OWN,0,0,0,63.43,4,598,0.161924,HIGH,DECLINED,0,0,<600,100K+
BL000751,2024-06-21 01:13:55,743,61376,22.8,9,90000,home_improvement,RENT,1,1,45,19.01,2,725,0.008801,LOW,APPROVED,0,0,700-800,50-75K
BL000752,2024-05-03 00:35:37,697,45335,27.12,1,56889,home_improvement,OWN,1,3,49,34.12,2,643,0.072702,HIGH,APPROVED,0,0,600-700,<50K
BL000753,2024-09-30 06:29:16,703,40480,26.72,0,33126,debt_consolidation,OWN,0,0,0,77.72,3,662,0.045557,HIGH,APPROVED,0,0,600-700,<50K
BL000754,2024-09-19 15:13:14,672,89917,22.13,2,11773,major_purchase,OWN,0,0,0,44.11,1,688,0.043278,HIGH,APPROVED,1,120,600-700,75-100K
BL000755,2024-04-21 09:59:20,676,49758,34.6,7,27460,major_purchase,RENT,2,5,42,89.59,1,555,0.260452,VERY_HIGH,APPROVED,0,0,<600,<50K
BL000756,2024-03-09 13:32:55,702,40584,26.49,15,7234,debt_consolidation,MORTGAGE,2,6,2,19.06,3,634,0.070623,HIGH,APPROVED,0,0,600-700,<50K
BL000757,2024-12-16 23:46:38,589,43060,28.12,2,13826,debt_consolidation,MORTGAGE,2,4,40,29.05,0,579,0.205734,VERY_HIGH,APPROVED,0,0,<600,<50K
BL000758,2024-10-05 17:16:25,779,57334,13.32,3,90000,other,MORTGAGE,0,0,0,0.0,0,791,0.001332,LOW,APPROVED,0,0,700-800,50-75K
BL000759,2024-09-09 14:05:29,647,70445,19.56,16,41094,other,MORTGAGE,0,0,0,55.57,1,678,0.021916,MEDIUM,APPROVED,0,0,600-700,50-75K
BL000760,2024-10-29 02:27:40,659,56304,18.89,1,47868,debt_consolidation,RENT,1,3,11,22.07,1,643,0.059723,HIGH,APPROVED,0,0,600-700,50-75K
BL000761,2024-11-28 10:57:42,764,39317,32.54,22,10173,credit_card,MORTGAGE,0,0,0,12.92,0,768,0.002563,LOW,APPROVED,0,0,700-800,<50K
BL000762,2024-04-26 20:35:24,702,81050,21.87,1,14181,debt_consolidation,RENT,0,0,0,35.56,3,697,0.014155,LOW,APPROVED,0,0,600-700,75-100K
BL000763,2024-11-11 20:53:19,692,22506,21.55,22,14021,other,RENT,0,0,0,49.67,2,698,0.020851,MEDIUM,APPROVED,0,0,600-700,<50K
BL000764,2024-10-08 21:38:22,658,54197,20.96,2,28358,debt_consolidation,RENT,1,1,7,17.18,3,642,0.045452,HIGH,APPROVED,0,0,600-700,50-75K
BL000765,2024-08-17 19:29:42,604,101458,36.74,4,19736,major_purchase,MORTGAGE,0,0,0,68.01,0,537,0.489264,VERY_HIGH,APPROVED,0,0,<600,100K+
BL000766,2024-06-28 08:11:04,700,70917,18.2,7,17088,home_improvement,MORTGAGE,1,4,37,45.85,0,683,0.023966,MEDIUM,APPROVED,0,0,600-700,50-75K
BL000767,2024-10-15 22:15:08,756,108482,16.27,3,12606,home_improvement,OWN,1,3,36,79.36,2,715,0.015154,LOW,APPROVED,0,0,700-800,100K+
BL000768,2024-12-20 08:16:18,641,65672,25.26,11,10680,major_purchase,MORTGAGE,0,0,0,57.02,3,597,0.138136,HIGH,DECLINED,0,0,<600,50-75K
BL000769,2024-12-20 21:03:35,765,81683,22.53,5,30717,credit_card,RENT,0,0,0,11.41,0,753,0.002717,LOW,APPROVED,0,0,700-800,75-100K
BL000770,2024-07-08 05:13:33,628,63727,35.56,2,9511,credit_card,OWN,1,1,44,36.24,0,582,0.285554,VERY_HIGH,DECLINED,0,0,<600,50-75K
BL000771,2024-11-30 23:52:41,650,51189,33.56,15,13478,home_improvement,MORTGAGE,1,2,13,62.49,1,572,0.313831,VERY_HIGH,APPROVED,0,0,<600,50-75K
BL000772,2024-10-01 11:34:06,718,74251,26.15,7,34650,other,RENT,0,0,0,25.91,1,681,0.017151,MEDIUM,APPROVED,0,0,600-700,50-75K
BL000773,2024-01-06 07:04:01,690,97513,22.09,3,29689,debt_consolidation,OTHER,1,2,57,61.93,1,636,0.103303,HIGH,APPROVED,0,0,600-700,75-100K
BL000774,2024-03-27 01:59:35,728,25073,23.75,5,20539,major_purchase,OWN,2,1,26,55.35,3,634,0.086601,HIGH,APPROVED,0,0,600-700,<50K
BL000775,2024-01-24 18:30:20,649,42676,35.66,1,37384,major_purchase,MORTGAGE,1,3,2,48.42,1,576,0.269636,VERY_HIGH,DECLINED,0,0,<600,<50K
BL000776,2024-09-16 07:16:01,633,23567,27.36,0,8042,credit_card,OWN,1,2,36,63.68,0,604,0.150771,HIGH,APPROVED,1,60,600-700,<50K
BL000777,2024-11-16 05:26:29,587,40199,29.31,8,29150,home_improvement,OWN,2,3,13,17.75,1,564,0.362035,VERY_HIGH,APPROVED,1,150,<600,<50K
BL000778,2024-03-21 08:07:47,624,34141,2.18,1,24735,debt_consolidation,RENT,0,0,0,34.2,1,658,0.041121,MEDIUM,APPROVED,0,0,600-700,<50K
BL000779,2024-11-13 03:11:40,631,49352,13.28,6,49814,other,MORTGAGE,0,0,0,47.37,1,632,0.092065,HIGH,APPROVED,0,0,600-700,<50K
BL000780,2024-07-26 16:56:22,612,53640,22.03,12,18623,debt_consolidation,MORTGAGE,1,1,44,23.55,1,580,0.286333,VERY_HIGH,DECLINED,0,0,<600,50-75K
BL000781,2024-02-08 06:47:22,707,95481,29.14,1,9465,major_purchase,OTHER,0,0,0,36.39,3,656,0.035189,MEDIUM,APPROVED,0,30,600-700,75-100K
BL000782,2024-04-29 04:37:27,653,108279,29.28,2,23601,credit_card,MORTGAGE,0,0,0,37.79,0,645,0.041621,MEDIUM,APPROVED,0,0,600-700,100K+
BL000783,2024-04-08 05:54:56,581,42287,24.39,7,8053,major_purchase,RENT,1,4,6,44.99,1,602,0.240325,VERY_HIGH,DECLINED,0,0,600-700,<50K
BL000784,2024-02-12 18:30:22,827,48736,7.68,1,13584,major_purchase,MORTGAGE,0,0,0,34.59,2,845,0.0003,LOW,APPROVED,0,0,800+,<50K
BL000785,2024-02-13 22:35:09,644,81534,24.3,23,10814,other,MORTGAGE,1,9,6,77.91,0,620,0.170703,HIGH,APPROVED,0,0,600-700,75-100K
BL000786,2024-07-26 15:24:39,621,45440,16.14,10,36890,credit_card,MORTGAGE,0,0,0,9.3,0,664,0.04025,MEDIUM,APPROVED,0,0,600-700,<50K
BL000787,2024-09-04 00:56:09,758,50685,3.93,3,30288,debt_consolidation,RENT,0,0,0,44.88,1,757,0.001678,LOW,APPROVED,0,0,700-800,50-75K
BL000788,2024-08-18 00:34:02,754,26020,15.09,3,10314,major_purchase,RENT,0,0,0,33.29,0,778,0.002177,LOW,APPROVED,0,0,700-800,<50K
BL000789,2024-06-04 20:26:33,627,85410,19.48,1,21127,home_improvement,MORTGAGE,0,0,0,67.05,1,575,0.248733,VERY_HIGH,DECLINED,0,0,<600,75-100K
BL000790,2024-02-09 20:34:54,609,68854,24.79,3,16156,debt_consolidation,MORTGAGE,0,0,0,37.71,1,560,0.25114,VERY_HIGH,DECLINED,0,0,<600,50-75K
BL000791,2024-11-30 20:55:12,635,39202,30.02,3,9982,credit_card,RENT,4,6,18,76.39,3,472,0.862207,VERY_HIGH,DECLINED,1,120,<600,<50K
BL000792,2024-05-01 03:54:21,752,33177,24.76,11,33336,home_improvement,OWN,2,6,1,61.21,3,683,0.017781,MEDIUM,APPROVED,0,0,600-700,<50K
BL000793,2024-05-26 22:29:07,673,37378,23.18,6,20088,credit_card,RENT,1,4,56,77.33,1,598,0.177664,VERY_HIGH,DECLINED,0,0,<600,<50K
BL000794,2024-05-01 16:45:23,646,74644,18.6,0,51381,credit_card,RENT,1,0,11,70.11,1,635,0.103955,HIGH,APPROVED,0,0,600-700,50-75K
BL000795,2024-07-19 04:48:12,688,48800,23.01,24,22950,debt_consolidation,MORTGAGE,0,0,0,46.37,0,693,0.022743,MEDIUM,APPROVED,0,0,600-700,<50K
BL000796,2024-12-04 13:51:13,756,34774,13.21,3,17627,debt_consolidation,MORTGAGE,0,0,0,69.66,1,747,0.004543,LOW,APPROVED,0,0,700-800,<50K
BL000797,2024-01-02 11:48:57,614,52489,29.61,1,15008,debt_consolidation,RENT,1,7,23,54.38,2,539,0.521857,VERY_HIGH,DECLINED,0,30,<600,50-75K
BL000798,2024-02-22 09:41:33,669,90629,23.33,5,9898,major_purchase,OWN,0,0,0,53.86,1,690,0.020073,MEDIUM,APPROVED,0,30,600-700,75-100K
BL000799,2024-06-25 20:11:16,614,108705,32.6,4,12139,credit_card,OWN,1,3,4,90.83,0,571,0.277768,VERY_HIGH,APPROVED,0,0,<600,100K+
BL000800,2024-04-07 21:03:19,809,113483,28.38,7,13139,major_purchase,RENT,1,5,53,31.06,1,727,0.005773,LOW,APPROVED,0,0,700-800,100K+
BL000801,2024-08-04 05:14:55,790,65091,19.98,2,21417,debt_consolidation,OWN,0,0,0,62.99,0,758,0.003014,LOW,APPROVED,0,0,700-800,50-75K
BL000802,2024-10-16 21:17:40,742,69364,22.57,3,28097,major_purchase,RENT,1,3,24,33.38,0,706,0.013716,LOW,APPROVED,0,0,700-800,50-75K
BL000803,2024-05-10 16:45:50,683,70595,23.1,19,26985,credit_card,MORTGAGE,0,0,0,16.25,0,685,0.01796,MEDIUM,APPROVED,0,0,600-700,50-75K
BL000804,2024-07-05 18:06:02,726,83972,23.8,5,11687,debt_consolidation,MORTGAGE,0,0,0,59.66,0,735,0.005699,LOW,APPROVED,0,0,700-800,75-100K
BL000805,2024-06-12 21:10:42,574,81154,1.0,2,24672,credit_card,RENT,0,0,0,50.15,0,597,0.187682,VERY_HIGH,APPROVED,0,0,<600,75-100K
BL000806,2024-02-02 16:21:18,705,39759,15.03,14,28705,credit_card,RENT,0,0,0,58.68,3,665,0.028905,MEDIUM,APPROVED,0,30,600-700,<50K
BL000807,2024-07-23 09:57:25,617,44154,40.82,0,90000,debt_consolidation,OWN,0,0,0,47.26,1,590,0.270081,VERY_HIGH,DECLINED,0,0,<600,<50K
BL000808,2024-01-18 09:10:00,617,51881,24.44,6,30803,other,RENT,0,0,0,39.84,2,621,0.146174,HIGH,DECLINED,0,30,600-700,50-75K
BL000809,2024-06-12 07:20:47,651,85710,36.32,4,10113,debt_consolidation,MORTGAGE,1,2,26,49.96,1,627,0.098952,HIGH,DECLINED,0,0,600-700,75-100K
BL000810,2024-10-01 18:43:38,671,49017,18.83,1,12959,other,MORTGAGE,0,0,0,28.96,4,599,0.144603,HIGH,APPROVED,0,0,<600,<50K
BL000811,2024-12-05 12:58:00,722,43537,9.83,13,12256,home_improvement,OWN,0,0,0,65.38,0,704,0.008111,LOW,DECLINED,0,0,700-800,<50K
BL000812,2024-01-29 15:05:14,729,99088,20.88,7,38156,home_improvement,MORTGAGE,0,0,0,42.8,0,730,0.003588,LOW,APPROVED,0,0,700-800,75-100K
BL000813,2024-11-11 16:13:40,704,121242,20.38,3,13470,debt_consolidation,RENT,0,0,0,74.67,0,711,0.015406,LOW,APPROVED,0,30,700-800,100K+
BL000814,2024-08-27 01:09:27,638,40877,16.61,2,44833,other,MORTGAGE,0,0,0,68.39,1,640,0.072339,HIGH,APPROVED,0,0,600-700,<50K
BL000815,2024-07-12 05:43:09,727,58225,34.32,9,10545,other,MORTGAGE,1,5,40,39.42,1,646,0.051805,HIGH,APPROVED,0,0,600-700,50-75K
BL000816,2024-11-30 21:07:22,683,105407,36.51,7,21208,credit_card,RENT,1,7,29,14.1,1,637,0.051095,HIGH,DECLINED,0,0,600-700,100K+
BL000817,2024-01-17 18:23:15,755,51633,17.5,9,31008,credit_card,MORTGAGE,1,5,42,94.4,2,644,0.060144,HIGH,APPROVED,0,0,600-700,50-75K
BL000818,2024-09-27 06:08:18,640,94602,41.21,4,22276,major_purchase,RENT,0,0,0,54.94,3,548,0.518183,VERY_HIGH,APPROVED,0,0,<600,75-100K
BL000819,2024-01-26 21:21:25,538,32371,31.95,9,46050,credit_card,OWN,3,3,39,74.29,0,479,0.845959,VERY_HIGH,DECLINED,1,150,<600,<50K
BL000820,2024-11-14 06:02:25,664,56095,13.2,6,20540,credit_card,MORTGAGE,1,4,5,10.11,2,682,0.018369,MEDIUM,APPROVED,0,0,600-700,50-75K
BL000821,2024-10-31 01:13:16,808,83895,33.05,4,28814,debt_consolidation,MORTGAGE,1,5,43,7.21,0,800,0.002529,LOW,APPROVED,0,0,800+,75-100K
BL000822,2024-11-17 03:47:01,716,125336,27.14,9,31220,credit_card,MORTGAGE,0,0,0,77.23,0,679,0.030035,MEDIUM,APPROVED,0,0,600-700,100K+
BL000823,2024-10-22 22:07:04,679,95994,23.96,2,51971,debt_consolidation,RENT,1,5,44,57.11,3,620,0.081876,HIGH,DECLINED,0,0,600-700,75-100K
BL000824,2024-12-11 19:16:18,739,29489,9.49,4,12555,home_improvement,MORTGAGE,1,8,26,41.51,2,681,0.027514,MEDIUM,APPROVED,0,0,600-700,<50K
BL000825,2024-05-18 18:15:45,718,30650,27.72,3,8316,credit_card,MORTGAGE,2,4,37,43.63,1,676,0.030834,MEDIUM,APPROVED,0,0,600-700,<50K
BL000826,2024-02-29 21:53:44,715,41606,16.93,30,23498,credit_card,RENT,1,4,6,70.34,1,661,0.0492,HIGH,APPROVED,0,30,600-700,<50K
BL000827,2024-07-27 00:38:16,662,90660,39.81,5,16427,major_purchase,MORTGAGE,1,3,21,30.6,1,626,0.106351,HIGH,APPROVED,0,0,600-700,75-100K
BL000828,2024-01-12 00:54:35,694,86595,14.4,5,18150,home_improvement,RENT,2,1,4,70.54,1,608,0.10916,HIGH,DECLINED,0,0,600-700,75-100K
BL000829,2024-06-20 08:46:34,701,101994,10.35,19,22417,home_improvement,MORTGAGE,0,0,0,8.5,0,747,0.004905,LOW,APPROVED,0,0,700-800,100K+
BL000830,2024-07-07 00:10:23,655,85066,27.78,1,20716,other,RENT,0,0,0,36.14,0,613,0.109436,HIGH,APPROVED,0,0,600-700,75-100K
BL000831,2024-08-28 10:01:51,628,47625,13.27,3,11766,major_purchase,OWN,1,1,36,28.98,1,679,0.027177,MEDIUM,APPROVED,0,0,600-700,<50K
BL000832,2024-02-16 06:27:41,698,52075,37.07,5,22327,debt_consolidation,RENT,0,0,0,17.68,1,660,0.04211,MEDIUM,APPROVED,0,0,600-700,50-75K
BL000833,2024-01-21 07:57:56,743,41143,15.61,2,26012,debt_consolidation,OTHER,1,2,16,33.41,0,703,0.016975,MEDIUM,APPROVED,0,0,700-800,<50K
BL000834,2024-03-02 08:21:49,726,90696,30.26,2,25195,credit_card,RENT,1,6,25,25.5,1,657,0.048155,HIGH,APPROVED,0,0,600-700,75-100K
BL000835,2024-02-16 19:08:24,717,34701,14.89,4,6401,other,RENT,0,0,0,53.49,1,682,0.022421,MEDIUM,APPROVED,0,0,600-700,<50K
BL000836,2024-03-12 05:13:57,718,63703,19.16,3,23203,debt_consolidation,MORTGAGE,0,0,0,54.73,0,774,0.004545,LOW,APPROVED,0,0,700-800,50-75K
BL000837,2024-12-17 06:27:33,832,69288,25.12,1,7890,home_improvement,MORTGAGE,2,2,11,53.93,0,737,0.005376,LOW,APPROVED,0,30,700-800,50-75K
BL000838,2024-10-29 09:40:36,704,108896,17.53,1,26389,debt_consolidation,MORTGAGE,0,0,0,60.14,3,725,0.007308,LOW,APPROVED,0,0,700-800,100K+
BL000839,2024-09-22 05:14:04,747,43578,30.02,10,10524,credit_card,MORTGAGE,0,0,0,17.29,2,720,0.010351,LOW,APPROVED,0,0,700-800,<50K
BL000840,2024-11-29 16:08:44,798,74333,17.57,28,13497,debt_consolidation,RENT,0,0,0,49.2,0,774,0.002522,LOW,APPROVED,0,0,700-800,50-75K
BL000841,2024-01-22 03:48:11,693,39087,36.56,1,48945,major_purchase,RENT,0,0,0,64.72,2,614,0.162148,HIGH,APPROVED,0,0,600-700,<50K
BL000842,2024-09-21 02:06:42,705,99108,31.84,4,26536,debt_consolidation,MORTGAGE,0,0,0,31.55,2,639,0.048895,HIGH,APPROVED,0,0,600-700,75-100K
BL000843,2024-10-06 20:18:24,747,52382,9.41,1,26237,home_improvement,MORTGAGE,0,0,0,48.47,2,751,0.003532,LOW,APPROVED,0,0,700-800,50-75K
BL000844,2024-10-01 23:43:42,783,53743,41.84,5,25323,major_purchase,RENT,0,0,0,45.19,2,720,0.012224,LOW,APPROVED,0,30,700-800,50-75K
BL000845,2024-06-02 18:04:50,707,39984,26.78,12,17429,home_improvement,MORTGAGE,0,0,0,57.5,0,645,0.066004,HIGH,APPROVED,0,0,600-700,<50K
BL000846,2024-10-05 10:24:04,710,46828,16.45,4,41715,credit_card,RENT,2,2,9,37.18,0,633,0.087906,HIGH,APPROVED,0,0,600-700,<50K
BL000847,2024-06-19 18:55:57,695,45971,26.49,10,17068,home_improvement,MORTGAGE,1,2,39,20.69,2,613,0.093648,HIGH,APPROVED,0,0,600-700,<50K
BL000848,2024-02-25 14:28:12,624,46764,25.0,1,17064,other,MORTGAGE,1,4,28,20.7,0,609,0.102697,HIGH,DECLINED,1,90,600-700,<50K
BL000849,2024-11-01 13:01:41,751,105292,31.24,15,36407,other,OWN,1,5,34,22.69,3,687,0.017015,MEDIUM,APPROVED,0,0,600-700,100K+
BL000850,2024-05-07 02:14:38,676,39341,31.64,23,14761,home_improvement,RENT,0,0,0,61.76,1,663,0.041591,MEDIUM,APPROVED,0,0,600-700,<50K
BL000851,2024-03-26 10:06:53,595,69186,34.68,5,23918,home_improvement,RENT,0,0,0,44.93,1,556,0.456629,VERY_HIGH,DECLINED,1,90,<600,50-75K
BL000852,2024-06-14 05:41:31,682,90850,12.67,3,32456,debt_consolidation,MORTGAGE,1,4,2,39.38,0,776,0.002637,LOW,APPROVED,0,0,700-800,75-100K
BL000853,2024-10-22 13:06:12,595,36805,26.38,3,13629,debt_consolidation,RENT,1,7,35,75.36,1,538,0.396831,VERY_HIGH,DECLINED,0,0,<600,<50K
BL000854,2024-08-06 00:48:18,635,23101,18.39,5,55081,credit_card,MORTGAGE,3,2,54,45.29,0,570,0.313834,VERY_HIGH,DECLINED,1,90,<600,<50K
BL000855,2024-10-26 13:35:16,691,76794,9.97,4,36550,credit_card,OWN,0,0,0,0.0,1,771,0.002473,LOW,APPROVED,0,0,700-800,75-100K
BL000856,2024-01-18 20:18:51,640,29051,16.81,11,22091,home_improvement,RENT,0,0,0,37.0,2,619,0.103529,HIGH,APPROVED,1,150,600-700,<50K
BL000857,2024-05-02 06:42:08,749,43362,14.45,1,36259,other,RENT,1,3,36,37.42,0,692,0.01686,MEDIUM,APPROVED,0,0,600-700,<50K
BL000858,2024-12-19 03:24:48,609,59183,27.35,6,17025,home_improvement,MORTGAGE,0,0,0,15.31,1,650,0.040876,MEDIUM,DECLINED,0,0,600-700,50-75K
BL000859,2024-04-25 04:19:04,705,70188,21.22,9,5433,debt_consolidation,RENT,0,0,0,36.07,1,718,0.008564,LOW,APPROVED,0,0,700-800,50-75K
BL000860,2024-11-12 10:07:31,721,54759,27.12,1,24590,major_purchase,MORTGAGE,0,0,0,44.39,1,694,0.009347,LOW,APPROVED,0,0,600-700,50-75K
BL000861,2024-07-07 12:21:39,771,44852,23.14,1,28160,major_purchase,MORTGAGE,0,0,0,84.21,2,689,0.028351,MEDIUM,APPROVED,0,0,600-700,<50K
BL000862,2024-05-09 05:25:35,741,97545,25.11,2,34982,debt_consolidation,OTHER,0,0,0,52.79,1,740,0.005644,LOW,APPROVED,0,0,700-800,75-100K
BL000863,2024-09-03 12:20:55,703,68600,28.21,0,23195,credit_card,OWN,1,6,4,31.13,1,687,0.030827,MEDIUM,APPROVED,0,0,600-700,50-75K
BL000864,2024-01-14 06:56:43,695,149329,16.7,0,21051,home_improvement,RENT,0,0,0,15.61,2,739,0.004472,LOW,APPROVED,0,0,700-800,100K+
BL000865,2024-01-13 05:46:02,687,40972,22.53,7,27515,credit_card,MORTGAGE,1,7,24,82.9,1,593,0.138384,HIGH,APPROVED,0,0,<600,<50K
BL000866,2024-06-06 02:50:07,753,59411,22.41,1,19117,debt_consolidation,MORTGAGE,0,0,0,46.39,2,689,0.032517,MEDIUM,APPROVED,0,60,600-700,50-75K
BL000867,2024-12-20 19:40:57,654,60724,19.22,12,14705,other,OWN,1,2,54,55.57,1,628,0.053453,HIGH,APPROVED,0,0,600-700,50-75K
BL000868,2024-05-03 10:25:06,719,79304,14.92,1,33576,other,RENT,0,0,0,18.83,1,747,0.00324,LOW,APPROVED,0,0,700-800,75-100K
BL000869,2024-10-20 02:33:37,685,68869,26.44,3,28705,credit_card,RENT,2,3,39,74.78,1,621,0.129595,HIGH,APPROVED,0,0,600-700,50-75K
BL000870,2024-04-14 05:03:02,704,62676,29.56,4,35125,major_purchase,OTHER,2,6,17,69.74,2,620,0.15684,HIGH,APPROVED,0,0,600-700,50-75K
BL000871,2024-09-15 07:40:19,676,151852,40.53,3,22302,debt_consolidation,RENT,1,1,11,72.81,3,606,0.132227,HIGH,DECLINED,0,30,600-700,100K+
BL000872,2024-11-11 03:42:27,808,57635,25.73,17,32568,major_purchase,MORTGAGE,0,0,0,39.77,3,718,0.008969,LOW,APPROVED,0,0,700-800,50-75K
BL000873,2024-12-06 23:29:53,654,75865,26.22,4,17858,credit_card,OTHER,0,0,0,68.02,2,621,0.101859,HIGH,DECLINED,0,0,600-700,75-100K
BL000874,2024-03-12 14:57:52,705,67603,14.09,6,5038,debt_consolidation,OTHER,2,4,29,35.97,2,669,0.038799,MEDIUM,APPROVED,0,0,600-700,50-75K
BL000875,2024-09-06 12:34:15,706,46945,23.36,2,13485,home_improvement,RENT,0,0,0,45.98,1,666,0.028758,MEDIUM,APPROVED,0,0,600-700,<50K
BL000876,2024-07-18 15:55:20,724,87158,35.22,12,29746,credit_card,RENT,0,0,0,16.36,1,715,0.012005,LOW,APPROVED,0,0,700-800,75-100K
BL000877,2024-11-26 04:24:39,715,26468,41.9,6,35893,debt_consolidation,MORTGAGE,0,0,0,71.26,4,585,0.286468,VERY_HIGH,APPROVED,0,0,<600,<50K
BL000878,2024-01-09 06:20:22,714,104649,28.5,7,10949,home_improvement,MORTGAGE,1,6,4,0.0,0,713,0.010502,LOW,APPROVED,0,0,700-800,100K+
BL000879,2024-04-14 15:51:38,745,30508,38.94,11,28015,debt_consolidation,OTHER,1,5,7,36.38,0,650,0.055455,HIGH,APPROVED,0,0,600-700,<50K
BL000880,2024-11-23 00:00:27,608,53758,39.25,0,10466,major_purchase,MORTGAGE,0,0,0,29.1,2,599,0.2895,VERY_HIGH,APPROVED,0,0,<600,50-75K
BL000881,2024-01-10 02:21:02,691,64990,43.22,16,24984,debt_consolidation,RENT,0,0,0,91.39,1,586,0.250779,VERY_HIGH,APPROVED,0,0,<600,50-75K
BL000882,2024-08-10 16:12:52,623,49570,31.12,1,65705,other,MORTGAGE,1,2,30,74.45,1,561,0.345225,VERY_HIGH,DECLINED,1,60,<600,<50K
BL000883,2024-08-14 13:57:16,703,48919,18.87,1,27693,other,RENT,1,5,40,41.46,0,684,0.030728,MEDIUM,APPROVED,0,0,600-700,<50K
BL000884,2024-10-21 00:37:45,626,107266,25.9,7,27381,major_purchase,MORTGAGE,0,0,0,13.7,1,653,0.068389,HIGH,APPROVED,0,0,600-700,100K+
BL000885,2024-07-06 13:59:42,638,185170,35.31,10,39329,credit_card,OTHER,0,0,0,56.81,2,555,0.365073,VERY_HIGH,DECLINED,1,120,<600,100K+
BL000886,2024-10-21 09:46:11,687,99969,19.29,3,26498,debt_consolidation,OTHER,2,3,59,29.6,1,637,0.058702,HIGH,APPROVED,0,0,600-700,75-100K
BL000887,2024-09-07 06:42:59,767,66858,24.04,9,19310,major_purchase,OTHER,0,0,0,34.5,2,728,0.010898,LOW,APPROVED,0,0,700-800,50-75K
BL000888,2024-11-01 13:36:22,722,46622,16.81,1,16173,debt_consolidation,RENT,0,0,0,34.52,0,730,0.009755,LOW,APPROVED,0,0,700-800,<50K
BL000889,2024-07-19 07:49:01,707,43718,19.22,2,13221,debt_consolidation,MORTGAGE,2,3,28,79.12,2,630,0.120808,HIGH,APPROVED,0,0,600-700,<50K
BL000890,2024-09-16 20:48:06,768,107916,11.33,9,11066,other,OWN,0,0,0,46.18,1,785,0.002574,LOW,APPROVED,0,0,700-800,100K+
BL000891,2024-07-27 13:02:46,639,93424,34.71,7,17151,credit_card,RENT,0,0,0,30.07,2,576,0.22988,VERY_HIGH,DECLINED,0,0,<600,75-100K
BL000892,2024-07-01 10:09:29,576,113409,18.18,4,16454,other,RENT,2,2,54,67.16,3,497,0.67619,VERY_HIGH,DECLINED,1,60,<600,100K+
BL000893,2024-06-07 12:58:12,667,98166,25.13,1,60589,debt_consolidation,MORTGAGE,0,0,0,66.67,0,670,0.042396,HIGH,APPROVED,0,0,600-700,75-100K
BL000894,2024-02-21 23:19:34,675,113777,28.79,1,20716,other,RENT,0,0,0,72.5,1,640,0.087511,HIGH,APPROVED,0,0,600-700,100K+
BL000895,2024-01-09 23:54:49,759,47209,21.47,4,17093,credit_card,RENT,1,5,25,66.37,0,740,0.005677,LOW,APPROVED,0,0,700-800,<50K
BL000896,2024-07-14 21:46:31,808,43349,14.35,6,70164,debt_consolidation,MORTGAGE,1,5,32,90.34,0,779,0.002408,LOW,APPROVED,0,0,700-800,<50K
BL000897,2024-12-19 19:15:27,618,39087,18.66,1,18364,other,OWN,1,5,14,26.85,0,590,0.186859,VERY_HIGH,APPROVED,1,90,<600,<50K
BL000898,2024-09-13 21:01:56,827,61276,14.54,5,17799,home_improvement,OTHER,1,2,7,38.81,0,791,0.001095,LOW,APPROVED,0,0,700-800,50-75K
BL000899,2024-05-24 01:54:01,777,56830,25.05,23,23380,home_improvement,MORTGAGE,0,0,0,72.34,2,723,0.008283,LOW,APPROVED,0,30,700-800,50-75K
BL000900,2024-04-22 05:38:53,737,65260,18.43,1,24125,debt_consolidation,MORTGAGE,0,0,0,63.64,0,700,0.017218,MEDIUM,APPROVED,0,0,700-800,50-75K
BL000901,2024-07-26 04:56:57,711,35816,34.05,9,15531,home_improvement,OWN,0,0,0,48.77,1,626,0.114025,HIGH,DECLINED,0,0,600-700,<50K
BL000902,2024-07-20 00:00:40,824,67080,20.77,2,14370,debt_consolidation,OTHER,1,4,56,59.97,3,705,0.013044,LOW,APPROVED,0,0,700-800,50-75K
BL000903,2024-09-24 07:23:48,695,89553,28.64,32,35375,debt_consolidation,OWN,2,2,16,60.49,1,619,0.132949,HIGH,APPROVED,0,30,600-700,75-100K
BL000904,2024-11-19 05:23:48,665,64248,15.56,11,13725,major_purchase,RENT,0,0,0,15.38,0,691,0.026612,MEDIUM,APPROVED,0,0,600-700,50-75K
BL000905,2024-03-22 18:40:46,698,18140,7.84,7,12051,credit_card,RENT,0,0,0,52.18,0,714,0.012211,LOW,APPROVED,0,60,700-800,<50K
BL000906,2024-08-21 12:14:50,615,61343,20.81,3,18933,major_purchase,MORTGAGE,1,4,36,35.69,3,589,0.202766,VERY_HIGH,DECLINED,0,0,<600,50-75K
BL000907,2024-02-11 22:16:18,717,52669,32.47,5,16605,credit_card,MORTGAGE,2,4,35,40.77,3,608,0.2133,VERY_HIGH,DECLINED,0,0,600-700,50-75K
BL000908,2024-10-02 04:54:05,685,94111,32.66,10,18224,major_purchase,RENT,0,0,0,78.82,1,620,0.085962,HIGH,APPROVED,0,0,600-700,75-100K
BL000909,2024-11-11 13:41:51,709,57629,34.61,2,16951,major_purchase,MORTGAGE,1,3,18,38.46,1,653,0.053748,HIGH,APPROVED,0,30,600-700,50-75K
BL000910,2024-11-24 04:27:23,711,82701,20.15,1,19914,home_improvement,RENT,0,0,0,60.68,1,722,0.014513,LOW,APPROVED,0,0,700-800,75-100K
BL000911,2024-12-18 20:28:36,633,51981,20.6,10,21238,credit_card,OTHER,1,5,7,44.26,0,680,0.048799,HIGH,APPROVED,0,0,600-700,50-75K
BL000912,2024-06-13 13:36:36,763,71929,24.96,16,28719,credit_card,RENT,0,0,0,36.19,1,779,0.003023,LOW,APPROVED,0,0,700-800,50-75K
BL000913,2024-05-14 19:42:39,635,96469,20.77,3,6707,major_purchase,RENT,0,0,0,30.92,0,673,0.027553,MEDIUM,DECLINED,0,0,600-700,75-100K
BL000914,2024-07-06 05:40:42,740,54785,28.68,0,47488,home_improvement,RENT,2,5,42,10.63,1,680,0.016256,MEDIUM,APPROVED,0,0,600-700,50-75K
BL000915,2024-02-17 22:40:50,603,71344,31.32,0,53273,major_purchase,OTHER,0,0,0,40.41,0,577,0.256753,VERY_HIGH,DECLINED,0,0,<600,50-75K
BL000916,2024-05-19 20:53:19,711,66726,32.28,4,13493,home_improvement,OWN,0,0,0,37.82,1,624,0.103157,HIGH,APPROVED,0,0,600-700,50-75K
BL000917,2024-04-10 06:11:32,646,81868,16.64,1,25532,major_purchase,RENT,0,0,0,43.82,1,675,0.03039,MEDIUM,APPROVED,0,0,600-700,75-100K
BL000918,2024-03-19 04:02:18,693,58706,36.99,0,11608,debt_consolidation,MORTGAGE,0,0,0,22.07,0,636,0.060365,HIGH,APPROVED,0,0,600-700,50-75K
BL000919,2024-10-25 22:43:08,655,76958,6.63,10,18508,credit_card,RENT,0,0,0,36.2,1,697,0.01459,LOW,APPROVED,0,0,600-700,75-100K
BL000920,2024-02-19 23:04:32,571,26986,20.75,1,50155,debt_consolidation,MORTGAGE,0,0,0,21.56,0,611,0.147954,HIGH,APPROVED,1,60,600-700,<50K
BL000921,2024-05-23 06:04:40,630,55774,18.79,0,45704,debt_consolidation,MORTGAGE,0,0,0,44.39,1,654,0.050679,HIGH,DECLINED,0,0,600-700,50-75K
BL000922,2024-02-07 16:00:06,695,90224,23.26,3,19863,debt_consolidation,MORTGAGE,1,5,14,48.15,1,649,0.077222,HIGH,APPROVED,0,0,600-700,75-100K
BL000923,2024-11-24 03:54:39,725,84007,21.12,22,86883,home_improvement,RENT,1,6,1,76.84,0,692,0.022199,MEDIUM,APPROVED,0,0,600-700,75-100K
BL000924,2024-01-14 17:49:42,610,39995,33.7,2,29780,debt_consolidation,MORTGAGE,0,0,0,54.62,1,550,0.484368,VERY_HIGH,APPROVED,1,90,<600,<50K
BL000925,2024-07-02 13:55:56,574,43084,16.67,16,4133,debt_consolidation,RENT,0,0,0,51.95,1,601,0.155108,HIGH,APPROVED,0,0,600-700,<50K
BL000926,2024-08-31 20:22:39,643,74159,30.18,1,19022,debt_consolidation,MORTGAGE,1,3,2,33.52,1,621,0.1146,HIGH,APPROVED,0,0,600-700,50-75K
BL000927,2024-02-24 18:56:05,679,72898,13.39,13,69536,debt_consolidation,RENT,1,4,37,90.39,0,625,0.063565,HIGH,APPROVED,0,0,600-700,50-75K
BL000928,2024-04-18 12:44:02,656,76454,23.3,7,26250,major_purchase,RENT,0,0,0,36.06,2,642,0.06152,HIGH,DECLINED,0,0,600-700,75-100K
BL000929,2024-08-27 08:29:53,646,63743,26.89,4,53125,other,MORTGAGE,0,0,0,18.37,6,558,0.298417,VERY_HIGH,DECLINED,0,0,<600,50-75K
BL000930,2024-11-29 21:28:16,738,65002,32.3,1,23744,major_purchase,MORTGAGE,0,0,0,69.59,2,681,0.026394,MEDIUM,APPROVED,0,0,600-700,50-75K
BL000931,2024-10-23 09:05:09,744,99071,13.04,3,32356,home_improvement,RENT,1,4,15,75.41,1,714,0.012573,LOW,APPROVED,0,0,700-800,75-100K
BL000932,2024-09-01 06:53:57,732,40581,3.85,6,76091,home_improvement,OWN,1,1,17,36.25,0,754,0.003906,LOW,APPROVED,0,0,700-800,<50K
BL000933,2024-11-21 02:16:35,639,33073,38.86,30,20913,home_improvement,OWN,1,3,46,86.23,0,576,0.38188,VERY_HIGH,DECLINED,0,0,<600,<50K
BL000934,2024-02-20 01:08:22,695,97824,15.23,22,20384,debt_consolidation,OWN,1,4,19,8.46,3,673,0.025826,MEDIUM,APPROVED,0,0,600-700,75-100K
BL000935,2024-12-06 07:41:14,680,43799,20.97,4,38610,credit_card,MORTGAGE,0,0,0,46.28,3,656,0.046509,HIGH,APPROVED,0,0,600-700,<50K
BL000936,2024-09-16 14:14:35,612,84495,22.05,4,53499,major_purchase,OTHER,0,0,0,47.88,2,584,0.22091,VERY_HIGH,DECLINED,0,0,<600,75-100K
BL000937,2024-09-03 08:16:19,739,45534,36.16,1,75163,major_purchase,MORTGAGE,1,1,5,65.93,1,618,0.111597,HIGH,APPROVED,0,0,600-700,<50K
BL000938,2024-01-06 14:48:04,696,37552,30.11,7,33712,home_improvement,OWN,1,7,20,16.89,1,695,0.024711,MEDIUM,APPROVED,0,0,600-700,<50K
BL000939,2024-07-07 09:09:22,664,124433,34.43,7,49634,home_improvement,MORTGAGE,2,2,47,56.03,1,593,0.154007,HIGH,APPROVED,1,150,<600,100K+
BL000940,2024-09-14 12:20:29,769,59931,35.57,7,4561,home_improvement,MORTGAGE,1,3,21,70.84,2,715,0.016191,LOW,APPROVED,0,0,700-800,50-75K
BL000941,2024-01-09 17:33:07,733,32701,28.19,10,15993,debt_consolidation,MORTGAGE,0,0,0,37.9,1,658,0.063217,HIGH,APPROVED,0,0,600-700,<50K
BL000942,2024-09-15 07:50:51,738,55945,21.69,7,17977,debt_consolidation,MORTGAGE,0,0,0,68.41,3,611,0.160313,HIGH,APPROVED,0,0,600-700,50-75K
BL000943,2024-08-31 21:02:12,757,57139,35.77,14,41886,home_improvement,RENT,2,8,55,43.11,1,644,0.058549,HIGH,APPROVED,0,0,600-700,50-75K
BL000944,2024-03-23 22:34:22,730,56132,32.73,16,9068,credit_card,MORTGAGE,0,0,0,75.49,0,677,0.029743,MEDIUM,APPROVED,0,0,600-700,50-75K
BL000945,2024-02-23 18:43:44,621,66478,26.53,2,21342,credit_card,MORTGAGE,0,0,0,22.15,1,603,0.154422,HIGH,DECLINED,0,0,600-700,50-75K
BL000946,2024-09-04 23:26:51,669,36618,7.32,2,4878,debt_consolidation,MORTGAGE,0,0,0,51.22,2,689,0.030389,MEDIUM,APPROVED,0,0,600-700,<50K
BL000947,2024-03-12 09:51:14,746,54176,18.44,11,23344,home_improvement,MORTGAGE,1,5,48,0.0,0,765,0.002143,LOW,APPROVED,0,0,700-800,50-75K
BL000948,2024-01-23 17:38:31,649,75493,27.72,20,55069,major_purchase,RENT,0,0,0,39.68,0,658,0.035514,MEDIUM,APPROVED,1,60,600-700,75-100K
BL000949,2024-01-08 23:37:46,693,81441,19.49,8,10713,credit_card,RENT,1,8,26,38.67,2,684,0.023436,MEDIUM,APPROVED,0,0,600-700,75-100K
BL000950,2024-02-11 03:57:38,713,63991,32.27,4,18396,credit_card,MORTGAGE,2,4,4,64.42,3,548,0.303133,VERY_HIGH,DECLINED,0,0,<600,50-75K
BL000951,2024-03-13 05:13:44,770,42843,47.63,16,12222,debt_consolidation,RENT,0,0,0,3.82,2,720,0.013695,LOW,APPROVED,0,0,700-800,<50K
BL000952,2024-04-06 20:39:22,762,25251,24.76,7,24764,debt_consolidation,OTHER,1,2,25,48.29,1,716,0.009531,LOW,APPROVED,0,0,700-800,<50K
BL000953,2024-02-09 11:33:16,740,119155,27.15,5,7744,credit_card,MORTGAGE,0,0,0,54.86,2,713,0.013348,LOW,APPROVED,0,0,700-800,100K+
BL000954,2024-09-08 20:16:08,681,37127,31.68,6,26783,debt_consolidation,MORTGAGE,0,0,0,88.05,1,624,0.108163,HIGH,APPROVED,1,90,600-700,<50K
BL000955,2024-12-21 14:37:15,741,50176,39.92,1,22891,major_purchase,OWN,2,9,48,39.34,3,592,0.143237,HIGH,DECLINED,0,0,<600,50-75K
BL000956,2024-10-04 23:47:06,720,61948,4.75,5,8605,other,MORTGAGE,1,4,11,35.2,2,707,0.013108,LOW,APPROVED,0,0,700-800,50-75K
BL000957,2024-08-09 11:50:19,682,75296,19.43,2,35495,debt_consolidation,MORTGAGE,1,3,47,60.0,1,657,0.052269,HIGH,APPROVED,0,0,600-700,75-100K
BL000958,2024-11-26 10:43:39,765,60893,36.68,0,40578,debt_consolidation,MORTGAGE,1,3,15,60.03,1,650,0.041456,MEDIUM,APPROVED,0,0,600-700,50-75K
BL000959,2024-09-10 10:24:04,718,42593,23.54,2,22196,other,MORTGAGE,1,5,9,82.49,1,644,0.050194,HIGH,APPROVED,0,0,600-700,<50K
BL000960,2024-11-03 19:36:31,649,60496,8.39,4,33805,credit_card,MORTGAGE,1,3,45,26.2,2,673,0.023796,MEDIUM,APPROVED,0,0,600-700,50-75K
BL000961,2024-07-14 04:24:56,760,156958,28.7,11,16687,major_purchase,RENT,0,0,0,83.89,2,692,0.023067,MEDIUM,APPROVED,0,0,600-700,100K+
BL000962,2024-08-03 14:30:12,677,190717,12.0,2,18145,other,MORTGAGE,1,7,10,15.51,4,650,0.040406,MEDIUM,APPROVED,0,0,600-700,100K+
BL000963,2024-11-21 18:47:04,723,55815,32.17,1,55471,home_improvement,MORTGAGE,1,8,59,50.43,1,639,0.057451,HIGH,APPROVED,0,0,600-700,50-75K
BL000964,2024-02-21 00:45:01,607,82489,32.76,2,19731,major_purchase,RENT,0,0,0,13.26,0,664,0.038079,MEDIUM,APPROVED,0,0,600-700,75-100K
BL000965,2024-09-15 10:35:22,690,27993,20.53,3,18664,credit_card,MORTGAGE,0,0,0,54.62,0,666,0.038348,MEDIUM,APPROVED,0,0,600-700,<50K
BL000966,2024-12-17 11:04:50,639,67883,13.42,3,8375,home_improvement,RENT,1,4,56,58.31,3,611,0.121026,HIGH,APPROVED,0,0,600-700,50-75K
BL000967,2024-03-03 23:44:08,637,85097,28.57,8,6637,debt_consolidation,MORTGAGE,1,10,32,43.16,0,643,0.095061,HIGH,APPROVED,0,30,600-700,75-100K
BL000968,2024-08-17 18:15:58,586,53867,20.73,26,10563,other,RENT,0,0,0,31.45,2,627,0.140284,HIGH,APPROVED,0,0,600-700,50-75K
BL000969,2024-01-14 09:07:24,808,140427,21.31,22,71978,home_improvement,MORTGAGE,0,0,0,32.65,0,757,0.002523,LOW,APPROVED,0,0,700-800,100K+
BL000970,2024-10-10 00:46:04,682,91729,18.6,15,14573,other,MORTGAGE,0,0,0,60.5,1,681,0.039998,MEDIUM,APPROVED,0,0,600-700,75-100K
BL000971,2024-02-29 01:23:45,704,81512,19.51,1,37507,home_improvement,MORTGAGE,1,4,21,37.42,3,642,0.075191,HIGH,DECLINED,0,0,600-700,75-100K
BL000972,2024-02-19 14:43:19,752,18980,15.15,4,30204,debt_consolidation,MORTGAGE,0,0,0,43.47,1,755,0.004378,LOW,APPROVED,0,0,700-800,<50K
BL000973,2024-10-31 12:30:06,684,46859,31.49,2,11534,debt_consolidation,RENT,1,2,36,43.83,0,670,0.04107,MEDIUM,APPROVED,0,0,600-700,<50K
BL000974,2024-07-07 17:47:48,719,85245,34.24,11,17724,other,MORTGAGE,0,0,0,69.35,0,665,0.026798,MEDIUM,APPROVED,0,0,600-700,75-100K
BL000975,2024-08-29 17:16:33,616,49549,16.24,23,17169,home_improvement,RENT,0,0,0,35.77,1,614,0.096233,HIGH,APPROVED,0,0,600-700,<50K
BL000976,2024-06-03 14:34:16,701,27959,12.37,2,24479,major_purchase,OWN,0,0,0,40.77,1,701,0.016889,MEDIUM,APPROVED,0,0,700-800,<50K
BL000977,2024-08-11 01:35:55,668,47654,30.79,8,29082,credit_card,OWN,1,2,18,60.38,4,558,0.352174,VERY_HIGH,DECLINED,0,0,<600,<50K
BL000978,2024-09-09 12:29:17,718,122941,35.6,4,23343,credit_card,RENT,1,1,43,56.04,2,686,0.045522,HIGH,APPROVED,0,0,600-700,100K+
BL000979,2024-03-08 08:55:58,700,84102,28.89,6,50050,credit_card,MORTGAGE,1,5,47,73.72,2,613,0.120121,HIGH,DECLINED,0,0,600-700,75-100K
BL000980,2024-06-21 13:38:06,614,91539,34.32,5,21989,other,RENT,1,4,18,76.66,2,551,0.50213,VERY_HIGH,APPROVED,1,120,<600,75-100K
BL000981,2024-11-04 05:49:50,589,67612,31.15,21,45848,major_purchase,RENT,0,0,0,54.1,1,592,0.171147,HIGH,APPROVED,0,0,<600,50-75K
BL000982,2024-12-12 16:27:18,635,128398,24.64,15,42117,home_improvement,RENT,0,0,0,63.94,1,606,0.246726,VERY_HIGH,DECLINED,0,0,600-700,100K+
BL000983,2024-06-04 02:50:02,731,18000,21.62,2,6016,major_purchase,MORTGAGE,1,4,45,58.72,1,695,0.028717,MEDIUM,APPROVED,0,30,600-700,<50K
BL000984,2024-07-09 02:13:01,714,36153,17.1,18,25969,home_improvement,MORTGAGE,0,0,0,32.23,4,613,0.093949,HIGH,APPROVED,0,0,600-700,<50K
BL000985,2024-05-18 12:25:40,713,147462,23.17,7,9203,other,MORTGAGE,0,0,0,62.63,0,700,0.016806,MEDIUM,APPROVED,0,0,700-800,100K+
BL000986,2024-01-03 23:45:13,579,99740,8.05,7,27623,major_purchase,MORTGAGE,0,0,0,66.21,0,595,0.201639,VERY_HIGH,APPROVED,0,0,<600,75-100K
BL000987,2024-02-20 17:57:48,543,69258,37.22,4,22195,debt_consolidation,RENT,0,0,0,43.24,0,532,0.658659,VERY_HIGH,DECLINED,0,0,<600,50-75K
BL000988,2024-10-06 02:15:31,656,53173,13.85,0,23945,credit_card,MORTGAGE,0,0,0,86.91,1,631,0.048875,HIGH,DECLINED,1,120,600-700,50-75K
BL000989,2024-08-10 21:04:27,672,27402,26.38,4,29947,other,MORTGAGE,0,0,0,0.0,2,642,0.062031,HIGH,APPROVED,0,0,600-700,<50K
BL000990,2024-04-14 10:34:48,657,51198,27.26,3,16251,debt_consolidation,MORTGAGE,0,0,0,38.81,2,652,0.065589,HIGH,APPROVED,0,0,600-700,50-75K
BL000991,2024-09-19 10:41:56,710,58254,23.15,3,17554,credit_card,RENT,0,0,0,33.95,1,709,0.01123,LOW,APPROVED,0,30,700-800,50-75K
BL000992,2024-12-25 18:21:56,681,40912,23.6,6,31713,credit_card,OWN,2,5,32,23.3,0,632,0.07214,HIGH,DECLINED,0,0,600-700,<50K
BL000993,2024-03-10 16:17:00,625,115584,16.83,2,29922,debt_consolidation,OTHER,2,1,41,32.6,5,598,0.132519,HIGH,DECLINED,0,0,<600,100K+
BL000994,2024-01-27 14:21:03,642,98947,20.19,1,33858,home_improvement,MORTGAGE,0,0,0,51.92,1,654,0.054477,HIGH,APPROVED,0,0,600-700,75-100K
BL000995,2024-07-23 11:37:26,698,54679,30.72,0,26900,other,MORTGAGE,0,0,0,66.4,0,682,0.022765,MEDIUM,APPROVED,0,0,600-700,50-75K
BL000996,2024-01-01 00:07:31,694,93360,30.21,6,42062,debt_consolidation,MORTGAGE,0,0,0,61.48,0,659,0.029717,MEDIUM,APPROVED,0,0,600-700,75-100K
BL000997,2024-07-16 23:25:38,686,60968,11.92,2,9902,home_improvement,MORTGAGE,0,0,0,28.13,0,733,0.006621,LOW,APPROVED,0,0,700-800,50-75K
BL000998,2024-08-25 11:28:20,815,70237,23.32,0,24348,debt_consolidation,RENT,0,0,0,41.8,0,739,0.004565,LOW,APPROVED,0,0,700-800,50-75K
BL000999,2024-05-18 13:22:43,676,50040,8.04,11,27009,debt_consolidation,MORTGAGE,2,3,56,51.41,1,655,0.050763,HIGH,APPROVED,0,0,600-700,50-75K
BL001000,2024-02-08 23:05:05,697,190519,23.11,31,11319,other,RENT,0,0,0,76.1,0,714,0.012684,LOW,APPROVED,0,0,700-800,100K+
BL001001,2024-02-02 13:22:35,635,31614,24.51,2,22093,major_purchase,MORTGAGE,1,3,43,31.9,1,643,0.085046,HIGH,APPROVED,0,0,600-700,<50K
BL001002,2024-11-14 15:00:45,670,58292,11.64,0,10424,other,RENT,2,8,16,67.24,1,670,0.035886,MEDIUM,APPROVED,0,0,600-700,50-75K
BL001003,2024-10-19 18:00:07,719,99269,36.81,17,3822,credit_card,OWN,2,6,48,9.73,0,669,0.025929,MEDIUM,APPROVED,0,0,600-700,75-100K
BL001004,2024-03-08 09:26:29,721,98877,11.56,5,6338,debt_consolidation,MORTGAGE,1,5,31,39.45,1,713,0.010294,LOW,APPROVED,0,0,700-800,75-100K
BL001005,2024-02-24 21:18:27,681,29881,34.82,0,34184,credit_card,RENT,0,0,0,0.0,6,597,0.172312,HIGH,APPROVED,0,0,<600,<50K
BL001006,2024-07-19 00:53:26,712,40569,8.89,0,35747,home_improvement,RENT,1,3,50,32.42,0,697,0.021242,MEDIUM,APPROVED,0,0,600-700,<50K
BL001007,2024-06-17 18:22:26,693,59552,30.32,9,32023,major_purchase,RENT,0,0,0,86.03,3,616,0.1034,HIGH,DECLINED,0,0,600-700,50-75K
BL001008,2024-01-14 23:37:12,587,43346,6.55,2,15353,debt_consolidation,RENT,1,5,35,31.25,2,608,0.206463,VERY_HIGH,APPROVED,0,0,600-700,<50K
BL001009,2024-10-07 17:16:24,510,45975,19.19,6,28216,other,MORTGAGE,1,1,44,23.32,0,548,0.450693,VERY_HIGH,DECLINED,1,120,<600,<50K
BL001010,2024-04-20 03:22:54,817,55530,11.96,1,6416,home_improvement,RENT,0,0,0,62.17,1,779,0.002322,LOW,APPROVED,0,0,700-800,50-75K
BL001011,2024-09-25 15:33:58,736,58006,26.46,2,12347,debt_consolidation,OWN,0,0,0,78.26,0,716,0.008792,LOW,APPROVED,0,0,700-800,50-75K
BL001012,2024-06-14 06:48:40,687,102403,16.28,4,29669,debt_consolidation,RENT,0,0,0,15.28,1,741,0.007268,LOW,APPROVED,0,0,700-800,100K+
BL001013,2024-11-17 22:54:38,594,28859,21.73,12,25467,home_improvement,MORTGAGE,3,4,11,31.87,3,508,0.669035,VERY_HIGH,DECLINED,1,120,<600,<50K
BL001014,2024-11-26 00:28:23,620,100349,25.68,2,10939,debt_consolidation,MORTGAGE,1,5,28,60.53,0,610,0.201331,VERY_HIGH,APPROVED,0,0,600-700,100K+
BL001015,2024-06-27 20:32:42,765,56197,14.62,8,27008,credit_card,MORTGAGE,0,0,0,55.9,0,764,0.003229,LOW,APPROVED,0,0,700-800,50-75K
BL001016,2024-06-27 12:25:40,537,81073,18.18,5,43967,debt_consolidation,OWN,0,0,0,60.18,1,552,0.482703,VERY_HIGH,DECLINED,0,0,<600,75-100K
BL001017,2024-09-28 22:00:26,672,53215,25.77,9,18924,debt_consolidation,MORTGAGE,0,0,0,73.86,2,634,0.091358,HIGH,APPROVED,0,30,600-700,50-75K
BL001018,2024-05-19 02:41:08,738,180144,14.93,1,75864,credit_card,OTHER,2,4,2,20.42,3,674,0.024109,MEDIUM,APPROVED,0,0,600-700,100K+
BL001019,2024-03-19 22:16:09,698,27618,27.05,7,18256,debt_consolidation,MORTGAGE,1,3,7,65.3,0,696,0.02425,MEDIUM,APPROVED,0,0,600-700,<50K
BL001020,2024-02-18 14:34:56,732,106481,7.46,2,21838,major_purchase,OTHER,1,4,25,100.0,3,658,0.029766,MEDIUM,APPROVED,1,150,600-700,100K+
BL001021,2024-01-28 23:01:53,683,50973,41.81,7,16044,debt_consolidation,RENT,1,5,24,36.9,3,580,0.270513,VERY_HIGH,DECLINED,0,0,<600,50-75K
BL001022,2024-03-07 23:07:24,822,56182,33.44,5,27122,debt_consolidation,RENT,1,4,49,30.63,1,746,0.005615,LOW,APPROVED,0,30,700-800,50-75K
BL001023,2024-05-29 11:59:02,633,118533,10.27,9,26482,debt_consolidation,RENT,0,0,0,43.58,0,693,0.023699,MEDIUM,APPROVED,0,0,600-700,100K+
BL001024,2024-09-14 02:17:37,615,56953,16.24,4,9991,credit_card,MORTGAGE,0,0,0,78.84,3,602,0.145963,HIGH,DECLINED,0,0,600-700,50-75K
BL001025,2024-01-22 18:44:34,705,93968,20.23,2,8323,home_improvement,RENT,0,0,0,38.3,0,704,0.011997,LOW,APPROVED,0,0,700-800,75-100K
BL001026,2024-10-28 21:41:51,769,120395,28.49,10,32174,debt_consolidation,OWN,2,5,6,5.42,2,722,0.008073,LOW,APPROVED,0,0,700-800,100K+
BL001027,2024-12-07 17:03:23,687,47730,30.15,9,52829,credit_card,MORTGAGE,1,4,38,60.96,1,648,0.044049,HIGH,APPROVED,0,0,600-700,<50K
BL001028,2024-03-08 17:46:09,748,155964,33.04,2,19984,home_improvement,RENT,1,3,17,92.6,1,612,0.126124,HIGH,APPROVED,0,0,600-700,100K+
BL001029,2024-02-29 00:08:33,661,110568,33.93,6,12534,other,RENT,0,0,0,62.84,0,640,0.055892,HIGH,APPROVED,0,0,600-700,100K+
BL001030,2024-12-22 04:51:53,625,56633,13.36,6,19835,major_purchase,RENT,0,0,0,34.84,1,656,0.052408,HIGH,APPROVED,0,0,600-700,50-75K
BL001031,2024-07-02 21:34:30,767,69265,24.9,11,21491,debt_consolidation,OWN,1,4,12,38.53,1,711,0.010777,LOW,APPROVED,0,0,700-800,50-75K
BL001032,2024-02-10 18:51:39,776,45378,21.97,2,14835,credit_card,MORTGAGE,1,5,4,73.24,0,721,0.007027,LOW,APPROVED,0,0,700-800,<50K
BL001033,2024-07-30 07:12:34,774,71574,28.86,3,43384,debt_consolidation,RENT,0,0,0,30.51,1,742,0.004217,LOW,APPROVED,0,0,700-800,50-75K
BL001034,2024-10-14 19:36:21,666,92971,22.05,4,17525,debt_consolidation,OWN,0,0,0,44.97,2,634,0.083354,HIGH,APPROVED,1,60,600-700,75-100K
BL001035,2024-02-29 11:16:28,626,98754,7.35,0,13869,credit_card,MORTGAGE,1,2,28,45.96,0,636,0.061883,HIGH,APPROVED,0,0,600-700,75-100K
BL001036,2024-09-02 17:50:03,626,69453,19.05,14,14926,major_purchase,MORTGAGE,1,6,28,46.93,2,610,0.101632,HIGH,APPROVED,0,0,600-700,50-75K
BL001037,2024-10-23 01:21:02,678,49644,45.85,5,12373,other,MORTGAGE,0,0,0,18.12,3,621,0.082822,HIGH,APPROVED,0,0,600-700,<50K
BL001038,2024-02-22 15:34:37,722,46864,23.6,16,56827,other,MORTGAGE,0,0,0,44.57,3,679,0.027804,MEDIUM,DECLINED,0,0,600-700,<50K
BL001039,2024-03-27 05:13:55,718,40706,34.28,7,35080,credit_card,MORTGAGE,0,0,0,27.62,2,664,0.023831,MEDIUM,APPROVED,0,0,600-700,<50K
BL001040,2024-06-04 02:42:16,611,55302,22.84,11,38937,major_purchase,MORTGAGE,0,0,0,20.93,1,602,0.171624,HIGH,APPROVED,0,0,600-700,50-75K
BL001041,2024-04-23 01:50:45,701,82353,20.91,2,18118,credit_card,OWN,1,3,6,81.53,0,682,0.029711,MEDIUM,APPROVED,0,0,600-700,75-100K
BL001042,2024-10-13 18:19:58,691,48230,23.65,3,28938,other,MORTGAGE,0,0,0,58.61,1,679,0.021836,MEDIUM,APPROVED,0,0,600-700,<50K
BL001043,2024-08-07 20:38:06,695,46106,21.46,6,25184,debt_consolidation,RENT,0,0,0,39.81,3,694,0.016062,LOW,APPROVED,0,0,600-700,<50K
BL001044,2024-02-12 16:04:58,689,38897,31.19,5,34114,debt_consolidation,OTHER,0,0,0,22.57,0,644,0.043134,HIGH,APPROVED,0,0,600-700,<50K
BL001045,2024-01-29 18:53:24,679,81202,19.4,6,38184,home_improvement,OTHER,0,0,0,19.46,0,679,0.019768,MEDIUM,APPROVED,0,0,600-700,75-100K
BL001046,2024-05-25 11:49:36,723,55768,6.69,5,39783,other,RENT,1,3,33,25.17,0,738,0.004827,LOW,DECLINED,0,0,700-800,50-75K
BL001047,2024-04-07 18:32:09,697,30164,31.36,0,18667,credit_card,RENT,1,4,26,20.79,0,678,0.028619,MEDIUM,APPROVED,0,0,600-700,<50K
BL001048,2024-02-02 06:17:02,702,103425,28.26,1,29657,other,RENT,1,7,23,70.86,2,651,0.047455,HIGH,APPROVED,0,0,600-700,100K+
BL001049,2024-04-04 02:09:11,652,101153,19.73,5,10360,credit_card,RENT,0,0,0,38.86,1,631,0.064926,HIGH,APPROVED,0,0,600-700,100K+
BL001050,2024-01-21 18:48:40,712,63226,22.12,3,30028,credit_card,RENT,0,0,0,66.94,1,675,0.024535,MEDIUM,APPROVED,0,0,600-700,50-75K
BL001051,2024-02-29 23:21:29,683,53482,30.31,2,16249,home_improvement,MORTGAGE,0,0,0,16.68,2,673,0.021958,MEDIUM,APPROVED,0,0,600-700,50-75K
BL001052,2024-03-26 03:05:04,574,61689,26.89,4,7955,debt_consolidation,OWN,0,0,0,56.08,1,574,0.398233,VERY_HIGH,DECLINED,0,0,<600,50-75K
BL001053,2024-09-12 14:28:26,717,41278,14.62,4,21450,major_purchase,MORTGAGE,0,0,0,24.9,2,748,0.00368,LOW,APPROVED,0,0,700-800,<50K
BL001054,2024-08-17 00:32:44,675,98618,35.73,2,31326,credit_card,RENT,0,0,0,51.38,1,608,0.204383,VERY_HIGH,DECLINED,1,60,600-700,75-100K
BL001055,2024-11-21 21:41:01,741,117144,46.46,1,39962,debt_consolidation,RENT,0,0,0,78.84,2,625,0.067054,HIGH,APPROVED,0,0,600-700,100K+
BL001056,2024-12-24 23:00:34,681,99701,23.64,1,17419,debt_consolidation,MORTGAGE,1,3,51,29.99,1,663,0.030522,MEDIUM,APPROVED,0,0,600-700,75-100K
BL001057,2024-01-09 08:05:56,685,69789,14.51,1,15271,credit_card,MORTGAGE,0,0,0,66.97,1,708,0.018026,MEDIUM,APPROVED,0,0,700-800,50-75K
BL001058,2024-07-21 17:11:33,702,69620,33.09,1,11313,home_improvement,RENT,1,3,21,97.39,1,647,0.054638,HIGH,APPROVED,1,60,600-700,50-75K
BL001059,2024-09-22 10:47:16,689,79679,36.07,5,31825,debt_consolidation,RENT,0,0,0,47.51,1,661,0.070531,HIGH,APPROVED,0,0,600-700,75-100K
BL001060,2024-02-12 11:56:11,665,135452,15.51,6,53619,other,RENT,0,0,0,33.39,0,739,0.006732,LOW,APPROVED,0,0,700-800,100K+
BL001061,2024-05-19 09:02:12,591,43763,9.95,1,17467,home_improvement,OWN,0,0,0,36.75,4,621,0.150611,HIGH,DECLINED,0,0,600-700,<50K
BL001062,2024-06-14 05:05:06,791,62144,11.36,10,27590,other,OTHER,0,0,0,35.07,0,790,0.000965,LOW,APPROVED,0,0,700-800,50-75K
BL001063,2024-11-22 09:12:16,603,45938,19.01,1,37831,credit_card,OWN,2,3,29,46.65,1,590,0.223476,VERY_HIGH,APPROVED,1,90,<600,<50K
BL001064,2024-06-06 00:48:33,671,36262,13.56,4,13498,credit_card,OWN,1,2,32,36.95,0,654,0.045315,HIGH,APPROVED,0,0,600-700,<50K
BL001065,2024-06-14 20:23:32,726,72825,19.24,2,28763,home_improvement,RENT,1,7,22,68.06,2,707,0.019438,MEDIUM,APPROVED,0,0,700-800,50-75K
BL001066,2024-09-15 10:10:57,711,104391,19.3,2,32638,home_improvement,RENT,0,0,0,67.45,2,663,0.035107,MEDIUM,APPROVED,0,0,600-700,100K+
BL001067,2024-04-19 07:57:28,721,38866,8.43,3,22603,credit_card,OWN,1,8,29,0.0,1,734,0.006313,LOW,APPROVED,0,0,700-800,<50K
BL001068,2024-12-05 14:28:48,732,97761,26.04,29,19611,home_improvement,OTHER,0,0,0,76.44,1,719,0.007377,LOW,APPROVED,0,0,700-800,75-100K
BL001069,2024-11-09 00:22:15,759,84823,35.55,6,12516,credit_card,MORTGAGE,3,7,59,49.9,2,622,0.071845,HIGH,APPROVED,0,0,600-700,75-100K
BL001070,2024-11-02 01:04:06,706,77302,4.66,0,25479,credit_card,MORTGAGE,1,5,38,0.59,1,721,0.010227,LOW,APPROVED,0,0,700-800,75-100K
BL001071,2024-01-09 05:30:00,850,115711,20.69,5,18004,home_improvement,RENT,2,7,17,47.56,2,758,0.002992,LOW,APPROVED,0,0,700-800,100K+
BL001072,2024-05-23 13:34:14,634,46547,18.69,8,27408,credit_card,MORTGAGE,0,0,0,75.94,3,628,0.099024,HIGH,DECLINED,1,150,600-700,<50K
BL001073,2024-07-18 04:36:21,703,129701,15.85,2,30141,major_purchase,MORTGAGE,1,1,51,36.7,1,703,0.010623,LOW,APPROVED,0,0,700-800,100K+
BL001074,2024-09-20 15:27:46,670,53289,23.27,1,18785,debt_consolidation,RENT,0,0,0,55.86,1,660,0.040625,MEDIUM,APPROVED,0,0,600-700,50-75K
BL001075,2024-10-14 23:35:37,660,79997,13.1,1,47533,other,MORTGAGE,1,2,39,23.08,2,710,0.009298,LOW,APPROVED,0,0,700-800,75-100K
BL001076,2024-08-14 17:16:58,706,31229,29.86,21,9982,debt_consolidation,RENT,2,7,41,62.34,2,620,0.097539,HIGH,APPROVED,0,0,600-700,<50K
BL001077,2024-09-19 11:11:10,770,97141,19.41,3,14543,debt_consolidation,RENT,1,4,4,10.9,0,737,0.005957,LOW,APPROVED,0,0,700-800,75-100K
BL001078,2024-02-05 07:57:52,651,63437,13.21,5,16043,other,MORTGAGE,0,0,0,22.0,2,631,0.074614,HIGH,APPROVED,0,0,600-700,50-75K
BL001079,2024-06-18 21:25:26,651,48543,26.17,8,22356,major_purchase,MORTGAGE,1,0,50,26.99,1,584,0.267998,VERY_HIGH,DECLINED,0,0,<600,<50K
BL001080,2024-11-19 11:03:30,730,39365,23.25,17,11239,home_improvement,OWN,0,0,0,56.53,1,687,0.0154,LOW,APPROVED,0,0,600-700,<50K
BL001081,2024-03-05 21:02:35,720,68531,35.19,3,33759,other,OWN,1,4,11,47.48,0,661,0.036461,MEDIUM,APPROVED,0,0,600-700,50-75K
BL001082,2024-02-09 02:31:03,798,113846,23.78,2,21591,credit_card,RENT,0,0,0,63.26,1,754,0.005147,LOW,APPROVED,0,0,700-800,100K+
BL001083,2024-03-03 21:13:11,747,79438,18.94,9,26224,credit_card,OWN,2,6,14,34.73,1,715,0.008418,LOW,APPROVED,0,0,700-800,75-100K
BL001084,2024-10-04 15:25:18,703,53634,39.47,3,9888,credit_card,MORTGAGE,0,0,0,24.73,0,603,0.107503,HIGH,APPROVED,0,0,600-700,50-75K
BL001085,2024-09-04 16:29:20,672,44269,24.25,6,16030,home_improvement,RENT,0,0,0,92.21,2,625,0.129882,HIGH,APPROVED,0,0,600-700,<50K
BL001086,2024-06-26 14:41:49,702,38991,25.58,5,23840,credit_card,MORTGAGE,0,0,0,43.66,3,645,0.058511,HIGH,APPROVED,0,0,600-700,<50K
BL001087,2024-03-17 09:55:56,680,53892,35.45,3,25277,major_purchase,RENT,0,0,0,50.1,3,578,0.22049,VERY_HIGH,DECLINED,0,0,<600,50-75K
BL001088,2024-10-17 03:39:46,615,30321,17.31,1,31911,credit_card,OWN,1,3,11,19.03,0,607,0.112517,HIGH,APPROVED,0,0,600-700,<50K
BL001089,2024-10-25 20:10:25,690,52707,21.41,4,21944,other,MORTGAGE,1,5,25,22.18,1,676,0.032153,MEDIUM,DECLINED,0,0,600-700,50-75K
BL001090,2024-07-18 00:25:19,680,102255,15.36,11,16993,credit_card,RENT,0,0,0,51.64,1,672,0.022666,MEDIUM,APPROVED,0,0,600-700,100K+
BL001091,2024-06-25 16:57:10,677,60727,39.79,34,2822,credit_card,MORTGAGE,0,0,0,56.11,1,606,0.102298,HIGH,DECLINED,0,0,600-700,50-75K
BL001092,2024-07-29 14:13:55,666,58183,14.49,4,26145,credit_card,MORTGAGE,1,6,51,22.07,0,676,0.032081,MEDIUM,APPROVED,0,0,600-700,50-75K
BL001093,2024-06-05 22:11:36,783,47588,12.19,4,19546,debt_consolidation,OWN,1,4,12,29.23,1,783,0.001815,LOW,APPROVED,0,0,700-800,<50K
BL001094,2024-07-20 00:40:52,728,85972,11.94,2,17967,major_purchase,RENT,0,0,0,41.42,1,766,0.003115,LOW,APPROVED,0,0,700-800,75-100K
BL001095,2024-08-03 22:00:48,742,82867,38.51,2,24821,credit_card,OTHER,0,0,0,69.58,0,728,0.006242,LOW,APPROVED,0,0,700-800,75-100K
BL001096,2024-02-07 23:59:07,657,118236,31.85,3,14816,debt_consolidation,OWN,0,0,0,37.55,1,627,0.101899,HIGH,APPROVED,0,0,600-700,100K+
BL001097,2024-08-14 23:40:18,634,45482,15.91,6,26590,major_purchase,MORTGAGE,0,0,0,81.67,2,590,0.173288,HIGH,DECLINED,1,120,<600,<50K
BL001098,2024-07-26 13:10:53,674,37692,15.54,3,27711,major_purchase,MORTGAGE,2,1,52,62.07,1,604,0.144108,HIGH,APPROVED,0,0,600-700,<50K
BL001099,2024-05-10 15:09:53,703,47330,43.16,22,25022,other,RENT,2,3,22,77.35,3,577,0.286793,VERY_HIGH,APPROVED,1,120,<600,<50K
BL001100,2024-01-30 10:34:23,671,35713,16.62,0,8767,other,RENT,0,0,0,43.02,1,654,0.05104,HIGH,DECLINED,0,30,600-700,<50K
BL001101,2024-01-28 20:00:23,680,60744,22.66,4,19437,debt_consolidation,RENT,0,0,0,50.09,2,711,0.014963,LOW,APPROVED,0,0,700-800,50-75K
BL001102,2024-09-14 19:43:11,743,51139,15.91,3,22116,home_improvement,RENT,1,1,16,29.06,0,755,0.004389,LOW,APPROVED,0,0,700-800,50-75K
BL001103,2024-09-19 17:03:57,706,42128,44.76,7,20010,home_improvement,OWN,1,3,6,44.89,0,606,0.124444,HIGH,APPROVED,0,0,600-700,<50K
BL001104,2024-01-02 23:23:13,636,60679,15.9,4,23748,home_improvement,OWN,0,0,0,54.65,2,628,0.080718,HIGH,APPROVED,1,60,600-700,50-75K
BL001105,2024-01-07 05:44:38,666,97559,9.48,7,21486,home_improvement,OWN,1,4,25,18.51,1,663,0.047152,HIGH,APPROVED,0,0,600-700,75-100K
BL001106,2024-03-16 18:34:52,654,85640,24.0,10,14101,debt_consolidation,OTHER,1,7,47,35.68,1,640,0.095129,HIGH,DECLINED,0,0,600-700,75-100K
BL001107,2024-08-21 06:04:05,700,46718,24.96,7,89878,home_improvement,MORTGAGE,1,7,38,47.29,1,657,0.051712,HIGH,APPROVED,0,0,600-700,<50K
BL001108,2024-11-27 16:45:11,626,62976,19.6,3,12688,other,RENT,0,0,0,39.43,1,664,0.034908,MEDIUM,APPROVED,0,0,600-700,50-75K
BL001109,2024-09-05 10:45:05,680,71388,15.83,4,11150,home_improvement,OWN,0,0,0,8.14,3,676,0.030423,MEDIUM,APPROVED,0,0,600-700,50-75K
BL001110,2024-12-13 21:10:02,728,83490,5.78,6,31258,debt_consolidation,RENT,0,0,0,52.78,2,767,0.003696,LOW,APPROVED,0,0,700-800,75-100K
BL001111,2024-08-13 18:43:07,692,53045,14.26,10,34239,debt_consolidation,OWN,0,0,0,41.54,0,717,0.014118,LOW,APPROVED,0,0,700-800,50-75K
BL001112,2024-07-09 01:58:34,640,34686,39.34,3,39428,debt_consolidation,RENT,0,0,0,19.48,5,566,0.315721,VERY_HIGH,DECLINED,1,120,<600,<50K
BL001113,2024-05-25 01:19:38,656,72316,7.5,3,33999,home_improvement,RENT,0,0,0,50.6,2,630,0.071719,HIGH,APPROVED,0,0,600-700,50-75K
BL001114,2024-03-05 05:45:23,697,39995,34.03,2,7637,debt_consolidation,RENT,2,5,14,30.97,1,651,0.054721,HIGH,APPROVED,0,0,600-700,<50K
BL001115,2024-03-14 06:30:55,717,52418,43.25,11,10944,other,RENT,0,0,0,33.43,3,637,0.065529,HIGH,APPROVED,1,60,600-700,50-75K
BL001116,2024-04-29 02:06:16,736,54849,34.68,10,49085,major_purchase,RENT,1,3,42,73.11,1,650,0.055928,HIGH,APPROVED,0,0,600-700,50-75K
BL001117,2024-02-02 22:13:01,682,93703,26.01,3,36210,other,RENT,3,5,18,23.01,0,599,0.152187,HIGH,APPROVED,0,60,<600,75-100K
BL001118,2024-12-02 10:13:30,618,50072,34.51,12,16120,major_purchase,MORTGAGE,0,0,0,62.83,0,586,0.255091,VERY_HIGH,APPROVED,0,0,<600,50-75K
BL001119,2024-07-07 10:56:06,768,66594,34.28,0,25739,major_purchase,OWN,2,10,35,49.16,0,707,0.014682,LOW,APPROVED,0,0,700-800,50-75K
BL001120,2024-12-07 21:07:06,706,56195,10.84,5,12309,credit_card,RENT,1,1,36,55.16,0,773,0.00341,LOW,APPROVED,0,0,700-800,50-75K
BL001121,2024-08-24 00:47:33,712,48346,28.16,6,14210,debt_consolidation,OTHER,0,0,0,49.33,1,688,0.029668,MEDIUM,APPROVED,0,0,600-700,<50K
BL001122,2024-06-25 13:54:12,707,91908,14.1,2,22246,debt_consolidation,RENT,1,1,11,65.79,4,646,0.065355,HIGH,DECLINED,0,0,600-700,75-100K
BL001123,2024-05-01 09:45:15,633,50248,4.34,21,33064,home_improvement,RENT,0,0,0,46.26,2,634,0.066603,HIGH,APPROVED,0,0,600-700,50-75K
BL001124,2024-06-08 02:01:45,672,76685,31.95,9,41185,debt_consolidation,OTHER,0,0,0,30.72,1,655,0.060333,HIGH,DECLINED,0,0,600-700,75-100K
BL001125,2024-09-12 14:34:59,704,70381,15.87,6,5821,other,RENT,2,2,52,49.51,1,624,0.090212,HIGH,APPROVED,0,0,600-700,50-75K
BL001126,2024-06-23 15:33:02,747,26909,25.55,7,31462,major_purchase,MORTGAGE,0,0,0,44.16,1,669,0.023913,MEDIUM,APPROVED,0,0,600-700,<50K
BL001127,2024-06-06 22:11:56,693,29458,11.42,7,35351,debt_consolidation,RENT,0,0,0,43.58,3,673,0.028708,MEDIUM,DECLINED,0,0,600-700,<50K
BL001128,2024-03-13 03:25:53,518,18000,32.33,3,21045,debt_consolidation,RENT,1,2,49,55.01,0,479,0.784039,VERY_HIGH,DECLINED,1,90,<600,<50K
BL001129,2024-12-23 07:02:52,677,70637,28.55,11,35650,credit_card,MORTGAGE,0,0,0,73.72,3,634,0.12546,HIGH,APPROVED,0,0,600-700,50-75K
BL001130,2024-04-29 13:19:07,709,69532,20.19,2,27005,debt_consolidation,RENT,0,0,0,52.44,2,719,0.012395,LOW,APPROVED,0,0,700-800,50-75K
BL001131,2024-10-15 19:01:02,761,48884,14.79,2,25416,credit_card,MORTGAGE,0,0,0,69.81,1,765,0.003996,LOW,APPROVED,0,0,700-800,<50K
BL001132,2024-07-23 21:29:10,729,48894,16.53,8,7041,home_improvement,RENT,0,0,0,24.57,1,734,0.005688,LOW,APPROVED,0,0,700-800,<50K
BL001133,2024-11-25 06:56:26,827,53587,24.44,0,32363,credit_card,RENT,0,0,0,45.56,0,836,0.00042,LOW,APPROVED,0,0,800+,50-75K
BL001134,2024-10-01 10:04:05,768,46606,17.07,4,12266,credit_card,OTHER,1,4,46,77.66,0,713,0.011401,LOW,APPROVED,0,0,700-800,<50K
BL001135,2024-08-16 20:05:13,764,60804,13.74,2,9052,credit_card,MORTGAGE,1,3,53,34.45,1,749,0.003774,LOW,APPROVED,0,0,700-800,50-75K
BL001136,2024-08-05 13:11:13,742,60856,28.18,17,12627,other,MORTGAGE,1,2,37,47.22,1,634,0.080827,HIGH,APPROVED,0,0,600-700,50-75K
BL001137,2024-03-19 02:25:01,614,41463,26.14,9,28648,other,RENT,1,2,47,11.06,0,629,0.099438,HIGH,APPROVED,0,30,600-700,<50K
BL001138,2024-07-31 11:43:56,737,117386,32.18,1,23842,home_improvement,MORTGAGE,0,0,0,65.3,2,694,0.014858,LOW,APPROVED,0,0,600-700,100K+
BL001139,2024-12-06 01:45:54,723,97444,30.85,7,21479,home_improvement,MORTGAGE,1,4,45,55.63,2,635,0.076992,HIGH,DECLINED,0,60,600-700,75-100K
BL001140,2024-04-27 18:01:17,661,51563,12.17,5,21837,major_purchase,RENT,0,0,0,26.34,1,688,0.028198,MEDIUM,APPROVED,0,0,600-700,50-75K
BL001141,2024-05-12 03:21:07,722,164259,23.98,4,36818,other,OWN,0,0,0,28.09,1,705,0.013808,LOW,APPROVED,0,0,700-800,100K+
BL001142,2024-05-13 05:48:50,713,186391,14.91,0,84798,debt_consolidation,RENT,1,8,20,67.5,1,702,0.009134,LOW,APPROVED,0,0,700-800,100K+
BL001143,2024-06-26 17:39:04,664,108233,10.55,8,31183,debt_consolidation,OTHER,1,4,30,28.45,0,668,0.027259,MEDIUM,APPROVED,0,0,600-700,100K+
BL001144,2024-06-21 19:46:36,683,106056,24.11,1,15694,debt_consolidation,MORTGAGE,0,0,0,62.0,3,662,0.033602,MEDIUM,APPROVED,0,0,600-700,100K+
BL001145,2024-09-21 08:23:12,676,47734,20.44,4,20061,credit_card,RENT,0,0,0,73.1,1,646,0.052739,HIGH,APPROVED,0,0,600-700,<50K
BL001146,2024-02-25 00:55:04,703,53871,26.74,3,31764,other,RENT,0,0,0,49.56,0,688,0.021557,MEDIUM,APPROVED,0,0,600-700,50-75K
BL001147,2024-08-23 23:45:51,667,30504,19.12,8,12884,major_purchase,MORTGAGE,2,4,1,72.72,0,609,0.11779,HIGH,DECLINED,1,150,600-700,<50K
BL001148,2024-08-14 04:39:35,720,51444,29.07,9,16473,home_improvement,OWN,1,4,6,65.65,0,684,0.033773,MEDIUM,APPROVED,0,0,600-700,50-75K
BL001149,2024-03-23 17:12:40,585,96299,21.49,1,21341,major_purchase,OWN,1,6,42,36.48,1,584,0.236379,VERY_HIGH,APPROVED,0,0,<600,75-100K
BL001150,2024-11-06 01:53:31,674,51673,25.3,0,61197,credit_card,MORTGAGE,0,0,0,42.61,0,645,0.068523,HIGH,APPROVED,0,0,600-700,50-75K
BL001151,2024-06-07 17:14:19,597,29219,32.53,14,26871,credit_card,RENT,0,0,0,54.39,2,538,0.464947,VERY_HIGH,DECLINED,0,0,<600,<50K
BL001152,2024-10-27 11:34:29,663,127727,38.82,10,8791,debt_consolidation,MORTGAGE,1,8,9,78.05,2,573,0.201438,VERY_HIGH,APPROVED,0,0,<600,100K+
BL001153,2024-05-19 19:59:21,718,150510,19.76,11,11795,credit_card,MORTGAGE,0,0,0,4.01,2,723,0.009459,LOW,APPROVED,0,0,700-800,100K+
BL001154,2024-10-04 08:25:54,691,122788,4.97,8,42044,home_improvement,RENT,0,0,0,21.43,1,734,0.007737,LOW,APPROVED,0,0,700-800,100K+
BL001155,2024-04-20 11:41:43,684,31274,8.99,10,8189,other,RENT,2,3,42,25.2,2,672,0.040373,MEDIUM,APPROVED,0,0,600-700,<50K
BL001156,2024-08-22 15:59:55,694,90228,34.24,20,6446,debt_consolidation,OWN,1,2,13,32.27,1,653,0.048671,HIGH,APPROVED,0,0,600-700,75-100K
BL001157,2024-04-09 18:41:20,776,42842,39.02,4,8683,debt_consolidation,MORTGAGE,0,0,0,77.07,4,651,0.055343,HIGH,APPROVED,0,0,600-700,<50K
BL001158,2024-06-10 19:47:01,629,58447,30.96,5,21787,home_improvement,MORTGAGE,0,0,0,71.7,3,573,0.260525,VERY_HIGH,DECLINED,1,60,<600,50-75K
BL001159,2024-03-23 22:07:00,739,85231,36.77,6,25957,credit_card,RENT,2,4,1,40.87,1,630,0.060001,HIGH,DECLINED,0,0,600-700,75-100K
BL001160,2024-04-14 06:24:21,607,123971,20.11,1,9158,credit_card,MORTGAGE,0,0,0,9.54,4,614,0.131179,HIGH,APPROVED,1,120,600-700,100K+
BL001161,2024-06-08 19:24:26,664,46976,18.45,7,16072,debt_consolidation,MORTGAGE,0,0,0,37.08,3,666,0.041581,MEDIUM,APPROVED,0,30,600-700,<50K
BL001162,2024-07-29 02:23:22,699,53218,35.02,0,24445,home_improvement,RENT,2,2,33,61.1,1,620,0.123856,HIGH,DECLINED,0,0,600-700,50-75K
BL001163,2024-05-17 03:05:03,643,35248,30.37,12,25149,major_purchase,RENT,0,0,0,48.07,0,610,0.169685,HIGH,APPROVED,0,0,600-700,<50K
BL001164,2024-01-13 13:30:21,701,62464,28.42,5,13029,debt_consolidation,RENT,0,0,0,100.0,2,644,0.081088,HIGH,APPROVED,0,0,600-700,50-75K
BL001165,2024-03-12 11:28:35,730,40137,29.09,6,29942,other,MORTGAGE,0,0,0,33.99,1,698,0.019879,MEDIUM,APPROVED,0,0,600-700,<50K
BL001166,2024-01-22 01:12:24,624,49794,23.31,14,20818,debt_consolidation,RENT,2,3,1,40.03,0,635,0.094059,HIGH,APPROVED,0,0,600-700,<50K
BL001167,2024-08-01 16:16:04,686,87700,8.61,5,48867,major_purchase,RENT,1,6,36,59.11,0,692,0.020245,MEDIUM,APPROVED,0,0,600-700,75-100K
BL001168,2024-06-29 15:06:19,669,61920,33.8,4,19249,major_purchase,MORTGAGE,1,6,34,63.43,2,621,0.09617,HIGH,APPROVED,0,0,600-700,50-75K
BL001169,2024-03-30 19:16:14,583,65738,25.94,6,27296,home_improvement,MORTGAGE,0,0,0,54.78,0,552,0.312684,VERY_HIGH,DECLINED,0,0,<600,50-75K
BL001170,2024-10-24 23:25:13,680,70679,17.03,6,46465,home_improvement,RENT,0,0,0,7.02,0,716,0.010606,LOW,APPROVED,0,0,700-800,50-75K
BL001171,2024-04-25 11:27:50,646,89442,19.23,5,22382,home_improvement,MORTGAGE,1,1,25,26.91,0,659,0.061145,HIGH,APPROVED,0,0,600-700,75-100K
BL001172,2024-12-09 07:24:40,764,116314,31.41,5,20120,credit_card,OTHER,0,0,0,57.99,2,722,0.00987,LOW,APPROVED,0,0,700-800,100K+
BL001173,2024-10-14 03:11:55,642,36851,17.71,14,16141,debt_consolidation,OWN,1,6,56,36.94,2,634,0.129449,HIGH,DECLINED,1,120,600-700,<50K
BL001174,2024-04-11 14:06:22,783,30157,13.46,2,27891,credit_card,RENT,1,4,5,100.0,2,702,0.017484,MEDIUM,APPROVED,0,0,700-800,<50K
BL001175,2024-05-06 10:46:16,661,78612,27.16,6,6635,credit_card,MORTGAGE,1,5,37,70.29,1,591,0.141008,HIGH,DECLINED,1,90,<600,75-100K
BL001176,2024-08-27 13:34:50,797,85237,31.32,16,11433,other,MORTGAGE,1,9,43,45.25,3,701,0.020493,MEDIUM,APPROVED,0,0,700-800,75-100K
BL001177,2024-03-06 01:14:01,720,116724,32.05,23,22393,major_purchase,MORTGAGE,2,3,57,51.29,0,625,0.084306,HIGH,APPROVED,0,0,600-700,100K+
BL001178,2024-11-08 09:40:34,715,88760,31.24,12,30114,home_improvement,MORTGAGE,3,6,52,46.69,1,659,0.044647,HIGH,APPROVED,0,0,600-700,75-100K
BL001179,2024-05-30 22:50:54,734,136087,26.45,13,64968,credit_card,OWN,0,0,0,26.29,0,766,0.00255,LOW,APPROVED,0,0,700-800,100K+
BL001180,2024-10-21 00:54:51,740,78520,22.09,8,46054,debt_consolidation,OWN,0,0,0,33.68,0,763,0.003037,LOW,APPROVED,0,0,700-800,75-100K
BL001181,2024-05-12 12:15:40,767,46793,6.58,2,26960,home_improvement,RENT,1,3,30,3.45,1,800,0.001822,LOW,APPROVED,0,0,800+,<50K
BL001182,2024-04-04 04:39:40,785,98004,22.45,8,13636,debt_consolidation,RENT,0,0,0,39.1,1,754,0.005451,LOW,APPROVED,0,0,700-800,75-100K
BL001183,2024-12-07 13:28:30,671,41673,18.27,8,7230,home_improvement,MORTGAGE,2,5,38,0.0,1,636,0.058256,HIGH,APPROVED,1,90,600-700,<50K
BL001184,2024-10-07 05:43:46,621,45726,38.57,0,41548,other,MORTGAGE,3,5,31,9.57,0,561,0.417486,VERY_HIGH,DECLINED,1,90,<600,<50K
BL001185,2024-12-25 21:28:34,543,74943,19.27,6,4332,debt_consolidation,RENT,0,0,0,49.04,0,599,0.162917,HIGH,APPROVED,0,0,<600,50-75K
BL001186,2024-05-22 09:11:32,669,55546,26.68,0,59104,credit_card,RENT,0,0,0,47.01,2,659,0.064298,HIGH,APPROVED,0,0,600-700,50-75K
BL001187,2024-05-30 22:57:33,732,95032,30.99,12,11581,credit_card,MORTGAGE,0,0,0,18.39,4,736,0.009799,LOW,APPROVED,0,0,700-800,75-100K
BL001188,2024-01-18 21:15:20,711,52662,13.66,0,34183,credit_card,RENT,2,5,11,81.85,2,658,0.043221,HIGH,APPROVED,0,0,600-700,50-75K
BL001189,2024-03-17 05:48:43,696,142305,13.31,5,31509,credit_card,RENT,0,0,0,68.89,3,698,0.022218,MEDIUM,APPROVED,0,0,600-700,100K+
BL001190,2024-08-19 08:48:20,671,39302,35.2,2,37016,home_improvement,OTHER,0,0,0,56.36,0,639,0.099704,HIGH,APPROVED,0,0,600-700,<50K
BL001191,2024-07-06 22:20:36,655,85773,34.64,4,26032,major_purchase,MORTGAGE,3,6,2,92.69,2,570,0.387303,VERY_HIGH,DECLINED,0,0,<600,75-100K
BL001192,2024-10-16 13:08:02,674,50602,8.76,1,18892,home_improvement,RENT,0,0,0,36.21,3,676,0.040863,MEDIUM,APPROVED,0,0,600-700,50-75K
BL001193,2024-01-15 09:22:00,711,118176,24.45,2,20779,major_purchase,RENT,0,0,0,20.0,1,687,0.022986,MEDIUM,APPROVED,0,30,600-700,100K+
BL001194,2024-08-24 08:58:10,593,48141,35.87,7,6912,home_improvement,RENT,1,2,11,36.96,2,559,0.436821,VERY_HIGH,DECLINED,1,120,<600,<50K
BL001195,2024-04-25 22:29:15,730,88213,16.56,2,9930,credit_card,RENT,1,7,12,62.38,0,708,0.013685,LOW,APPROVED,0,0,700-800,75-100K
BL001196,2024-02-17 20:18:46,610,18000,24.13,4,12189,debt_consolidation,MORTGAGE,1,2,8,76.5,2,508,0.730625,VERY_HIGH,DECLINED,0,0,<600,<50K
BL001197,2024-01-15 03:15:48,681,44787,24.63,14,24837,home_improvement,OWN,0,0,0,76.61,3,608,0.161316,HIGH,DECLINED,0,0,600-700,<50K
BL001198,2024-08-13 11:31:06,655,131901,20.51,13,28724,other,OTHER,0,0,0,0.0,0,703,0.009099,LOW,APPROVED,0,0,700-800,100K+
BL001199,2024-04-02 06:10:43,670,68240,18.97,4,8359,credit_card,MORTGAGE,0,0,0,25.28,0,703,0.014833,LOW,APPROVED,0,0,700-800,50-75K
BL001200,2024-08-14 05:00:38,632,65028,1.0,1,37650,debt_consolidation,RENT,0,0,0,62.59,1,691,0.02774,MEDIUM,APPROVED,0,0,600-700,50-75K
BL001201,2024-05-19 13:43:48,626,93473,13.37,2,26755,debt_consolidation,MORTGAGE,0,0,0,0.0,0,684,0.018095,MEDIUM,APPROVED,0,0,600-700,75-100K
BL001202,2024-09-18 23:52:29,677,186072,20.33,11,17537,credit_card,MORTGAGE,1,3,27,53.47,0,680,0.024521,MEDIUM,APPROVED,0,0,600-700,100K+
BL001203,2024-03-31 10:08:50,630,38131,25.3,7,18654,major_purchase,RENT,0,0,0,54.06,0,608,0.079888,HIGH,APPROVED,0,0,600-700,<50K
BL001204,2024-10-21 03:08:44,825,60447,39.45,3,47553,other,RENT,0,0,0,67.47,2,745,0.005584,LOW,APPROVED,0,0,700-800,50-75K
BL001205,2024-01-28 10:31:33,667,50954,45.62,2,27516,other,RENT,0,0,0,48.95,1,611,0.149139,HIGH,APPROVED,0,0,600-700,50-75K
BL001206,2024-07-20 09:55:55,654,86206,35.92,4,22505,major_purchase,RENT,1,6,1,48.72,1,577,0.348188,VERY_HIGH,DECLINED,0,0,<600,75-100K
BL001207,2024-09-30 19:42:01,659,45596,25.24,2,14016,debt_consolidation,RENT,0,0,0,29.82,1,668,0.053492,HIGH,APPROVED,0,0,600-700,<50K
BL001208,2024-09-06 23:54:39,631,30957,13.67,5,22660,home_improvement,MORTGAGE,0,0,0,89.16,0,609,0.128088,HIGH,DECLINED,0,0,600-700,<50K
BL001209,2024-01-13 23:24:54,555,31496,21.79,6,56174,major_purchase,RENT,0,0,0,35.34,1,563,0.336579,VERY_HIGH,DECLINED,0,0,<600,<50K
BL001210,2024-02-22 15:34:53,676,84625,33.2,9,9929,major_purchase,OWN,0,0,0,45.05,0,663,0.047362,HIGH,APPROVED,0,0,600-700,75-100K
BL001211,2024-05-04 00:00:04,707,69038,22.27,9,14641,debt_consolidation,MORTGAGE,1,2,30,48.75,2,627,0.090044,HIGH,APPROVED,0,0,600-700,50-75K
BL001212,2024-12-14 04:59:35,607,92591,25.83,4,29468,home_improvement,MORTGAGE,0,0,0,23.21,1,651,0.066554,HIGH,APPROVED,0,0,600-700,75-100K
BL001213,2024-01-31 21:32:13,690,30443,35.01,10,31973,debt_consolidation,RENT,0,0,0,2.22,2,621,0.078618,HIGH,APPROVED,0,0,600-700,<50K
BL001214,2024-08-21 03:11:08,623,41768,15.32,2,39440,credit_card,MORTGAGE,0,0,0,37.86,0,662,0.039922,MEDIUM,APPROVED,1,90,600-700,<50K
BL001215,2024-01-07 17:34:42,688,49090,17.26,7,16316,home_improvement,MORTGAGE,1,6,22,46.73,2,682,0.019161,MEDIUM,APPROVED,0,0,600-700,<50K
BL001216,2024-06-24 14:11:21,709,92244,37.06,0,23531,major_purchase,MORTGAGE,0,0,0,49.05,1,648,0.041282,MEDIUM,APPROVED,0,0,600-700,75-100K
BL001217,2024-12-15 21:44:49,716,76838,28.72,7,20196,major_purchase,MORTGAGE,2,3,11,10.62,1,667,0.038286,MEDIUM,APPROVED,0,0,600-700,75-100K
BL001218,2024-04-14 00:05:29,714,58155,32.32,10,9139,debt_consolidation,RENT,2,1,3,27.26,0,624,0.080646,HIGH,DECLINED,0,0,600-700,50-75K
BL001219,2024-05-13 03:19:47,651,39877,26.22,7,60743,debt_consolidation,RENT,0,0,0,33.14,1,615,0.114271,HIGH,APPROVED,0,0,600-700,<50K
BL001220,2024-01-23 02:11:17,738,68487,14.68,0,42473,major_purchase,OTHER,0,0,0,58.05,0,725,0.007158,LOW,APPROVED,0,0,700-800,50-75K
BL001221,2024-01-29 06:35:44,665,50690,35.75,1,19425,debt_consolidation,MORTGAGE,0,0,0,38.12,1,635,0.039767,MEDIUM,APPROVED,0,0,600-700,50-75K
BL001222,2024-01-31 18:38:31,709,93962,20.26,3,24898,home_improvement,MORTGAGE,0,0,0,66.3,2,675,0.03506,MEDIUM,APPROVED,0,0,600-700,75-100K
BL001223,2024-12-10 02:17:26,728,138499,28.4,12,11757,other,RENT,3,8,1,34.61,2,634,0.088705,HIGH,DECLINED,0,0,600-700,100K+
BL001224,2024-04-29 16:08:19,673,66379,29.12,0,30109,home_improvement,MORTGAGE,1,5,24,18.38,0,689,0.021633,MEDIUM,APPROVED,0,0,600-700,50-75K
BL001225,2024-10-20 04:59:23,619,37893,28.09,4,20475,major_purchase,RENT,0,0,0,43.39,0,629,0.085623,HIGH,APPROVED,0,0,600-700,<50K
BL001226,2024-08-12 18:36:25,723,184741,13.69,3,21894,debt_consolidation,RENT,1,2,1,30.97,0,778,0.002949,LOW,APPROVED,0,0,700-800,100K+
BL001227,2024-04-02 11:02:40,628,83902,28.38,6,10209,home_improvement,RENT,0,0,0,56.66,2,595,0.213213,VERY_HIGH,APPROVED,0,0,<600,75-100K
BL001228,2024-08-15 16:29:14,641,80276,12.37,4,9688,debt_consolidation,MORTGAGE,0,0,0,34.37,3,665,0.029,MEDIUM,APPROVED,0,0,600-700,75-100K
BL001229,2024-10-08 14:52:43,629,66350,26.89,2,14712,debt_consolidation,MORTGAGE,1,5,31,41.73,1,645,0.069297,HIGH,APPROVED,0,0,600-700,50-75K
BL001230,2024-12-04 20:43:48,736,68118,20.34,17,25726,debt_consolidation,OWN,1,5,7,81.69,1,677,0.037815,MEDIUM,APPROVED,0,0,600-700,50-75K
BL001231,2024-05-06 02:01:18,681,65734,37.51,1,12150,other,MORTGAGE,0,0,0,58.9,1,634,0.080699,HIGH,APPROVED,0,0,600-700,50-75K
BL001232,2024-04-15 18:42:36,566,70963,18.61,2,27004,home_improvement,RENT,2,5,25,15.4,1,567,0.341151,VERY_HIGH,DECLINED,0,0,<600,50-75K
BL001233,2024-01-03 03:38:49,730,32007,22.55,0,13457,other,MORTGAGE,0,0,0,73.4,1,700,0.017562,MEDIUM,APPROVED,0,0,700-800,<50K
BL001234,2024-01-13 17:53:57,803,45670,22.4,5,12153,debt_consolidation,RENT,2,7,20,61.82,1,736,0.007494,LOW,APPROVED,0,60,700-800,<50K
BL001235,2024-04-22 04:35:12,789,60565,6.53,6,50275,credit_card,RENT,0,0,0,43.49,1,818,0.000813,LOW,APPROVED,0,0,800+,50-75K
BL001236,2024-05-10 08:34:59,658,67459,21.66,2,16828,debt_consolidation,RENT,0,0,0,60.15,3,605,0.147988,HIGH,APPROVED,0,0,600-700,50-75K
BL001237,2024-08-12 19:11:48,694,68972,23.33,5,15506,other,MORTGAGE,0,0,0,29.14,0,675,0.034705,MEDIUM,APPROVED,0,0,600-700,50-75K
BL001238,2024-06-19 13:09:49,717,76679,16.71,2,12508,credit_card,RENT,0,0,0,65.96,0,685,0.021812,MEDIUM,APPROVED,0,0,600-700,75-100K
BL001239,2024-12-06 00:49:51,739,27685,22.26,9,15493,major_purchase,MORTGAGE,0,0,0,51.66,1,661,0.039183,MEDIUM,APPROVED,0,0,600-700,<50K
BL001240,2024-01-26 22:06:48,691,40767,26.13,2,17544,other,RENT,1,1,30,36.67,1,671,0.044652,HIGH,APPROVED,0,0,600-700,<50K
BL001241,2024-02-02 10:00:34,629,46667,27.1,12,10382,other,MORTGAGE,0,0,0,45.99,2,619,0.109679,HIGH,APPROVED,0,0,600-700,<50K
BL001242,2024-09-16 12:56:53,731,67043,28.6,4,16693,credit_card,MORTGAGE,0,0,0,43.1,3,675,0.024032,MEDIUM,APPROVED,0,0,600-700,50-75K
BL001243,2024-03-03 17:37:08,723,57880,33.15,9,16989,credit_card,RENT,0,0,0,59.16,0,670,0.038915,MEDIUM,DECLINED,0,0,600-700,50-75K
BL001244,2024-01-09 06:39:44,616,154594,33.9,4,47158,other,MORTGAGE,0,0,0,30.77,1,594,0.167618,HIGH,DECLINED,1,120,<600,100K+
BL001245,2024-07-23 04:23:25,669,53166,21.11,6,14701,other,OWN,1,2,38,37.73,1,652,0.069817,HIGH,APPROVED,0,0,600-700,50-75K
BL001246,2024-09-21 19:04:14,704,56564,26.63,2,20853,credit_card,MORTGAGE,1,6,35,42.66,1,639,0.074002,HIGH,APPROVED,1,60,600-700,50-75K
BL001247,2024-10-27 00:09:52,689,31334,23.42,1,21295,major_purchase,RENT,1,5,56,80.56,2,617,0.155174,HIGH,APPROVED,0,0,600-700,<50K
BL001248,2024-01-09 16:10:46,718,144038,19.51,15,24419,other,RENT,0,0,0,11.26,2,745,0.004828,LOW,APPROVED,0,0,700-800,100K+
BL001249,2024-03-11 03:12:37,733,65533,19.16,2,22966,home_improvement,OWN,0,0,0,55.27,1,681,0.019671,MEDIUM,APPROVED,0,0,600-700,50-75K
BL001250,2024-04-27 07:10:24,719,59963,13.97,1,69547,credit_card,RENT,0,0,0,24.59,1,669,0.016735,MEDIUM,DECLINED,0,0,600-700,50-75K
BL001251,2024-03-06 06:43:31,683,47180,25.32,8,9896,major_purchase,OWN,0,0,0,40.81,1,642,0.054366,HIGH,APPROVED,0,0,600-700,<50K
BL001252,2024-02-11 18:14:38,615,65689,32.18,5,43147,credit_card,OWN,1,7,51,45.75,0,593,0.262921,VERY_HIGH,DECLINED,0,0,<600,50-75K
BL001253,2024-10-23 17:15:17,723,53911,19.83,2,17013,debt_consolidation,MORTGAGE,3,3,17,46.2,1,652,0.046228,HIGH,DECLINED,0,0,600-700,50-75K
BL001254,2024-08-26 06:52:22,766,109433,19.29,2,5987,debt_consolidation,RENT,0,0,0,62.17,1,748,0.005594,LOW,APPROVED,0,0,700-800,100K+
BL001255,2024-02-14 11:47:37,798,43856,15.39,14,42531,major_purchase,RENT,2,2,22,63.52,1,752,0.005355,LOW,APPROVED,0,0,700-800,<50K
BL001256,2024-08-28 12:21:31,688,51938,11.82,3,16148,major_purchase,RENT,2,6,24,4.37,4,623,0.071963,HIGH,APPROVED,0,0,600-700,50-75K
BL001257,2024-01-11 14:06:33,687,49690,13.77,4,49553,home_improvement,OTHER,3,2,59,52.62,0,614,0.118514,HIGH,DECLINED,0,0,600-700,<50K
BL001258,2024-08-25 22:39:16,769,82499,25.16,1,11286,major_purchase,RENT,3,5,49,9.54,0,781,0.001796,LOW,APPROVED,0,0,700-800,75-100K
BL001259,2024-12-05 00:33:52,768,73432,8.64,10,15344,debt_consolidation,RENT,0,0,0,19.27,1,795,0.001913,LOW,APPROVED,0,0,700-800,50-75K
BL001260,2024-07-01 06:35:54,708,98668,37.88,1,26248,debt_consolidation,RENT,2,4,55,46.94,1,683,0.036044,MEDIUM,APPROVED,0,0,600-700,75-100K
BL001261,2024-11-14 10:14:14,729,80795,30.71,1,32836,credit_card,RENT,0,0,0,68.28,0,651,0.04449,HIGH,APPROVED,0,0,600-700,75-100K
BL001262,2024-01-18 07:45:52,647,81891,23.93,3,3728,debt_consolidation,RENT,0,0,0,36.91,2,627,0.113198,HIGH,APPROVED,0,0,600-700,75-100K
BL001263,2024-10-11 08:56:34,721,64865,18.11,3,7191,debt_consolidation,RENT,0,0,0,46.7,3,702,0.015895,LOW,APPROVED,0,0,700-800,50-75K
BL001264,2024-07-18 17:07:02,644,95293,31.57,0,42349,major_purchase,RENT,1,6,12,58.53,1,606,0.120579,HIGH,DECLINED,0,0,600-700,75-100K
BL001265,2024-03-26 06:49:07,681,78779,20.52,4,46754,major_purchase,MORTGAGE,0,0,0,32.48,1,661,0.055759,HIGH,APPROVED,0,0,600-700,75-100K
BL001266,2024-01-05 18:28:50,682,73570,40.9,15,18621,debt_consolidation,MORTGAGE,1,3,31,12.47,1,653,0.077705,HIGH,APPROVED,0,0,600-700,50-75K
BL001267,2024-02-17 12:45:58,663,30660,22.33,3,24333,other,MORTGAGE,1,4,16,73.22,3,567,0.28169,VERY_HIGH,APPROVED,0,0,<600,<50K
BL001268,2024-09-19 13:08:07,573,51243,27.63,1,7636,credit_card,MORTGAGE,1,1,39,73.85,2,540,0.554529,VERY_HIGH,DECLINED,1,90,<600,50-75K
BL001269,2024-07-08 17:54:30,644,46354,16.09,0,27329,major_purchase,OTHER,1,4,36,37.74,0,611,0.119041,HIGH,DECLINED,0,0,600-700,<50K
BL001270,2024-12-19 13:59:59,708,27824,33.28,2,18385,credit_card,RENT,3,4,43,58.0,1,625,0.130445,HIGH,DECLINED,0,0,600-700,<50K
BL001271,2024-12-18 11:22:27,686,114282,28.02,3,19718,home_improvement,OTHER,1,2,34,31.89,2,677,0.037353,MEDIUM,APPROVED,0,0,600-700,100K+
BL001272,2024-05-02 11:45:46,668,121835,28.09,12,29624,other,MORTGAGE,3,2,23,54.52,1,590,0.204498,VERY_HIGH,APPROVED,0,0,<600,100K+
BL001273,2024-05-05 17:28:50,713,103364,38.6,7,16255,major_purchase,MORTGAGE,0,0,0,29.51,2,668,0.033394,MEDIUM,APPROVED,0,60,600-700,100K+
BL001274,2024-01-14 04:48:36,727,81921,15.92,5,37816,credit_card,OWN,2,5,10,90.71,3,651,0.079946,HIGH,APPROVED,0,0,600-700,75-100K
BL001275,2024-10-23 10:26:34,736,123850,7.22,7,13445,credit_card,RENT,0,0,0,20.74,2,751,0.003863,LOW,APPROVED,0,0,700-800,100K+
BL001276,2024-04-09 07:15:30,645,29609,6.09,3,20519,home_improvement,OTHER,0,0,0,51.05,0,670,0.043917,HIGH,APPROVED,0,0,600-700,<50K
BL001277,2024-12-08 12:23:21,690,112360,17.45,9,9450,credit_card,OWN,0,0,0,56.19,1,684,0.014821,LOW,APPROVED,0,0,600-700,100K+
BL001278,2024-07-20 01:38:30,671,25273,20.54,3,29226,home_improvement,MORTGAGE,1,3,49,16.29,2,620,0.07916,HIGH,DECLINED,0,0,600-700,<50K
BL001279,2024-10-18 14:07:17,641,67848,20.34,1,6871,debt_consolidation,RENT,3,6,22,68.79,1,575,0.357151,VERY_HIGH,DECLINED,0,0,<600,50-75K
BL001280,2024-11-08 20:28:52,607,66579,28.01,1,12836,other,MORTGAGE,0,0,0,29.16,4,574,0.313993,VERY_HIGH,DECLINED,0,30,<600,50-75K
BL001281,2024-07-02 13:33:06,684,79566,33.31,1,32555,debt_consolidation,MORTGAGE,0,0,0,64.3,1,647,0.054933,HIGH,APPROVED,0,0,600-700,75-100K
BL001282,2024-03-26 03:47:59,641,84774,17.15,2,12935,debt_consolidation,OTHER,2,2,4,50.32,0,587,0.183923,VERY_HIGH,APPROVED,0,0,<600,75-100K
BL001283,2024-04-22 17:38:24,808,87003,34.67,13,6411,credit_card,MORTGAGE,2,2,19,20.33,0,725,0.008438,LOW,APPROVED,0,0,700-800,75-100K
BL001284,2024-01-21 06:17:58,684,45940,18.85,4,33073,credit_card,RENT,0,0,0,24.85,2,675,0.020304,MEDIUM,DECLINED,0,0,600-700,<50K
BL001285,2024-01-20 05:30:57,677,46423,14.97,0,53931,home_improvement,OWN,0,0,0,42.14,1,687,0.020256,MEDIUM,APPROVED,0,0,600-700,<50K
BL001286,2024-09-23 08:45:55,667,43251,30.31,4,33226,home_improvement,RENT,1,3,26,50.62,1,649,0.064952,HIGH,APPROVED,0,0,600-700,<50K
BL001287,2024-11-12 07:33:31,792,66773,31.42,0,14433,credit_card,RENT,0,0,0,51.06,3,744,0.004525,LOW,APPROVED,0,60,700-800,50-75K
BL001288,2024-10-17 22:35:51,637,53938,29.83,5,16100,home_improvement,RENT,1,3,2,52.03,2,558,0.299021,VERY_HIGH,DECLINED,0,0,<600,50-75K
BL001289,2024-07-16 12:02:37,680,30684,14.83,4,26543,debt_consolidation,RENT,0,0,0,88.79,1,641,0.044513,HIGH,APPROVED,0,0,600-700,<50K
BL001290,2024-11-07 01:47:52,647,97125,36.1,21,38119,major_purchase,OTHER,1,5,15,42.43,0,612,0.119986,HIGH,APPROVED,0,0,600-700,75-100K
BL001291,2024-07-30 22:27:41,682,37594,27.39,3,22788,credit_card,OWN,1,3,21,0.0,2,614,0.07482,HIGH,DECLINED,0,0,600-700,<50K
BL001292,2024-06-08 21:45:43,687,50414,16.86,0,18291,credit_card,MORTGAGE,1,5,51,30.45,1,629,0.109079,HIGH,APPROVED,0,0,600-700,50-75K
BL001293,2024-12-19 00:45:47,750,44977,24.16,0,33465,debt_consolidation,MORTGAGE,0,0,0,19.03,1,720,0.007378,LOW,APPROVED,0,0,700-800,<50K
BL001294,2024-07-10 10:54:00,611,44886,25.59,4,24464,major_purchase,RENT,1,4,22,44.6,0,620,0.095444,HIGH,APPROVED,0,0,600-700,<50K
BL001295,2024-04-11 02:48:36,688,81693,23.52,2,48882,major_purchase,RENT,0,0,0,11.53,2,634,0.071802,HIGH,APPROVED,0,0,600-700,75-100K
BL001296,2024-02-22 02:23:16,778,45966,18.69,14,17539,credit_card,RENT,0,0,0,38.6,1,750,0.003359,LOW,APPROVED,0,0,700-800,<50K
BL001297,2024-12-11 09:50:31,661,32855,38.74,2,45740,debt_consolidation,OTHER,0,0,0,30.12,1,664,0.052664,HIGH,APPROVED,0,0,600-700,<50K
BL001298,2024-02-03 06:14:37,679,46600,19.5,2,22551,debt_consolidation,RENT,0,0,0,27.89,3,716,0.008336,LOW,APPROVED,0,30,700-800,<50K
BL001299,2024-01-30 16:41:07,640,39434,27.21,4,43028,major_purchase,MORTGAGE,0,0,0,58.12,3,578,0.214258,VERY_HIGH,DECLINED,0,0,<600,<50K
BL001300,2024-07-25 05:04:30,545,31374,23.4,1,16778,other,RENT,0,0,0,51.75,0,545,0.541658,VERY_HIGH,DECLINED,1,120,<600,<50K
BL001301,2024-04-21 09:15:34,683,94835,26.18,8,13799,credit_card,MORTGAGE,1,4,29,51.92,1,623,0.087913,HIGH,DECLINED,0,0,600-700,75-100K
BL001302,2024-10-31 11:06:41,754,105697,9.5,2,11537,credit_card,RENT,0,0,0,49.88,0,800,0.001613,LOW,APPROVED,0,0,800+,100K+
BL001303,2024-12-07 14:02:11,663,32742,41.65,2,24037,credit_card,OTHER,2,5,5,0.0,0,602,0.196453,VERY_HIGH,DECLINED,0,0,600-700,<50K
BL001304,2024-07-13 01:59:16,588,127370,37.21,3,8534,home_improvement,MORTGAGE,0,0,0,48.84,0,608,0.131151,HIGH,APPROVED,0,0,600-700,100K+
BL001305,2024-02-05 16:46:56,704,143493,23.45,2,27939,home_improvement,RENT,1,1,59,66.99,2,678,0.026944,MEDIUM,DECLINED,0,0,600-700,100K+
BL001306,2024-12-16 15:34:47,693,33567,34.03,1,26217,debt_consolidation,MORTGAGE,1,5,6,66.41,3,601,0.136491,HIGH,APPROVED,0,0,600-700,<50K
BL001307,2024-04-23 17:28:27,744,75848,24.68,4,11357,major_purchase,RENT,1,3,11,26.07,2,682,0.017692,MEDIUM,APPROVED,0,0,600-700,75-100K
BL001308,2024-12-06 20:19:15,739,55341,31.14,5,8324,debt_consolidation,MORTGAGE,0,0,0,16.26,0,708,0.016436,MEDIUM,APPROVED,0,0,700-800,50-75K
BL001309,2024-05-20 07:34:44,674,91297,23.06,1,50108,debt_consolidation,MORTGAGE,0,0,0,63.14,2,680,0.023155,MEDIUM,APPROVED,0,0,600-700,75-100K
BL001310,2024-04-11 11:53:15,711,18000,10.17,3,14298,credit_card,RENT,0,0,0,41.09,3,687,0.019965,MEDIUM,APPROVED,0,0,600-700,<50K
BL001311,2024-12-12 22:32:02,590,83143,18.63,2,12762,debt_consolidation,RENT,0,0,0,51.96,0,616,0.109737,HIGH,APPROVED,0,0,600-700,75-100K
BL001312,2024-02-03 14:12:12,750,53157,18.83,1,12656,home_improvement,RENT,1,7,35,43.55,0,735,0.006231,LOW,APPROVED,0,0,700-800,50-75K
BL001313,2024-11-04 22:24:34,699,77829,17.75,7,33826,credit_card,OTHER,1,5,9,70.96,0,643,0.06061,HIGH,APPROVED,0,0,600-700,75-100K
BL001314,2024-02-16 18:37:40,749,93574,5.98,10,29572,credit_card,MORTGAGE,0,0,0,32.04,0,761,0.003121,LOW,APPROVED,0,0,700-800,75-100K
BL001315,2024-09-08 04:01:53,748,21606,21.81,2,32101,credit_card,OWN,0,0,0,19.63,4,697,0.016802,MEDIUM,APPROVED,0,0,600-700,<50K
BL001316,2024-05-22 06:11:25,673,61350,28.95,1,11861,debt_consolidation,OWN,0,0,0,58.61,0,679,0.03696,MEDIUM,APPROVED,0,0,600-700,50-75K
BL001317,2024-06-08 03:26:58,681,62668,27.2,1,33898,major_purchase,RENT,0,0,0,55.86,1,648,0.051089,HIGH,APPROVED,0,0,600-700,50-75K
BL001318,2024-01-04 09:07:17,641,82350,16.68,8,13603,major_purchase,MORTGAGE,0,0,0,34.66,2,664,0.037411,MEDIUM,APPROVED,0,0,600-700,75-100K
BL001319,2024-05-04 09:55:23,575,104863,38.61,13,16907,debt_consolidation,RENT,2,5,45,64.88,3,503,0.740597,VERY_HIGH,DECLINED,1,120,<600,100K+
BL001320,2024-04-28 01:27:00,682,88335,21.94,7,18392,debt_consolidation,RENT,1,1,47,44.02,0,650,0.043497,HIGH,APPROVED,0,0,600-700,75-100K
BL001321,2024-10-01 02:51:40,698,44316,27.07,8,8768,credit_card,RENT,1,2,22,71.11,0,658,0.051188,HIGH,APPROVED,0,0,600-700,<50K
BL001322,2024-11-26 17:45:27,629,86440,21.97,6,22299,credit_card,MORTGAGE,2,3,58,42.41,2,566,0.33957,VERY_HIGH,APPROVED,0,0,<600,75-100K
BL001323,2024-01-14 01:30:41,728,44616,16.64,1,21341,other,RENT,0,0,0,42.04,2,727,0.006621,LOW,APPROVED,0,0,700-800,<50K
BL001324,2024-04-09 09:49:45,694,88867,25.01,8,12321,debt_consolidation,MORTGAGE,2,4,38,19.22,0,678,0.02198,MEDIUM,APPROVED,0,0,600-700,75-100K
BL001325,2024-01-03 17:05:01,714,58055,15.44,2,26412,credit_card,RENT,0,0,0,62.35,2,689,0.019995,MEDIUM,APPROVED,0,0,600-700,50-75K
BL001326,2024-03-27 14:27:18,647,57911,13.99,1,26891,debt_consolidation,MORTGAGE,4,8,6,29.87,3,598,0.194143,VERY_HIGH,APPROVED,0,0,<600,50-75K
BL001327,2024-07-06 00:48:03,592,66716,7.13,1,18343,credit_card,MORTGAGE,1,5,49,75.44,2,579,0.296011,VERY_HIGH,DECLINED,0,0,<600,50-75K
BL001328,2024-03-14 15:17:28,732,30601,25.29,1,47440,debt_consolidation,MORTGAGE,1,9,16,59.69,0,657,0.055631,HIGH,DECLINED,0,0,600-700,<50K
BL001329,2024-06-05 15:22:33,723,54365,29.17,27,15786,home_improvement,RENT,1,1,22,28.64,1,689,0.018866,MEDIUM,APPROVED,0,0,600-700,50-75K
BL001330,2024-01-31 00:07:22,683,36629,23.34,3,12138,credit_card,OTHER,0,0,0,69.09,0,640,0.097818,HIGH,APPROVED,0,0,600-700,<50K
BL001331,2024-09-11 15:02:23,666,95421,20.34,1,8810,home_improvement,RENT,0,0,0,57.63,0,687,0.022267,MEDIUM,DECLINED,0,0,600-700,75-100K
BL001332,2024-12-04 16:51:28,674,111408,21.88,2,30849,other,OWN,0,0,0,9.81,0,658,0.059527,HIGH,APPROVED,0,0,600-700,100K+
BL001333,2024-09-21 22:50:04,682,32713,31.04,20,15727,major_purchase,RENT,1,7,47,41.95,0,627,0.089318,HIGH,APPROVED,0,60,600-700,<50K
BL001334,2024-05-01 06:36:25,661,22819,19.3,11,15227,debt_consolidation,RENT,1,2,7,28.97,0,644,0.083615,HIGH,DECLINED,1,90,600-700,<50K
BL001335,2024-07-04 21:37:40,578,69949,23.25,8,39468,home_improvement,RENT,2,1,47,49.83,1,566,0.351598,VERY_HIGH,DECLINED,1,60,<600,50-75K
BL001336,2024-01-12 06:57:34,732,48504,26.96,7,10018,credit_card,MORTGAGE,0,0,0,69.27,0,702,0.012407,LOW,APPROVED,0,0,700-800,<50K
BL001337,2024-05-16 23:46:23,607,41233,22.72,4,16657,credit_card,MORTGAGE,0,0,0,73.12,3,544,0.458337,VERY_HIGH,APPROVED,0,0,<600,<50K
BL001338,2024-01-26 12:11:24,671,176090,26.66,2,13446,other,RENT,1,2,27,40.86,1,654,0.053301,HIGH,APPROVED,0,0,600-700,100K+
BL001339,2024-01-28 10:28:19,672,52041,29.57,6,8437,major_purchase,MORTGAGE,1,4,20,0.0,1,682,0.016405,MEDIUM,APPROVED,0,0,600-700,50-75K
BL001340,2024-09-19 09:56:38,703,39475,21.3,2,10289,home_improvement,RENT,0,0,0,75.64,1,672,0.033734,MEDIUM,DECLINED,0,0,600-700,<50K
BL001341,2024-08-12 17:39:25,600,55381,40.7,4,17939,other,MORTGAGE,1,2,36,28.21,0,546,0.349184,VERY_HIGH,DECLINED,0,0,<600,50-75K
BL001342,2024-02-20 05:44:33,755,71448,17.83,4,18866,credit_card,OWN,0,0,0,66.12,2,739,0.005902,LOW,APPROVED,0,0,700-800,50-75K
BL001343,2024-06-06 20:07:53,725,127708,23.86,2,18412,debt_consolidation,MORTGAGE,0,0,0,35.98,1,716,0.008259,LOW,APPROVED,0,30,700-800,100K+
BL001344,2024-11-13 22:17:40,732,72112,26.06,6,12397,home_improvement,OTHER,0,0,0,41.57,0,670,0.024533,MEDIUM,DECLINED,0,0,600-700,50-75K
BL001345,2024-12-11 03:52:39,759,35694,23.47,0,8120,debt_consolidation,RENT,0,0,0,40.1,1,729,0.006257,LOW,APPROVED,0,0,700-800,<50K
BL001346,2024-06-05 15:17:02,645,50313,13.88,6,10358,credit_card,MORTGAGE,1,5,44,59.18,2,623,0.14122,HIGH,APPROVED,0,0,600-700,50-75K
BL001347,2024-10-02 15:23:51,517,143992,24.11,3,34467,other,OWN,1,4,27,52.91,3,527,0.699631,VERY_HIGH,DECLINED,1,60,<600,100K+
BL001348,2024-07-20 22:28:27,708,28648,15.43,5,7094,major_purchase,MORTGAGE,1,3,47,21.26,2,674,0.028004,MEDIUM,APPROVED,0,0,600-700,<50K
BL001349,2024-03-04 11:46:50,762,61453,22.38,4,6860,credit_card,OTHER,1,5,27,43.68,2,716,0.015048,LOW,APPROVED,0,0,700-800,50-75K
BL001350,2024-07-09 01:23:30,753,106813,28.47,2,23319,debt_consolidation,MORTGAGE,0,0,0,85.16,1,673,0.033303,MEDIUM,APPROVED,0,0,600-700,100K+
BL001351,2024-07-07 05:39:23,660,70901,30.44,0,22067,debt_consolidation,RENT,0,0,0,82.77,4,603,0.243068,VERY_HIGH,APPROVED,0,0,600-700,50-75K
BL001352,2024-07-31 18:45:56,684,57046,23.59,5,12930,major_purchase,OTHER,1,5,3,37.69,0,712,0.011589,LOW,APPROVED,0,0,700-800,50-75K
BL001353,2024-02-21 23:39:50,705,42155,19.58,17,20938,credit_card,MORTGAGE,0,0,0,28.24,0,739,0.006887,LOW,APPROVED,0,0,700-800,<50K
BL001354,2024-11-22 00:35:09,590,67554,42.64,0,7007,home_improvement,MORTGAGE,2,3,46,45.23,3,524,0.549977,VERY_HIGH,DECLINED,1,150,<600,50-75K
BL001355,2024-06-11 07:34:48,653,79614,22.84,2,22562,major_purchase,OWN,0,0,0,92.84,2,651,0.073874,HIGH,APPROVED,0,0,600-700,75-100K
BL001356,2024-05-19 23:14:55,655,69515,39.71,9,18698,credit_card,RENT,0,0,0,41.5,0,604,0.199873,VERY_HIGH,DECLINED,0,0,600-700,50-75K
BL001357,2024-07-18 13:51:30,777,99855,16.98,9,11544,debt_consolidation,RENT,0,0,0,61.19,3,740,0.007605,LOW,APPROVED,0,0,700-800,75-100K
BL001358,2024-03-05 12:48:17,654,68976,25.89,2,12195,major_purchase,RENT,0,0,0,34.26,1,671,0.04912,HIGH,APPROVED,0,0,600-700,50-75K
BL001359,2024-08-07 02:07:05,776,112757,37.72,8,23336,debt_consolidation,OTHER,0,0,0,47.68,0,740,0.005104,LOW,APPROVED,0,0,700-800,100K+
BL001360,2024-08-14 04:04:35,690,67113,16.11,2,30579,major_purchase,MORTGAGE,0,0,0,27.18,2,748,0.005125,LOW,APPROVED,0,0,700-800,50-75K
BL001361,2024-10-07 16:44:32,598,94971,13.37,7,18819,home_improvement,RENT,0,0,0,55.88,3,604,0.110405,HIGH,APPROVED,0,0,600-700,75-100K
BL001362,2024-02-02 16:57:59,812,54418,32.34,2,70186,credit_card,MORTGAGE,1,4,49,88.66,1,696,0.014031,LOW,DECLINED,0,0,600-700,50-75K
BL001363,2024-02-25 23:37:09,636,138349,37.75,23,10150,debt_consolidation,RENT,1,7,3,63.81,0,579,0.219514,VERY_HIGH,DECLINED,0,0,<600,100K+
BL001364,2024-11-29 13:26:38,724,111100,31.06,1,18200,debt_consolidation,RENT,1,5,36,49.35,0,701,0.018896,MEDIUM,APPROVED,0,0,700-800,100K+
BL001365,2024-09-11 18:28:14,784,86164,27.79,7,16956,major_purchase,MORTGAGE,1,5,11,62.78,2,729,0.008677,LOW,APPROVED,0,0,700-800,75-100K
BL001366,2024-10-23 01:44:02,661,40375,19.27,4,16990,home_improvement,MORTGAGE,0,0,0,46.83,0,672,0.036254,MEDIUM,APPROVED,0,0,600-700,<50K
BL001367,2024-08-09 08:10:06,622,68740,27.0,1,21645,debt_consolidation,MORTGAGE,2,5,44,28.46,3,573,0.321296,VERY_HIGH,DECLINED,0,30,<600,50-75K
BL001368,2024-09-06 21:51:48,747,18000,31.55,5,12337,other,MORTGAGE,0,0,0,94.13,0,655,0.081864,HIGH,APPROVED,0,0,600-700,<50K
BL001369,2024-11-11 09:22:54,694,53579,20.53,2,33503,debt_consolidation,RENT,0,0,0,46.42,0,687,0.027716,MEDIUM,APPROVED,0,0,600-700,50-75K
BL001370,2024-06-10 06:37:51,622,67974,9.6,8,15790,other,OWN,0,0,0,77.66,2,616,0.114555,HIGH,APPROVED,1,90,600-700,50-75K
BL001371,2024-01-19 23:34:59,631,42698,33.66,4,22108,credit_card,RENT,0,0,0,15.03,0,668,0.056472,HIGH,APPROVED,0,0,600-700,<50K
BL001372,2024-06-18 11:07:34,669,67864,13.6,13,17187,credit_card,RENT,0,0,0,65.72,2,697,0.026623,MEDIUM,APPROVED,0,0,600-700,50-75K
BL001373,2024-11-14 07:25:06,743,85282,12.09,4,17288,other,MORTGAGE,0,0,0,42.0,2,714,0.014034,LOW,APPROVED,0,30,700-800,75-100K
BL001374,2024-04-04 22:27:14,674,142977,19.72,4,36502,major_purchase,RENT,1,0,10,50.31,0,667,0.02116,MEDIUM,APPROVED,0,0,600-700,100K+
BL001375,2024-10-25 08:45:56,726,63694,33.41,2,7724,other,OWN,0,0,0,37.58,1,682,0.020123,MEDIUM,APPROVED,0,0,600-700,50-75K
BL001376,2024-10-03 15:40:52,781,31176,12.5,4,20200,debt_consolidation,MORTGAGE,2,6,47,42.21,1,737,0.006903,LOW,APPROVED,0,0,700-800,<50K
BL001377,2024-02-10 06:06:45,760,21920,24.2,1,4188,debt_consolidation,RENT,1,4,40,76.93,1,644,0.061029,HIGH,APPROVED,0,30,600-700,<50K
BL001378,2024-03-11 20:15:51,769,58728,40.16,7,20837,credit_card,RENT,1,1,25,41.0,3,679,0.018168,MEDIUM,APPROVED,0,0,600-700,50-75K
BL001379,2024-07-10 20:10:19,758,94963,27.39,4,11311,credit_card,MORTGAGE,0,0,0,44.38,1,722,0.009354,LOW,APPROVED,0,0,700-800,75-100K
BL001380,2024-02-04 03:45:17,602,105012,21.93,6,23420,debt_consolidation,RENT,0,0,0,44.16,1,616,0.108076,HIGH,DECLINED,1,60,600-700,100K+
BL001381,2024-10-24 20:50:09,757,66190,16.73,4,20494,credit_card,MORTGAGE,0,0,0,45.21,2,718,0.010743,LOW,APPROVED,0,30,700-800,50-75K
BL001382,2024-01-29 18:18:34,708,46990,10.17,7,39339,other,MORTGAGE,0,0,0,22.76,2,734,0.007179,LOW,APPROVED,0,0,700-800,<50K
BL001383,2024-09-02 17:46:23,683,46086,35.92,2,26705,debt_consolidation,RENT,1,2,47,16.07,1,631,0.129102,HIGH,DECLINED,1,60,600-700,<50K
BL001384,2024-02-26 05:17:06,630,59445,12.07,17,30926,major_purchase,RENT,1,4,15,39.23,0,643,0.054896,HIGH,APPROVED,0,0,600-700,50-75K
BL001385,2024-07-02 11:28:41,603,66011,24.98,1,39193,home_improvement,OWN,0,0,0,73.38,1,627,0.128991,HIGH,DECLINED,0,0,600-700,50-75K
BL001386,2024-02-09 18:17:19,629,82982,32.35,12,13972,debt_consolidation,OWN,1,4,46,41.96,2,542,0.443892,VERY_HIGH,DECLINED,0,0,<600,75-100K
BL001387,2024-03-26 16:27:06,689,66908,18.62,10,40356,home_improvement,MORTGAGE,0,0,0,40.58,2,697,0.02297,MEDIUM,APPROVED,0,0,600-700,50-75K
BL001388,2024-06-12 06:53:02,625,156829,21.99,3,27160,other,MORTGAGE,0,0,0,58.02,0,675,0.034483,MEDIUM,APPROVED,0,0,600-700,100K+
BL001389,2024-02-28 11:23:45,645,68059,32.74,22,56731,home_improvement,MORTGAGE,1,2,19,35.31,1,612,0.153512,HIGH,APPROVED,0,0,600-700,50-75K
BL001390,2024-04-28 02:41:12,656,79259,24.87,10,9940,home_improvement,MORTGAGE,2,5,13,64.3,1,616,0.134403,HIGH,APPROVED,1,60,600-700,75-100K
BL001391,2024-03-18 13:40:27,727,101663,34.41,2,28937,home_improvement,RENT,1,6,43,50.76,1,666,0.032104,MEDIUM,APPROVED,0,0,600-700,100K+
BL001392,2024-12-11 17:58:25,674,97320,33.7,8,17800,other,OTHER,0,0,0,47.96,1,657,0.053246,HIGH,APPROVED,0,0,600-700,75-100K
BL001393,2024-01-16 16:18:53,682,47421,36.87,24,15702,other,RENT,0,0,0,50.72,1,615,0.147682,HIGH,APPROVED,0,0,600-700,<50K
BL001394,2024-04-30 04:51:45,763,30552,11.36,8,13099,major_purchase,MORTGAGE,2,4,12,36.16,0,762,0.004395,LOW,APPROVED,0,0,700-800,<50K
BL001395,2024-07-23 16:17:44,672,35289,26.5,2,72487,major_purchase,RENT,1,4,57,63.05,1,595,0.22109,VERY_HIGH,APPROVED,0,0,<600,<50K
BL001396,2024-07-25 12:03:17,723,75057,24.48,1,14316,home_improvement,MORTGAGE,0,0,0,0.0,1,709,0.014193,LOW,APPROVED,0,0,700-800,75-100K
BL001397,2024-04-07 05:59:30,632,83035,22.14,6,19302,other,RENT,0,0,0,16.83,3,610,0.115428,HIGH,DECLINED,0,0,600-700,75-100K
BL001398,2024-05-22 22:52:26,708,74222,8.89,2,8208,home_improvement,MORTGAGE,0,0,0,57.05,2,704,0.009124,LOW,APPROVED,0,0,700-800,50-75K
BL001399,2024-12-14 05:30:09,697,90846,22.44,6,3362,major_purchase,MORTGAGE,2,7,52,4.68,1,661,0.044462,HIGH,APPROVED,1,90,600-700,75-100K
BL001400,2024-05-14 00:26:58,700,114166,34.92,5,24287,debt_consolidation,MORTGAGE,2,1,2,48.22,2,674,0.056327,HIGH,APPROVED,0,0,600-700,100K+
BL001401,2024-11-28 21:08:02,664,44980,32.22,2,49105,other,RENT,0,0,0,47.88,1,648,0.056374,HIGH,APPROVED,1,150,600-700,<50K
BL001402,2024-01-18 13:56:11,633,201825,17.63,0,16083,credit_card,MORTGAGE,1,3,11,3.37,1,674,0.024331,MEDIUM,APPROVED,0,0,600-700,100K+
BL001403,2024-05-21 11:48:50,674,211655,22.85,5,7462,debt_consolidation,RENT,0,0,0,33.14,0,680,0.013346,LOW,APPROVED,0,0,600-700,100K+
BL001404,2024-01-20 11:13:17,664,89907,22.79,2,10636,other,RENT,3,3,59,79.48,2,584,0.281798,VERY_HIGH,DECLINED,1,120,<600,75-100K
BL001405,2024-10-22 12:41:44,747,58926,30.89,2,34231,credit_card,OTHER,0,0,0,62.35,2,677,0.021687,MEDIUM,APPROVED,0,0,600-700,50-75K
BL001406,2024-10-13 02:24:42,740,71538,17.78,3,16226,home_improvement,MORTGAGE,1,2,24,61.98,2,689,0.017809,MEDIUM,APPROVED,0,0,600-700,50-75K
BL001407,2024-08-08 12:50:13,624,33822,18.14,7,52051,debt_consolidation,RENT,0,0,0,38.37,2,607,0.162744,HIGH,APPROVED,0,0,600-700,<50K
BL001408,2024-02-07 07:39:56,725,64538,11.35,6,10884,credit_card,RENT,0,0,0,57.61,2,752,0.004781,LOW,APPROVED,0,0,700-800,50-75K
BL001409,2024-04-22 05:31:01,664,44161,30.7,11,42018,major_purchase,RENT,0,0,0,36.44,0,705,0.022344,MEDIUM,APPROVED,0,0,700-800,<50K
BL001410,2024-07-09 13:31:32,715,61110,40.31,15,5834,credit_card,RENT,0,0,0,41.07,1,661,0.058179,HIGH,APPROVED,0,0,600-700,50-75K
BL001411,2024-10-27 00:05:31,664,55233,27.3,10,14666,home_improvement,OWN,0,0,0,80.23,2,610,0.169898,HIGH,DECLINED,0,0,600-700,50-75K
BL001412,2024-01-25 00:11:45,609,162030,29.1,3,5652,other,RENT,1,5,24,82.31,2,539,0.517395,VERY_HIGH,DECLINED,0,0,<600,100K+
BL001413,2024-02-27 02:29:10,746,43300,30.83,8,36756,debt_consolidation,OWN,0,0,0,63.07,2,668,0.025871,MEDIUM,APPROVED,0,0,600-700,<50K
BL001414,2024-09-25 01:36:12,715,73432,13.91,20,33548,debt_consolidation,OTHER,0,0,0,33.48,2,680,0.024333,MEDIUM,APPROVED,0,0,600-700,50-75K
BL001415,2024-01-02 05:10:41,623,53176,29.22,1,27144,debt_consolidation,RENT,1,4,37,30.6,1,605,0.197352,VERY_HIGH,APPROVED,0,0,600-700,50-75K
BL001416,2024-06-19 13:45:00,586,130542,37.11,4,18751,other,RENT,1,3,24,35.0,4,493,0.66433,VERY_HIGH,DECLINED,1,90,<600,100K+
BL001417,2024-07-05 17:14:52,661,103154,32.92,2,15823,major_purchase,MORTGAGE,1,2,17,45.59,0,614,0.127745,HIGH,DECLINED,1,120,600-700,100K+
BL001418,2024-10-04 01:25:54,625,32073,22.18,0,10526,debt_consolidation,MORTGAGE,0,0,0,66.18,1,613,0.187855,VERY_HIGH,APPROVED,0,0,600-700,<50K
BL001419,2024-08-12 02:12:40,670,40970,17.21,4,17478,credit_card,MORTGAGE,0,0,0,71.45,0,666,0.046525,HIGH,APPROVED,0,0,600-700,<50K
BL001420,2024-05-28 23:00:55,724,72423,17.97,2,15840,debt_consolidation,MORTGAGE,0,0,0,65.11,3,717,0.009301,LOW,APPROVED,0,0,700-800,50-75K
BL001421,2024-04-04 23:27:13,771,48300,34.22,5,33549,debt_consolidation,MORTGAGE,0,0,0,45.41,0,706,0.012311,LOW,APPROVED,0,0,700-800,<50K
BL001422,2024-04-29 15:34:24,670,78229,18.57,5,11443,other,OWN,0,0,0,72.94,1,681,0.029805,MEDIUM,APPROVED,0,0,600-700,75-100K
BL001423,2024-02-08 21:56:03,766,66254,24.89,11,5392,debt_consolidation,OWN,0,0,0,96.98,1,674,0.028291,MEDIUM,APPROVED,0,0,600-700,50-75K
BL001424,2024-07-02 13:17:30,754,39244,25.94,1,30447,credit_card,RENT,1,7,41,9.29,0,725,0.009312,LOW,APPROVED,0,0,700-800,<50K
BL001425,2024-05-28 02:58:05,666,55804,21.36,4,21838,other,MORTGAGE,1,2,27,68.83,1,608,0.21747,VERY_HIGH,APPROVED,0,0,600-700,50-75K
BL001426,2024-07-10 22:46:09,598,79226,15.88,3,46955,debt_consolidation,RENT,0,0,0,49.41,2,642,0.062554,HIGH,APPROVED,0,0,600-700,75-100K
BL001427,2024-02-02 08:20:05,737,61829,27.71,11,26453,other,MORTGAGE,0,0,0,59.56,2,704,0.012034,LOW,APPROVED,0,0,700-800,50-75K
BL001428,2024-12-23 19:56:02,724,68029,17.29,4,32693,home_improvement,MORTGAGE,0,0,0,47.76,1,730,0.00948,LOW,APPROVED,0,0,700-800,50-75K
BL001429,2024-05-31 03:55:00,820,75623,20.18,1,8385,home_improvement,RENT,0,0,0,55.77,2,746,0.005136,LOW,APPROVED,0,0,700-800,75-100K
BL001430,2024-05-04 22:22:36,769,60491,33.93,10,34798,credit_card,OTHER,1,4,3,34.52,1,699,0.012992,LOW,APPROVED,0,0,600-700,50-75K
BL001431,2024-07-08 15:46:48,733,117441,30.19,12,25417,debt_consolidation,RENT,1,2,2,41.22,2,677,0.0168,MEDIUM,APPROVED,0,0,600-700,100K+
BL001432,2024-03-11 12:13:28,783,36104,4.92,3,65885,other,OWN,0,0,0,47.37,1,830,0.00083,LOW,APPROVED,0,0,800+,<50K
BL001433,2024-04-19 22:32:00,633,79048,14.14,2,27095,major_purchase,MORTGAGE,0,0,0,78.55,0,700,0.025496,MEDIUM,APPROVED,0,30,700-800,75-100K
BL001434,2024-10-31 06:05:19,701,50567,30.59,7,20237,credit_card,RENT,0,0,0,42.21,3,648,0.056558,HIGH,APPROVED,0,30,600-700,50-75K
BL001435,2024-06-02 16:34:00,675,76709,15.89,7,8228,debt_consolidation,RENT,0,0,0,54.86,0,699,0.018281,MEDIUM,APPROVED,0,0,600-700,75-100K
BL001436,2024-03-18 08:34:29,786,93578,30.92,5,27701,other,MORTGAGE,1,3,41,37.43,0,757,0.003796,LOW,APPROVED,0,60,700-800,75-100K
BL001437,2024-06-15 20:30:54,721,85258,33.13,3,54742,credit_card,MORTGAGE,1,4,2,25.38,0,666,0.042074,MEDIUM,APPROVED,0,0,600-700,75-100K
BL001438,2024-10-11 12:49:48,522,86721,33.08,6,17283,credit_card,OWN,4,6,45,51.13,2,448,0.948715,VERY_HIGH,DECLINED,1,120,<600,75-100K
BL001439,2024-02-14 17:56:49,766,90160,39.29,12,11980,major_purchase,OTHER,1,4,40,44.1,1,711,0.01362,LOW,APPROVED,0,30,700-800,75-100K
BL001440,2024-03-03 18:40:51,640,81323,12.66,29,28650,major_purchase,MORTGAGE,0,0,0,0.0,1,693,0.018263,MEDIUM,APPROVED,0,0,600-700,75-100K
BL001441,2024-06-20 10:51:51,733,57619,16.19,3,13372,debt_consolidation,MORTGAGE,0,0,0,42.19,1,717,0.011298,LOW,APPROVED,0,0,700-800,50-75K
BL001442,2024-09-17 12:12:45,664,89061,19.65,26,33974,credit_card,MORTGAGE,1,0,33,44.3,0,695,0.018669,MEDIUM,APPROVED,0,0,600-700,75-100K
BL001443,2024-11-01 00:31:39,704,99242,19.86,9,20719,credit_card,MORTGAGE,1,3,9,33.39,1,676,0.035529,MEDIUM,DECLINED,0,0,600-700,75-100K
BL001444,2024-08-04 15:27:57,726,94588,32.3,5,40833,home_improvement,RENT,1,7,56,42.05,1,657,0.044251,HIGH,APPROVED,0,0,600-700,75-100K
BL001445,2024-09-16 05:34:27,701,72602,28.17,4,34701,debt_consolidation,MORTGAGE,0,0,0,32.12,2,701,0.01327,LOW,APPROVED,0,0,700-800,50-75K
BL001446,2024-11-29 04:03:43,638,72607,16.85,3,23475,debt_consolidation,MORTGAGE,0,0,0,75.32,1,652,0.086252,HIGH,APPROVED,0,0,600-700,50-75K
BL001447,2024-10-21 06:56:20,768,26067,20.13,3,37117,debt_consolidation,MORTGAGE,0,0,0,49.31,0,758,0.004293,LOW,APPROVED,0,0,700-800,<50K
BL001448,2024-04-09 15:24:10,713,44181,13.44,14,11809,debt_consolidation,RENT,0,0,0,35.94,2,724,0.010873,LOW,APPROVED,0,60,700-800,<50K
BL001449,2024-03-10 00:57:06,690,58366,20.94,1,29378,other,RENT,0,0,0,39.09,3,696,0.031047,MEDIUM,APPROVED,0,0,600-700,50-75K
BL001450,2024-10-25 17:41:51,730,100353,12.34,1,18893,debt_consolidation,MORTGAGE,0,0,0,55.38,0,761,0.003264,LOW,APPROVED,0,0,700-800,100K+
BL001451,2024-05-24 20:25:09,661,109598,40.63,1,23743,credit_card,MORTGAGE,0,0,0,0.0,0,630,0.087605,HIGH,DECLINED,0,0,600-700,100K+
BL001452,2024-04-20 10:36:19,795,68059,31.29,2,54572,debt_consolidation,RENT,0,0,0,100.0,1,697,0.01893,MEDIUM,APPROVED,0,0,600-700,50-75K
BL001453,2024-10-22 07:03:56,703,38403,21.11,7,13201,home_improvement,MORTGAGE,0,0,0,81.48,2,664,0.031388,MEDIUM,APPROVED,0,0,600-700,<50K
BL001454,2024-05-20 13:32:49,711,79443,22.87,10,24633,credit_card,MORTGAGE,0,0,0,42.16,1,699,0.012709,LOW,APPROVED,0,0,600-700,75-100K
BL001455,2024-11-29 21:50:13,710,99566,31.13,1,25446,home_improvement,OTHER,0,0,0,48.71,2,661,0.033439,MEDIUM,APPROVED,0,0,600-700,75-100K
BL001456,2024-09-07 07:53:29,641,90025,24.08,7,29916,major_purchase,OWN,1,3,10,41.18,4,568,0.375963,VERY_HIGH,DECLINED,0,0,<600,75-100K
BL001457,2024-11-26 08:47:47,626,46518,35.26,2,17287,home_improvement,RENT,0,0,0,50.25,3,540,0.412397,VERY_HIGH,DECLINED,0,0,<600,<50K
BL001458,2024-02-08 07:18:19,703,39167,25.72,6,38284,other,RENT,1,6,29,32.76,1,672,0.033339,MEDIUM,DECLINED,0,0,600-700,<50K
BL001459,2024-05-03 14:05:50,710,42434,44.48,1,50988,home_improvement,MORTGAGE,0,0,0,86.57,4,576,0.287055,VERY_HIGH,DECLINED,0,0,<600,<50K
BL001460,2024-10-28 14:52:52,765,39183,30.12,16,13005,home_improvement,MORTGAGE,1,7,39,40.33,3,726,0.012082,LOW,APPROVED,0,0,700-800,<50K
BL001461,2024-05-01 00:34:05,716,100063,14.62,7,14596,other,MORTGAGE,1,5,2,70.82,1,660,0.039521,MEDIUM,APPROVED,0,0,600-700,100K+
BL001462,2024-01-25 20:42:27,631,73318,15.36,3,28980,home_improvement,RENT,2,3,7,65.81,0,655,0.062357,HIGH,APPROVED,0,0,600-700,50-75K
BL001463,2024-07-13 21:38:45,720,168874,19.61,5,43297,credit_card,MORTGAGE,1,4,36,43.42,1,727,0.009741,LOW,APPROVED,0,0,700-800,100K+
BL001464,2024-08-26 14:40:49,737,134087,39.77,3,18661,debt_consolidation,MORTGAGE,0,0,0,41.18,2,701,0.018538,MEDIUM,APPROVED,0,0,700-800,100K+
BL001465,2024-08-27 08:45:30,746,100492,21.45,16,27111,credit_card,MORTGAGE,1,5,50,31.44,2,738,0.00874,LOW,APPROVED,0,0,700-800,100K+
BL001466,2024-02-03 02:39:35,709,46762,32.41,3,8389,major_purchase,RENT,0,0,0,46.01,1,632,0.057064,HIGH,DECLINED,0,0,600-700,<50K
BL001467,2024-07-21 05:28:57,624,85847,11.7,6,9103,home_improvement,RENT,0,0,0,37.38,0,651,0.060731,HIGH,APPROVED,0,0,600-700,75-100K
BL001468,2024-02-04 13:23:00,755,78022,28.92,3,10269,major_purchase,OWN,2,5,57,42.14,0,683,0.02258,MEDIUM,APPROVED,0,0,600-700,75-100K
BL001469,2024-06-27 06:16:47,651,33738,14.77,10,62245,debt_consolidation,OTHER,0,0,0,51.97,1,652,0.049013,HIGH,DECLINED,0,0,600-700,<50K
BL001470,2024-12-05 22:00:41,723,35857,20.08,10,90000,credit_card,OWN,0,0,0,72.59,1,712,0.016285,MEDIUM,APPROVED,0,0,700-800,<50K
BL001471,2024-01-24 11:57:13,605,45594,24.17,5,12063,debt_consolidation,MORTGAGE,1,3,44,44.4,0,591,0.196383,VERY_HIGH,APPROVED,1,90,<600,<50K
BL001472,2024-08-21 05:56:56,733,112399,11.99,8,20227,debt_consolidation,OTHER,0,0,0,56.0,1,743,0.004348,LOW,APPROVED,0,0,700-800,100K+
BL001473,2024-09-21 07:49:57,648,53269,44.83,3,28687,credit_card,MORTGAGE,1,5,35,12.2,1,590,0.286375,VERY_HIGH,DECLINED,0,0,<600,50-75K
BL001474,2024-07-19 23:43:17,751,33999,14.3,2,32516,home_improvement,MORTGAGE,1,4,49,61.0,3,671,0.020177,MEDIUM,APPROVED,0,0,600-700,<50K
BL001475,2024-10-14 21:40:23,788,66060,19.82,20,18189,debt_consolidation,MORTGAGE,0,0,0,78.23,0,767,0.003969,LOW,APPROVED,0,0,700-800,50-75K
BL001476,2024-07-31 01:08:55,755,83382,39.16,1,21429,debt_consolidation,RENT,1,1,48,0.0,2,684,0.01836,MEDIUM,APPROVED,0,0,600-700,75-100K
BL001477,2024-10-02 02:09:42,627,36714,32.47,0,6702,debt_consolidation,RENT,1,3,11,49.13,0,577,0.402608,VERY_HIGH,APPROVED,0,0,<600,<50K
BL001478,2024-04-18 23:14:24,639,150683,2.83,0,18551,other,MORTGAGE,0,0,0,44.7,0,646,0.052107,HIGH,DECLINED,0,0,600-700,100K+
BL001479,2024-09-16 07:58:51,643,45255,27.89,2,9341,debt_consolidation,OWN,2,3,27,0.0,0,610,0.167495,HIGH,APPROVED,0,0,600-700,<50K
BL001480,2024-10-24 16:05:58,727,102384,33.65,4,12297,credit_card,MORTGAGE,0,0,0,100.0,0,616,0.139045,HIGH,APPROVED,0,0,600-700,100K+
BL001481,2024-11-10 17:07:22,710,86439,15.28,8,17937,home_improvement,RENT,3,6,25,37.1,1,681,0.026921,MEDIUM,APPROVED,0,0,600-700,75-100K
BL001482,2024-04-28 16:06:38,700,45514,24.27,2,7434,major_purchase,RENT,1,1,12,97.99,0,637,0.089741,HIGH,DECLINED,1,60,600-700,<50K
BL001483,2024-08-09 11:51:39,708,60113,17.72,20,10375,debt_consolidation,MORTGAGE,1,5,13,47.8,1,673,0.032191,MEDIUM,APPROVED,0,0,600-700,50-75K
BL001484,2024-01-29 04:38:23,723,63864,17.64,15,20324,credit_card,RENT,3,6,23,76.1,1,624,0.139446,HIGH,DECLINED,0,0,600-700,50-75K
BL001485,2024-03-13 19:23:29,727,53900,39.47,3,28922,debt_consolidation,RENT,0,0,0,41.51,2,678,0.033247,MEDIUM,APPROVED,0,0,600-700,50-75K
BL001486,2024-03-24 06:57:18,784,89081,32.97,0,25036,debt_consolidation,MORTGAGE,1,3,49,60.46,0,716,0.006644,LOW,APPROVED,0,0,700-800,75-100K
BL001487,2024-11-15 07:56:29,688,64977,17.03,2,32706,credit_card,RENT,3,6,21,51.12,0,604,0.09069,HIGH,APPROVED,0,0,600-700,50-75K
BL001488,2024-10-04 23:46:53,702,28881,13.49,2,12831,credit_card,MORTGAGE,1,3,34,24.73,3,706,0.024627,MEDIUM,APPROVED,1,150,700-800,<50K
BL001489,2024-08-02 11:44:25,589,65992,31.0,4,30670,credit_card,RENT,1,3,37,25.01,2,528,0.444972,VERY_HIGH,DECLINED,0,0,<600,50-75K
BL001490,2024-09-24 06:24:38,618,37624,26.42,12,18139,major_purchase,MORTGAGE,0,0,0,7.59,0,612,0.143027,HIGH,DECLINED,0,0,600-700,<50K
BL001491,2024-03-18 23:54:15,653,56910,21.53,37,21512,home_improvement,RENT,0,0,0,11.47,1,677,0.024788,MEDIUM,APPROVED,0,0,600-700,50-75K
BL001492,2024-10-31 09:07:28,625,70282,26.54,9,16552,home_improvement,MORTGAGE,1,6,32,52.87,0,631,0.076564,HIGH,DECLINED,1,120,600-700,50-75K
BL001493,2024-11-23 21:46:57,703,60113,12.89,3,15618,debt_consolidation,RENT,0,0,0,17.08,1,714,0.008734,LOW,APPROVED,0,0,700-800,50-75K
BL001494,2024-06-04 04:01:12,748,100304,17.81,5,16123,debt_consolidation,MORTGAGE,0,0,0,70.74,1,785,0.003051,LOW,APPROVED,0,0,700-800,100K+
BL001495,2024-01-21 08:05:53,667,61065,17.89,1,23036,other,MORTGAGE,0,0,0,15.04,1,697,0.022107,MEDIUM,APPROVED,0,0,600-700,50-75K
BL001496,2024-06-12 07:45:47,664,49939,35.36,2,29586,home_improvement,RENT,3,4,55,58.26,0,547,0.397943,VERY_HIGH,DECLINED,0,0,<600,<50K
BL001497,2024-01-18 12:08:43,662,133485,24.27,4,13600,major_purchase,RENT,0,0,0,6.98,0,710,0.014513,LOW,APPROVED,0,0,700-800,100K+
BL001498,2024-04-10 05:03:04,698,88190,15.55,9,31344,major_purchase,OTHER,1,4,31,34.86,2,684,0.025168,MEDIUM,APPROVED,0,0,600-700,75-100K
BL001499,2024-02-06 02:22:36,660,59482,17.9,1,10649,home_improvement,RENT,0,0,0,41.32,3,628,0.152481,HIGH,APPROVED,0,0,600-700,50-75K
BL001500,2024-12-06 06:53:14,714,63462,34.01,1,21558,debt_consolidation,MORTGAGE,0,0,0,31.53,0,691,0.020714,MEDIUM,DECLINED,0,0,600-700,50-75K
BL001501,2024-11-26 22:44:43,707,52682,27.65,3,27308,debt_consolidation,MORTGAGE,0,0,0,31.47,0,669,0.022556,MEDIUM,APPROVED,0,0,600-700,50-75K
BL001502,2024-02-18 18:09:27,709,65583,19.78,1,29722,debt_consolidation,MORTGAGE,1,7,12,70.42,1,655,0.076832,HIGH,APPROVED,0,0,600-700,50-75K
BL001503,2024-09-21 07:16:04,732,40864,21.37,5,21420,major_purchase,RENT,1,2,40,40.01,2,729,0.01201,LOW,APPROVED,0,0,700-800,<50K
BL001504,2024-09-04 08:07:38,692,140407,31.06,13,17685,credit_card,RENT,2,3,54,80.03,3,594,0.299116,VERY_HIGH,DECLINED,0,0,<600,100K+
BL001505,2024-08-14 23:57:03,698,110419,21.87,4,21385,major_purchase,RENT,1,4,52,20.74,2,707,0.016144,LOW,DECLINED,0,0,700-800,100K+
BL001506,2024-02-18 02:55:24,787,22859,22.34,0,7398,major_purchase,RENT,1,3,24,72.17,2,696,0.010529,LOW,APPROVED,0,0,600-700,<50K
BL001507,2024-04-18 23:28:31,688,40869,18.49,3,24626,debt_consolidation,MORTGAGE,0,0,0,54.32,1,621,0.085714,HIGH,DECLINED,0,0,600-700,<50K
BL001508,2024-06-23 11:53:54,734,61797,3.01,6,15392,major_purchase,RENT,0,0,0,70.86,2,696,0.015667,LOW,APPROVED,0,0,600-700,50-75K
BL001509,2024-10-26 14:35:59,693,47078,29.73,3,5500,credit_card,MORTGAGE,0,0,0,11.58,2,628,0.097335,HIGH,APPROVED,0,0,600-700,<50K
BL001510,2024-12-18 07:41:51,665,24045,23.06,0,14014,credit_card,MORTGAGE,1,5,16,21.6,7,602,0.153474,HIGH,DECLINED,1,90,600-700,<50K
BL001511,2024-10-08 05:43:08,665,86425,31.79,0,16471,other,OWN,0,0,0,70.74,3,595,0.220346,VERY_HIGH,DECLINED,0,0,<600,75-100K
BL001512,2024-07-14 03:26:26,645,36801,51.95,0,24654,major_purchase,RENT,0,0,0,44.71,2,536,0.461279,VERY_HIGH,APPROVED,0,60,<600,<50K
BL001513,2024-06-30 17:21:34,691,85965,21.46,0,13217,home_improvement,RENT,0,0,0,21.97,1,693,0.01575,LOW,APPROVED,0,0,600-700,75-100K
BL001514,2024-12-15 04:41:58,657,77533,29.71,0,18425,major_purchase,RENT,3,7,35,48.85,2,605,0.130066,HIGH,DECLINED,0,0,600-700,75-100K
BL001515,2024-10-25 23:25:40,667,125668,21.29,8,7346,debt_consolidation,OWN,1,6,1,71.93,1,628,0.087728,HIGH,APPROVED,0,0,600-700,100K+
BL001516,2024-02-05 23:58:44,757,42097,17.94,5,7778,credit_card,MORTGAGE,2,5,7,58.2,1,655,0.031134,MEDIUM,APPROVED,0,0,600-700,<50K
BL001517,2024-02-26 08:41:42,683,144091,17.35,11,15867,major_purchase,MORTGAGE,1,4,28,47.35,7,628,0.147552,HIGH,APPROVED,0,0,600-700,100K+
BL001518,2024-11-19 00:09:59,753,36158,21.2,2,25442,major_purchase,OWN,0,0,0,40.75,2,705,0.010048,LOW,APPROVED,0,0,700-800,<50K
BL001519,2024-07-21 11:13:08,705,124477,24.83,0,11760,home_improvement,RENT,2,6,56,75.79,1,623,0.088006,HIGH,APPROVED,0,0,600-700,100K+
BL001520,2024-05-26 16:04:42,737,102219,39.85,7,18866,debt_consolidation,RENT,1,4,54,12.73,2,688,0.023357,MEDIUM,APPROVED,0,0,600-700,100K+
BL001521,2024-03-19 03:46:15,656,76915,27.7,1,11257,other,RENT,0,0,0,51.15,2,639,0.057097,HIGH,APPROVED,0,0,600-700,75-100K
BL001522,2024-11-08 20:09:06,698,38562,19.47,40,55715,debt_consolidation,MORTGAGE,1,4,2,53.18,2,654,0.062452,HIGH,APPROVED,0,0,600-700,<50K
BL001523,2024-12-07 16:40:01,835,131195,33.15,12,13883,credit_card,MORTGAGE,0,0,0,81.21,3,730,0.008932,LOW,APPROVED,0,0,700-800,100K+
BL001524,2024-11-24 10:31:25,735,91015,16.44,2,16363,major_purchase,RENT,1,2,39,51.2,0,718,0.012518,LOW,APPROVED,0,0,700-800,75-100K
BL001525,2024-04-16 07:51:37,745,29705,30.67,10,54482,home_improvement,RENT,0,0,0,56.95,0,637,0.0615,HIGH,APPROVED,0,0,600-700,<50K
BL001526,2024-06-19 14:28:32,703,19449,26.5,2,36955,other,RENT,2,8,22,71.64,1,596,0.157269,HIGH,APPROVED,0,0,<600,<50K
BL001527,2024-04-04 08:39:38,737,46732,19.71,5,18197,credit_card,MORTGAGE,0,0,0,52.77,0,695,0.015465,LOW,APPROVED,0,0,600-700,<50K
BL001528,2024-12-13 01:26:48,626,42722,28.44,12,28942,credit_card,OWN,1,3,23,72.34,1,550,0.406959,VERY_HIGH,DECLINED,0,0,<600,<50K
BL001529,2024-04-11 10:33:56,643,87157,34.39,4,17249,major_purchase,RENT,1,6,20,69.13,1,614,0.127165,HIGH,APPROVED,0,0,600-700,75-100K
BL001530,2024-12-13 04:53:38,713,67210,30.12,18,37687,home_improvement,MORTGAGE,0,0,0,43.64,1,679,0.027162,MEDIUM,APPROVED,0,0,600-700,50-75K
BL001531,2024-03-25 17:47:28,735,72939,7.87,11,9183,debt_consolidation,MORTGAGE,0,0,0,25.06,2,733,0.006377,LOW,APPROVED,0,0,700-800,50-75K
BL001532,2024-12-06 18:21:59,667,50063,8.86,4,9695,debt_consolidation,RENT,0,0,0,52.67,0,711,0.009881,LOW,APPROVED,0,0,700-800,50-75K
BL001533,2024-01-03 13:00:05,679,97182,23.33,7,15688,credit_card,MORTGAGE,1,7,20,17.28,2,671,0.042492,HIGH,APPROVED,0,0,600-700,75-100K
BL001534,2024-02-03 07:03:31,670,48724,21.69,11,12868,debt_consolidation,RENT,0,0,0,14.35,2,685,0.030841,MEDIUM,DECLINED,0,0,600-700,<50K
BL001535,2024-01-24 22:24:17,679,31818,11.62,7,8401,debt_consolidation,MORTGAGE,1,5,35,71.79,1,630,0.108982,HIGH,APPROVED,0,0,600-700,<50K
BL001536,2024-02-22 03:01:43,624,21215,30.91,7,15763,debt_consolidation,OWN,1,2,29,8.22,0,583,0.282227,VERY_HIGH,DECLINED,0,0,<600,<50K
BL001537,2024-08-05 03:16:41,611,80036,28.54,0,19935,debt_consolidation,MORTGAGE,1,9,52,40.39,1,588,0.250103,VERY_HIGH,APPROVED,1,60,<600,75-100K
BL001538,2024-03-08 10:31:37,685,47896,34.95,10,30397,debt_consolidation,RENT,1,7,17,76.2,1,632,0.126525,HIGH,DECLINED,0,0,600-700,<50K
BL001539,2024-09-05 01:27:01,594,28987,26.77,23,60033,other,MORTGAGE,1,3,18,29.97,4,505,0.689335,VERY_HIGH,DECLINED,1,90,<600,<50K
BL001540,2024-05-14 05:18:04,636,42352,39.49,26,14987,major_purchase,MORTGAGE,1,6,35,26.5,4,553,0.343584,VERY_HIGH,DECLINED,0,0,<600,<50K
BL001541,2024-04-15 16:38:52,653,52852,18.49,13,4939,major_purchase,MORTGAGE,0,0,0,65.2,0,632,0.081002,HIGH,APPROVED,1,60,600-700,50-75K
BL001542,2024-02-26 06:09:13,631,86482,20.78,6,20582,home_improvement,OTHER,1,3,29,32.34,2,612,0.134514,HIGH,APPROVED,0,0,600-700,75-100K
BL001543,2024-08-26 17:04:55,702,24025,30.04,1,8003,home_improvement,RENT,0,0,0,46.88,1,678,0.024522,MEDIUM,APPROVED,0,0,600-700,<50K
BL001544,2024-06-29 18:33:24,665,52493,27.63,1,11786,debt_consolidation,OTHER,1,4,7,36.98,1,643,0.061066,HIGH,DECLINED,1,90,600-700,50-75K
BL001545,2024-12-06 07:10:22,685,88494,10.78,1,10823,credit_card,RENT,0,0,0,11.59,1,694,0.016711,MEDIUM,APPROVED,0,0,600-700,75-100K
BL001546,2024-07-29 07:23:21,633,78499,17.25,2,9703,other,MORTGAGE,2,8,7,79.32,1,588,0.240243,VERY_HIGH,APPROVED,0,0,<600,75-100K
BL001547,2024-02-28 02:37:06,648,91908,29.47,14,21064,debt_consolidation,OWN,1,7,56,37.9,3,567,0.298417,VERY_HIGH,APPROVED,0,0,<600,75-100K
BL001548,2024-04-28 20:22:49,717,155775,25.35,8,35697,credit_card,RENT,1,5,19,59.89,2,675,0.022004,MEDIUM,DECLINED,0,0,600-700,100K+
BL001549,2024-03-26 20:04:58,709,43025,17.81,10,32300,major_purchase,MORTGAGE,0,0,0,40.03,0,697,0.016312,MEDIUM,APPROVED,0,0,600-700,<50K
BL001550,2024-11-23 21:40:05,663,48344,21.65,1,20484,major_purchase,MORTGAGE,0,0,0,62.26,2,618,0.132297,HIGH,APPROVED,0,0,600-700,<50K
BL001551,2024-11-20 23:35:49,709,103682,22.88,3,37842,major_purchase,RENT,0,0,0,48.1,2,669,0.032095,MEDIUM,APPROVED,0,0,600-700,100K+
BL001552,2024-09-19 11:16:46,699,132930,22.33,1,42043,major_purchase,RENT,0,0,0,40.12,0,669,0.024473,MEDIUM,APPROVED,0,0,600-700,100K+
BL001553,2024-10-07 22:01:54,697,74543,28.27,7,34204,credit_card,MORTGAGE,2,6,21,40.4,2,644,0.063354,HIGH,APPROVED,0,0,600-700,50-75K
BL001554,2024-02-28 11:15:22,776,55296,30.01,2,10116,credit_card,OTHER,1,2,51,36.12,1,665,0.03278,MEDIUM,APPROVED,0,0,600-700,50-75K
BL001555,2024-09-02 00:42:28,667,37844,17.35,1,24086,debt_consolidation,MORTGAGE,0,0,0,0.0,2,671,0.036778,MEDIUM,APPROVED,0,0,600-700,<50K
BL001556,2024-07-06 06:23:48,712,84981,44.66,4,8620,home_improvement,RENT,1,3,6,69.49,0,621,0.099201,HIGH,DECLINED,0,0,600-700,75-100K
BL001557,2024-10-08 05:06:02,712,75195,26.9,10,33417,home_improvement,OWN,0,0,0,64.65,0,695,0.017313,MEDIUM,APPROVED,0,0,600-700,75-100K
BL001558,2024-08-04 03:23:48,676,39466,23.11,16,8222,other,OWN,0,0,0,23.53,3,670,0.042565,HIGH,APPROVED,0,0,600-700,<50K
BL001559,2024-12-24 07:16:21,624,50653,40.86,3,25477,other,RENT,1,3,21,56.41,1,559,0.398991,VERY_HIGH,DECLINED,1,150,<600,50-75K
BL001560,2024-11-15 10:57:20,726,41151,24.36,11,28536,home_improvement,MORTGAGE,0,0,0,43.82,0,699,0.015662,LOW,APPROVED,0,0,600-700,<50K
BL001561,2024-12-04 02:39:04,703,83793,13.88,4,33579,credit_card,RENT,1,7,11,58.45,2,694,0.016932,MEDIUM,APPROVED,0,0,600-700,75-100K
BL001562,2024-06-02 00:46:06,691,60170,12.61,2,47842,credit_card,RENT,0,0,0,36.13,0,719,0.007661,LOW,APPROVED,0,0,700-800,50-75K
BL001563,2024-08-15 07:02:33,689,113106,19.01,6,11403,debt_consolidation,OTHER,1,10,12,47.03,0,680,0.029861,MEDIUM,APPROVED,0,0,600-700,100K+
BL001564,2024-04-09 09:59:00,689,118863,18.67,5,5185,home_improvement,RENT,1,8,25,11.31,1,680,0.017807,MEDIUM,APPROVED,0,0,600-700,100K+
BL001565,2024-06-10 14:11:02,639,74813,8.74,6,18236,debt_consolidation,OWN,4,3,58,34.99,2,586,0.210056,VERY_HIGH,DECLINED,0,0,<600,50-75K
BL001566,2024-09-08 17:29:37,704,110752,20.72,0,35380,other,MORTGAGE,0,0,0,56.84,2,676,0.021889,MEDIUM,APPROVED,0,0,600-700,100K+
BL001567,2024-11-07 23:14:29,589,103841,16.56,19,13226,home_improvement,RENT,1,3,48,54.9,2,604,0.183578,VERY_HIGH,DECLINED,1,90,600-700,100K+
BL001568,2024-05-29 08:45:47,686,127664,35.45,26,24779,credit_card,MORTGAGE,0,0,0,62.65,1,647,0.105915,HIGH,APPROVED,0,0,600-700,100K+
BL001569,2024-08-03 03:47:56,605,52221,28.07,3,30816,debt_consolidation,MORTGAGE,1,6,40,57.6,0,528,0.505457,VERY_HIGH,DECLINED,1,150,<600,50-75K
BL001570,2024-05-10 04:31:07,668,86323,16.72,7,40185,debt_consolidation,RENT,0,0,0,74.44,3,658,0.054801,HIGH,APPROVED,0,0,600-700,75-100K
BL001571,2024-05-06 00:50:14,727,150313,33.2,8,7189,other,MORTGAGE,1,8,29,70.91,0,675,0.029497,MEDIUM,DECLINED,0,0,600-700,100K+
BL001572,2024-04-22 17:45:59,673,87779,22.47,2,23577,credit_card,RENT,0,0,0,71.47,0,716,0.017568,MEDIUM,APPROVED,0,0,700-800,75-100K
BL001573,2024-09-01 19:35:54,661,53939,6.53,6,33815,other,RENT,0,0,0,67.52,2,644,0.033935,MEDIUM,APPROVED,0,0,600-700,50-75K
BL001574,2024-10-15 18:55:07,716,72965,23.92,5,14698,major_purchase,RENT,0,0,0,50.23,0,690,0.016046,LOW,APPROVED,0,0,600-700,50-75K
BL001575,2024-02-23 13:46:04,673,184820,36.86,12,81781,debt_consolidation,OWN,0,0,0,59.77,1,669,0.040072,MEDIUM,DECLINED,0,0,600-700,100K+
BL001576,2024-08-25 02:09:51,665,54808,24.82,2,39890,other,MORTGAGE,1,7,41,45.93,0,661,0.042433,HIGH,APPROVED,0,0,600-700,50-75K
BL001577,2024-10-23 05:32:28,666,49198,18.69,9,19364,debt_consolidation,OWN,0,0,0,35.96,2,679,0.030577,MEDIUM,APPROVED,1,60,600-700,<50K
BL001578,2024-07-01 11:53:23,770,98852,24.83,13,46486,other,MORTGAGE,0,0,0,17.36,1,739,0.003536,LOW,APPROVED,0,0,700-800,75-100K
BL001579,2024-01-20 07:54:09,724,55292,19.0,6,20368,debt_consolidation,MORTGAGE,0,0,0,99.84,1,672,0.029574,MEDIUM,APPROVED,0,60,600-700,50-75K
BL001580,2024-06-17 00:02:20,714,32147,29.36,10,26660,other,MORTGAGE,0,0,0,32.14,1,689,0.017482,MEDIUM,APPROVED,0,0,600-700,<50K
BL001581,2024-05-17 19:50:33,622,31968,26.65,6,14019,credit_card,RENT,1,4,30,29.08,2,604,0.260959,VERY_HIGH,APPROVED,0,0,600-700,<50K
BL001582,2024-07-01 17:18:58,721,66003,21.35,2,19182,debt_consolidation,RENT,1,2,19,41.19,0,678,0.030729,MEDIUM,APPROVED,0,0,600-700,50-75K
BL001583,2024-07-21 12:16:08,616,49309,31.44,6,8890,major_purchase,RENT,0,0,0,41.73,3,553,0.45941,VERY_HIGH,DECLINED,0,0,<600,<50K
BL001584,2024-05-15 01:42:08,713,127848,39.21,1,8518,credit_card,MORTGAGE,2,2,45,48.21,1,619,0.110741,HIGH,DECLINED,0,0,600-700,100K+
BL001585,2024-07-20 16:54:05,626,49962,27.2,24,19703,credit_card,RENT,0,0,0,39.03,0,659,0.066572,HIGH,DECLINED,0,0,600-700,<50K
BL001586,2024-11-03 08:48:25,794,34899,35.66,1,11499,credit_card,MORTGAGE,1,5,36,19.24,0,754,0.004039,LOW,APPROVED,0,0,700-800,<50K
BL001587,2024-08-14 02:18:18,594,46137,31.64,4,13382,credit_card,RENT,2,6,13,56.77,0,535,0.574794,VERY_HIGH,DECLINED,1,90,<600,<50K
BL001588,2024-10-26 13:31:58,754,37408,22.7,0,34418,major_purchase,MORTGAGE,0,0,0,94.39,2,667,0.028456,MEDIUM,APPROVED,0,0,600-700,<50K
BL001589,2024-09-15 21:29:03,731,111942,24.8,1,68065,home_improvement,MORTGAGE,2,5,1,31.02,2,697,0.022349,MEDIUM,APPROVED,0,0,600-700,100K+
BL001590,2024-06-02 20:40:59,589,45992,37.48,7,25671,major_purchase,MORTGAGE,1,7,28,43.78,0,570,0.387213,VERY_HIGH,APPROVED,1,60,<600,<50K
BL001591,2024-09-13 23:43:32,673,130356,27.89,2,25580,debt_consolidation,MORTGAGE,1,5,2,55.75,2,622,0.085586,HIGH,APPROVED,0,0,600-700,100K+
BL001592,2024-07-16 14:27:36,766,85049,32.95,3,13789,home_improvement,MORTGAGE,0,0,0,0.0,1,738,0.004778,LOW,APPROVED,0,0,700-800,75-100K
BL001593,2024-10-25 19:45:44,749,165994,10.61,21,44031,credit_card,OWN,0,0,0,25.61,0,788,0.001754,LOW,APPROVED,0,0,700-800,100K+
BL001594,2024-10-26 15:58:17,595,62739,31.17,11,5411,debt_consolidation,RENT,2,5,39,40.94,2,541,0.495732,VERY_HIGH,APPROVED,0,0,<600,50-75K
BL001595,2024-04-03 11:14:13,658,96710,9.1,1,7318,other,RENT,1,5,40,45.77,0,693,0.014679,LOW,APPROVED,0,0,600-700,75-100K
BL001596,2024-06-25 19:09:04,622,25375,41.83,7,12997,home_improvement,RENT,0,0,0,13.32,1,560,0.397052,VERY_HIGH,DECLINED,1,120,<600,<50K
BL001597,2024-01-09 03:50:21,630,53140,27.28,22,45662,debt_consolidation,MORTGAGE,1,4,38,24.49,0,626,0.117752,HIGH,APPROVED,0,0,600-700,50-75K
BL001598,2024-02-28 09:46:32,651,46863,32.3,6,20806,debt_consolidation,OTHER,0,0,0,22.91,1,625,0.102764,HIGH,APPROVED,0,0,600-700,<50K
BL001599,2024-11-20 20:48:37,788,111380,18.58,6,24065,credit_card,OWN,1,1,48,32.75,3,694,0.01633,MEDIUM,APPROVED,0,0,600-700,100K+
BL001600,2024-03-22 23:07:19,694,62081,23.92,6,19239,home_improvement,OWN,1,1,29,20.59,0,707,0.014662,LOW,APPROVED,0,0,700-800,50-75K
BL001601,2024-05-24 10:30:55,674,89521,14.86,8,22762,other,OTHER,4,6,56,58.99,1,599,0.176868,HIGH,DECLINED,0,0,<600,75-100K
BL001602,2024-05-14 08:59:46,668,47499,16.01,5,11590,debt_consolidation,MORTGAGE,0,0,0,3.33,1,685,0.021352,MEDIUM,APPROVED,0,0,600-700,<50K
BL001603,2024-03-03 15:25:40,723,36585,26.37,1,31506,major_purchase,MORTGAGE,0,0,0,21.41,1,707,0.014626,LOW,APPROVED,0,0,700-800,<50K
BL001604,2024-02-21 06:39:48,725,63448,21.43,2,4670,other,MORTGAGE,1,4,12,24.03,4,715,0.015247,LOW,APPROVED,0,0,700-800,50-75K
BL001605,2024-02-26 04:39:37,636,119645,21.82,0,13482,debt_consolidation,MORTGAGE,0,0,0,64.95,2,588,0.301973,VERY_HIGH,DECLINED,0,0,<600,100K+
BL001606,2024-08-25 08:53:03,767,64449,22.94,0,24895,debt_consolidation,OTHER,0,0,0,53.29,0,737,0.006294,LOW,APPROVED,0,0,700-800,50-75K
BL001607,2024-10-17 21:37:47,627,135236,36.53,5,7380,debt_consolidation,MORTGAGE,1,4,9,33.26,0,601,0.166758,HIGH,APPROVED,0,30,600-700,100K+
BL001608,2024-12-12 12:12:35,671,56784,33.34,8,50356,other,MORTGAGE,1,4,29,33.94,1,629,0.093871,HIGH,DECLINED,0,0,600-700,50-75K
BL001609,2024-11-14 20:28:22,711,56170,41.21,1,55462,major_purchase,MORTGAGE,0,0,0,35.95,1,648,0.063174,HIGH,APPROVED,0,0,600-700,50-75K
BL001610,2024-01-02 00:59:15,781,56170,22.42,6,25018,major_purchase,RENT,0,0,0,45.9,0,808,0.00112,LOW,APPROVED,0,0,800+,50-75K
BL001611,2024-07-09 21:46:18,667,58670,19.41,1,12696,credit_card,RENT,1,4,49,31.9,0,676,0.027575,MEDIUM,APPROVED,0,0,600-700,50-75K
BL001612,2024-11-13 20:36:14,702,48184,26.65,7,40252,other,RENT,1,4,2,86.23,1,609,0.147925,HIGH,DECLINED,0,0,600-700,<50K
BL001613,2024-09-15 17:23:36,758,59174,31.29,0,34352,home_improvement,RENT,0,0,0,93.41,4,627,0.105352,HIGH,APPROVED,0,0,600-700,50-75K
BL001614,2024-04-14 05:08:38,721,45587,12.2,3,26968,debt_consolidation,MORTGAGE,0,0,0,55.45,1,687,0.016835,MEDIUM,APPROVED,0,0,600-700,<50K
BL001615,2024-04-18 16:59:43,748,41208,30.36,7,35913,debt_consolidation,MORTGAGE,2,2,2,77.82,2,608,0.152115,HIGH,DECLINED,0,0,600-700,<50K
BL001616,2024-01-06 08:06:31,744,132227,22.02,1,29009,debt_consolidation,RENT,1,3,33,14.45,1,725,0.008799,LOW,APPROVED,0,0,700-800,100K+
BL001617,2024-08-27 12:56:27,701,98578,28.87,10,40569,major_purchase,OWN,0,0,0,53.0,3,651,0.067412,HIGH,APPROVED,0,30,600-700,75-100K
BL001618,2024-09-12 15:18:19,721,57544,27.43,6,21793,home_improvement,OTHER,1,8,47,30.24,4,673,0.034018,MEDIUM,APPROVED,0,0,600-700,50-75K
BL001619,2024-04-18 06:13:53,737,50095,22.21,8,11495,credit_card,MORTGAGE,1,4,49,95.17,1,682,0.021254,MEDIUM,APPROVED,0,0,600-700,50-75K
BL001620,2024-07-04 12:21:14,685,32303,17.73,2,17384,major_purchase,RENT,0,0,0,47.08,0,681,0.018606,MEDIUM,APPROVED,0,0,600-700,<50K
BL001621,2024-07-19 13:57:09,774,86367,22.35,6,8782,major_purchase,MORTGAGE,0,0,0,65.87,1,715,0.00862,LOW,APPROVED,0,0,700-800,75-100K
BL001622,2024-05-09 05:26:35,577,48543,34.36,4,8228,debt_consolidation,MORTGAGE,0,0,0,78.34,0,540,0.422503,VERY_HIGH,DECLINED,1,150,<600,<50K
BL001623,2024-08-25 09:34:50,636,159239,9.42,1,30601,major_purchase,RENT,0,0,0,14.12,1,687,0.01578,LOW,APPROVED,0,30,600-700,100K+
BL001624,2024-11-29 02:29:29,766,29848,26.12,12,29803,debt_consolidation,OWN,0,0,0,64.9,2,722,0.007115,LOW,APPROVED,0,0,700-800,<50K
BL001625,2024-09-15 23:50:19,710,77206,23.25,2,19074,major_purchase,MORTGAGE,2,7,58,61.21,1,598,0.164948,HIGH,DECLINED,0,0,<600,75-100K
BL001626,2024-08-01 17:52:27,651,115080,22.88,28,40996,home_improvement,MORTGAGE,0,0,0,60.23,1,668,0.039649,MEDIUM,APPROVED,0,0,600-700,100K+
BL001627,2024-04-28 23:11:40,707,51786,26.34,5,14681,major_purchase,MORTGAGE,1,3,42,71.72,1,649,0.052622,HIGH,APPROVED,0,30,600-700,50-75K
BL001628,2024-06-11 03:14:12,746,167227,28.39,12,31333,credit_card,RENT,0,0,0,52.62,3,697,0.01572,LOW,APPROVED,0,0,600-700,100K+
BL001629,2024-02-22 04:38:19,656,104782,24.57,3,7573,debt_consolidation,RENT,1,2,41,26.96,1,654,0.05082,HIGH,APPROVED,0,0,600-700,100K+
BL001630,2024-08-08 11:21:14,729,104116,36.22,20,39937,major_purchase,OWN,0,0,0,39.3,2,657,0.037468,MEDIUM,APPROVED,0,0,600-700,100K+
BL001631,2024-05-27 05:00:37,680,44707,21.97,7,9583,other,RENT,1,6,52,7.09,1,627,0.069174,HIGH,APPROVED,0,0,600-700,<50K
BL001632,2024-03-01 12:42:23,680,105982,43.86,2,37142,credit_card,MORTGAGE,1,4,18,14.62,2,610,0.120662,HIGH,DECLINED,0,0,600-700,100K+
BL001633,2024-06-27 17:02:58,683,105132,7.78,2,26552,other,OWN,1,6,7,0.0,3,726,0.00583,LOW,APPROVED,0,0,700-800,100K+
BL001634,2024-09-27 21:26:42,748,70574,38.82,6,90000,debt_consolidation,RENT,0,0,0,35.47,1,704,0.020505,MEDIUM,APPROVED,0,0,700-800,50-75K
BL001635,2024-11-10 11:21:02,625,150992,21.37,0,27085,debt_consolidation,OTHER,0,0,0,21.8,0,677,0.040479,MEDIUM,APPROVED,0,0,600-700,100K+
BL001636,2024-07-20 20:43:56,666,77572,13.77,4,29891,major_purchase,MORTGAGE,1,3,11,0.0,0,701,0.014607,LOW,APPROVED,0,0,700-800,75-100K
BL001637,2024-09-04 22:08:52,723,23633,16.5,12,8604,debt_consolidation,RENT,0,0,0,19.73,0,703,0.015733,LOW,APPROVED,0,60,700-800,<50K
BL001638,2024-11-26 18:52:43,619,77767,20.01,10,10703,other,OWN,1,3,50,36.98,3,626,0.141545,HIGH,DECLINED,0,0,600-700,75-100K
BL001639,2024-04-15 17:53:02,600,148177,25.87,1,15204,debt_consolidation,RENT,0,0,0,58.66,0,672,0.046257,HIGH,APPROVED,0,0,600-700,100K+
BL001640,2024-10-11 20:00:48,718,50489,23.71,7,16145,other,MORTGAGE,1,7,24,64.12,0,675,0.038403,MEDIUM,APPROVED,0,0,600-700,50-75K
BL001641,2024-01-21 12:11:00,687,93673,36.05,8,13308,home_improvement,MORTGAGE,1,5,18,43.61,1,643,0.079926,HIGH,DECLINED,0,0,600-700,75-100K
BL001642,2024-01-28 09:14:31,678,49752,23.09,2,20839,credit_card,MORTGAGE,2,2,39,34.96,4,617,0.161701,HIGH,DECLINED,0,0,600-700,<50K
BL001643,2024-08-30 10:52:24,694,66505,21.81,30,23662,credit_card,MORTGAGE,0,0,0,75.28,0,672,0.024055,MEDIUM,APPROVED,0,0,600-700,50-75K
BL001644,2024-05-16 16:57:01,633,19275,21.31,3,5723,debt_consolidation,RENT,4,5,55,52.16,1,530,0.438942,VERY_HIGH,DECLINED,1,120,<600,<50K
BL001645,2024-03-29 00:50:33,847,29078,29.21,4,41028,other,OWN,0,0,0,52.71,1,793,0.001113,LOW,APPROVED,0,0,700-800,<50K
BL001646,2024-12-17 01:31:58,632,57974,24.9,1,60858,other,RENT,0,0,0,50.07,0,645,0.070197,HIGH,APPROVED,0,0,600-700,50-75K
BL001647,2024-11-01 16:42:55,663,50986,37.98,1,35800,debt_consolidation,MORTGAGE,0,0,0,44.01,0,620,0.090737,HIGH,DECLINED,0,30,600-700,50-75K
BL001648,2024-01-15 15:31:30,608,28257,19.43,20,10496,debt_consolidation,OWN,0,0,0,23.98,1,613,0.119452,HIGH,DECLINED,0,0,600-700,<50K
BL001649,2024-11-25 22:22:50,664,91529,21.17,12,20509,debt_consolidation,MORTGAGE,0,0,0,57.5,2,653,0.050608,HIGH,APPROVED,1,60,600-700,75-100K
BL001650,2024-02-11 16:52:11,770,77799,20.16,12,31038,credit_card,MORTGAGE,1,1,56,10.14,2,759,0.003309,LOW,APPROVED,0,0,700-800,75-100K
BL001651,2024-10-21 17:51:23,688,44245,17.3,3,11971,major_purchase,RENT,0,0,0,72.34,1,665,0.028356,MEDIUM,APPROVED,0,0,600-700,<50K
BL001652,2024-09-07 12:53:07,719,25665,20.51,3,16603,major_purchase,RENT,0,0,0,80.88,1,695,0.016827,MEDIUM,APPROVED,0,0,600-700,<50K
BL001653,2024-06-21 03:04:06,660,85992,16.23,2,9108,debt_consolidation,RENT,1,1,23,59.82,5,620,0.140383,HIGH,APPROVED,0,0,600-700,75-100K
BL001654,2024-08-10 04:12:46,786,52630,4.43,14,62773,debt_consolidation,RENT,2,0,55,76.15,0,773,0.002726,LOW,APPROVED,0,0,700-800,50-75K
BL001655,2024-06-25 03:49:18,696,91989,8.56,11,7094,other,RENT,0,0,0,25.37,0,748,0.004396,LOW,APPROVED,0,0,700-800,75-100K
BL001656,2024-04-21 21:08:50,618,110477,13.64,40,28636,major_purchase,RENT,0,0,0,27.51,1,671,0.030774,MEDIUM,APPROVED,0,0,600-700,100K+
BL001657,2024-08-07 21:21:12,729,56012,1.0,1,14140,major_purchase,OTHER,1,3,4,56.83,1,730,0.010316,LOW,APPROVED,1,60,700-800,50-75K
BL001658,2024-10-25 23:07:51,666,58967,15.97,11,24332,home_improvement,RENT,1,2,48,47.26,1,670,0.051032,HIGH,APPROVED,0,0,600-700,50-75K
BL001659,2024-01-29 18:46:26,720,92633,28.71,27,18999,major_purchase,MORTGAGE,1,5,55,69.83,2,641,0.054027,HIGH,APPROVED,0,0,600-700,75-100K
BL001660,2024-04-13 07:42:53,694,57981,25.64,1,17262,credit_card,MORTGAGE,0,0,0,16.61,1,695,0.014982,LOW,APPROVED,0,0,600-700,50-75K
BL001661,2024-05-28 03:40:14,701,26316,8.61,0,40783,major_purchase,RENT,0,0,0,59.43,2,700,0.013439,LOW,APPROVED,0,0,700-800,<50K
BL001662,2024-12-17 01:36:18,694,85693,9.37,2,12615,major_purchase,MORTGAGE,2,4,52,34.9,0,706,0.015638,LOW,APPROVED,0,0,700-800,75-100K
BL001663,2024-06-13 01:29:30,637,74810,17.98,0,16403,major_purchase,OWN,0,0,0,41.31,0,674,0.029993,MEDIUM,DECLINED,0,0,600-700,50-75K
BL001664,2024-07-20 10:28:07,604,49662,15.72,3,21568,other,OWN,0,0,0,33.4,1,651,0.04966,HIGH,APPROVED,1,120,600-700,<50K
BL001665,2024-07-05 00:22:04,740,81804,27.85,8,14515,major_purchase,MORTGAGE,1,3,43,38.95,0,756,0.005518,LOW,APPROVED,0,0,700-800,75-100K
BL001666,2024-04-24 05:28:40,679,53994,23.89,1,6109,credit_card,OTHER,0,0,0,54.03,4,639,0.081443,HIGH,APPROVED,0,0,600-700,50-75K
BL001667,2024-09-19 12:09:50,702,53200,24.98,3,14304,credit_card,MORTGAGE,1,4,13,69.04,0,659,0.035638,MEDIUM,APPROVED,0,0,600-700,50-75K
BL001668,2024-08-21 00:06:27,661,92205,20.36,2,62016,debt_consolidation,OWN,0,0,0,29.51,0,654,0.049591,HIGH,DECLINED,0,0,600-700,75-100K
BL001669,2024-04-19 17:45:00,575,33993,31.04,2,25498,credit_card,OWN,1,4,6,49.67,1,519,0.638267,VERY_HIGH,DECLINED,0,0,<600,<50K
BL001670,2024-09-13 03:08:22,616,30372,24.57,5,31813,major_purchase,RENT,0,0,0,26.9,0,639,0.105015,HIGH,APPROVED,0,0,600-700,<50K
BL001671,2024-02-15 21:55:40,763,59361,46.34,1,20883,other,RENT,0,0,0,47.47,1,652,0.03258,MEDIUM,APPROVED,0,0,600-700,50-75K
BL001672,2024-01-08 05:37:33,643,34735,29.91,10,58636,debt_consolidation,MORTGAGE,0,0,0,32.05,1,608,0.149209,HIGH,APPROVED,0,60,600-700,<50K
BL001673,2024-04-29 23:36:50,665,94404,24.95,6,9418,other,MORTGAGE,2,2,39,77.28,2,608,0.157343,HIGH,DECLINED,1,120,600-700,75-100K
BL001674,2024-12-24 11:08:45,606,45167,21.57,4,39818,debt_consolidation,MORTGAGE,1,2,11,25.66,1,600,0.231201,VERY_HIGH,APPROVED,0,0,600-700,<50K
BL001675,2024-07-28 09:03:17,657,28683,18.39,1,34858,home_improvement,MORTGAGE,2,6,22,30.02,1,625,0.1011,HIGH,DECLINED,1,90,600-700,<50K
BL001676,2024-03-06 12:11:44,666,52717,14.52,19,34937,debt_consolidation,MORTGAGE,1,6,46,70.57,1,606,0.186828,VERY_HIGH,APPROVED,0,0,600-700,50-75K
BL001677,2024-01-31 01:59:21,674,22801,25.25,15,14117,major_purchase,RENT,0,0,0,53.36,3,631,0.106294,HIGH,APPROVED,1,60,600-700,<50K
BL001678,2024-03-23 05:51:46,682,118603,28.32,3,31161,credit_card,MORTGAGE,1,2,47,36.61,1,650,0.035715,MEDIUM,APPROVED,0,0,600-700,100K+
BL001679,2024-02-24 15:55:37,652,62524,37.51,15,22214,other,RENT,0,0,0,20.68,0,628,0.081947,HIGH,APPROVED,0,0,600-700,50-75K
BL001680,2024-01-24 14:30:38,655,86591,26.54,0,23672,debt_consolidation,MORTGAGE,1,0,48,72.46,1,597,0.163961,HIGH,DECLINED,1,120,<600,75-100K
BL001681,2024-02-25 03:10:12,686,80373,32.09,2,32999,major_purchase,MORTGAGE,0,0,0,19.68,1,658,0.046087,HIGH,APPROVED,0,0,600-700,75-100K
BL001682,2024-09-13 23:23:39,704,69478,26.76,3,12129,credit_card,MORTGAGE,0,0,0,74.68,0,658,0.032547,MEDIUM,APPROVED,0,0,600-700,50-75K
BL001683,2024-11-02 13:18:23,679,39300,22.1,1,18399,credit_card,RENT,1,2,7,90.46,1,601,0.190163,VERY_HIGH,APPROVED,0,0,600-700,<50K
BL001684,2024-06-22 03:54:46,782,90840,28.84,15,12639,home_improvement,RENT,0,0,0,70.1,0,721,0.008206,LOW,APPROVED,0,0,700-800,75-100K
BL001685,2024-11-25 23:18:45,698,54425,29.31,11,26026,home_improvement,RENT,0,0,0,33.0,1,647,0.061152,HIGH,DECLINED,0,30,600-700,50-75K
BL001686,2024-01-13 11:55:22,695,44632,21.89,5,50655,major_purchase,RENT,2,6,31,48.66,1,622,0.061899,HIGH,APPROVED,0,0,600-700,<50K
BL001687,2024-08-02 14:12:27,650,24903,21.8,3,44936,home_improvement,RENT,1,3,42,16.01,1,644,0.068468,HIGH,APPROVED,0,0,600-700,<50K
BL001688,2024-03-22 13:20:48,743,113973,22.92,10,13765,major_purchase,RENT,1,3,7,32.07,0,732,0.007214,LOW,APPROVED,0,0,700-800,100K+
BL001689,2024-08-15 07:52:39,630,56867,5.74,16,27640,major_purchase,RENT,2,1,46,33.82,1,642,0.046515,HIGH,APPROVED,0,0,600-700,50-75K
BL001690,2024-08-31 04:07:28,597,52448,26.79,2,38151,credit_card,MORTGAGE,1,2,47,33.02,0,599,0.170413,HIGH,APPROVED,0,0,<600,50-75K
BL001691,2024-02-04 20:13:18,633,26446,11.34,3,12228,other,MORTGAGE,0,0,0,55.07,1,679,0.029731,MEDIUM,APPROVED,0,0,600-700,<50K
BL001692,2024-06-13 18:00:25,720,97219,44.66,5,39041,home_improvement,MORTGAGE,1,3,49,62.38,3,643,0.106349,HIGH,APPROVED,0,0,600-700,75-100K
BL001693,2024-11-18 17:50:31,623,60215,22.79,3,25809,credit_card,RENT,0,0,0,62.12,0,607,0.130873,HIGH,APPROVED,0,0,600-700,50-75K
BL001694,2024-03-10 14:41:58,757,100602,26.67,1,29146,home_improvement,RENT,0,0,0,12.69,1,740,0.005403,LOW,APPROVED,0,0,700-800,100K+
BL001695,2024-05-28 17:30:05,685,62312,27.43,5,7997,major_purchase,MORTGAGE,1,5,18,100.0,1,617,0.097012,HIGH,DECLINED,0,0,600-700,50-75K
BL001696,2024-11-05 18:38:07,603,42933,8.76,7,28937,major_purchase,OWN,0,0,0,31.29,0,688,0.023373,MEDIUM,APPROVED,0,0,600-700,<50K
BL001697,2024-10-02 09:59:47,674,82210,38.0,19,46083,major_purchase,MORTGAGE,0,0,0,60.88,2,584,0.181083,VERY_HIGH,DECLINED,1,90,<600,75-100K
BL001698,2024-04-03 08:05:13,784,30887,18.82,5,11657,home_improvement,MORTGAGE,1,6,5,51.06,1,714,0.008794,LOW,APPROVED,0,0,700-800,<50K
BL001699,2024-04-10 15:34:52,639,31135,34.28,4,18401,home_improvement,MORTGAGE,0,0,0,57.92,3,599,0.182682,VERY_HIGH,APPROVED,0,0,<600,<50K
BL001700,2024-08-19 13:41:50,614,61413,36.55,22,12346,major_purchase,RENT,0,0,0,61.95,0,578,0.273817,VERY_HIGH,DECLINED,0,0,<600,50-75K
BL001701,2024-10-14 23:17:34,714,89068,32.87,17,13738,debt_consolidation,RENT,1,5,51,10.73,0,671,0.028459,MEDIUM,APPROVED,0,0,600-700,75-100K
BL001702,2024-07-08 19:45:07,758,105517,1.0,10,6382,other,RENT,0,0,0,29.27,1,808,0.000805,LOW,APPROVED,0,0,800+,100K+
BL001703,2024-07-24 17:21:36,742,60749,14.26,4,21317,debt_consolidation,MORTGAGE,2,3,42,57.78,4,690,0.016133,LOW,APPROVED,0,0,600-700,50-75K
BL001704,2024-01-03 14:13:56,668,60041,20.5,2,14582,debt_consolidation,MORTGAGE,0,0,0,24.44,0,701,0.018538,MEDIUM,APPROVED,0,0,700-800,50-75K
BL001705,2024-10-17 12:50:08,696,69567,13.17,20,35003,major_purchase,OWN,0,0,0,38.14,1,703,0.013782,LOW,APPROVED,0,0,700-800,50-75K
BL001706,2024-09-25 15:58:14,704,57640,24.06,3,34856,other,RENT,0,0,0,35.46,0,653,0.035175,MEDIUM,APPROVED,0,0,600-700,50-75K
BL001707,2024-11-13 10:18:54,751,50351,38.66,4,18560,debt_consolidation,RENT,2,3,35,26.88,2,659,0.048222,HIGH,APPROVED,0,0,600-700,50-75K
BL001708,2024-11-14 14:23:28,804,79588,35.7,6,11222,other,OWN,1,7,2,53.69,2,713,0.01229,LOW,APPROVED,0,0,700-800,75-100K
BL001709,2024-01-31 00:59:19,680,50295,20.8,5,23290,major_purchase,MORTGAGE,0,0,0,24.96,0,684,0.0318,MEDIUM,APPROVED,0,0,600-700,50-75K
BL001710,2024-02-10 13:09:18,758,57380,14.55,11,27843,home_improvement,OWN,0,0,0,38.46,2,758,0.005305,LOW,APPROVED,0,0,700-800,50-75K
BL001711,2024-03-08 08:36:14,667,109455,31.49,9,36174,debt_consolidation,MORTGAGE,1,5,27,73.33,0,661,0.041407,MEDIUM,APPROVED,0,0,600-700,100K+
BL001712,2024-05-20 06:32:01,718,70083,31.23,2,49970,other,RENT,0,0,0,42.95,0,712,0.016124,LOW,APPROVED,0,0,700-800,50-75K
BL001713,2024-08-16 23:09:37,635,49983,22.07,14,8327,debt_consolidation,MORTGAGE,2,2,4,91.26,5,458,0.905626,VERY_HIGH,DECLINED,1,90,<600,<50K
BL001714,2024-04-20 18:20:37,644,87092,16.72,6,14589,major_purchase,RENT,0,0,0,12.82,1,693,0.021339,MEDIUM,APPROVED,1,120,600-700,75-100K
BL001715,2024-11-30 01:40:14,709,59383,38.71,9,18831,major_purchase,RENT,0,0,0,74.68,1,645,0.05486,HIGH,APPROVED,0,0,600-700,50-75K
BL001716,2024-06-09 08:48:25,637,86292,40.07,1,29974,debt_consolidation,OWN,3,7,5,30.57,3,539,0.516808,VERY_HIGH,APPROVED,1,60,<600,75-100K
BL001717,2024-09-05 13:12:58,735,42747,36.15,11,8624,debt_consolidation,MORTGAGE,2,7,22,38.97,1,668,0.03213,MEDIUM,APPROVED,0,0,600-700,<50K
BL001718,2024-01-13 06:28:19,656,44500,31.98,2,12605,other,MORTGAGE,1,1,56,48.87,0,590,0.142352,HIGH,DECLINED,0,0,<600,<50K
BL001719,2024-12-07 13:04:59,690,33006,20.86,2,29131,other,OWN,1,2,10,24.28,2,627,0.089701,HIGH,APPROVED,1,150,600-700,<50K
BL001720,2024-10-11 07:17:51,681,105665,27.14,12,11590,major_purchase,RENT,1,3,59,60.99,0,624,0.070447,HIGH,APPROVED,0,0,600-700,100K+
BL001721,2024-09-05 20:41:00,668,120018,14.6,6,5522,other,OTHER,1,0,40,27.83,2,682,0.026134,MEDIUM,APPROVED,0,0,600-700,100K+
BL001722,2024-01-13 22:28:06,693,108870,38.79,4,35511,home_improvement,MORTGAGE,1,5,26,59.76,2,609,0.082636,HIGH,DECLINED,0,0,600-700,100K+
BL001723,2024-12-10 07:10:23,745,74396,14.66,2,26765,home_improvement,OTHER,0,0,0,39.77,1,706,0.013668,LOW,APPROVED,0,0,700-800,50-75K
BL001724,2024-02-01 11:58:51,850,69268,17.46,0,41327,debt_consolidation,MORTGAGE,0,0,0,0.0,0,847,0.000207,LOW,APPROVED,0,0,800+,50-75K
BL001725,2024-01-13 20:40:06,621,56817,21.88,14,22992,home_improvement,RENT,2,6,30,42.3,2,581,0.219952,VERY_HIGH,DECLINED,0,0,<600,50-75K
BL001726,2024-01-26 04:18:37,703,82518,22.92,6,10306,debt_consolidation,RENT,0,0,0,38.26,0,750,0.003899,LOW,APPROVED,0,0,700-800,75-100K
BL001727,2024-04-12 20:00:07,676,58104,37.8,1,9770,debt_consolidation,RENT,0,0,0,54.65,2,592,0.227831,VERY_HIGH,APPROVED,0,0,<600,50-75K
BL001728,2024-10-13 01:39:09,636,39842,31.99,1,23030,home_improvement,RENT,0,0,0,36.37,1,546,0.402642,VERY_HIGH,DECLINED,0,0,<600,<50K
BL001729,2024-12-10 01:40:14,702,99496,17.32,7,7449,debt_consolidation,MORTGAGE,0,0,0,54.33,2,688,0.020161,MEDIUM,DECLINED,0,0,600-700,75-100K
BL001730,2024-05-28 21:16:47,638,95029,27.46,4,26234,other,MORTGAGE,2,4,55,7.5,0,630,0.113074,HIGH,APPROVED,0,30,600-700,75-100K
BL001731,2024-01-15 08:00:19,682,80242,27.11,5,77240,debt_consolidation,OTHER,0,0,0,51.11,1,650,0.053017,HIGH,APPROVED,0,0,600-700,75-100K
BL001732,2024-12-03 03:32:55,754,61282,38.17,15,27145,debt_consolidation,RENT,1,2,33,40.43,0,680,0.029218,MEDIUM,APPROVED,0,0,600-700,50-75K
BL001733,2024-05-17 09:14:15,575,53078,9.63,2,14737,debt_consolidation,MORTGAGE,0,0,0,66.31,1,640,0.068802,HIGH,DECLINED,0,0,600-700,50-75K
BL001734,2024-06-25 22:45:58,700,65875,19.4,4,16855,debt_consolidation,MORTGAGE,0,0,0,42.58,2,657,0.061729,HIGH,APPROVED,0,0,600-700,50-75K
BL001735,2024-11-17 12:24:20,711,69409,15.05,2,5837,debt_consolidation,RENT,2,5,42,0.63,2,695,0.021371,MEDIUM,APPROVED,0,0,600-700,50-75K
BL001736,2024-01-14 19:48:09,633,37143,26.25,4,33295,debt_consolidation,RENT,1,7,21,86.27,0,587,0.294203,VERY_HIGH,APPROVED,0,0,<600,<50K
BL001737,2024-03-17 22:25:40,715,51319,32.75,2,15464,credit_card,RENT,0,0,0,66.05,0,659,0.042779,HIGH,APPROVED,0,0,600-700,50-75K
BL001738,2024-08-06 03:04:12,705,39029,22.72,4,24933,major_purchase,RENT,2,7,15,27.83,1,634,0.077417,HIGH,DECLINED,0,0,600-700,<50K
BL001739,2024-12-05 09:18:56,667,104425,44.46,4,55548,home_improvement,RENT,3,4,3,54.02,1,538,0.336938,VERY_HIGH,DECLINED,1,60,<600,100K+
BL001740,2024-04-07 18:20:57,753,34151,15.78,3,11632,other,RENT,0,0,0,13.63,2,739,0.004077,LOW,APPROVED,0,0,700-800,<50K
BL001741,2024-11-10 10:31:00,614,36446,25.85,0,16268,other,MORTGAGE,1,6,23,27.91,1,598,0.146283,HIGH,DECLINED,0,0,<600,<50K
BL001742,2024-11-04 13:09:41,721,42188,18.4,22,32681,home_improvement,MORTGAGE,1,8,57,38.37,2,641,0.085053,HIGH,APPROVED,0,0,600-700,<50K
BL001743,2024-02-13 21:17:47,673,67663,11.68,1,5490,debt_consolidation,MORTGAGE,1,1,33,46.64,0,660,0.037718,MEDIUM,DECLINED,0,0,600-700,50-75K
BL001744,2024-04-10 13:03:42,628,41321,20.52,4,23951,major_purchase,MORTGAGE,0,0,0,0.0,1,640,0.05299,HIGH,APPROVED,0,0,600-700,<50K
BL001745,2024-10-31 02:11:25,676,139159,24.93,6,17358,home_improvement,RENT,0,0,0,37.52,2,654,0.045564,HIGH,APPROVED,0,0,600-700,100K+
BL001746,2024-05-31 01:00:45,667,87584,18.15,5,9911,home_improvement,OTHER,0,0,0,53.81,0,644,0.052969,HIGH,APPROVED,0,0,600-700,75-100K
BL001747,2024-09-03 18:41:10,731,21228,18.31,1,12277,credit_card,OWN,1,4,29,59.5,2,664,0.029032,MEDIUM,APPROVED,0,30,600-700,<50K
BL001748,2024-09-22 19:47:11,604,69515,23.91,10,24709,credit_card,MORTGAGE,0,0,0,43.55,2,573,0.236582,VERY_HIGH,DECLINED,0,0,<600,50-75K
BL001749,2024-08-13 09:02:25,675,73501,18.19,0,9056,debt_consolidation,RENT,3,8,3,37.43,1,642,0.082704,HIGH,APPROVED,0,0,600-700,50-75K
BL001750,2024-06-08 18:41:06,661,35413,32.95,6,22431,major_purchase,OWN,0,0,0,41.07,0,618,0.16517,HIGH,APPROVED,0,0,600-700,<50K
BL001751,2024-03-12 06:09:09,773,60227,30.0,1,14516,debt_consolidation,RENT,1,2,32,34.39,2,694,0.017059,MEDIUM,APPROVED,0,0,600-700,50-75K
BL001752,2024-06-11 20:34:50,625,65169,25.01,6,33037,credit_card,MORTGAGE,1,3,12,21.76,1,600,0.188553,VERY_HIGH,APPROVED,0,0,600-700,50-75K
BL001753,2024-08-17 15:21:14,744,46931,33.83,1,43286,home_improvement,RENT,0,0,0,43.16,2,665,0.045786,HIGH,APPROVED,0,30,600-700,<50K
BL001754,2024-06-15 17:06:46,589,59857,4.09,0,11334,credit_card,RENT,0,0,0,66.45,1,588,0.206822,VERY_HIGH,DECLINED,0,0,<600,50-75K
BL001755,2024-04-28 04:30:50,705,72962,15.66,3,19310,credit_card,RENT,0,0,0,26.26,2,745,0.005088,LOW,APPROVED,0,0,700-800,50-75K
BL001756,2024-03-30 09:20:28,678,49637,36.13,18,51737,debt_consolidation,MORTGAGE,3,5,32,70.68,1,525,0.518562,VERY_HIGH,DECLINED,0,0,<600,<50K
BL001757,2024-09-09 02:04:16,707,60859,16.27,12,17925,debt_consolidation,RENT,0,0,0,79.02,0,663,0.023552,MEDIUM,DECLINED,0,0,600-700,50-75K
BL001758,2024-01-05 01:12:07,647,36356,33.19,13,23499,home_improvement,RENT,2,3,15,28.94,3,554,0.363784,VERY_HIGH,DECLINED,0,0,<600,<50K
BL001759,2024-02-01 12:29:12,579,83136,28.47,1,15836,home_improvement,RENT,0,0,0,25.49,0,597,0.234434,VERY_HIGH,DECLINED,0,30,<600,75-100K
BL001760,2024-04-15 03:33:06,601,46923,25.52,0,66005,major_purchase,OWN,0,0,0,59.12,1,597,0.179619,VERY_HIGH,DECLINED,0,0,<600,<50K
BL001761,2024-10-21 10:56:00,758,108431,22.72,2,39230,major_purchase,MORTGAGE,0,0,0,55.47,0,706,0.009182,LOW,APPROVED,0,0,700-800,100K+
BL001762,2024-04-07 12:10:05,697,158988,13.67,2,27289,debt_consolidation,RENT,0,0,0,71.67,3,658,0.049387,HIGH,APPROVED,0,0,600-700,100K+
BL001763,2024-01-11 10:10:50,638,133553,10.65,1,46365,other,MORTGAGE,0,0,0,38.87,0,682,0.032916,MEDIUM,APPROVED,0,0,600-700,100K+
BL001764,2024-08-29 13:27:11,735,50717,8.63,2,12658,credit_card,OWN,0,0,0,76.15,2,680,0.020173,MEDIUM,APPROVED,0,0,600-700,50-75K
BL001765,2024-10-01 21:21:30,645,75990,28.36,1,8121,debt_consolidation,RENT,0,0,0,29.68,0,681,0.028461,MEDIUM,APPROVED,0,0,600-700,75-100K
BL001766,2024-01-19 20:37:04,645,55594,24.04,10,20603,debt_consolidation,OWN,0,0,0,51.34,2,615,0.203449,VERY_HIGH,APPROVED,0,0,600-700,50-75K
BL001767,2024-03-11 09:06:37,619,77011,27.21,3,12432,debt_consolidation,MORTGAGE,0,0,0,52.4,4,558,0.368348,VERY_HIGH,DECLINED,0,0,<600,75-100K
BL001768,2024-08-04 18:08:11,750,42961,13.98,16,22323,credit_card,MORTGAGE,0,0,0,43.18,2,706,0.01338,LOW,APPROVED,0,0,700-800,<50K
BL001769,2024-10-22 06:21:18,793,39511,24.72,6,21981,major_purchase,OWN,0,0,0,10.0,1,796,0.001024,LOW,APPROVED,0,0,700-800,<50K
BL001770,2024-03-03 02:08:11,632,61040,34.27,2,52907,credit_card,OWN,1,10,41,47.85,2,580,0.198905,VERY_HIGH,APPROVED,1,150,<600,50-75K
BL001771,2024-09-05 13:58:45,701,43463,17.35,6,75710,home_improvement,MORTGAGE,0,0,0,60.57,1,668,0.024606,MEDIUM,DECLINED,0,0,600-700,<50K
BL001772,2024-02-03 17:32:09,739,108774,19.75,10,5299,major_purchase,MORTGAGE,0,0,0,49.31,1,728,0.009395,LOW,APPROVED,0,0,700-800,100K+
BL001773,2024-02-05 15:54:05,802,86682,20.91,8,16918,credit_card,MORTGAGE,1,3,5,52.97,0,771,0.002694,LOW,APPROVED,0,0,700-800,75-100K
BL001774,2024-04-14 15:02:57,553,72702,43.15,1,29215,major_purchase,MORTGAGE,0,0,0,84.41,0,504,0.715091,VERY_HIGH,DECLINED,0,0,<600,50-75K
BL001775,2024-07-25 09:19:30,693,58430,34.63,4,38145,credit_card,OWN,0,0,0,41.78,0,670,0.05506,HIGH,APPROVED,0,0,600-700,50-75K
BL001776,2024-11-15 10:00:02,721,57841,42.1,11,10492,home_improvement,MORTGAGE,0,0,0,64.74,1,645,0.05629,HIGH,APPROVED,0,0,600-700,50-75K
BL001777,2024-11-10 14:00:21,604,96883,48.5,9,6241,home_improvement,RENT,1,4,46,25.14,1,543,0.501218,VERY_HIGH,APPROVED,0,0,<600,75-100K
BL001778,2024-08-30 00:04:33,707,64641,22.09,1,28535,debt_consolidation,MORTGAGE,0,0,0,37.63,0,735,0.007559,LOW,APPROVED,0,0,700-800,50-75K
BL001779,2024-09-25 13:06:57,696,62881,27.22,13,11143,major_purchase,RENT,1,5,31,13.44,0,685,0.019079,MEDIUM,APPROVED,0,0,600-700,50-75K
BL001780,2024-04-30 14:19:43,725,145717,2.55,1,11705,home_improvement,OWN,0,0,0,72.94,1,697,0.012746,LOW,DECLINED,0,0,600-700,100K+
BL001781,2024-03-11 16:13:28,653,66731,25.26,12,23010,major_purchase,OTHER,1,8,26,33.24,2,636,0.067857,HIGH,APPROVED,0,0,600-700,50-75K
BL001782,2024-10-17 05:52:21,708,55645,19.55,3,3232,major_purchase,MORTGAGE,1,4,36,22.15,2,686,0.016434,MEDIUM,APPROVED,0,0,600-700,50-75K
BL001783,2024-08-10 18:51:48,652,56482,24.66,10,36663,debt_consolidation,OWN,0,0,0,57.71,0,632,0.088031,HIGH,APPROVED,0,0,600-700,50-75K
BL001784,2024-08-07 03:50:44,718,111445,25.3,8,8108,debt_consolidation,MORTGAGE,3,9,1,18.8,1,691,0.02077,MEDIUM,APPROVED,0,0,600-700,100K+
BL001785,2024-12-11 08:46:11,694,50039,4.32,34,51220,debt_consolidation,MORTGAGE,1,4,59,27.18,1,719,0.00797,LOW,APPROVED,0,0,700-800,50-75K
BL001786,2024-05-08 08:49:08,664,50458,27.1,1,7649,credit_card,RENT,0,0,0,41.35,0,596,0.12053,HIGH,APPROVED,0,0,<600,50-75K
BL001787,2024-07-29 00:27:08,607,102778,19.92,7,23048,major_purchase,RENT,0,0,0,47.38,1,615,0.1114,HIGH,APPROVED,0,0,600-700,100K+
BL001788,2024-09-04 03:04:23,775,106023,12.3,0,6182,credit_card,MORTGAGE,0,0,0,64.12,0,728,0.005233,LOW,APPROVED,0,0,700-800,100K+
BL001789,2024-03-05 23:27:36,746,118535,18.32,2,32252,home_improvement,MORTGAGE,0,0,0,27.65,1,732,0.00587,LOW,APPROVED,0,0,700-800,100K+
BL001790,2024-12-20 13:36:42,733,42551,31.14,6,8183,other,RENT,0,0,0,40.16,1,684,0.02494,MEDIUM,APPROVED,0,30,600-700,<50K
BL001791,2024-08-04 23:15:19,648,76461,17.69,2,90000,home_improvement,MORTGAGE,1,4,16,49.35,3,650,0.079054,HIGH,DECLINED,0,0,600-700,75-100K
BL001792,2024-04-05 04:19:24,665,48513,36.57,11,61057,home_improvement,RENT,0,0,0,31.72,1,609,0.194924,VERY_HIGH,DECLINED,0,0,600-700,<50K
BL001793,2024-01-29 22:40:38,777,75732,28.44,13,16288,credit_card,OWN,2,3,14,34.17,1,696,0.011909,LOW,APPROVED,0,0,600-700,75-100K
BL001794,2024-11-18 15:11:35,726,30712,23.44,2,34745,debt_consolidation,MORTGAGE,0,0,0,83.75,1,690,0.020568,MEDIUM,APPROVED,0,0,600-700,<50K
BL001795,2024-02-08 13:16:38,638,57335,14.8,6,13384,debt_consolidation,RENT,0,0,0,53.95,0,641,0.059863,HIGH,APPROVED,0,0,600-700,50-75K
BL001796,2024-12-08 12:15:38,687,102243,15.47,4,18423,other,RENT,0,0,0,52.61,0,708,0.013253,LOW,APPROVED,0,0,700-800,100K+
BL001797,2024-07-02 22:15:31,693,68822,33.7,1,5827,major_purchase,MORTGAGE,1,5,20,82.2,2,620,0.168431,HIGH,APPROVED,0,0,600-700,50-75K
BL001798,2024-07-03 22:22:32,674,21099,23.26,8,13602,debt_consolidation,MORTGAGE,3,2,48,56.26,2,598,0.21365,VERY_HIGH,APPROVED,1,120,<600,<50K
BL001799,2024-11-24 03:09:26,633,98555,25.53,5,57595,credit_card,MORTGAGE,0,0,0,71.21,3,622,0.11944,HIGH,DECLINED,0,0,600-700,75-100K
BL001800,2024-04-24 20:47:29,754,74042,25.75,4,15726,credit_card,RENT,1,3,56,36.94,2,701,0.013585,LOW,APPROVED,0,0,700-800,50-75K
BL001801,2024-09-13 15:04:58,717,55524,31.06,11,23338,major_purchase,MORTGAGE,0,0,0,69.06,4,641,0.057964,HIGH,APPROVED,0,0,600-700,50-75K
BL001802,2024-04-01 19:04:04,674,62716,30.14,3,6264,other,MORTGAGE,1,3,14,60.69,0,629,0.085556,HIGH,APPROVED,0,0,600-700,50-75K
BL001803,2024-10-05 09:44:40,598,54291,20.02,4,4898,other,RENT,1,2,51,14.88,1,616,0.145741,HIGH,DECLINED,1,90,600-700,50-75K
BL001804,2024-03-10 02:05:02,653,105806,26.12,2,14149,credit_card,RENT,1,6,54,65.69,0,636,0.11508,HIGH,APPROVED,0,0,600-700,100K+
BL001805,2024-07-31 09:56:59,685,61888,21.64,3,20720,debt_consolidation,MORTGAGE,2,3,33,82.92,2,612,0.15679,HIGH,DECLINED,1,120,600-700,50-75K
BL001806,2024-12-11 01:23:13,733,30460,28.17,2,25195,credit_card,RENT,1,4,3,34.85,1,664,0.037455,MEDIUM,APPROVED,0,0,600-700,<50K
BL001807,2024-03-16 11:02:46,665,42729,9.4,4,17921,credit_card,RENT,0,0,0,44.44,1,682,0.024236,MEDIUM,APPROVED,0,0,600-700,<50K
BL001808,2024-06-29 11:40:46,746,131503,21.29,4,25694,credit_card,MORTGAGE,0,0,0,73.88,1,705,0.016637,MEDIUM,APPROVED,0,0,700-800,100K+
BL001809,2024-01-13 15:25:44,693,104672,35.25,27,14686,home_improvement,MORTGAGE,2,6,2,11.38,0,649,0.086871,HIGH,APPROVED,0,0,600-700,100K+
BL001810,2024-08-30 01:25:41,644,90303,11.62,0,13479,debt_consolidation,MORTGAGE,1,3,5,47.32,0,678,0.046726,HIGH,DECLINED,0,0,600-700,75-100K
BL001811,2024-02-02 12:35:39,532,44018,16.96,3,24236,major_purchase,OTHER,1,2,57,22.94,2,527,0.540924,VERY_HIGH,DECLINED,0,0,<600,<50K
BL001812,2024-01-19 04:38:30,621,80422,25.14,20,21425,major_purchase,MORTGAGE,0,0,0,36.68,4,562,0.291598,VERY_HIGH,DECLINED,1,60,<600,75-100K
BL001813,2024-12-18 02:50:55,603,100391,11.91,18,19411,other,MORTGAGE,1,6,35,50.36,0,630,0.114392,HIGH,APPROVED,0,0,600-700,100K+
BL001814,2024-03-08 17:29:18,677,65913,23.74,6,13467,debt_consolidation,MORTGAGE,0,0,0,67.56,1,693,0.023512,MEDIUM,APPROVED,0,0,600-700,50-75K
BL001815,2024-11-27 18:31:46,704,87739,25.84,13,29522,major_purchase,OTHER,1,2,14,23.29,0,739,0.007639,LOW,APPROVED,0,30,700-800,75-100K
BL001816,2024-04-29 10:44:09,762,105506,30.1,3,29976,debt_consolidation,MORTGAGE,0,0,0,42.24,2,763,0.004795,LOW,APPROVED,0,0,700-800,100K+
BL001817,2024-05-13 14:54:52,685,100916,24.7,3,18848,credit_card,OWN,1,4,43,15.41,0,707,0.012401,LOW,APPROVED,0,0,700-800,100K+
BL001818,2024-04-11 05:45:27,622,77607,25.76,3,3531,major_purchase,MORTGAGE,1,4,33,46.51,1,588,0.272402,VERY_HIGH,APPROVED,0,0,<600,75-100K
BL001819,2024-04-19 09:23:51,815,78021,19.09,8,60743,home_improvement,RENT,1,3,52,73.79,1,732,0.00514,LOW,DECLINED,0,0,700-800,75-100K
BL001820,2024-08-31 14:37:15,703,36171,25.38,10,15188,debt_consolidation,OWN,0,0,0,33.92,0,718,0.01368,LOW,DECLINED,0,0,700-800,<50K
BL001821,2024-03-29 23:42:57,671,55370,25.52,7,17134,debt_consolidation,MORTGAGE,1,3,12,43.28,1,615,0.12605,HIGH,APPROVED,0,0,600-700,50-75K
BL001822,2024-09-10 09:00:36,671,92227,27.45,1,10360,debt_consolidation,RENT,0,0,0,60.44,2,614,0.126399,HIGH,DECLINED,0,0,600-700,75-100K
BL001823,2024-12-02 23:55:56,612,136880,29.95,0,10683,home_improvement,RENT,0,0,0,77.71,1,579,0.219136,VERY_HIGH,DECLINED,0,0,<600,100K+
BL001824,2024-10-26 09:44:45,721,68728,30.04,13,32006,credit_card,MORTGAGE,1,4,49,71.48,1,624,0.14582,HIGH,APPROVED,0,0,600-700,50-75K
BL001825,2024-07-22 13:23:50,707,103466,29.49,6,14503,other,RENT,3,4,34,55.12,1,604,0.201204,VERY_HIGH,APPROVED,1,60,600-700,100K+
BL001826,2024-10-29 19:36:47,773,63682,25.62,23,22414,other,RENT,1,3,16,0.0,1,745,0.005698,LOW,APPROVED,0,0,700-800,50-75K
BL001827,2024-08-02 08:14:15,747,40902,23.98,1,19222,major_purchase,OWN,2,2,32,34.0,2,680,0.018342,MEDIUM,APPROVED,0,0,600-700,<50K
BL001828,2024-10-02 16:34:01,734,77095,18.63,5,12509,other,OWN,0,0,0,60.11,1,683,0.019916,MEDIUM,DECLINED,0,0,600-700,75-100K
BL001829,2024-04-18 19:57:46,755,77994,29.34,4,6954,credit_card,RENT,1,3,10,36.61,0,688,0.02795,MEDIUM,APPROVED,0,0,600-700,75-100K
BL001830,2024-06-08 23:53:20,671,42341,34.58,3,17016,other,OWN,1,2,39,35.78,0,633,0.081757,HIGH,DECLINED,0,0,600-700,<50K
BL001831,2024-05-06 15:16:42,662,42879,18.91,8,14161,major_purchase,RENT,2,3,47,49.54,2,612,0.141559,HIGH,APPROVED,0,0,600-700,<50K
BL001832,2024-06-04 23:25:30,684,64790,29.1,0,75190,debt_consolidation,RENT,0,0,0,79.87,0,661,0.046221,HIGH,APPROVED,0,0,600-700,50-75K
BL001833,2024-08-16 22:40:19,618,50350,22.2,2,22927,other,RENT,0,0,0,71.61,1,599,0.167588,HIGH,APPROVED,1,90,<600,50-75K
BL001834,2024-11-06 16:45:42,679,79620,21.7,7,20803,debt_consolidation,RENT,0,0,0,47.11,1,686,0.029742,MEDIUM,APPROVED,0,0,600-700,75-100K
BL001835,2024-07-04 00:51:10,668,34316,14.04,3,28165,major_purchase,OTHER,2,2,10,19.68,2,606,0.099206,HIGH,DECLINED,0,0,600-700,<50K
BL001836,2024-09-29 21:41:51,723,91759,20.89,5,22518,credit_card,OTHER,0,0,0,20.06,0,798,0.001857,LOW,APPROVED,0,0,700-800,75-100K
BL001837,2024-10-01 20:41:47,686,48003,29.05,16,28635,other,MORTGAGE,1,5,32,64.56,1,626,0.143441,HIGH,APPROVED,0,0,600-700,<50K
BL001838,2024-02-01 14:22:18,582,74424,27.82,6,33961,debt_consolidation,OWN,0,0,0,71.31,0,600,0.199333,VERY_HIGH,APPROVED,1,120,600-700,50-75K
BL001839,2024-10-06 13:40:39,688,31343,30.99,2,33901,credit_card,OWN,2,1,56,28.62,2,623,0.127085,HIGH,APPROVED,0,0,600-700,<50K
BL001840,2024-06-16 12:01:51,765,96850,17.14,1,55678,credit_card,RENT,1,4,51,37.76,2,724,0.008149,LOW,APPROVED,0,30,700-800,75-100K
BL001841,2024-12-03 16:36:47,586,69503,3.06,5,11032,other,RENT,0,0,0,4.8,2,664,0.061323,HIGH,APPROVED,0,0,600-700,50-75K
BL001842,2024-04-09 02:34:02,645,164730,29.83,17,18983,credit_card,RENT,2,8,16,17.87,1,605,0.138991,HIGH,APPROVED,0,0,600-700,100K+
BL001843,2024-10-10 07:49:40,688,29949,22.87,11,3732,debt_consolidation,OWN,0,0,0,48.26,1,644,0.050467,HIGH,DECLINED,0,0,600-700,<50K
BL001844,2024-09-11 23:39:18,614,27749,29.48,8,15475,debt_consolidation,OWN,2,4,4,44.53,4,505,0.745282,VERY_HIGH,DECLINED,1,120,<600,<50K
BL001845,2024-06-20 22:39:42,657,87817,40.21,4,11546,major_purchase,RENT,0,0,0,74.85,1,573,0.278172,VERY_HIGH,DECLINED,0,0,<600,75-100K
BL001846,2024-04-08 23:24:39,690,95061,33.09,6,33919,major_purchase,RENT,1,9,31,41.99,0,611,0.130517,HIGH,APPROVED,0,0,600-700,75-100K
BL001847,2024-03-14 19:16:44,614,28313,3.83,17,4769,home_improvement,MORTGAGE,1,7,41,12.76,0,665,0.057553,HIGH,APPROVED,0,0,600-700,<50K
BL001848,2024-02-17 01:34:27,703,80722,18.7,1,18478,credit_card,OTHER,0,0,0,35.66,3,671,0.019517,MEDIUM,APPROVED,0,0,600-700,75-100K
BL001849,2024-01-20 15:42:13,710,96845,20.17,8,15538,home_improvement,MORTGAGE,0,0,0,24.67,1,730,0.00859,LOW,APPROVED,0,0,700-800,75-100K
BL001850,2024-07-05 07:21:45,617,119976,37.94,3,9945,home_improvement,RENT,2,2,13,37.43,0,568,0.276695,VERY_HIGH,DECLINED,1,120,<600,100K+
BL001851,2024-09-14 15:35:13,689,67400,16.24,9,18853,debt_consolidation,OTHER,0,0,0,55.35,3,691,0.020536,MEDIUM,APPROVED,0,0,600-700,50-75K
BL001852,2024-08-26 20:50:43,747,31586,20.1,1,23820,major_purchase,RENT,0,0,0,33.37,1,752,0.004568,LOW,APPROVED,0,0,700-800,<50K
BL001853,2024-06-18 18:56:42,678,26428,33.19,0,86921,debt_consolidation,MORTGAGE,0,0,0,53.6,1,653,0.055342,HIGH,APPROVED,1,60,600-700,<50K
BL001854,2024-11-20 22:21:03,711,163824,6.61,2,15629,debt_consolidation,MORTGAGE,0,0,0,13.95,1,744,0.003235,LOW,APPROVED,0,0,700-800,100K+
BL001855,2024-04-13 04:15:14,723,76403,17.95,13,14951,credit_card,MORTGAGE,0,0,0,64.5,3,685,0.023141,MEDIUM,APPROVED,0,0,600-700,75-100K
BL001856,2024-06-20 04:09:27,675,99155,10.29,2,19469,major_purchase,MORTGAGE,0,0,0,23.0,1,697,0.019691,MEDIUM,APPROVED,0,0,600-700,75-100K
BL001857,2024-10-16 14:56:15,742,54919,13.03,6,12982,credit_card,OTHER,1,3,23,61.78,1,732,0.011392,LOW,APPROVED,0,0,700-800,50-75K
BL001858,2024-11-30 08:47:50,709,57209,27.28,5,41563,home_improvement,MORTGAGE,0,0,0,51.15,0,679,0.028578,MEDIUM,APPROVED,0,0,600-700,50-75K
BL001859,2024-02-19 16:59:34,633,57809,23.38,0,15944,home_improvement,MORTGAGE,2,7,55,15.32,1,611,0.105298,HIGH,APPROVED,0,0,600-700,50-75K
BL001860,2024-11-27 04:39:15,716,41588,21.73,3,16651,major_purchase,RENT,0,0,0,17.12,1,699,0.012836,LOW,APPROVED,0,0,600-700,<50K
BL001861,2024-01-15 05:20:01,735,55688,22.46,3,42405,home_improvement,MORTGAGE,1,2,44,33.72,3,666,0.028912,MEDIUM,APPROVED,0,0,600-700,50-75K
BL001862,2024-09-20 06:26:49,732,38375,18.98,7,8164,major_purchase,MORTGAGE,1,5,37,29.76,1,755,0.005146,LOW,APPROVED,0,0,700-800,<50K
BL001863,2024-10-16 17:03:35,652,52625,22.39,8,40349,debt_consolidation,MORTGAGE,0,0,0,22.96,2,642,0.081273,HIGH,APPROVED,0,0,600-700,50-75K
BL001864,2024-12-14 22:45:24,713,105112,27.73,4,15716,major_purchase,OWN,0,0,0,30.59,2,656,0.030965,MEDIUM,APPROVED,0,0,600-700,100K+
BL001865,2024-07-04 06:14:09,763,64236,15.83,3,24445,home_improvement,RENT,1,4,22,15.62,0,763,0.002553,LOW,APPROVED,0,0,700-800,50-75K
BL001866,2024-07-25 18:46:34,701,46774,24.42,13,25898,debt_consolidation,RENT,1,4,17,16.29,2,637,0.1053,HIGH,APPROVED,0,0,600-700,<50K
BL001867,2024-09-16 08:58:23,753,138903,18.87,7,20079,home_improvement,RENT,2,5,4,31.73,3,674,0.024206,MEDIUM,APPROVED,0,0,600-700,100K+
BL001868,2024-12-05 01:57:31,760,114745,31.86,4,29356,home_improvement,MORTGAGE,0,0,0,60.46,1,731,0.007926,LOW,APPROVED,0,0,700-800,100K+
BL001869,2024-11-06 14:06:30,686,64830,34.55,0,9976,home_improvement,MORTGAGE,1,5,17,36.6,1,628,0.086924,HIGH,APPROVED,0,0,600-700,50-75K
BL001870,2024-12-16 01:47:42,725,28879,29.42,10,7452,home_improvement,RENT,1,7,35,70.82,0,693,0.019446,MEDIUM,APPROVED,0,0,600-700,<50K
BL001871,2024-06-05 10:51:02,672,114240,32.86,6,15371,credit_card,RENT,1,6,42,47.17,6,548,0.424761,VERY_HIGH,APPROVED,0,60,<600,100K+
BL001872,2024-01-03 06:08:32,747,115067,19.06,4,9453,home_improvement,RENT,0,0,0,25.22,2,703,0.009901,LOW,APPROVED,0,60,700-800,100K+
BL001873,2024-08-26 19:27:39,683,48731,20.48,1,9361,home_improvement,MORTGAGE,0,0,0,49.9,2,674,0.023149,MEDIUM,APPROVED,0,0,600-700,<50K
BL001874,2024-12-05 19:00:59,658,121431,25.4,4,10318,credit_card,OWN,0,0,0,11.12,7,642,0.074435,HIGH,APPROVED,0,0,600-700,100K+
BL001875,2024-09-26 01:26:57,687,43671,20.88,3,27452,credit_card,RENT,2,4,40,15.58,3,652,0.074463,HIGH,APPROVED,0,0,600-700,<50K
BL001876,2024-12-13 14:30:44,685,56373,29.08,1,50291,major_purchase,OWN,1,4,57,6.63,1,665,0.035991,MEDIUM,APPROVED,0,0,600-700,50-75K
BL001877,2024-07-03 22:47:58,710,51641,22.07,1,11134,credit_card,OTHER,2,5,58,71.74,2,622,0.120466,HIGH,APPROVED,0,0,600-700,50-75K
BL001878,2024-11-28 01:12:13,714,69102,11.95,3,23386,credit_card,RENT,1,6,8,65.31,0,732,0.007834,LOW,APPROVED,0,0,700-800,50-75K
BL001879,2024-10-02 02:30:47,625,59765,14.33,7,25786,major_purchase,RENT,1,4,29,39.43,0,626,0.076482,HIGH,APPROVED,0,0,600-700,50-75K
BL001880,2024-03-23 05:48:08,653,121703,26.08,3,31829,major_purchase,OTHER,0,0,0,60.63,0,652,0.041088,MEDIUM,APPROVED,0,0,600-700,100K+
BL001881,2024-10-11 04:23:24,708,54307,45.54,3,13042,other,MORTGAGE,1,4,38,22.51,0,637,0.088685,HIGH,APPROVED,0,0,600-700,50-75K
BL001882,2024-05-08 17:31:44,715,77770,24.78,12,17252,debt_consolidation,RENT,0,0,0,43.09,0,677,0.031299,MEDIUM,APPROVED,0,0,600-700,75-100K
BL001883,2024-02-19 06:18:23,693,64926,9.46,1,17461,major_purchase,RENT,0,0,0,68.17,1,673,0.024978,MEDIUM,APPROVED,0,0,600-700,50-75K
BL001884,2024-03-20 02:22:26,834,71091,25.89,24,29786,debt_consolidation,RENT,1,5,32,78.19,2,730,0.004295,LOW,APPROVED,0,0,700-800,50-75K
BL001885,2024-02-26 13:59:17,750,43773,17.27,21,16227,credit_card,RENT,1,4,40,64.97,1,661,0.034964,MEDIUM,APPROVED,0,0,600-700,<50K
BL001886,2024-09-19 10:17:00,685,62599,11.41,1,12478,home_improvement,RENT,2,5,41,34.68,1,635,0.068858,HIGH,APPROVED,0,0,600-700,50-75K
BL001887,2024-08-23 21:27:46,729,119149,47.88,2,37911,debt_consolidation,RENT,0,0,0,17.8,3,683,0.026317,MEDIUM,APPROVED,0,0,600-700,100K+
BL001888,2024-07-22 04:24:50,763,92468,45.77,0,24059,other,RENT,0,0,0,15.17,0,691,0.017323,MEDIUM,APPROVED,0,0,600-700,75-100K
BL001889,2024-05-30 03:17:32,709,37406,23.26,2,73814,home_improvement,RENT,0,0,0,6.33,0,683,0.023095,MEDIUM,DECLINED,0,0,600-700,<50K
BL001890,2024-01-05 01:17:56,593,52955,23.34,2,30851,other,MORTGAGE,0,0,0,59.12,0,609,0.179152,VERY_HIGH,DECLINED,0,0,600-700,50-75K
BL001891,2024-05-03 05:34:56,695,40292,21.08,0,13454,credit_card,RENT,0,0,0,54.83,2,646,0.06881,HIGH,APPROVED,0,0,600-700,<50K
BL001892,2024-10-27 08:57:26,692,45858,31.29,11,53255,home_improvement,MORTGAGE,0,0,0,67.66,1,645,0.054609,HIGH,APPROVED,0,0,600-700,<50K
BL001893,2024-12-18 21:44:56,807,47457,31.45,11,23295,major_purchase,MORTGAGE,3,4,23,38.46,1,691,0.02587,MEDIUM,APPROVED,0,0,600-700,<50K
BL001894,2024-01-29 07:29:35,589,36511,33.76,7,12164,debt_consolidation,MORTGAGE,2,5,59,90.32,3,493,0.804111,VERY_HIGH,DECLINED,1,90,<600,<50K
BL001895,2024-04-22 08:42:22,775,78452,13.71,3,64687,credit_card,RENT,0,0,0,73.18,0,798,0.001861,LOW,APPROVED,0,0,700-800,75-100K
BL001896,2024-03-10 15:43:58,681,95831,21.2,2,19947,debt_consolidation,RENT,2,9,35,17.95,2,634,0.06963,HIGH,APPROVED,0,0,600-700,75-100K
BL001897,2024-09-28 04:16:34,741,68171,31.17,1,12581,debt_consolidation,RENT,1,4,39,54.42,2,696,0.017551,MEDIUM,APPROVED,0,0,600-700,50-75K
BL001898,2024-05-15 04:53:53,674,51258,25.16,12,24340,major_purchase,MORTGAGE,2,0,9,60.83,1,610,0.128495,HIGH,DECLINED,0,0,600-700,50-75K
BL001899,2024-06-21 03:36:47,700,68356,10.11,6,33967,credit_card,OWN,1,1,51,33.59,0,713,0.00818,LOW,APPROVED,0,0,700-800,50-75K
BL001900,2024-02-22 23:22:25,752,45026,23.82,1,19183,other,MORTGAGE,0,0,0,31.83,1,741,0.004007,LOW,APPROVED,0,0,700-800,<50K
BL001901,2024-09-18 17:09:30,695,101930,33.05,1,24943,debt_consolidation,MORTGAGE,1,3,6,11.52,3,639,0.074215,HIGH,APPROVED,0,0,600-700,100K+
BL001902,2024-04-12 05:52:07,748,183332,4.04,2,38329,home_improvement,RENT,1,4,59,39.89,2,724,0.009666,LOW,APPROVED,0,0,700-800,100K+
BL001903,2024-04-06 21:27:43,686,18939,38.08,3,28931,home_improvement,RENT,2,2,3,38.8,1,609,0.132759,HIGH,APPROVED,1,90,600-700,<50K
BL001904,2024-02-26 10:24:49,668,75723,22.38,1,7813,other,MORTGAGE,1,6,19,27.15,3,588,0.221118,VERY_HIGH,DECLINED,0,0,<600,75-100K
BL001905,2024-08-05 00:51:01,678,65030,37.53,1,18368,credit_card,RENT,1,8,41,48.08,2,593,0.266734,VERY_HIGH,APPROVED,0,0,<600,50-75K
BL001906,2024-12-12 02:02:59,663,69500,32.75,8,23947,home_improvement,RENT,0,0,0,11.43,0,659,0.042186,HIGH,APPROVED,0,0,600-700,50-75K
BL001907,2024-08-31 11:20:04,684,56106,27.33,5,12996,debt_consolidation,MORTGAGE,2,8,27,82.63,2,563,0.335655,VERY_HIGH,DECLINED,1,120,<600,50-75K
BL001908,2024-01-03 11:30:45,765,32221,23.09,3,61036,major_purchase,OTHER,1,2,49,16.25,0,709,0.015433,LOW,APPROVED,0,0,700-800,<50K
BL001909,2024-10-14 12:07:14,626,61339,22.34,17,26936,credit_card,MORTGAGE,1,5,49,43.61,0,614,0.116595,HIGH,APPROVED,0,0,600-700,50-75K
BL001910,2024-12-05 04:20:37,599,53003,17.51,9,17307,home_improvement,OWN,1,3,40,36.23,1,581,0.295294,VERY_HIGH,DECLINED,0,0,<600,50-75K
BL001911,2024-12-09 03:10:46,690,59443,25.24,14,66417,debt_consolidation,OWN,0,0,0,88.62,1,629,0.082929,HIGH,DECLINED,0,0,600-700,50-75K
BL001912,2024-08-18 11:15:50,783,62245,26.98,1,5802,credit_card,RENT,0,0,0,65.43,0,759,0.00336,LOW,APPROVED,0,0,700-800,50-75K
BL001913,2024-07-30 13:27:08,748,50682,9.91,1,28109,debt_consolidation,MORTGAGE,0,0,0,71.81,0,744,0.004599,LOW,APPROVED,0,0,700-800,50-75K
BL001914,2024-05-15 09:21:17,764,178999,18.17,1,14481,debt_consolidation,MORTGAGE,0,0,0,29.4,2,782,0.001572,LOW,APPROVED,0,0,700-800,100K+
BL001915,2024-07-15 10:07:17,760,36151,1.89,1,31286,debt_consolidation,RENT,0,0,0,77.4,2,760,0.003349,LOW,APPROVED,0,0,700-800,<50K
BL001916,2024-01-08 18:51:38,651,53278,9.25,7,9983,major_purchase,OTHER,0,0,0,12.35,1,749,0.006897,LOW,APPROVED,0,0,700-800,50-75K
BL001917,2024-06-17 20:27:19,697,35646,16.35,1,35507,other,RENT,0,0,0,6.27,1,735,0.007462,LOW,APPROVED,0,0,700-800,<50K
BL001918,2024-03-24 22:17:36,545,59038,28.02,7,11989,major_purchase,OTHER,1,3,9,57.44,1,487,0.808235,VERY_HIGH,APPROVED,0,0,<600,50-75K
BL001919,2024-01-27 00:37:36,657,127942,23.61,1,10698,debt_consolidation,OWN,2,5,49,65.31,1,594,0.262322,VERY_HIGH,DECLINED,1,120,<600,100K+
BL001920,2024-04-20 05:59:01,724,62214,24.47,2,67473,credit_card,MORTGAGE,0,0,0,24.52,2,701,0.009289,LOW,APPROVED,0,0,700-800,50-75K
BL001921,2024-11-26 17:53:39,605,43543,19.24,16,14063,home_improvement,MORTGAGE,0,0,0,68.37,3,540,0.518541,VERY_HIGH,DECLINED,0,0,<600,<50K
BL001922,2024-08-12 17:29:53,578,34800,13.14,6,81749,credit_card,RENT,0,0,0,81.57,4,547,0.418087,VERY_HIGH,DECLINED,0,0,<600,<50K
BL001923,2024-07-09 16:23:26,620,81105,31.19,5,29114,home_improvement,OWN,0,0,0,32.8,0,613,0.101892,HIGH,DECLINED,0,0,600-700,75-100K
BL001924,2024-03-12 13:49:38,703,45981,29.91,1,44414,major_purchase,OWN,0,0,0,29.29,0,651,0.046995,HIGH,APPROVED,0,0,600-700,<50K
BL001925,2024-04-22 11:54:28,756,84256,12.74,3,21576,other,RENT,0,0,0,55.19,1,671,0.030959,MEDIUM,APPROVED,0,30,600-700,75-100K
BL001926,2024-03-15 15:00:58,834,46296,20.65,10,43297,other,RENT,0,0,0,41.06,0,781,0.001401,LOW,APPROVED,0,0,700-800,<50K
BL001927,2024-10-29 13:05:32,770,49849,26.87,4,15258,credit_card,RENT,2,7,22,33.45,2,690,0.020418,MEDIUM,APPROVED,0,0,600-700,<50K
BL001928,2024-05-14 12:47:34,608,61713,13.5,4,48660,home_improvement,RENT,0,0,0,82.16,1,617,0.083876,HIGH,DECLINED,0,0,600-700,50-75K
BL001929,2024-08-14 12:23:15,564,30251,15.97,3,12370,other,RENT,2,3,58,33.39,1,557,0.433681,VERY_HIGH,DECLINED,1,90,<600,<50K
BL001930,2024-06-25 22:37:12,700,109041,27.48,6,10249,major_purchase,MORTGAGE,0,0,0,49.76,3,688,0.024123,MEDIUM,APPROVED,0,0,600-700,100K+
BL001931,2024-08-20 04:03:41,750,37788,24.63,14,13743,credit_card,RENT,0,0,0,51.42,0,757,0.006006,LOW,APPROVED,1,120,700-800,<50K
BL001932,2024-10-12 08:11:31,603,67781,32.38,4,11405,major_purchase,MORTGAGE,0,0,0,52.72,0,624,0.120977,HIGH,APPROVED,0,0,600-700,50-75K
BL001933,2024-07-26 11:23:43,663,77616,20.87,1,13763,credit_card,RENT,3,6,27,41.34,1,612,0.126088,HIGH,APPROVED,0,30,600-700,75-100K
BL001934,2024-08-11 23:02:26,667,183683,29.52,3,18910,other,RENT,0,0,0,18.87,2,667,0.031577,MEDIUM,APPROVED,0,0,600-700,100K+
BL001935,2024-04-14 19:12:43,694,78498,28.51,1,13112,other,OTHER,0,0,0,40.65,1,662,0.045221,HIGH,DECLINED,0,60,600-700,75-100K
BL001936,2024-02-16 01:30:13,683,92576,41.27,16,24532,major_purchase,OWN,1,1,45,31.35,3,647,0.065864,HIGH,APPROVED,0,0,600-700,75-100K
BL001937,2024-07-16 22:03:55,721,50339,16.72,2,22954,major_purchase,MORTGAGE,0,0,0,42.75,0,716,0.007129,LOW,APPROVED,0,0,700-800,50-75K
BL001938,2024-10-06 11:07:14,751,59423,23.32,0,33299,home_improvement,OWN,0,0,0,58.46,1,705,0.008766,LOW,APPROVED,0,0,700-800,50-75K
BL001939,2024-09-22 08:06:27,697,63074,14.73,1,37214,credit_card,MORTGAGE,1,2,13,53.42,2,676,0.034504,MEDIUM,APPROVED,0,0,600-700,50-75K
BL001940,2024-12-06 05:56:27,734,102542,29.54,1,26006,debt_consolidation,MORTGAGE,0,0,0,83.22,0,688,0.023077,MEDIUM,APPROVED,0,0,600-700,100K+
BL001941,2024-06-08 09:32:29,803,40467,30.49,1,29989,credit_card,MORTGAGE,1,4,21,58.57,3,687,0.015997,LOW,APPROVED,0,0,600-700,<50K
BL001942,2024-12-14 22:56:59,637,76078,39.29,9,12882,home_improvement,RENT,1,4,59,73.61,3,550,0.537581,VERY_HIGH,DECLINED,0,0,<600,75-100K
BL001943,2024-02-23 01:25:06,636,230461,22.24,2,11451,credit_card,RENT,0,0,0,58.51,2,651,0.057033,HIGH,APPROVED,1,60,600-700,100K+
BL001944,2024-01-17 22:56:16,721,41040,31.84,9,39244,credit_card,RENT,0,0,0,27.59,2,640,0.064043,HIGH,APPROVED,1,60,600-700,<50K
BL001945,2024-03-07 15:14:57,795,27590,26.25,5,19530,debt_consolidation,OWN,1,1,37,40.96,1,680,0.024192,MEDIUM,APPROVED,0,0,600-700,<50K
BL001946,2024-11-23 08:20:13,703,50106,39.8,7,13827,debt_consolidation,RENT,1,2,11,34.82,2,633,0.095633,HIGH,APPROVED,0,0,600-700,50-75K
BL001947,2024-04-20 02:05:52,754,59717,24.72,6,29089,major_purchase,RENT,0,0,0,65.04,1,718,0.009444,LOW,APPROVED,0,0,700-800,50-75K
BL001948,2024-06-16 17:58:50,677,134520,22.59,1,20193,credit_card,RENT,1,5,46,18.5,0,678,0.02573,MEDIUM,APPROVED,0,0,600-700,100K+
BL001949,2024-12-11 14:13:21,744,79045,32.17,2,61663,home_improvement,OWN,0,0,0,48.61,0,705,0.017035,MEDIUM,APPROVED,0,0,700-800,75-100K
BL001950,2024-02-27 14:13:14,659,106416,23.59,1,16059,debt_consolidation,MORTGAGE,0,0,0,56.23,0,679,0.02051,MEDIUM,DECLINED,0,0,600-700,100K+
BL001951,2024-04-26 00:45:53,731,46052,18.03,4,14424,debt_consolidation,RENT,0,0,0,67.11,0,691,0.021013,MEDIUM,APPROVED,0,60,600-700,<50K
BL001952,2024-07-04 18:04:56,716,62432,8.04,5,16381,major_purchase,MORTGAGE,2,5,56,36.88,1,696,0.01821,MEDIUM,APPROVED,0,0,600-700,50-75K
BL001953,2024-10-04 19:15:12,716,72519,28.77,9,44120,credit_card,MORTGAGE,1,3,11,68.97,1,689,0.02783,MEDIUM,APPROVED,0,0,600-700,50-75K
BL001954,2024-06-09 16:44:15,770,43393,35.92,9,44381,debt_consolidation,MORTGAGE,0,0,0,72.13,1,652,0.058572,HIGH,DECLINED,0,0,600-700,<50K
BL001955,2024-11-02 01:28:42,753,72306,25.67,1,70152,debt_consolidation,RENT,0,0,0,28.21,0,794,0.001677,LOW,APPROVED,0,0,700-800,50-75K
BL001956,2024-02-06 16:30:45,662,56025,33.72,2,49184,credit_card,RENT,0,0,0,79.13,1,638,0.095088,HIGH,APPROVED,0,0,600-700,50-75K
BL001957,2024-05-09 04:34:02,743,70530,20.98,7,17950,major_purchase,RENT,1,4,20,60.54,1,686,0.030436,MEDIUM,APPROVED,0,0,600-700,50-75K
BL001958,2024-09-25 15:09:13,601,33850,31.4,4,3111,debt_consolidation,RENT,0,0,0,42.69,2,563,0.320422,VERY_HIGH,DECLINED,0,0,<600,<50K
BL001959,2024-12-01 03:14:16,749,25332,32.41,7,30889,home_improvement,MORTGAGE,0,0,0,44.5,1,678,0.026256,MEDIUM,APPROVED,0,0,600-700,<50K
BL001960,2024-11-02 15:59:45,846,118157,20.83,6,31107,debt_consolidation,OWN,1,6,22,74.46,2,792,0.001367,LOW,APPROVED,0,0,700-800,100K+
BL001961,2024-08-13 16:59:45,724,65070,11.72,15,48288,debt_consolidation,RENT,0,0,0,60.71,1,764,0.004942,LOW,APPROVED,0,0,700-800,50-75K
BL001962,2024-10-09 17:06:13,723,61183,22.09,2,24141,debt_consolidation,RENT,1,4,34,47.39,1,696,0.023039,MEDIUM,APPROVED,0,0,600-700,50-75K
BL001963,2024-08-04 01:59:22,699,204903,24.7,8,72438,major_purchase,MORTGAGE,1,6,38,76.59,2,662,0.047132,HIGH,APPROVED,0,0,600-700,100K+
BL001964,2024-08-03 07:52:26,741,101160,31.03,5,34639,other,MORTGAGE,0,0,0,19.66,1,755,0.004399,LOW,APPROVED,0,0,700-800,100K+
BL001965,2024-04-26 14:17:52,671,78435,6.69,2,55926,credit_card,MORTGAGE,1,6,58,44.18,0,693,0.019264,MEDIUM,APPROVED,0,0,600-700,75-100K
BL001966,2024-04-05 03:18:58,733,47641,37.91,3,27547,other,RENT,0,0,0,48.25,0,688,0.030336,MEDIUM,APPROVED,0,0,600-700,<50K
BL001967,2024-11-02 23:06:23,681,75970,29.85,8,10881,home_improvement,MORTGAGE,0,0,0,51.13,0,673,0.030691,MEDIUM,APPROVED,0,0,600-700,75-100K
BL001968,2024-12-24 15:41:45,673,71483,22.04,10,29443,home_improvement,RENT,0,0,0,34.34,3,712,0.014092,LOW,APPROVED,0,0,700-800,50-75K
BL001969,2024-10-15 15:24:28,703,57400,14.6,4,41435,home_improvement,RENT,1,9,23,66.92,3,641,0.07645,HIGH,APPROVED,0,0,600-700,50-75K
BL001970,2024-12-01 16:47:43,693,122739,18.47,12,6750,other,OWN,1,3,15,35.27,1,660,0.0351,MEDIUM,APPROVED,1,150,600-700,100K+
BL001971,2024-03-06 00:04:39,601,90689,28.14,3,14775,home_improvement,MORTGAGE,0,0,0,63.25,1,605,0.210543,VERY_HIGH,APPROVED,0,0,600-700,75-100K
BL001972,2024-02-09 03:34:25,811,83475,28.14,0,74240,other,RENT,1,3,8,63.63,0,746,0.005694,LOW,APPROVED,0,0,700-800,75-100K
BL001973,2024-12-06 19:09:00,704,44696,27.55,7,34756,major_purchase,MORTGAGE,0,0,0,15.16,1,669,0.035735,MEDIUM,APPROVED,0,0,600-700,<50K
BL001974,2024-08-15 10:47:56,603,47374,9.71,9,10217,credit_card,RENT,2,5,41,44.24,0,590,0.183716,VERY_HIGH,DECLINED,0,0,<600,<50K
BL001975,2024-05-21 23:34:17,756,106831,19.96,5,4143,credit_card,OWN,1,3,42,12.91,3,741,0.006592,LOW,APPROVED,0,0,700-800,100K+
BL001976,2024-04-21 09:32:45,695,71961,23.88,8,23051,credit_card,RENT,1,7,38,91.13,3,604,0.145453,HIGH,APPROVED,1,60,600-700,50-75K
BL001977,2024-02-23 04:14:46,708,50497,22.16,1,28325,home_improvement,RENT,1,3,58,0.36,0,708,0.009619,LOW,APPROVED,0,0,700-800,50-75K
BL001978,2024-10-16 02:26:59,736,74901,18.39,7,47171,credit_card,RENT,0,0,0,51.78,0,741,0.007413,LOW,APPROVED,0,0,700-800,50-75K
BL001979,2024-11-19 19:03:05,648,65778,25.56,1,60399,debt_consolidation,MORTGAGE,0,0,0,17.5,1,651,0.054843,HIGH,APPROVED,0,0,600-700,50-75K
BL001980,2024-03-29 13:24:30,535,53488,35.33,0,13796,debt_consolidation,OWN,3,3,10,0.0,1,500,0.769225,VERY_HIGH,DECLINED,1,90,<600,50-75K
BL001981,2024-09-15 09:26:04,691,60008,12.4,39,17115,debt_consolidation,RENT,0,0,0,32.12,2,733,0.008198,LOW,APPROVED,0,0,700-800,50-75K
BL001982,2024-12-17 17:23:45,710,91564,35.42,2,15584,major_purchase,MORTGAGE,0,0,0,96.88,1,617,0.168369,HIGH,APPROVED,0,0,600-700,75-100K
BL001983,2024-08-25 10:38:09,752,75665,15.34,4,42406,credit_card,MORTGAGE,2,2,43,51.18,1,690,0.01553,LOW,DECLINED,0,0,600-700,75-100K
BL001984,2024-09-19 03:19:27,655,44177,15.5,8,13562,credit_card,RENT,1,3,22,64.55,0,621,0.076458,HIGH,APPROVED,0,0,600-700,<50K
BL001985,2024-05-04 02:47:39,682,46668,14.94,14,31608,debt_consolidation,RENT,1,6,52,35.37,0,683,0.031899,MEDIUM,APPROVED,0,0,600-700,<50K
BL001986,2024-12-07 03:22:39,719,74283,31.32,5,11404,major_purchase,MORTGAGE,0,0,0,74.16,2,658,0.042377,HIGH,DECLINED,0,0,600-700,50-75K
BL001987,2024-08-22 18:49:06,679,40613,28.51,1,15914,home_improvement,OWN,0,0,0,32.37,1,700,0.016794,MEDIUM,APPROVED,0,30,700-800,<50K
BL001988,2024-08-22 21:35:05,683,68890,33.98,0,29121,credit_card,MORTGAGE,0,0,0,66.16,2,617,0.149023,HIGH,DECLINED,0,0,600-700,50-75K
BL001989,2024-11-15 06:23:30,711,61481,17.01,0,37777,debt_consolidation,OWN,0,0,0,34.75,0,746,0.00708,LOW,APPROVED,0,30,700-800,50-75K
BL001990,2024-12-08 19:30:40,642,36175,13.38,3,21373,credit_card,OTHER,0,0,0,26.28,0,683,0.02008,MEDIUM,APPROVED,0,0,600-700,<50K
BL001991,2024-05-03 17:54:49,784,22042,43.53,29,35234,home_improvement,OWN,1,6,6,38.01,3,630,0.080315,HIGH,APPROVED,0,0,600-700,<50K
BL001992,2024-04-28 10:28:17,646,44396,29.2,3,9586,major_purchase,MORTGAGE,0,0,0,87.49,0,535,0.413853,VERY_HIGH,APPROVED,0,0,<600,<50K
BL001993,2024-01-04 09:44:29,699,64304,1.49,10,16345,debt_consolidation,MORTGAGE,1,2,34,42.58,2,698,0.017828,MEDIUM,APPROVED,0,0,600-700,50-75K
BL001994,2024-11-26 14:36:52,679,64480,14.65,5,30654,debt_consolidation,MORTGAGE,0,0,0,41.81,2,664,0.039408,MEDIUM,APPROVED,0,0,600-700,50-75K
BL001995,2024-04-20 19:12:32,658,113596,24.71,4,23390,debt_consolidation,RENT,0,0,0,69.55,0,653,0.052815,HIGH,APPROVED,1,90,600-700,100K+
BL001996,2024-09-11 05:33:20,726,64674,37.54,12,4772,debt_consolidation,MORTGAGE,0,0,0,49.15,0,679,0.042172,MEDIUM,APPROVED,0,0,600-700,50-75K
BL001997,2024-11-07 16:26:20,752,62392,41.46,3,18876,debt_consolidation,RENT,0,0,0,5.99,2,702,0.01126,LOW,APPROVED,0,0,700-800,50-75K
BL001998,2024-08-29 10:07:38,777,76117,14.44,8,11003,debt_consolidation,RENT,2,1,56,78.34,1,687,0.014681,LOW,APPROVED,0,30,600-700,75-100K
BL001999,2024-11-17 11:51:38,729,52873,30.4,10,21570,major_purchase,MORTGAGE,2,1,13,87.12,2,603,0.134873,HIGH,APPROVED,0,0,600-700,50-75K
BL002000,2024-02-12 21:11:06,672,139574,22.38,3,21648,other,RENT,1,4,54,48.71,1,706,0.016022,LOW,APPROVED,0,0,700-800,100K+
BL002001,2024-11-19 09:54:44,744,49570,21.44,6,20149,home_improvement,MORTGAGE,1,5,26,62.4,0,683,0.016417,MEDIUM,APPROVED,0,0,600-700,<50K
BL002002,2024-11-12 15:43:25,617,43612,20.38,16,15629,debt_consolidation,MORTGAGE,0,0,0,18.25,0,629,0.070745,HIGH,APPROVED,0,0,600-700,<50K
BL002003,2024-09-02 08:59:45,699,51161,12.98,4,29185,credit_card,MORTGAGE,2,1,19,45.38,2,680,0.029254,MEDIUM,APPROVED,0,0,600-700,50-75K
BL002004,2024-12-06 07:48:37,725,110493,15.9,9,87693,other,OWN,0,0,0,0.0,3,756,0.002676,LOW,APPROVED,0,0,700-800,100K+
BL002005,2024-03-13 04:42:01,728,49670,20.89,4,30346,major_purchase,MORTGAGE,0,0,0,68.47,0,692,0.015707,LOW,APPROVED,0,0,600-700,<50K
BL002006,2024-09-02 04:39:31,633,45484,28.32,1,21047,credit_card,OTHER,1,9,37,31.64,2,582,0.206236,VERY_HIGH,APPROVED,0,0,<600,<50K
BL002007,2024-09-02 10:35:33,614,83369,11.42,5,16578,debt_consolidation,RENT,1,5,9,51.72,2,585,0.273235,VERY_HIGH,DECLINED,0,0,<600,75-100K
BL002008,2024-01-10 10:52:57,788,108700,37.37,4,23425,home_improvement,RENT,0,0,0,34.75,2,721,0.007415,LOW,APPROVED,0,0,700-800,100K+
BL002009,2024-03-03 23:14:16,668,52975,20.74,4,18322,major_purchase,OTHER,0,0,0,19.59,0,689,0.024598,MEDIUM,APPROVED,0,0,600-700,50-75K
BL002010,2024-02-09 17:52:45,606,87427,31.45,5,16532,other,OWN,1,2,38,82.06,1,550,0.405491,VERY_HIGH,DECLINED,0,0,<600,75-100K
BL002011,2024-11-11 23:37:57,628,47507,15.23,9,10001,credit_card,MORTGAGE,2,2,15,62.83,0,579,0.285018,VERY_HIGH,DECLINED,1,150,<600,<50K
BL002012,2024-09-13 06:13:25,697,119664,13.23,4,27561,credit_card,MORTGAGE,3,5,51,50.48,1,621,0.090129,HIGH,DECLINED,0,0,600-700,100K+
BL002013,2024-05-16 19:12:10,761,39359,34.4,11,20434,debt_consolidation,RENT,0,0,0,50.3,0,700,0.018491,MEDIUM,APPROVED,0,0,700-800,<50K
BL002014,2024-04-17 21:07:31,696,56360,29.35,1,14422,debt_consolidation,OWN,0,0,0,32.05,0,661,0.02183,MEDIUM,DECLINED,0,0,600-700,50-75K
BL002015,2024-09-29 10:00:59,762,52540,6.2,1,15690,home_improvement,MORTGAGE,0,0,0,24.36,2,806,0.001705,LOW,APPROVED,0,0,800+,50-75K
BL002016,2024-09-02 10:58:33,708,41948,28.63,8,68908,major_purchase,MORTGAGE,0,0,0,54.72,1,670,0.036265,MEDIUM,APPROVED,0,0,600-700,<50K
BL002017,2024-05-03 03:16:11,721,61404,9.28,6,10576,home_improvement,RENT,0,0,0,26.8,1,732,0.004824,LOW,APPROVED,0,0,700-800,50-75K
BL002018,2024-02-09 12:26:12,750,86006,28.22,2,22748,other,RENT,0,0,0,71.39,2,679,0.02163,MEDIUM,APPROVED,0,0,600-700,75-100K
BL002019,2024-07-07 19:11:35,675,43792,31.24,6,22485,debt_consolidation,MORTGAGE,0,0,0,26.28,2,636,0.075936,HIGH,DECLINED,0,0,600-700,<50K
BL002020,2024-02-21 08:31:42,712,149657,24.12,3,10476,debt_consolidation,MORTGAGE,1,6,47,24.04,1,701,0.015449,LOW,APPROVED,0,0,700-800,100K+
BL002021,2024-09-20 11:00:48,674,70976,21.08,3,36669,other,MORTGAGE,0,0,0,22.37,1,682,0.020486,MEDIUM,APPROVED,0,0,600-700,50-75K
BL002022,2024-01-24 14:34:46,660,73842,22.43,31,4842,debt_consolidation,MORTGAGE,1,4,1,63.45,0,650,0.074526,HIGH,APPROVED,0,0,600-700,50-75K
BL002023,2024-10-03 13:39:09,731,44815,23.47,7,15315,home_improvement,MORTGAGE,0,0,0,68.02,1,695,0.016987,MEDIUM,APPROVED,0,0,600-700,<50K
BL002024,2024-07-24 16:35:38,650,61560,16.42,5,24535,credit_card,RENT,1,5,44,56.71,1,635,0.066352,HIGH,APPROVED,0,30,600-700,50-75K
BL002025,2024-07-14 02:50:14,699,94569,27.95,4,40152,other,RENT,0,0,0,63.97,1,688,0.021404,MEDIUM,APPROVED,0,0,600-700,75-100K
BL002026,2024-04-23 15:09:39,651,40353,18.49,13,10279,debt_consolidation,MORTGAGE,2,4,5,50.64,5,582,0.310484,VERY_HIGH,APPROVED,0,0,<600,<50K
BL002027,2024-03-02 12:36:12,690,46400,8.15,20,4940,major_purchase,MORTGAGE,1,4,9,26.02,2,667,0.025066,MEDIUM,APPROVED,0,0,600-700,<50K
BL002028,2024-07-01 02:36:10,666,43583,26.86,2,20671,debt_consolidation,MORTGAGE,0,0,0,24.09,0,669,0.027453,MEDIUM,APPROVED,0,0,600-700,<50K
BL002029,2024-10-06 18:18:31,755,35115,40.41,16,9330,major_purchase,RENT,1,7,18,37.8,1,643,0.087088,HIGH,APPROVED,0,0,600-700,<50K
BL002030,2024-04-15 22:49:20,699,83968,33.79,1,3791,credit_card,OWN,2,4,49,27.27,0,659,0.04898,HIGH,APPROVED,0,30,600-700,75-100K
BL002031,2024-04-13 12:05:54,699,44038,22.48,2,9258,other,MORTGAGE,2,4,38,75.1,2,621,0.112573,HIGH,APPROVED,0,0,600-700,<50K
BL002032,2024-09-23 10:48:27,785,132611,17.26,2,16601,credit_card,RENT,0,0,0,28.84,0,840,0.000666,LOW,APPROVED,0,0,800+,100K+
BL002033,2024-11-11 09:16:05,535,35959,19.32,1,15603,home_improvement,RENT,1,3,31,57.1,1,532,0.666779,VERY_HIGH,DECLINED,1,60,<600,<50K
BL002034,2024-11-20 04:34:47,632,54131,36.37,5,14935,credit_card,RENT,2,4,52,40.93,0,524,0.539805,VERY_HIGH,APPROVED,1,90,<600,50-75K
BL002035,2024-02-13 00:04:50,543,64440,31.06,6,5211,credit_card,MORTGAGE,1,8,18,23.69,4,499,0.677821,VERY_HIGH,DECLINED,1,60,<600,50-75K
BL002036,2024-04-14 07:39:10,693,40385,16.2,8,12726,debt_consolidation,OWN,1,4,33,54.46,2,634,0.092016,HIGH,APPROVED,0,0,600-700,<50K
BL002037,2024-12-20 08:31:58,717,24105,26.27,33,14987,home_improvement,RENT,0,0,0,27.81,1,694,0.02315,MEDIUM,APPROVED,0,0,600-700,<50K
BL002038,2024-09-29 08:01:24,729,47069,37.89,2,41543,home_improvement,MORTGAGE,0,0,0,65.32,0,698,0.01555,LOW,DECLINED,0,0,600-700,<50K
BL002039,2024-01-26 17:57:43,708,62417,24.89,5,17597,other,MORTGAGE,1,3,40,34.85,0,672,0.035696,MEDIUM,APPROVED,0,0,600-700,50-75K
BL002040,2024-12-06 05:12:53,645,41127,25.34,6,19897,home_improvement,RENT,1,0,22,29.58,4,580,0.235689,VERY_HIGH,DECLINED,0,0,<600,<50K
BL002041,2024-09-28 19:35:53,789,71085,19.06,8,26215,debt_consolidation,OTHER,0,0,0,78.93,1,767,0.003395,LOW,APPROVED,0,0,700-800,50-75K
BL002042,2024-10-12 03:44:19,709,27320,8.81,2,17768,debt_consolidation,RENT,0,0,0,54.31,1,723,0.00617,LOW,APPROVED,0,0,700-800,<50K
BL002043,2024-12-23 16:20:06,678,72078,32.27,3,17132,debt_consolidation,MORTGAGE,1,4,14,65.71,0,642,0.072189,HIGH,APPROVED,0,0,600-700,50-75K
BL002044,2024-09-21 13:30:54,631,161550,30.14,2,17947,major_purchase,RENT,0,0,0,44.42,1,618,0.138468,HIGH,APPROVED,0,0,600-700,100K+
BL002045,2024-05-19 05:52:05,715,97248,30.9,1,17111,debt_consolidation,RENT,0,0,0,49.03,2,663,0.038656,MEDIUM,DECLINED,0,0,600-700,75-100K
BL002046,2024-03-26 04:46:44,665,98722,35.87,0,8391,credit_card,MORTGAGE,0,0,0,35.1,1,636,0.07971,HIGH,APPROVED,0,30,600-700,75-100K
BL002047,2024-09-26 18:00:17,667,53713,23.53,4,30866,other,MORTGAGE,0,0,0,26.37,2,684,0.023774,MEDIUM,APPROVED,0,0,600-700,50-75K
BL002048,2024-01-20 00:46:46,703,52055,20.53,1,16875,debt_consolidation,RENT,0,0,0,79.96,0,664,0.049171,HIGH,APPROVED,0,0,600-700,50-75K
BL002049,2024-01-04 15:03:14,704,104679,28.3,7,21627,debt_consolidation,MORTGAGE,1,3,32,24.57,1,691,0.016462,MEDIUM,APPROVED,0,0,600-700,100K+
BL002050,2024-01-09 09:18:58,647,54277,13.08,9,6467,home_improvement,MORTGAGE,1,6,52,29.77,2,658,0.062125,HIGH,APPROVED,0,0,600-700,50-75K
BL002051,2024-12-21 23:17:06,761,84237,6.36,2,30728,home_improvement,MORTGAGE,0,0,0,64.51,2,749,0.002857,LOW,APPROVED,0,0,700-800,75-100K
BL002052,2024-02-04 13:02:44,637,40591,20.94,3,10970,other,RENT,0,0,0,60.48,0,655,0.06776,HIGH,APPROVED,0,0,600-700,<50K
BL002053,2024-11-20 17:45:36,630,74952,18.43,2,7865,debt_consolidation,RENT,0,0,0,17.88,2,623,0.115746,HIGH,APPROVED,0,30,600-700,50-75K
BL002054,2024-06-06 23:54:19,709,68216,16.16,19,58693,other,OWN,1,7,46,11.85,3,711,0.0148,LOW,APPROVED,0,0,700-800,50-75K
BL002055,2024-08-15 16:43:09,699,23186,25.11,2,15640,debt_consolidation,OTHER,0,0,0,28.58,3,675,0.040733,MEDIUM,DECLINED,0,0,600-700,<50K
BL002056,2024-08-28 23:39:25,695,59782,30.86,4,24490,debt_consolidation,MORTGAGE,0,0,0,40.12,4,682,0.027611,MEDIUM,APPROVED,0,0,600-700,50-75K
BL002057,2024-05-19 21:32:43,669,81327,18.35,9,20802,home_improvement,RENT,1,4,55,62.33,3,681,0.03636,MEDIUM,DECLINED,0,0,600-700,75-100K
BL002058,2024-09-06 09:39:45,694,80368,5.82,1,25804,debt_consolidation,RENT,0,0,0,51.51,1,740,0.006641,LOW,APPROVED,0,0,700-800,75-100K
BL002059,2024-08-04 05:57:43,660,74455,8.61,18,29026,credit_card,MORTGAGE,0,0,0,3.78,0,716,0.010579,LOW,APPROVED,0,0,700-800,50-75K
BL002060,2024-08-12 17:47:54,601,112334,15.83,5,21808,credit_card,RENT,0,0,0,55.44,1,616,0.160551,HIGH,APPROVED,1,60,600-700,100K+
BL002061,2024-01-19 06:31:01,732,61184,22.18,4,12048,major_purchase,RENT,0,0,0,34.14,1,714,0.015477,LOW,APPROVED,0,0,700-800,50-75K
BL002062,2024-11-29 13:40:26,635,44662,24.01,2,28328,major_purchase,MORTGAGE,1,5,13,49.98,4,545,0.367678,VERY_HIGH,DECLINED,0,0,<600,<50K
BL002063,2024-04-01 06:38:22,679,94879,28.7,0,27537,credit_card,MORTGAGE,1,5,49,31.83,0,656,0.050882,HIGH,APPROVED,0,0,600-700,75-100K
BL002064,2024-07-15 17:59:38,731,163937,42.89,2,17552,debt_consolidation,RENT,1,5,2,59.94,1,588,0.147021,HIGH,DECLINED,0,0,<600,100K+
BL002065,2024-10-01 05:47:31,692,54052,15.1,11,67878,credit_card,MORTGAGE,0,0,0,35.85,0,715,0.010961,LOW,APPROVED,0,0,700-800,50-75K
BL002066,2024-03-27 03:27:17,842,124744,33.61,3,11935,home_improvement,MORTGAGE,1,2,59,58.95,0,778,0.002064,LOW,APPROVED,0,0,700-800,100K+
BL002067,2024-09-07 02:53:25,614,58195,22.57,1,14982,debt_consolidation,RENT,1,5,10,29.69,0,581,0.265526,VERY_HIGH,DECLINED,0,0,<600,50-75K
BL002068,2024-06-22 07:12:14,650,32261,25.82,9,20621,debt_consolidation,RENT,0,0,0,66.72,2,625,0.13501,HIGH,APPROVED,0,30,600-700,<50K
BL002069,2024-05-08 11:34:02,696,42113,21.26,2,28076,home_improvement,RENT,0,0,0,1.28,1,707,0.017706,MEDIUM,APPROVED,0,0,700-800,<50K
BL002070,2024-11-05 22:20:27,766,42753,34.2,4,16706,debt_consolidation,RENT,0,0,0,55.92,1,721,0.011392,LOW,APPROVED,0,0,700-800,<50K
BL002071,2024-09-26 00:52:25,677,106549,32.11,14,18833,debt_consolidation,RENT,0,0,0,17.86,1,626,0.052015,HIGH,APPROVED,0,0,600-700,100K+
BL002072,2024-06-21 12:28:47,612,66077,38.04,5,16275,other,MORTGAGE,0,0,0,81.53,2,532,0.661879,VERY_HIGH,DECLINED,0,0,<600,50-75K
BL002073,2024-03-29 13:32:46,754,49192,43.57,10,20546,credit_card,RENT,0,0,0,2.15,0,722,0.00749,LOW,APPROVED,0,0,700-800,<50K
BL002074,2024-05-16 08:04:01,640,66774,12.38,1,22225,credit_card,OWN,0,0,0,38.76,2,619,0.060724,HIGH,APPROVED,0,0,600-700,50-75K
BL002075,2024-05-27 20:52:40,680,118529,23.69,32,13284,major_purchase,RENT,0,0,0,55.36,0,694,0.019201,MEDIUM,APPROVED,0,0,600-700,100K+
BL002076,2024-01-30 21:51:50,739,60827,32.92,23,54950,credit_card,RENT,0,0,0,22.18,3,694,0.017186,MEDIUM,APPROVED,0,0,600-700,50-75K
BL002077,2024-11-28 16:30:14,654,45530,33.98,1,18044,major_purchase,OWN,1,3,15,45.7,3,583,0.239737,VERY_HIGH,DECLINED,0,0,<600,<50K
BL002078,2024-10-23 08:30:02,666,74054,29.84,3,22799,debt_consolidation,RENT,1,1,34,75.47,0,626,0.140848,HIGH,APPROVED,1,90,600-700,50-75K
BL002079,2024-08-24 08:46:49,718,43249,18.53,8,7950,major_purchase,RENT,2,3,51,51.14,2,629,0.088568,HIGH,APPROVED,0,0,600-700,<50K
BL002080,2024-07-23 21:40:35,679,79082,43.63,6,39984,major_purchase,MORTGAGE,2,8,35,38.08,1,587,0.194485,VERY_HIGH,APPROVED,0,0,<600,75-100K
BL002081,2024-04-12 05:10:10,706,98507,16.64,2,39876,credit_card,OWN,1,5,47,49.12,0,701,0.01949,MEDIUM,APPROVED,0,0,700-800,75-100K
BL002082,2024-03-21 11:11:32,639,68523,33.66,3,39190,home_improvement,RENT,2,4,35,83.06,1,530,0.512526,VERY_HIGH,DECLINED,1,90,<600,50-75K
BL002083,2024-09-11 20:48:45,684,51866,21.12,2,26007,home_improvement,MORTGAGE,0,0,0,25.55,0,703,0.01887,MEDIUM,APPROVED,0,0,700-800,50-75K
BL002084,2024-10-26 22:19:15,630,66485,22.46,0,30665,other,OTHER,0,0,0,97.55,0,572,0.262499,VERY_HIGH,APPROVED,0,0,<600,50-75K
BL002085,2024-10-02 09:00:43,605,33256,33.08,1,27169,other,MORTGAGE,0,0,0,32.52,1,598,0.218781,VERY_HIGH,DECLINED,1,90,<600,<50K
BL002086,2024-08-19 10:03:08,787,127938,17.38,5,16492,credit_card,RENT,1,5,25,41.42,2,780,0.003221,LOW,APPROVED,0,0,700-800,100K+
BL002087,2024-10-03 04:06:38,715,182881,32.22,5,58216,debt_consolidation,OWN,0,0,0,52.16,5,646,0.078501,HIGH,APPROVED,0,0,600-700,100K+
BL002088,2024-02-12 20:49:40,741,63538,25.88,2,16696,other,MORTGAGE,0,0,0,43.94,0,715,0.00902,LOW,APPROVED,0,0,700-800,50-75K
BL002089,2024-04-25 16:40:16,637,24838,15.48,4,8969,debt_consolidation,MORTGAGE,0,0,0,27.37,0,622,0.075466,HIGH,DECLINED,0,0,600-700,<50K
BL002090,2024-07-11 16:35:30,689,46433,24.3,3,15312,credit_card,RENT,0,0,0,76.79,5,608,0.137542,HIGH,DECLINED,1,60,600-700,<50K
BL002091,2024-08-14 03:51:34,679,32824,27.12,1,9302,major_purchase,RENT,1,6,4,19.32,1,633,0.057957,HIGH,APPROVED,1,90,600-700,<50K
BL002092,2024-10-06 05:22:00,612,27028,31.1,12,28095,credit_card,RENT,3,3,37,41.76,0,541,0.602671,VERY_HIGH,DECLINED,1,120,<600,<50K
BL002093,2024-11-15 11:39:54,720,59086,34.97,1,42519,other,MORTGAGE,1,7,35,39.9,0,648,0.07652,HIGH,DECLINED,0,0,600-700,50-75K
BL002094,2024-12-12 17:49:15,651,58470,12.23,15,9245,home_improvement,RENT,0,0,0,41.25,1,610,0.085809,HIGH,DECLINED,0,0,600-700,50-75K
BL002095,2024-06-02 00:59:21,679,47380,17.64,1,6976,debt_consolidation,MORTGAGE,1,10,43,38.83,2,653,0.046378,HIGH,DECLINED,0,0,600-700,<50K
BL002096,2024-03-13 23:58:50,607,103698,17.95,0,52526,home_improvement,MORTGAGE,0,0,0,75.96,0,657,0.05378,HIGH,APPROVED,0,0,600-700,100K+
BL002097,2024-03-11 09:59:26,745,64022,11.79,4,14310,home_improvement,OTHER,2,4,9,32.38,4,736,0.008055,LOW,APPROVED,0,0,700-800,50-75K
BL002098,2024-05-26 05:01:25,732,40484,42.57,4,13866,major_purchase,MORTGAGE,0,0,0,38.59,1,642,0.051175,HIGH,APPROVED,0,0,600-700,<50K
BL002099,2024-08-16 18:08:54,712,75963,20.45,7,37367,home_improvement,OTHER,0,0,0,42.89,1,689,0.020963,MEDIUM,DECLINED,0,0,600-700,75-100K
BL002100,2024-12-15 06:39:15,640,35616,21.9,0,26773,debt_consolidation,MORTGAGE,0,0,0,42.59,1,598,0.145826,HIGH,APPROVED,0,0,<600,<50K
BL002101,2024-07-11 01:59:50,661,53702,20.85,8,12709,debt_consolidation,OTHER,0,0,0,18.13,1,718,0.008893,LOW,APPROVED,0,0,700-800,50-75K
BL002102,2024-01-18 18:58:37,757,43237,16.52,5,17562,home_improvement,MORTGAGE,1,3,51,32.08,0,709,0.015541,LOW,APPROVED,0,0,700-800,<50K
BL002103,2024-03-10 17:30:29,675,71918,32.91,20,21226,major_purchase,RENT,1,1,28,41.83,3,569,0.225027,VERY_HIGH,APPROVED,0,0,<600,50-75K
BL002104,2024-11-10 16:34:15,705,55725,25.9,6,11209,debt_consolidation,RENT,0,0,0,58.62,3,645,0.063328,HIGH,APPROVED,0,0,600-700,50-75K
BL002105,2024-12-15 00:51:49,698,48423,18.4,1,17409,other,MORTGAGE,0,0,0,91.17,2,653,0.064853,HIGH,APPROVED,0,0,600-700,<50K
BL002106,2024-06-12 18:35:25,629,70919,21.66,9,29144,debt_consolidation,RENT,0,0,0,25.07,0,663,0.026305,MEDIUM,DECLINED,0,0,600-700,50-75K
BL002107,2024-02-07 10:36:54,774,77845,28.2,5,16808,major_purchase,RENT,0,0,0,53.22,4,679,0.021852,MEDIUM,APPROVED,0,30,600-700,75-100K
BL002108,2024-04-18 04:27:02,581,70262,27.3,6,22028,debt_consolidation,OWN,1,1,1,58.23,1,551,0.544502,VERY_HIGH,DECLINED,0,0,<600,50-75K
BL002109,2024-11-28 15:45:11,703,104195,32.35,3,21451,home_improvement,MORTGAGE,1,5,52,69.18,1,629,0.092529,HIGH,APPROVED,0,30,600-700,100K+
BL002110,2024-01-13 01:05:20,685,39244,36.09,2,11882,debt_consolidation,RENT,0,0,0,58.2,2,613,0.168033,HIGH,DECLINED,0,0,600-700,<50K
BL002111,2024-07-28 17:06:49,601,75340,19.97,10,23072,other,OTHER,0,0,0,53.59,0,629,0.107462,HIGH,APPROVED,0,0,600-700,75-100K
BL002112,2024-08-05 01:08:35,708,134019,15.55,1,8861,home_improvement,RENT,1,0,34,40.39,2,704,0.020219,MEDIUM,APPROVED,0,0,700-800,100K+
BL002113,2024-02-09 17:40:43,719,63287,20.16,0,25104,credit_card,MORTGAGE,1,3,43,68.05,0,697,0.02177,MEDIUM,APPROVED,0,0,600-700,50-75K
BL002114,2024-06-21 02:55:43,693,23215,25.63,0,17456,debt_consolidation,MORTGAGE,0,0,0,24.43,2,679,0.027468,MEDIUM,APPROVED,0,0,600-700,<50K
BL002115,2024-04-01 22:07:14,645,97669,18.88,4,11219,debt_consolidation,MORTGAGE,0,0,0,31.28,1,650,0.047591,HIGH,APPROVED,0,0,600-700,75-100K
BL002116,2024-07-01 15:54:37,715,57461,27.26,8,15899,debt_consolidation,RENT,1,9,51,6.26,2,732,0.008355,LOW,APPROVED,0,30,700-800,50-75K
BL002117,2024-12-04 13:10:27,752,84356,13.3,4,7174,home_improvement,OTHER,2,7,49,27.06,2,693,0.014887,LOW,APPROVED,0,0,600-700,75-100K
BL002118,2024-12-16 20:21:44,702,71313,24.03,3,14881,credit_card,MORTGAGE,1,5,45,55.39,0,678,0.023285,MEDIUM,APPROVED,0,0,600-700,50-75K
BL002119,2024-08-03 15:30:13,785,83283,27.37,0,23085,debt_consolidation,RENT,2,5,55,32.55,2,687,0.019649,MEDIUM,APPROVED,0,0,600-700,75-100K
BL002120,2024-11-11 15:12:40,737,109289,16.7,4,31011,other,OTHER,0,0,0,37.32,3,709,0.011632,LOW,APPROVED,0,0,700-800,100K+
BL002121,2024-10-22 01:19:34,733,66752,31.23,6,24765,credit_card,MORTGAGE,1,2,25,32.04,3,640,0.054051,HIGH,APPROVED,0,0,600-700,50-75K
BL002122,2024-01-25 01:30:58,767,89886,39.27,7,13556,credit_card,OWN,0,0,0,47.55,0,703,0.014213,LOW,APPROVED,0,0,700-800,75-100K
BL002123,2024-06-04 20:06:05,654,35019,1.0,2,31882,other,RENT,1,4,21,43.98,2,662,0.051261,HIGH,APPROVED,0,0,600-700,<50K
BL002124,2024-04-22 09:21:12,662,42090,17.12,0,24279,debt_consolidation,RENT,0,0,0,29.91,2,660,0.028455,MEDIUM,APPROVED,0,0,600-700,<50K
BL002125,2024-10-16 23:27:23,719,59587,22.57,1,34523,credit_card,MORTGAGE,0,0,0,4.24,1,705,0.007999,LOW,APPROVED,0,0,700-800,50-75K
BL002126,2024-12-16 04:10:28,719,128570,31.22,1,5475,home_improvement,OWN,0,0,0,48.43,2,668,0.030503,MEDIUM,APPROVED,0,0,600-700,100K+
BL002127,2024-08-30 14:22:02,773,43320,15.11,11,42685,other,MORTGAGE,0,0,0,57.33,1,704,0.014462,LOW,APPROVED,0,0,700-800,<50K
BL002128,2024-09-29 20:48:12,753,53788,25.73,17,14334,home_improvement,MORTGAGE,1,4,50,42.09,3,672,0.035549,MEDIUM,APPROVED,0,0,600-700,50-75K
BL002129,2024-10-12 01:20:42,700,85011,37.15,5,17202,other,RENT,1,2,16,3.08,1,638,0.080854,HIGH,APPROVED,0,0,600-700,75-100K
BL002130,2024-07-16 12:49:00,702,49638,26.93,2,19731,other,MORTGAGE,0,0,0,87.34,3,606,0.153797,HIGH,DECLINED,0,0,600-700,<50K
BL002131,2024-02-06 21:43:22,675,35028,19.22,3,10999,home_improvement,RENT,0,0,0,75.1,2,650,0.092858,HIGH,APPROVED,0,0,600-700,<50K
BL002132,2024-03-22 18:15:19,670,25894,18.96,4,34497,major_purchase,RENT,0,0,0,42.88,2,633,0.100172,HIGH,DECLINED,0,0,600-700,<50K
BL002133,2024-09-30 09:33:01,666,89756,26.43,5,37879,debt_consolidation,MORTGAGE,1,4,10,48.21,0,653,0.053927,HIGH,DECLINED,0,0,600-700,75-100K
BL002134,2024-02-08 13:24:01,740,37774,28.33,4,17463,debt_consolidation,MORTGAGE,0,0,0,41.35,1,685,0.027504,MEDIUM,APPROVED,0,0,600-700,<50K
BL002135,2024-02-13 07:19:27,665,73587,27.67,11,15454,major_purchase,MORTGAGE,1,1,1,46.45,0,671,0.036164,MEDIUM,APPROVED,0,30,600-700,50-75K
BL002136,2024-11-13 08:46:05,671,79320,24.35,15,11335,credit_card,OTHER,0,0,0,41.98,2,652,0.051533,HIGH,DECLINED,0,0,600-700,75-100K
BL002137,2024-10-27 16:27:33,700,40084,4.6,21,15820,credit_card,RENT,0,0,0,65.61,1,744,0.005492,LOW,APPROVED,0,0,700-800,<50K
BL002138,2024-04-19 11:47:16,663,76927,16.67,0,22676,credit_card,RENT,1,3,55,36.04,2,666,0.033852,MEDIUM,APPROVED,0,0,600-700,75-100K
BL002139,2024-04-28 20:17:00,678,23937,21.33,11,40186,home_improvement,OWN,1,4,20,54.83,0,620,0.103534,HIGH,APPROVED,0,0,600-700,<50K
BL002140,2024-07-31 11:59:58,571,59755,25.67,5,34169,home_improvement,MORTGAGE,1,9,6,17.66,2,555,0.503453,VERY_HIGH,DECLINED,1,90,<600,50-75K
BL002141,2024-11-27 21:59:00,712,39274,29.04,28,14882,major_purchase,RENT,1,4,48,46.99,2,670,0.022108,MEDIUM,APPROVED,0,0,600-700,<50K
BL002142,2024-10-24 01:51:01,674,69698,18.43,4,29835,credit_card,OWN,0,0,0,51.91,0,722,0.007648,LOW,APPROVED,0,60,700-800,50-75K
BL002143,2024-03-12 02:33:40,702,68739,30.51,1,11437,home_improvement,RENT,2,3,52,23.78,0,671,0.027503,MEDIUM,APPROVED,1,90,600-700,50-75K
BL002144,2024-04-29 22:15:22,712,68196,38.29,3,24835,credit_card,MORTGAGE,0,0,0,49.09,1,635,0.094104,HIGH,APPROVED,0,0,600-700,50-75K
BL002145,2024-02-14 06:21:37,590,83150,28.71,0,18416,other,MORTGAGE,0,0,0,32.15,0,588,0.182772,VERY_HIGH,APPROVED,0,0,<600,75-100K
BL002146,2024-02-17 10:53:01,824,47058,31.25,0,20056,debt_consolidation,OWN,0,0,0,46.8,4,722,0.009484,LOW,APPROVED,0,0,700-800,<50K
BL002147,2024-06-10 17:43:11,701,32686,20.31,3,16419,debt_consolidation,OWN,1,6,51,54.32,1,668,0.039119,MEDIUM,APPROVED,0,0,600-700,<50K
BL002148,2024-03-02 04:30:13,703,35884,15.06,3,11615,major_purchase,RENT,0,0,0,37.5,1,726,0.0095,LOW,APPROVED,0,30,700-800,<50K
BL002149,2024-01-13 21:03:17,595,98467,28.48,5,13927,major_purchase,MORTGAGE,1,4,18,52.42,1,580,0.318935,VERY_HIGH,DECLINED,0,0,<600,75-100K
BL002150,2024-09-11 13:52:10,728,39243,27.55,1,21816,debt_consolidation,MORTGAGE,2,4,42,4.64,1,699,0.016211,LOW,APPROVED,0,0,600-700,<50K
BL002151,2024-07-25 11:23:46,717,53626,33.64,4,14440,debt_consolidation,MORTGAGE,2,3,35,38.39,3,605,0.142041,HIGH,APPROVED,0,0,600-700,50-75K
BL002152,2024-10-14 00:49:50,675,73687,20.98,0,26193,debt_consolidation,MORTGAGE,0,0,0,26.57,0,698,0.016698,MEDIUM,APPROVED,0,0,600-700,50-75K
BL002153,2024-03-20 10:10:54,709,58438,14.68,9,9122,major_purchase,MORTGAGE,0,0,0,2.42,0,689,0.01372,LOW,APPROVED,0,60,600-700,50-75K
BL002154,2024-10-03 16:10:06,766,40152,14.79,10,20558,debt_consolidation,RENT,3,1,11,34.25,3,685,0.029859,MEDIUM,APPROVED,0,0,600-700,<50K
BL002155,2024-01-21 14:16:32,678,24202,26.06,10,43694,other,RENT,2,2,48,38.29,0,638,0.06015,HIGH,DECLINED,0,0,600-700,<50K
BL002156,2024-09-26 16:32:45,647,95952,5.95,24,24875,credit_card,RENT,0,0,0,46.43,2,679,0.025408,MEDIUM,APPROVED,0,0,600-700,75-100K
BL002157,2024-04-30 00:32:05,770,48343,35.63,4,13818,debt_consolidation,RENT,1,2,29,77.72,0,692,0.017515,MEDIUM,APPROVED,0,0,600-700,<50K
BL002158,2024-03-27 23:59:52,712,30092,19.91,3,26265,other,RENT,0,0,0,39.72,3,691,0.03255,MEDIUM,APPROVED,0,0,600-700,<50K
BL002159,2024-10-21 02:26:54,688,46936,23.62,2,51062,major_purchase,MORTGAGE,1,6,19,21.81,0,671,0.028642,MEDIUM,APPROVED,0,0,600-700,<50K
BL002160,2024-09-24 18:02:54,824,64144,21.16,4,31971,major_purchase,MORTGAGE,1,4,56,14.6,1,791,0.001378,LOW,APPROVED,0,0,700-800,50-75K
BL002161,2024-11-07 05:13:31,707,25844,37.83,4,34660,debt_consolidation,RENT,0,0,0,41.81,0,644,0.088533,HIGH,APPROVED,0,0,600-700,<50K
BL002162,2024-08-08 22:31:11,689,66779,11.64,4,65522,major_purchase,OTHER,1,5,38,28.77,1,700,0.017018,MEDIUM,APPROVED,0,0,700-800,50-75K
BL002163,2024-02-05 22:12:47,713,62939,30.11,2,21735,debt_consolidation,RENT,1,5,24,46.99,3,610,0.124665,HIGH,APPROVED,0,0,600-700,50-75K
BL002164,2024-07-27 11:36:45,676,76903,27.42,2,20727,credit_card,RENT,1,2,27,60.62,0,669,0.044019,HIGH,DECLINED,0,0,600-700,75-100K
BL002165,2024-08-23 19:15:45,710,63055,34.33,1,32602,home_improvement,MORTGAGE,1,5,45,31.38,2,651,0.051573,HIGH,APPROVED,0,0,600-700,50-75K
BL002166,2024-08-29 03:48:51,706,40004,31.42,22,16646,credit_card,MORTGAGE,0,0,0,74.79,0,666,0.045344,HIGH,DECLINED,0,0,600-700,<50K
BL002167,2024-08-16 13:25:48,662,30039,14.1,13,27413,home_improvement,MORTGAGE,0,0,0,34.25,3,653,0.070462,HIGH,APPROVED,0,0,600-700,<50K
BL002168,2024-08-09 10:23:19,684,57292,8.91,3,17382,major_purchase,MORTGAGE,1,9,18,51.09,1,667,0.030086,MEDIUM,APPROVED,0,0,600-700,50-75K
BL002169,2024-08-21 17:59:07,715,49471,3.96,1,50212,major_purchase,RENT,1,3,27,55.04,4,629,0.071644,HIGH,DECLINED,0,0,600-700,<50K
BL002170,2024-01-22 01:11:12,719,124990,20.61,12,9790,other,MORTGAGE,1,7,7,60.17,3,679,0.023248,MEDIUM,APPROVED,0,0,600-700,100K+
BL002171,2024-10-28 17:28:03,730,54938,27.8,1,28468,credit_card,RENT,0,0,0,89.23,0,702,0.017275,MEDIUM,APPROVED,0,0,700-800,50-75K
BL002172,2024-05-02 17:48:24,741,75241,24.83,2,16018,debt_consolidation,OWN,0,0,0,38.82,1,720,0.015726,LOW,APPROVED,0,0,700-800,75-100K
BL002173,2024-07-19 08:33:32,711,64199,19.73,14,28556,major_purchase,RENT,1,5,29,72.36,1,604,0.187959,VERY_HIGH,APPROVED,0,0,600-700,50-75K
BL002174,2024-08-30 03:26:21,726,28366,27.95,25,41888,credit_card,MORTGAGE,0,0,0,28.67,1,703,0.017345,MEDIUM,APPROVED,0,0,700-800,<50K
BL002175,2024-09-17 22:14:20,676,87924,10.43,9,13475,home_improvement,OTHER,0,0,0,65.05,1,661,0.03809,MEDIUM,APPROVED,0,0,600-700,75-100K
BL002176,2024-08-16 19:07:18,683,50755,34.83,6,16377,home_improvement,RENT,0,0,0,70.88,3,611,0.14283,HIGH,APPROVED,0,0,600-700,50-75K
BL002177,2024-05-30 00:04:49,754,32520,36.8,1,26804,credit_card,MORTGAGE,1,5,39,54.87,1,669,0.037727,MEDIUM,APPROVED,0,0,600-700,<50K
BL002178,2024-11-24 14:54:55,588,75203,34.48,1,35053,home_improvement,RENT,2,6,37,33.01,0,560,0.281113,VERY_HIGH,DECLINED,0,0,<600,75-100K
BL002179,2024-01-27 21:14:38,717,109000,30.01,11,9392,home_improvement,OWN,1,1,57,27.9,0,663,0.036476,MEDIUM,DECLINED,0,0,600-700,100K+
BL002180,2024-09-08 13:22:26,850,59145,39.33,4,20280,credit_card,OWN,1,7,54,86.13,3,709,0.011023,LOW,APPROVED,0,0,700-800,50-75K
BL002181,2024-10-18 09:59:24,595,54935,10.43,3,23932,debt_consolidation,RENT,0,0,0,61.27,2,583,0.260598,VERY_HIGH,DECLINED,0,30,<600,50-75K
BL002182,2024-10-11 11:10:38,779,46708,13.88,3,12844,other,RENT,0,0,0,32.09,3,756,0.004794,LOW,APPROVED,0,0,700-800,<50K
BL002183,2024-09-21 16:33:14,599,51410,23.65,10,7524,home_improvement,RENT,0,0,0,49.39,1,633,0.088819,HIGH,APPROVED,0,0,600-700,50-75K
BL002184,2024-01-24 16:22:38,716,102935,23.46,5,35368,other,MORTGAGE,0,0,0,46.85,1,712,0.014279,LOW,APPROVED,0,0,700-800,100K+
BL002185,2024-04-27 07:00:14,785,64710,20.4,5,43549,credit_card,MORTGAGE,0,0,0,49.11,0,817,0.000855,LOW,APPROVED,0,0,800+,50-75K
BL002186,2024-02-05 22:36:28,777,75391,28.12,4,19000,major_purchase,RENT,0,0,0,53.27,1,744,0.005772,LOW,APPROVED,0,0,700-800,75-100K
BL002187,2024-10-18 11:56:53,645,80801,20.54,18,18362,debt_consolidation,MORTGAGE,0,0,0,30.23,0,668,0.032163,MEDIUM,APPROVED,0,0,600-700,75-100K
BL002188,2024-08-24 21:16:45,623,18000,38.33,12,16447,debt_consolidation,RENT,0,0,0,76.32,2,512,0.682393,VERY_HIGH,DECLINED,0,0,<600,<50K
BL002189,2024-07-06 05:03:18,615,67125,24.07,4,8746,credit_card,OWN,3,2,41,48.52,0,556,0.420207,VERY_HIGH,APPROVED,1,150,<600,50-75K
BL002190,2024-09-14 13:39:18,733,80534,1.8,2,7655,home_improvement,RENT,0,0,0,46.77,2,757,0.00326,LOW,APPROVED,0,0,700-800,75-100K
BL002191,2024-04-09 01:54:36,672,68882,19.56,2,19574,credit_card,OWN,2,4,17,21.43,1,620,0.12456,HIGH,APPROVED,0,0,600-700,50-75K
BL002192,2024-12-03 03:48:59,694,31908,16.88,1,35424,credit_card,MORTGAGE,1,1,25,38.45,3,637,0.063961,HIGH,APPROVED,0,0,600-700,<50K
BL002193,2024-08-13 18:01:24,708,43736,10.06,11,29668,major_purchase,RENT,0,0,0,34.06,0,721,0.011461,LOW,APPROVED,1,150,700-800,<50K
BL002194,2024-12-22 00:41:46,716,84426,32.15,13,10586,debt_consolidation,RENT,0,0,0,44.76,0,771,0.002502,LOW,APPROVED,0,0,700-800,75-100K
BL002195,2024-07-27 18:26:27,723,75048,14.35,1,39559,major_purchase,MORTGAGE,1,4,13,35.64,0,691,0.014115,LOW,APPROVED,0,0,600-700,75-100K
BL002196,2024-04-10 21:06:37,700,76044,6.33,10,16076,credit_card,MORTGAGE,0,0,0,53.05,3,718,0.013243,LOW,APPROVED,0,0,700-800,75-100K
BL002197,2024-10-14 21:36:00,605,37199,19.58,2,63229,home_improvement,OWN,1,1,59,44.89,1,587,0.30895,VERY_HIGH,APPROVED,0,0,<600,<50K
BL002198,2024-12-03 12:08:11,773,70374,40.08,3,14048,credit_card,OTHER,1,4,29,38.13,1,725,0.011177,LOW,APPROVED,0,0,700-800,50-75K
BL002199,2024-01-11 13:55:45,542,119230,23.8,6,12357,other,OWN,0,0,0,58.3,3,502,0.704164,VERY_HIGH,DECLINED,0,0,<600,100K+
BL002200,2024-03-11 15:46:33,761,63413,40.76,3,31872,debt_consolidation,OWN,1,1,59,58.86,1,703,0.011592,LOW,APPROVED,0,0,700-800,50-75K
BL002201,2024-07-29 10:50:20,659,114095,29.55,20,9070,debt_consolidation,RENT,0,0,0,100.0,0,600,0.174246,HIGH,DECLINED,0,0,600-700,100K+
BL002202,2024-05-14 03:38:43,682,91827,40.39,3,20408,debt_consolidation,MORTGAGE,2,5,51,29.16,1,556,0.368068,VERY_HIGH,DECLINED,0,0,<600,75-100K
BL002203,2024-01-20 06:01:10,664,90142,29.75,5,23410,home_improvement,RENT,2,3,4,63.94,0,633,0.100567,HIGH,DECLINED,0,0,600-700,75-100K
BL002204,2024-04-10 18:22:14,672,45982,29.08,10,32707,debt_consolidation,MORTGAGE,0,0,0,52.44,1,635,0.068474,HIGH,APPROVED,0,0,600-700,<50K
BL002205,2024-02-03 00:42:51,691,46462,1.0,2,66931,debt_consolidation,MORTGAGE,1,7,18,56.76,2,712,0.010633,LOW,APPROVED,0,0,700-800,<50K
BL002206,2024-09-27 20:15:41,677,45977,10.65,11,18913,other,MORTGAGE,0,0,0,1.49,1,727,0.008675,LOW,DECLINED,0,0,700-800,<50K
BL002207,2024-02-11 18:10:12,632,104166,10.52,1,32711,credit_card,OTHER,2,3,3,0.0,2,694,0.017778,MEDIUM,APPROVED,0,0,600-700,100K+
BL002208,2024-07-30 02:05:59,739,109007,20.5,3,42327,debt_consolidation,OWN,0,0,0,41.34,1,699,0.012495,LOW,APPROVED,0,0,600-700,100K+
BL002209,2024-01-15 07:35:53,660,39019,32.03,7,13914,debt_consolidation,OWN,2,1,53,84.65,1,596,0.210205,VERY_HIGH,DECLINED,0,0,<600,<50K
BL002210,2024-08-28 06:17:01,766,34922,29.97,0,19469,major_purchase,MORTGAGE,1,2,44,59.3,0,684,0.02073,MEDIUM,APPROVED,0,0,600-700,<50K
BL002211,2024-08-02 02:48:46,684,65808,28.72,3,41333,major_purchase,MORTGAGE,1,5,32,37.6,1,668,0.03812,MEDIUM,APPROVED,0,0,600-700,50-75K
BL002212,2024-02-12 05:41:28,653,111925,5.42,5,20450,debt_consolidation,OWN,1,4,36,46.51,4,633,0.088678,HIGH,DECLINED,0,0,600-700,100K+
BL002213,2024-02-21 14:16:09,716,70253,13.72,3,26687,major_purchase,OWN,0,0,0,56.46,1,704,0.014684,LOW,APPROVED,0,0,700-800,50-75K
BL002214,2024-12-22 00:17:42,741,82685,21.26,12,47762,home_improvement,MORTGAGE,0,0,0,17.13,1,724,0.006682,LOW,APPROVED,0,0,700-800,75-100K
BL002215,2024-11-08 17:19:45,641,77262,27.69,4,11595,major_purchase,MORTGAGE,0,0,0,62.88,0,637,0.0667,HIGH,APPROVED,0,0,600-700,75-100K
BL002216,2024-12-18 14:01:53,676,80594,24.38,0,10357,home_improvement,RENT,0,0,0,22.41,0,688,0.023138,MEDIUM,APPROVED,0,0,600-700,75-100K
BL002217,2024-06-08 18:26:33,771,58552,14.64,1,67631,home_improvement,MORTGAGE,1,2,30,34.43,4,667,0.026532,MEDIUM,APPROVED,0,0,600-700,50-75K
BL002218,2024-04-19 19:32:54,637,77154,9.42,2,26065,major_purchase,MORTGAGE,0,0,0,47.77,0,666,0.052836,HIGH,APPROVED,0,0,600-700,75-100K
BL002219,2024-12-11 06:20:31,645,84565,31.96,13,37992,home_improvement,RENT,0,0,0,33.24,2,635,0.082774,HIGH,DECLINED,0,0,600-700,75-100K
BL002220,2024-10-14 17:35:21,701,59237,13.73,1,40583,credit_card,RENT,0,0,0,90.99,1,665,0.039956,MEDIUM,APPROVED,0,0,600-700,50-75K
BL002221,2024-06-10 08:48:11,625,132052,21.37,1,33646,credit_card,RENT,0,0,0,50.83,0,667,0.028163,MEDIUM,DECLINED,0,0,600-700,100K+
BL002222,2024-10-03 03:27:06,556,38641,23.01,38,29880,debt_consolidation,RENT,0,0,0,33.63,2,550,0.418894,VERY_HIGH,APPROVED,0,0,<600,<50K
BL002223,2024-03-01 17:07:01,600,52325,27.21,3,10858,debt_consolidation,RENT,1,8,3,57.11,1,521,0.604745,VERY_HIGH,DECLINED,1,60,<600,50-75K
BL002224,2024-01-05 16:54:54,713,42610,16.02,8,23996,home_improvement,MORTGAGE,0,0,0,62.12,2,651,0.035951,MEDIUM,APPROVED,0,0,600-700,<50K
BL002225,2024-05-13 01:43:28,728,100331,11.9,0,7508,home_improvement,RENT,0,0,0,26.57,1,739,0.004308,LOW,APPROVED,0,0,700-800,100K+
BL002226,2024-03-05 04:00:11,725,101196,21.14,1,12121,credit_card,OTHER,1,5,32,62.33,2,689,0.028474,MEDIUM,APPROVED,0,30,600-700,100K+
BL002227,2024-02-02 07:23:41,714,44481,14.88,3,85178,major_purchase,RENT,2,5,17,48.8,1,661,0.032303,MEDIUM,APPROVED,0,0,600-700,<50K
BL002228,2024-10-21 01:07:30,624,64314,24.33,14,12361,other,RENT,1,2,31,14.08,2,595,0.202377,VERY_HIGH,DECLINED,0,0,<600,50-75K
BL002229,2024-02-27 09:44:00,729,50787,9.04,1,39772,major_purchase,OWN,0,0,0,33.84,2,742,0.006582,LOW,APPROVED,0,0,700-800,50-75K
BL002230,2024-05-03 17:52:47,755,33732,19.3,4,25526,other,RENT,0,0,0,59.6,2,685,0.020482,MEDIUM,APPROVED,0,0,600-700,<50K
BL002231,2024-10-19 07:33:10,654,43313,11.32,6,18300,credit_card,RENT,0,0,0,19.48,0,674,0.032704,MEDIUM,APPROVED,0,0,600-700,<50K
BL002232,2024-09-08 02:35:55,744,72081,42.86,14,27654,debt_consolidation,RENT,0,0,0,46.52,1,677,0.02614,MEDIUM,DECLINED,1,60,600-700,50-75K
BL002233,2024-09-13 07:19:55,672,80008,6.38,1,46267,credit_card,RENT,0,0,0,60.5,2,671,0.029064,MEDIUM,APPROVED,0,30,600-700,75-100K
BL002234,2024-07-24 07:57:32,703,44808,18.17,5,11562,debt_consolidation,RENT,1,7,44,50.52,2,664,0.050084,HIGH,APPROVED,0,0,600-700,<50K
BL002235,2024-07-08 07:58:29,712,62074,20.0,9,32284,credit_card,RENT,0,0,0,0.0,0,741,0.00484,LOW,APPROVED,0,0,700-800,50-75K
BL002236,2024-10-25 13:50:29,610,89839,17.79,8,20125,major_purchase,RENT,0,0,0,72.44,3,622,0.066237,HIGH,APPROVED,0,0,600-700,75-100K
BL002237,2024-07-12 06:53:04,773,115255,11.19,23,17104,other,RENT,1,3,26,36.45,2,743,0.003827,LOW,APPROVED,0,0,700-800,100K+
BL002238,2024-07-24 15:45:43,645,72646,14.18,3,22484,home_improvement,RENT,1,2,40,62.15,0,648,0.055323,HIGH,APPROVED,0,0,600-700,50-75K
BL002239,2024-04-14 06:58:23,687,43236,21.31,6,46177,debt_consolidation,MORTGAGE,2,4,7,44.57,0,662,0.04855,HIGH,APPROVED,0,60,600-700,<50K
BL002240,2024-03-15 20:02:46,665,30750,36.76,6,30695,other,MORTGAGE,1,0,8,19.41,1,618,0.09906,HIGH,APPROVED,0,0,600-700,<50K
BL002241,2024-05-24 05:49:43,717,64110,35.22,9,47444,debt_consolidation,OTHER,0,0,0,38.37,2,704,0.018871,MEDIUM,APPROVED,0,0,700-800,50-75K
BL002242,2024-01-21 01:44:32,716,54166,40.04,18,25254,other,RENT,1,5,5,6.63,1,659,0.02818,MEDIUM,APPROVED,0,0,600-700,50-75K
BL002243,2024-08-14 06:07:22,693,47942,18.87,3,40963,other,RENT,0,0,0,36.25,1,682,0.020719,MEDIUM,APPROVED,0,30,600-700,<50K
BL002244,2024-05-14 21:56:15,770,45729,25.49,1,36907,debt_consolidation,MORTGAGE,1,7,39,76.9,0,696,0.017067,MEDIUM,APPROVED,0,0,600-700,<50K
BL002245,2024-09-16 21:27:10,708,48441,36.04,2,13957,credit_card,MORTGAGE,2,5,50,32.11,0,639,0.06575,HIGH,DECLINED,1,90,600-700,<50K
BL002246,2024-08-01 07:33:26,670,66688,29.2,4,15929,other,OWN,0,0,0,70.95,0,667,0.029664,MEDIUM,APPROVED,0,0,600-700,50-75K
BL002247,2024-10-02 12:46:38,534,84188,26.31,0,17858,debt_consolidation,RENT,3,1,47,25.11,2,492,0.81567,VERY_HIGH,DECLINED,1,60,<600,75-100K
BL002248,2024-02-17 02:57:50,677,43243,25.23,6,21829,debt_consolidation,MORTGAGE,1,4,30,41.41,3,615,0.095854,HIGH,DECLINED,0,0,600-700,<50K
BL002249,2024-12-21 00:36:16,676,142934,32.17,0,54839,debt_consolidation,RENT,1,2,4,60.9,2,638,0.062392,HIGH,DECLINED,0,0,600-700,100K+
BL002250,2024-12-06 10:11:38,644,117518,19.4,4,22939,other,RENT,0,0,0,50.6,2,648,0.05257,HIGH,APPROVED,0,0,600-700,100K+
BL002251,2024-09-26 20:12:56,645,55818,27.22,18,25119,other,RENT,1,2,31,74.86,0,629,0.060145,HIGH,APPROVED,0,30,600-700,50-75K
BL002252,2024-08-11 09:25:48,725,71519,16.86,20,44355,other,MORTGAGE,1,4,19,28.41,0,713,0.010774,LOW,APPROVED,0,0,700-800,50-75K
BL002253,2024-01-01 19:22:49,750,122767,31.3,14,12924,other,RENT,0,0,0,86.11,1,682,0.025276,MEDIUM,APPROVED,0,0,600-700,100K+
BL002254,2024-03-17 07:35:00,796,41498,29.51,10,28073,other,OWN,0,0,0,19.31,0,803,0.001103,LOW,APPROVED,0,0,800+,<50K
BL002255,2024-06-16 04:46:38,755,47399,24.1,1,12614,debt_consolidation,RENT,1,1,24,36.55,2,669,0.04437,HIGH,APPROVED,0,0,600-700,<50K
BL002256,2024-12-17 22:13:10,653,47522,11.98,11,26483,credit_card,RENT,1,4,10,36.6,0,611,0.120565,HIGH,APPROVED,0,0,600-700,<50K
BL002257,2024-03-19 13:20:37,706,39778,23.09,9,15121,home_improvement,OWN,1,3,53,33.77,1,666,0.043917,HIGH,APPROVED,0,0,600-700,<50K
BL002258,2024-11-08 11:12:02,617,85862,39.06,4,5836,other,RENT,0,0,0,26.25,1,619,0.119249,HIGH,DECLINED,0,0,600-700,75-100K
BL002259,2024-02-21 10:22:23,732,56675,19.02,1,14298,other,MORTGAGE,0,0,0,41.4,0,699,0.01377,LOW,APPROVED,0,0,600-700,50-75K
BL002260,2024-02-24 03:54:47,712,65281,27.06,2,20096,major_purchase,MORTGAGE,2,4,51,55.35,1,596,0.152242,HIGH,DECLINED,0,0,<600,50-75K
BL002261,2024-09-03 02:05:34,659,64820,7.86,2,29034,home_improvement,MORTGAGE,0,0,0,5.69,0,711,0.014701,LOW,APPROVED,0,0,700-800,50-75K
BL002262,2024-08-02 14:06:04,686,57168,14.13,2,6836,credit_card,OWN,1,4,14,4.64,2,611,0.091409,HIGH,APPROVED,0,0,600-700,50-75K
BL002263,2024-04-23 16:28:48,678,122780,23.54,3,6910,debt_consolidation,MORTGAGE,1,5,3,65.25,1,628,0.109345,HIGH,DECLINED,0,0,600-700,100K+
BL002264,2024-03-12 12:46:54,657,58057,32.12,8,27467,debt_consolidation,MORTGAGE,0,0,0,47.36,0,649,0.056248,HIGH,DECLINED,0,0,600-700,50-75K
BL002265,2024-10-02 08:32:58,765,42681,31.4,13,24865,debt_consolidation,MORTGAGE,1,5,39,32.3,0,698,0.02079,MEDIUM,APPROVED,0,0,600-700,<50K
BL002266,2024-09-16 09:38:20,850,33833,18.27,2,9656,debt_consolidation,MORTGAGE,0,0,0,74.03,1,811,0.000674,LOW,APPROVED,0,0,800+,<50K
BL002267,2024-11-28 23:26:16,738,46197,41.23,2,33839,debt_consolidation,OWN,1,5,30,70.78,1,636,0.051921,HIGH,APPROVED,0,0,600-700,<50K
BL002268,2024-01-18 12:15:26,750,67976,1.0,3,60454,debt_consolidation,OWN,0,0,0,77.32,1,769,0.002661,LOW,APPROVED,0,0,700-800,50-75K
BL002269,2024-05-26 09:21:23,701,67525,9.9,2,29954,home_improvement,RENT,1,9,34,22.48,1,707,0.01448,LOW,APPROVED,0,0,700-800,50-75K
BL002270,2024-06-03 20:40:17,673,71096,33.62,8,19016,other,MORTGAGE,0,0,0,38.69,5,618,0.137728,HIGH,DECLINED,0,0,600-700,50-75K
BL002271,2024-08-08 12:11:37,813,51965,35.62,11,38525,major_purchase,OWN,0,0,0,97.8,0,751,0.004053,LOW,APPROVED,0,0,700-800,50-75K
BL002272,2024-12-18 15:06:19,672,76043,39.72,13,7692,debt_consolidation,MORTGAGE,0,0,0,57.97,0,627,0.088916,HIGH,APPROVED,0,0,600-700,75-100K
BL002273,2024-09-21 09:20:35,714,76713,15.66,1,21659,home_improvement,RENT,0,0,0,51.08,2,721,0.008144,LOW,APPROVED,1,60,700-800,75-100K
BL002274,2024-04-04 22:35:41,686,36662,10.7,12,38219,other,OTHER,0,0,0,59.44,0,687,0.023432,MEDIUM,APPROVED,0,60,600-700,<50K
BL002275,2024-02-06 19:33:31,725,74801,10.04,8,36216,credit_card,MORTGAGE,1,5,32,30.83,2,723,0.006214,LOW,APPROVED,0,0,700-800,50-75K
BL002276,2024-06-01 16:19:31,690,75414,14.71,2,23982,home_improvement,OTHER,2,6,2,0.0,1,716,0.009836,LOW,APPROVED,0,0,700-800,75-100K
BL002277,2024-02-14 12:55:57,725,55499,27.64,3,14206,home_improvement,RENT,0,0,0,38.19,2,681,0.026566,MEDIUM,APPROVED,0,0,600-700,50-75K
BL002278,2024-05-13 13:30:06,623,102148,19.93,12,33612,credit_card,MORTGAGE,1,3,31,40.27,1,652,0.075408,HIGH,APPROVED,0,0,600-700,100K+
BL002279,2024-02-23 20:05:08,687,64312,19.94,19,16764,credit_card,MORTGAGE,0,0,0,67.72,0,657,0.041516,MEDIUM,APPROVED,0,0,600-700,50-75K
BL002280,2024-12-18 14:35:49,768,44822,29.34,12,24306,major_purchase,MORTGAGE,0,0,0,72.59,4,719,0.007145,LOW,APPROVED,0,0,700-800,<50K
BL002281,2024-01-11 19:32:23,636,95431,21.59,3,7303,other,MORTGAGE,2,4,36,70.96,2,591,0.2883,VERY_HIGH,APPROVED,0,0,<600,75-100K
BL002282,2024-11-05 01:06:31,656,138101,25.16,2,21063,debt_consolidation,RENT,0,0,0,27.76,0,694,0.0189,MEDIUM,APPROVED,0,0,600-700,100K+
BL002283,2024-11-22 20:40:23,768,37535,37.23,1,21252,major_purchase,OWN,0,0,0,0.0,2,732,0.008385,LOW,APPROVED,0,0,700-800,<50K
BL002284,2024-06-15 21:14:01,715,60810,17.05,11,18081,major_purchase,MORTGAGE,0,0,0,51.5,3,708,0.010242,LOW,APPROVED,0,0,700-800,50-75K
BL002285,2024-04-03 11:39:25,751,92984,24.45,2,12813,major_purchase,OTHER,0,0,0,58.06,1,687,0.01424,LOW,APPROVED,0,0,600-700,75-100K
BL002286,2024-07-12 19:24:58,569,82410,16.42,6,35162,credit_card,MORTGAGE,0,0,0,22.11,1,599,0.165879,HIGH,DECLINED,0,0,<600,75-100K
BL002287,2024-03-08 11:47:06,700,98785,30.37,6,44917,other,MORTGAGE,0,0,0,57.89,0,689,0.022349,MEDIUM,APPROVED,0,30,600-700,75-100K
BL002288,2024-03-22 16:05:42,622,112637,12.72,2,30499,debt_consolidation,MORTGAGE,1,4,6,50.77,2,635,0.091163,HIGH,APPROVED,1,90,600-700,100K+
BL002289,2024-08-24 11:30:09,616,28314,14.89,18,15749,home_improvement,RENT,2,5,45,32.18,1,605,0.190087,VERY_HIGH,DECLINED,1,90,600-700,<50K
BL002290,2024-01-06 12:14:51,715,85433,29.67,1,7746,debt_consolidation,OWN,0,0,0,44.79,0,709,0.009962,LOW,APPROVED,0,0,700-800,75-100K
BL002291,2024-04-10 07:48:42,757,30452,4.78,2,26085,other,RENT,1,4,28,47.34,0,743,0.004961,LOW,APPROVED,0,0,700-800,<50K
BL002292,2024-11-26 12:14:03,610,41205,40.47,1,18271,major_purchase,OWN,0,0,0,16.87,1,557,0.295623,VERY_HIGH,DECLINED,0,0,<600,<50K
BL002293,2024-09-12 00:24:49,631,38693,29.36,1,11362,debt_consolidation,RENT,0,0,0,24.12,1,614,0.097134,HIGH,APPROVED,0,0,600-700,<50K
BL002294,2024-10-24 15:22:47,660,77753,21.92,9,23738,debt_consolidation,MORTGAGE,0,0,0,11.22,0,703,0.012159,LOW,APPROVED,0,0,700-800,75-100K
BL002295,2024-09-20 17:00:02,685,29938,20.27,1,9032,debt_consolidation,RENT,0,0,0,32.89,1,640,0.065657,HIGH,APPROVED,0,0,600-700,<50K
BL002296,2024-11-10 16:26:03,619,65628,28.3,10,66841,home_improvement,RENT,1,5,27,61.59,2,577,0.338136,VERY_HIGH,DECLINED,0,0,<600,50-75K
BL002297,2024-07-04 21:45:23,817,31967,27.34,4,2827,debt_consolidation,RENT,1,7,50,39.25,2,742,0.005749,LOW,APPROVED,0,0,700-800,<50K
BL002298,2024-09-18 03:33:18,724,152662,14.38,5,26955,credit_card,MORTGAGE,0,0,0,12.6,2,760,0.004337,LOW,APPROVED,0,0,700-800,100K+
BL002299,2024-07-20 03:36:38,672,49537,24.9,1,51806,major_purchase,RENT,0,0,0,43.24,1,597,0.124339,HIGH,APPROVED,0,30,<600,<50K
BL002300,2024-09-29 21:28:27,663,62232,15.62,1,29053,other,RENT,0,0,0,47.93,2,654,0.050062,HIGH,APPROVED,0,0,600-700,50-75K
BL002301,2024-06-29 07:09:46,820,37059,18.84,2,19346,debt_consolidation,MORTGAGE,1,3,56,64.51,0,767,0.001883,LOW,APPROVED,0,0,700-800,<50K
BL002302,2024-08-28 08:24:10,815,48450,23.41,11,46561,credit_card,MORTGAGE,0,0,0,63.66,1,751,0.004819,LOW,APPROVED,0,0,700-800,<50K
BL002303,2024-06-29 17:45:46,665,112585,24.33,7,10174,credit_card,OWN,0,0,0,41.99,0,658,0.039075,MEDIUM,APPROVED,0,0,600-700,100K+
BL002304,2024-10-15 01:30:00,711,69959,20.83,8,9348,major_purchase,RENT,1,3,19,0.0,2,712,0.011553,LOW,APPROVED,0,0,700-800,50-75K
BL002305,2024-09-22 10:05:44,761,37328,22.77,3,16506,other,RENT,0,0,0,34.67,0,756,0.004164,LOW,APPROVED,0,0,700-800,<50K
BL002306,2024-01-12 02:51:33,627,50060,19.83,9,12928,credit_card,RENT,1,3,58,82.25,0,602,0.167646,HIGH,DECLINED,0,0,600-700,50-75K
BL002307,2024-03-09 00:36:49,659,58374,20.75,9,16786,major_purchase,RENT,0,0,0,13.69,2,664,0.028517,MEDIUM,APPROVED,0,0,600-700,50-75K
BL002308,2024-07-10 09:28:08,766,137104,38.08,9,20153,debt_consolidation,MORTGAGE,1,4,38,46.71,1,712,0.008866,LOW,APPROVED,0,0,700-800,100K+
BL002309,2024-01-23 04:38:20,653,59449,36.88,4,7333,debt_consolidation,MORTGAGE,1,4,33,30.02,3,570,0.25569,VERY_HIGH,DECLINED,0,0,<600,50-75K
BL002310,2024-02-09 17:52:36,668,76164,15.44,5,14623,credit_card,RENT,1,1,54,38.9,2,636,0.060955,HIGH,DECLINED,0,0,600-700,75-100K
BL002311,2024-08-03 18:47:28,617,100359,3.62,1,33219,debt_consolidation,RENT,0,0,0,75.73,4,625,0.084298,HIGH,APPROVED,0,0,600-700,100K+
BL002312,2024-11-26 02:37:17,650,181848,31.22,1,71834,home_improvement,RENT,0,0,0,45.66,4,626,0.110337,HIGH,APPROVED,0,0,600-700,100K+
BL002313,2024-06-20 06:52:30,729,83693,40.91,1,44786,credit_card,RENT,1,4,3,61.92,2,596,0.117408,HIGH,APPROVED,0,0,<600,75-100K
BL002314,2024-04-08 10:39:03,646,38866,21.71,2,15454,credit_card,MORTGAGE,1,2,31,59.57,0,631,0.150498,HIGH,APPROVED,0,0,600-700,<50K
BL002315,2024-08-22 01:06:20,619,40252,27.37,0,37891,debt_consolidation,MORTGAGE,0,0,0,28.29,1,617,0.113421,HIGH,APPROVED,0,0,600-700,<50K
BL002316,2024-01-25 05:00:24,657,134293,24.12,3,14721,home_improvement,MORTGAGE,1,3,38,58.43,1,652,0.051183,HIGH,APPROVED,0,0,600-700,100K+
BL002317,2024-03-16 04:13:40,789,75255,27.0,5,6171,major_purchase,RENT,0,0,0,27.44,1,718,0.008023,LOW,APPROVED,0,0,700-800,75-100K
BL002318,2024-08-23 16:19:43,701,26530,19.23,6,32542,credit_card,RENT,0,0,0,54.13,5,609,0.128044,HIGH,APPROVED,0,0,600-700,<50K
BL002319,2024-01-19 07:14:54,660,49840,23.78,16,17558,debt_consolidation,OWN,1,4,15,57.33,1,626,0.086766,HIGH,APPROVED,0,0,600-700,<50K
BL002320,2024-03-10 03:28:10,700,51041,21.77,4,21878,other,RENT,0,0,0,48.04,0,678,0.021615,MEDIUM,APPROVED,0,0,600-700,50-75K
BL002321,2024-03-23 08:28:33,716,53759,21.38,3,21014,debt_consolidation,OWN,0,0,0,33.2,2,695,0.022882,MEDIUM,APPROVED,0,0,600-700,50-75K
BL002322,2024-09-17 03:03:19,698,83577,25.55,3,8685,credit_card,MORTGAGE,0,0,0,22.91,3,706,0.012146,LOW,APPROVED,0,0,700-800,75-100K
BL002323,2024-11-26 15:21:03,591,84641,11.21,9,25272,debt_consolidation,RENT,1,6,17,57.04,3,560,0.376997,VERY_HIGH,DECLINED,0,0,<600,75-100K
BL002324,2024-02-12 22:31:04,707,114134,34.22,4,40656,home_improvement,MORTGAGE,2,2,7,44.78,3,639,0.063064,HIGH,APPROVED,0,0,600-700,100K+
BL002325,2024-04-16 11:44:29,679,26882,24.92,0,23361,major_purchase,MORTGAGE,2,2,9,65.55,2,599,0.312801,VERY_HIGH,APPROVED,0,0,<600,<50K
BL002326,2024-06-24 16:16:29,737,71517,25.88,5,14998,home_improvement,MORTGAGE,1,4,25,80.08,2,650,0.046955,HIGH,APPROVED,0,0,600-700,50-75K
BL002327,2024-06-22 20:46:39,616,57200,17.5,7,7888,home_improvement,RENT,0,0,0,28.23,2,615,0.141929,HIGH,DECLINED,0,0,600-700,50-75K
BL002328,2024-09-10 01:24:26,749,38944,5.37,1,17403,debt_consolidation,RENT,1,7,41,87.95,0,720,0.012326,LOW,APPROVED,0,0,700-800,<50K
BL002329,2024-05-11 13:13:20,663,91396,22.96,11,14917,debt_consolidation,RENT,0,0,0,35.77,1,621,0.086071,HIGH,APPROVED,0,0,600-700,75-100K
BL002330,2024-04-27 06:49:33,596,34575,19.63,4,19092,debt_consolidation,MORTGAGE,0,0,0,70.07,0,593,0.171918,HIGH,DECLINED,0,0,<600,<50K
BL002331,2024-10-21 17:30:30,764,33653,1.59,0,16696,major_purchase,OWN,0,0,0,44.82,1,724,0.006249,LOW,APPROVED,0,0,700-800,<50K
BL002332,2024-07-22 09:02:01,662,129525,34.63,6,15061,home_improvement,RENT,1,5,51,62.54,2,595,0.21182,VERY_HIGH,DECLINED,0,0,<600,100K+
BL002333,2024-02-08 04:48:10,711,75363,37.89,1,19668,credit_card,RENT,1,4,35,26.11,1,648,0.065775,HIGH,APPROVED,0,0,600-700,75-100K
BL002334,2024-01-21 17:12:47,681,90710,21.22,3,9696,credit_card,OTHER,1,2,31,55.29,2,664,0.049916,HIGH,APPROVED,0,30,600-700,75-100K
BL002335,2024-02-29 11:44:36,751,113120,28.3,13,7377,home_improvement,OWN,1,2,54,94.3,3,629,0.073926,HIGH,DECLINED,0,0,600-700,100K+
BL002336,2024-04-08 07:41:48,751,35346,37.61,7,13725,credit_card,OTHER,0,0,0,17.48,0,687,0.021893,MEDIUM,APPROVED,0,60,600-700,<50K
BL002337,2024-07-28 05:18:51,752,116124,29.68,4,10692,home_improvement,MORTGAGE,0,0,0,48.32,0,730,0.006344,LOW,APPROVED,0,0,700-800,100K+
BL002338,2024-01-28 07:51:06,730,65790,1.0,16,23952,home_improvement,MORTGAGE,0,0,0,39.44,3,719,0.010542,LOW,APPROVED,0,0,700-800,50-75K
BL002339,2024-04-16 21:11:17,601,79955,35.27,1,38907,major_purchase,MORTGAGE,1,4,25,41.48,2,525,0.435605,VERY_HIGH,APPROVED,0,0,<600,75-100K
BL002340,2024-01-24 11:52:03,597,90323,6.83,3,27190,major_purchase,OTHER,0,0,0,61.65,0,655,0.075818,HIGH,APPROVED,1,90,600-700,75-100K
BL002341,2024-10-28 13:47:56,701,83726,19.51,3,15527,major_purchase,MORTGAGE,0,0,0,50.7,1,710,0.010062,LOW,APPROVED,0,0,700-800,75-100K
BL002342,2024-11-06 11:42:17,637,52987,38.3,5,15931,credit_card,RENT,0,0,0,57.33,2,613,0.159251,HIGH,APPROVED,0,0,600-700,50-75K
BL002343,2024-08-04 17:49:44,716,62490,16.23,1,26540,home_improvement,RENT,0,0,0,36.82,2,695,0.014049,LOW,APPROVED,0,0,600-700,50-75K
BL002344,2024-07-31 21:26:08,699,67709,9.82,1,26641,home_improvement,RENT,2,5,12,42.86,1,637,0.081818,HIGH,APPROVED,0,0,600-700,50-75K
BL002345,2024-08-15 22:41:34,612,101123,22.57,1,30590,major_purchase,RENT,1,5,57,100.0,0,591,0.192996,VERY_HIGH,APPROVED,0,0,<600,100K+
BL002346,2024-09-12 10:36:17,633,23323,20.89,8,11841,debt_consolidation,MORTGAGE,0,0,0,12.54,1,643,0.057287,HIGH,APPROVED,1,90,600-700,<50K
BL002347,2024-07-02 21:10:27,627,119025,3.86,19,29057,debt_consolidation,RENT,0,0,0,16.96,0,723,0.012613,LOW,APPROVED,0,0,700-800,100K+
BL002348,2024-12-10 01:10:30,641,41443,37.06,3,71123,credit_card,MORTGAGE,0,0,0,53.09,2,608,0.217979,VERY_HIGH,APPROVED,1,120,600-700,<50K
BL002349,2024-09-30 19:37:16,678,167733,23.17,5,40829,major_purchase,RENT,0,0,0,45.78,1,672,0.024613,MEDIUM,APPROVED,0,0,600-700,100K+
BL002350,2024-06-09 17:32:05,728,78281,21.96,3,35139,debt_consolidation,RENT,2,4,4,18.19,1,692,0.017238,MEDIUM,APPROVED,0,0,600-700,75-100K
BL002351,2024-05-08 01:12:52,764,138843,23.98,0,19347,debt_consolidation,OWN,2,3,11,41.19,1,712,0.008002,LOW,APPROVED,0,0,700-800,100K+
BL002352,2024-10-07 18:32:09,636,56941,24.42,1,17001,debt_consolidation,OWN,1,1,37,38.67,0,624,0.140243,HIGH,APPROVED,0,0,600-700,50-75K
BL002353,2024-11-06 19:54:29,659,137574,35.74,6,23688,other,MORTGAGE,1,1,44,60.5,1,593,0.247198,VERY_HIGH,APPROVED,0,0,<600,100K+
BL002354,2024-12-04 02:35:16,776,76274,21.5,15,12713,major_purchase,MORTGAGE,2,2,58,54.95,1,723,0.010145,LOW,APPROVED,0,0,700-800,75-100K
BL002355,2024-01-14 17:20:33,740,76193,17.66,5,11176,debt_consolidation,RENT,0,0,0,66.78,4,666,0.027431,MEDIUM,APPROVED,0,0,600-700,75-100K
BL002356,2024-04-11 00:03:35,703,77552,27.66,1,26977,debt_consolidation,RENT,1,4,6,39.35,1,674,0.031714,MEDIUM,APPROVED,0,0,600-700,75-100K
BL002357,2024-07-23 10:54:53,560,20567,25.99,1,6699,major_purchase,OWN,0,0,0,33.07,2,524,0.593885,VERY_HIGH,DECLINED,1,90,<600,<50K
BL002358,2024-01-02 15:18:56,634,32395,29.63,2,21791,credit_card,RENT,2,4,45,38.02,1,563,0.335715,VERY_HIGH,DECLINED,1,90,<600,<50K
BL002359,2024-05-09 15:37:05,699,30415,15.39,2,38080,major_purchase,RENT,0,0,0,67.15,2,653,0.051794,HIGH,APPROVED,0,0,600-700,<50K
BL002360,2024-04-25 17:14:16,657,65584,27.72,1,11479,major_purchase,RENT,1,3,23,47.35,4,599,0.214887,VERY_HIGH,DECLINED,0,0,<600,50-75K
BL002361,2024-03-06 17:30:40,800,57102,28.7,4,18768,other,MORTGAGE,2,5,21,23.88,1,746,0.006328,LOW,APPROVED,0,0,700-800,50-75K
BL002362,2024-12-21 03:54:35,695,91457,14.0,5,12933,debt_consolidation,RENT,2,3,36,46.47,2,694,0.020547,MEDIUM,APPROVED,0,0,600-700,75-100K
BL002363,2024-09-22 09:46:35,706,73997,28.26,1,59632,debt_consolidation,OWN,0,0,0,42.42,2,678,0.03692,MEDIUM,APPROVED,0,0,600-700,50-75K
BL002364,2024-01-05 06:14:17,629,110448,23.16,1,19634,other,RENT,1,7,25,45.74,1,621,0.117653,HIGH,APPROVED,0,0,600-700,100K+
BL002365,2024-11-01 03:57:31,632,45949,36.48,6,32565,debt_consolidation,RENT,1,5,53,58.74,2,590,0.218511,VERY_HIGH,DECLINED,1,60,<600,<50K
BL002366,2024-08-04 19:26:10,653,73962,38.83,5,12609,other,RENT,0,0,0,29.04,0,643,0.073595,HIGH,APPROVED,0,0,600-700,50-75K
BL002367,2024-12-21 02:17:28,655,50334,26.44,2,20655,credit_card,RENT,1,2,11,33.49,2,642,0.07036,HIGH,APPROVED,0,30,600-700,50-75K
BL002368,2024-08-19 15:09:01,677,37288,13.08,4,10531,major_purchase,MORTGAGE,2,3,37,43.13,1,653,0.053006,HIGH,APPROVED,0,0,600-700,<50K
BL002369,2024-03-24 19:12:27,711,28338,23.09,3,14428,other,OWN,0,0,0,44.51,0,697,0.024318,MEDIUM,APPROVED,0,0,600-700,<50K
BL002370,2024-01-16 17:30:01,703,60231,15.32,2,10245,debt_consolidation,MORTGAGE,0,0,0,52.97,3,727,0.010141,LOW,APPROVED,0,0,700-800,50-75K
BL002371,2024-11-27 00:24:41,745,41429,15.95,21,9494,home_improvement,MORTGAGE,1,3,10,33.11,2,697,0.017563,MEDIUM,APPROVED,0,0,600-700,<50K
BL002372,2024-08-03 08:30:49,615,49372,34.92,1,27667,home_improvement,OTHER,0,0,0,40.07,0,612,0.133024,HIGH,DECLINED,1,90,600-700,<50K
BL002373,2024-01-26 02:00:41,701,40691,28.52,1,27093,other,OTHER,0,0,0,15.67,1,686,0.02601,MEDIUM,APPROVED,0,0,600-700,<50K
BL002374,2024-06-16 16:57:44,703,38234,20.57,6,18632,major_purchase,RENT,0,0,0,55.63,3,673,0.038009,MEDIUM,APPROVED,0,0,600-700,<50K
BL002375,2024-02-23 00:24:19,778,224068,13.64,7,21547,other,RENT,1,2,10,35.37,2,776,0.002039,LOW,APPROVED,0,0,700-800,100K+
BL002376,2024-06-17 16:30:11,678,63885,25.22,1,22491,debt_consolidation,RENT,0,0,0,53.09,1,618,0.098852,HIGH,APPROVED,0,0,600-700,50-75K
BL002377,2024-06-06 11:47:31,708,34652,35.67,0,25654,debt_consolidation,MORTGAGE,1,4,20,48.93,3,589,0.154294,HIGH,DECLINED,0,0,<600,<50K
BL002378,2024-07-17 11:14:30,644,57323,28.77,8,7349,major_purchase,RENT,1,5,9,4.27,0,662,0.064134,HIGH,APPROVED,0,0,600-700,50-75K
BL002379,2024-07-11 04:15:46,713,63125,25.47,4,30553,credit_card,MORTGAGE,3,6,4,67.45,1,620,0.119341,HIGH,APPROVED,0,0,600-700,50-75K
BL002380,2024-09-28 14:25:17,712,32163,25.67,1,12454,major_purchase,MORTGAGE,2,4,40,38.16,1,627,0.096274,HIGH,APPROVED,0,0,600-700,<50K
BL002381,2024-07-05 15:02:21,655,100807,35.87,4,19770,debt_consolidation,RENT,0,0,0,45.98,2,599,0.223679,VERY_HIGH,APPROVED,0,0,<600,100K+
BL002382,2024-05-05 21:41:21,665,41087,31.38,0,43555,debt_consolidation,MORTGAGE,1,5,36,19.76,0,661,0.064893,HIGH,DECLINED,0,0,600-700,<50K
BL002383,2024-03-08 09:34:17,688,79005,25.17,6,10374,debt_consolidation,RENT,0,0,0,61.54,2,655,0.039429,MEDIUM,APPROVED,0,0,600-700,75-100K
BL002384,2024-02-23 02:22:33,722,50544,4.49,2,63683,other,OWN,0,0,0,39.14,1,767,0.004127,LOW,APPROVED,0,0,700-800,50-75K
BL002385,2024-01-12 07:33:24,626,43119,30.0,9,15156,debt_consolidation,RENT,2,4,44,53.3,0,573,0.387289,VERY_HIGH,DECLINED,0,0,<600,<50K
BL002386,2024-04-06 02:08:18,739,267996,25.4,8,11574,other,RENT,0,0,0,55.11,2,752,0.005373,LOW,APPROVED,0,0,700-800,100K+
BL002387,2024-02-24 04:45:49,671,46985,23.34,6,46087,home_improvement,RENT,0,0,0,42.23,0,677,0.026282,MEDIUM,DECLINED,0,0,600-700,<50K
BL002388,2024-06-09 18:23:09,795,31067,34.08,1,11219,major_purchase,MORTGAGE,2,4,20,20.62,2,664,0.038456,MEDIUM,APPROVED,0,0,600-700,<50K
BL002389,2024-12-09 20:22:33,771,48874,16.5,16,25806,home_improvement,MORTGAGE,1,2,41,29.41,1,727,0.009031,LOW,APPROVED,0,0,700-800,<50K
BL002390,2024-01-09 18:54:12,667,39356,26.51,23,8112,home_improvement,RENT,0,0,0,57.21,1,644,0.068683,HIGH,APPROVED,0,0,600-700,<50K
BL002391,2024-08-23 12:20:57,655,101117,24.91,7,29418,debt_consolidation,OTHER,2,3,14,38.74,1,633,0.08613,HIGH,DECLINED,1,150,600-700,100K+
BL002392,2024-10-26 23:09:02,826,75247,10.53,9,9491,credit_card,RENT,2,2,33,26.27,3,792,0.001785,LOW,APPROVED,0,0,700-800,75-100K
BL002393,2024-06-18 13:25:31,725,36058,21.84,2,10817,other,MORTGAGE,3,2,22,45.93,1,662,0.048449,HIGH,APPROVED,0,0,600-700,<50K
BL002394,2024-06-10 05:52:20,721,137335,24.9,2,81171,debt_consolidation,RENT,1,2,50,38.66,1,697,0.014522,LOW,APPROVED,0,0,600-700,100K+
BL002395,2024-06-05 05:46:40,666,55584,33.71,12,8849,home_improvement,RENT,1,5,11,48.06,2,589,0.166431,HIGH,APPROVED,0,0,<600,50-75K
BL002396,2024-03-14 17:48:17,683,34037,28.68,10,23370,credit_card,OWN,1,3,33,87.64,1,622,0.109082,HIGH,APPROVED,0,0,600-700,<50K
BL002397,2024-10-13 08:09:53,735,101136,23.59,4,43720,other,RENT,0,0,0,37.46,0,722,0.008706,LOW,APPROVED,0,0,700-800,100K+
BL002398,2024-12-09 05:38:13,724,82996,30.67,1,22392,credit_card,OTHER,1,3,22,81.46,3,610,0.112442,HIGH,DECLINED,0,0,600-700,75-100K
BL002399,2024-10-23 16:13:20,644,38875,4.63,11,21292,home_improvement,MORTGAGE,3,4,9,68.13,1,590,0.18219,VERY_HIGH,APPROVED,0,0,<600,<50K
BL002400,2024-10-04 22:55:45,759,36867,19.87,24,3875,other,MORTGAGE,1,3,45,36.12,0,752,0.002843,LOW,APPROVED,0,0,700-800,<50K
BL002401,2024-01-10 11:10:35,707,57338,16.66,15,16330,major_purchase,RENT,1,3,59,82.29,2,670,0.031913,MEDIUM,APPROVED,1,150,600-700,50-75K
BL002402,2024-10-21 20:16:27,637,45359,28.4,5,50329,debt_consolidation,RENT,0,0,0,53.16,0,601,0.12156,HIGH,APPROVED,0,0,600-700,<50K
BL002403,2024-11-23 18:48:47,745,78977,39.62,14,6697,home_improvement,RENT,2,5,58,54.31,1,641,0.085963,HIGH,DECLINED,1,60,600-700,75-100K
BL002404,2024-09-02 07:57:11,680,69982,30.35,5,11871,credit_card,RENT,0,0,0,28.5,0,661,0.040045,MEDIUM,APPROVED,0,0,600-700,50-75K
BL002405,2024-03-18 09:16:38,733,35822,32.73,3,45440,debt_consolidation,MORTGAGE,0,0,0,62.49,0,681,0.026635,MEDIUM,APPROVED,0,0,600-700,<50K
BL002406,2024-06-12 05:38:27,659,37578,31.32,8,38386,credit_card,MORTGAGE,0,0,0,42.6,0,644,0.106498,HIGH,APPROVED,0,0,600-700,<50K
BL002407,2024-04-05 22:38:24,710,54927,38.53,13,13410,debt_consolidation,MORTGAGE,0,0,0,36.49,1,636,0.081931,HIGH,APPROVED,0,0,600-700,50-75K
BL002408,2024-03-02 20:37:39,600,111036,13.61,4,19771,credit_card,MORTGAGE,0,0,0,20.17,3,636,0.055141,HIGH,APPROVED,0,0,600-700,100K+
BL002409,2024-05-15 21:29:55,711,45985,28.2,11,15189,major_purchase,RENT,0,0,0,41.92,1,718,0.0131,LOW,APPROVED,0,0,700-800,<50K
BL002410,2024-03-03 09:02:31,605,80782,16.08,6,24318,credit_card,RENT,0,0,0,61.82,1,585,0.239659,VERY_HIGH,APPROVED,0,0,<600,75-100K
BL002411,2024-10-22 05:51:00,699,45855,19.39,6,21202,major_purchase,MORTGAGE,1,2,59,69.7,0,660,0.030513,MEDIUM,APPROVED,0,0,600-700,<50K
BL002412,2024-01-06 17:08:49,549,74940,30.31,2,31002,major_purchase,RENT,1,2,30,100.0,1,485,0.761131,VERY_HIGH,DECLINED,1,60,<600,50-75K
BL002413,2024-11-13 03:49:52,686,47401,31.54,16,20648,home_improvement,RENT,0,0,0,48.37,1,667,0.034829,MEDIUM,DECLINED,0,0,600-700,<50K
BL002414,2024-01-27 10:55:20,730,74418,22.88,5,23470,major_purchase,MORTGAGE,0,0,0,14.78,2,675,0.027043,MEDIUM,APPROVED,0,0,600-700,50-75K
BL002415,2024-01-30 12:31:02,717,40922,33.84,6,40930,credit_card,MORTGAGE,0,0,0,19.22,0,715,0.015108,LOW,APPROVED,0,30,700-800,<50K
BL002416,2024-01-12 00:48:07,756,43684,23.77,7,26773,other,OWN,0,0,0,70.65,2,703,0.011833,LOW,APPROVED,0,0,700-800,<50K
BL002417,2024-09-19 17:50:55,630,147967,22.78,1,9164,major_purchase,MORTGAGE,0,0,0,56.99,1,638,0.083245,HIGH,APPROVED,0,0,600-700,100K+
BL002418,2024-08-31 21:42:52,777,93410,24.2,2,11402,home_improvement,OWN,1,2,5,48.02,1,738,0.006432,LOW,APPROVED,0,0,700-800,75-100K
BL002419,2024-10-08 11:35:47,779,34670,24.57,13,15187,credit_card,MORTGAGE,0,0,0,38.5,1,715,0.008329,LOW,APPROVED,0,0,700-800,<50K
BL002420,2024-05-09 23:04:58,623,104636,34.36,1,51050,major_purchase,MORTGAGE,2,6,40,16.93,2,519,0.671512,VERY_HIGH,APPROVED,0,0,<600,100K+
BL002421,2024-06-13 15:40:14,646,56686,33.55,8,11502,debt_consolidation,MORTGAGE,1,3,25,0.0,1,639,0.069363,HIGH,APPROVED,0,0,600-700,50-75K
BL002422,2024-04-05 05:25:26,658,113316,20.33,1,19805,major_purchase,RENT,1,5,47,31.43,1,645,0.06075,HIGH,APPROVED,0,0,600-700,100K+
BL002423,2024-10-02 07:22:14,689,33216,22.25,5,4013,credit_card,RENT,0,0,0,30.57,0,690,0.020307,MEDIUM,APPROVED,0,0,600-700,<50K
BL002424,2024-04-19 15:29:33,700,58436,19.57,2,12516,debt_consolidation,MORTGAGE,0,0,0,56.01,2,689,0.026291,MEDIUM,APPROVED,0,0,600-700,50-75K
BL002425,2024-03-23 16:27:16,553,50241,28.82,7,24461,other,MORTGAGE,1,6,12,12.82,2,520,0.667983,VERY_HIGH,DECLINED,1,90,<600,50-75K
BL002426,2024-10-14 07:34:15,723,44374,27.08,1,43324,major_purchase,MORTGAGE,2,3,30,55.08,0,674,0.050394,HIGH,APPROVED,0,0,600-700,<50K
BL002427,2024-03-12 07:15:42,676,35950,28.32,10,38291,other,RENT,0,0,0,20.59,0,627,0.093945,HIGH,DECLINED,0,0,600-700,<50K
BL002428,2024-12-22 15:05:04,633,148102,13.99,5,13000,major_purchase,MORTGAGE,1,1,50,13.04,1,670,0.028022,MEDIUM,APPROVED,0,0,600-700,100K+
BL002429,2024-02-16 13:22:41,743,60966,26.49,1,70412,debt_consolidation,MORTGAGE,0,0,0,13.09,1,760,0.003869,LOW,APPROVED,0,0,700-800,50-75K
BL002430,2024-08-15 11:48:26,671,52954,18.48,11,18329,home_improvement,MORTGAGE,0,0,0,18.21,1,659,0.027346,MEDIUM,APPROVED,0,0,600-700,50-75K
BL002431,2024-04-13 23:39:14,753,28770,14.55,7,39829,credit_card,RENT,1,5,2,44.86,3,714,0.016973,MEDIUM,APPROVED,0,0,700-800,<50K
BL002432,2024-11-18 02:28:56,719,102069,24.31,3,15888,debt_consolidation,RENT,1,3,32,63.53,1,728,0.01344,LOW,APPROVED,1,90,700-800,100K+
BL002433,2024-02-23 20:28:07,672,102365,20.94,6,50723,credit_card,MORTGAGE,2,5,4,51.55,1,599,0.251172,VERY_HIGH,DECLINED,0,0,<600,100K+
BL002434,2024-08-13 10:53:25,755,56783,28.36,9,30109,major_purchase,MORTGAGE,0,0,0,50.63,1,725,0.009796,LOW,APPROVED,0,0,700-800,50-75K
BL002435,2024-11-19 12:36:22,735,32795,28.18,6,18954,other,MORTGAGE,0,0,0,62.62,0,688,0.020604,MEDIUM,APPROVED,0,0,600-700,<50K
BL002436,2024-06-18 09:55:23,662,79671,23.69,3,27344,debt_consolidation,OWN,2,2,29,40.47,1,629,0.110189,HIGH,APPROVED,0,0,600-700,75-100K
BL002437,2024-04-03 22:51:08,600,61423,28.71,7,9242,credit_card,MORTGAGE,1,5,12,58.92,1,539,0.480906,VERY_HIGH,APPROVED,1,150,<600,50-75K
BL002438,2024-09-01 02:11:10,659,31605,26.63,10,26867,credit_card,OTHER,0,0,0,45.88,1,633,0.094579,HIGH,DECLINED,0,0,600-700,<50K
BL002439,2024-07-04 16:15:09,724,159365,23.39,0,11953,credit_card,MORTGAGE,0,0,0,3.79,6,727,0.008201,LOW,APPROVED,0,0,700-800,100K+
BL002440,2024-11-03 20:44:00,677,85734,16.69,1,17564,home_improvement,MORTGAGE,0,0,0,41.08,3,626,0.117389,HIGH,APPROVED,0,0,600-700,75-100K
BL002441,2024-08-31 23:19:08,788,39136,32.8,4,48942,debt_consolidation,RENT,0,0,0,21.74,4,685,0.018109,MEDIUM,APPROVED,0,0,600-700,<50K
BL002442,2024-07-01 07:48:18,704,42526,32.23,3,19640,other,OTHER,0,0,0,16.37,3,635,0.089,HIGH,DECLINED,0,0,600-700,<50K
BL002443,2024-04-21 12:07:02,701,88108,33.31,2,12289,debt_consolidation,MORTGAGE,0,0,0,37.43,1,657,0.044482,HIGH,APPROVED,0,0,600-700,75-100K
BL002444,2024-07-14 08:51:40,712,106201,15.19,7,9884,major_purchase,RENT,0,0,0,6.59,0,741,0.004357,LOW,APPROVED,0,0,700-800,100K+
BL002445,2024-09-02 12:02:04,641,80937,15.2,2,22964,credit_card,MORTGAGE,0,0,0,45.36,2,600,0.157816,HIGH,APPROVED,0,0,600-700,75-100K
BL002446,2024-01-14 13:56:19,683,78544,25.87,6,9369,debt_consolidation,RENT,0,0,0,40.55,2,629,0.09772,HIGH,APPROVED,0,0,600-700,75-100K
BL002447,2024-01-13 03:27:27,653,52256,31.75,2,11825,major_purchase,MORTGAGE,1,7,25,0.0,0,654,0.055922,HIGH,APPROVED,0,0,600-700,50-75K
BL002448,2024-08-01 01:24:59,559,160116,24.29,4,25878,major_purchase,OWN,0,0,0,51.14,2,537,0.341196,VERY_HIGH,DECLINED,0,30,<600,100K+
BL002449,2024-09-27 11:52:52,591,54931,34.01,4,17585,debt_consolidation,RENT,0,0,0,39.02,0,592,0.188351,VERY_HIGH,DECLINED,0,30,<600,50-75K
BL002450,2024-04-17 10:12:30,731,69195,14.94,1,27565,home_improvement,MORTGAGE,1,4,48,39.54,3,686,0.03317,MEDIUM,APPROVED,0,0,600-700,50-75K
BL002451,2024-11-23 06:11:27,665,74482,29.11,15,26824,debt_consolidation,OWN,0,0,0,5.97,2,651,0.085335,HIGH,APPROVED,0,0,600-700,50-75K
BL002452,2024-11-17 21:29:52,683,55096,6.84,9,41387,debt_consolidation,MORTGAGE,0,0,0,33.21,0,739,0.006416,LOW,APPROVED,0,0,700-800,50-75K
BL002453,2024-05-24 21:36:14,608,89396,16.8,6,17456,credit_card,MORTGAGE,0,0,0,30.96,0,636,0.074692,HIGH,APPROVED,0,0,600-700,75-100K
BL002454,2024-08-28 20:13:34,657,127281,14.47,14,14588,major_purchase,MORTGAGE,0,0,0,50.83,0,653,0.044154,HIGH,APPROVED,0,30,600-700,100K+
BL002455,2024-08-15 09:37:39,733,22752,29.46,13,41396,debt_consolidation,MORTGAGE,0,0,0,45.13,3,714,0.017156,MEDIUM,APPROVED,0,0,700-800,<50K
BL002456,2024-08-22 04:47:04,695,57072,18.63,4,54678,major_purchase,OWN,1,0,21,49.92,1,647,0.059018,HIGH,APPROVED,0,0,600-700,50-75K
BL002457,2024-10-28 07:39:22,661,111530,24.08,8,30107,debt_consolidation,RENT,1,4,44,18.68,2,619,0.139944,HIGH,APPROVED,0,0,600-700,100K+
BL002458,2024-08-03 06:01:01,775,119617,31.83,4,38497,other,RENT,0,0,0,82.5,0,707,0.009143,LOW,APPROVED,0,0,700-800,100K+
BL002459,2024-02-05 06:54:53,686,50876,18.56,1,41937,debt_consolidation,OTHER,1,3,31,68.8,1,631,0.074676,HIGH,APPROVED,0,0,600-700,50-75K
BL002460,2024-10-31 19:43:46,670,85639,32.26,1,36322,credit_card,MORTGAGE,1,2,10,38.22,3,661,0.061811,HIGH,DECLINED,0,0,600-700,75-100K
BL002461,2024-03-14 01:24:04,753,68736,15.56,6,33774,credit_card,MORTGAGE,0,0,0,51.13,1,803,0.001282,LOW,APPROVED,0,0,800+,50-75K
BL002462,2024-09-18 02:52:14,593,67406,35.75,2,32879,credit_card,OWN,0,0,0,0.0,2,588,0.240092,VERY_HIGH,APPROVED,0,0,<600,50-75K
BL002463,2024-04-10 13:04:54,720,47330,15.26,6,15801,major_purchase,MORTGAGE,3,0,43,9.02,0,666,0.025433,MEDIUM,APPROVED,0,0,600-700,<50K
BL002464,2024-11-01 17:11:12,628,99812,13.39,4,14830,debt_consolidation,MORTGAGE,1,4,24,45.42,1,657,0.052405,HIGH,APPROVED,0,0,600-700,75-100K
BL002465,2024-06-10 03:23:39,646,109150,27.75,4,31305,debt_consolidation,RENT,0,0,0,11.86,1,642,0.077813,HIGH,DECLINED,0,0,600-700,100K+
BL002466,2024-01-04 10:52:03,652,130922,36.41,14,66159,home_improvement,MORTGAGE,0,0,0,36.39,0,689,0.027469,MEDIUM,APPROVED,0,0,600-700,100K+
BL002467,2024-04-02 16:10:56,697,71385,8.03,1,38778,debt_consolidation,MORTGAGE,1,6,56,68.52,0,654,0.036284,MEDIUM,APPROVED,0,0,600-700,50-75K
BL002468,2024-03-13 23:28:08,696,67349,32.89,6,21651,home_improvement,MORTGAGE,0,0,0,20.62,1,679,0.02009,MEDIUM,APPROVED,0,0,600-700,50-75K
BL002469,2024-04-17 10:31:56,707,106090,34.58,12,10291,debt_consolidation,OWN,1,4,57,49.12,3,603,0.171659,HIGH,APPROVED,0,0,600-700,100K+
BL002470,2024-08-14 08:36:48,701,288325,27.22,1,31976,home_improvement,RENT,0,0,0,39.87,2,675,0.029379,MEDIUM,DECLINED,0,0,600-700,100K+
BL002471,2024-11-13 10:27:21,767,57105,11.63,19,12506,debt_consolidation,RENT,0,0,0,28.58,1,760,0.002983,LOW,APPROVED,0,30,700-800,50-75K
BL002472,2024-01-30 12:33:06,783,61028,14.85,7,43045,home_improvement,RENT,1,3,17,49.45,0,762,0.002714,LOW,APPROVED,0,0,700-800,50-75K
BL002473,2024-09-06 02:18:10,729,142069,28.29,6,10531,home_improvement,RENT,0,0,0,28.05,1,713,0.008698,LOW,APPROVED,0,0,700-800,100K+
BL002474,2024-03-30 03:43:13,732,37916,4.13,2,35521,home_improvement,RENT,0,0,0,32.12,3,753,0.003935,LOW,APPROVED,0,0,700-800,<50K
BL002475,2024-02-09 07:15:24,669,20029,33.86,1,36291,debt_consolidation,MORTGAGE,0,0,0,81.15,2,549,0.382084,VERY_HIGH,DECLINED,0,0,<600,<50K
BL002476,2024-05-03 19:24:13,629,99785,39.79,4,27122,other,MORTGAGE,0,0,0,36.72,1,569,0.308044,VERY_HIGH,DECLINED,0,0,<600,75-100K
BL002477,2024-10-06 08:18:44,722,120531,12.16,4,86098,other,MORTGAGE,0,0,0,71.15,5,689,0.023694,MEDIUM,DECLINED,0,0,600-700,100K+
BL002478,2024-05-09 22:20:32,692,116819,13.52,0,5967,debt_consolidation,MORTGAGE,0,0,0,9.95,1,728,0.006067,LOW,APPROVED,0,0,700-800,100K+
BL002479,2024-06-24 00:38:14,737,101018,30.29,2,40489,debt_consolidation,MORTGAGE,0,0,0,68.39,2,695,0.016473,MEDIUM,APPROVED,0,0,600-700,100K+
BL002480,2024-09-12 12:48:25,589,105456,17.66,5,23257,credit_card,OWN,0,0,0,38.73,1,658,0.074184,HIGH,APPROVED,0,0,600-700,100K+
BL002481,2024-09-08 08:00:45,838,46618,30.02,2,17015,home_improvement,RENT,1,6,22,36.51,0,772,0.001725,LOW,APPROVED,0,0,700-800,<50K
BL002482,2024-11-23 08:49:12,619,103155,19.89,1,24409,debt_consolidation,RENT,2,5,55,40.1,2,579,0.245395,VERY_HIGH,DECLINED,0,0,<600,100K+
BL002483,2024-10-31 18:20:05,692,40607,19.36,10,16757,debt_consolidation,RENT,0,0,0,42.11,0,721,0.009453,LOW,APPROVED,0,0,700-800,<50K
BL002484,2024-04-04 05:33:08,745,31285,22.81,2,19386,other,MORTGAGE,0,0,0,36.67,3,739,0.00797,LOW,APPROVED,0,0,700-800,<50K
BL002485,2024-09-05 14:47:45,613,57711,29.96,12,10774,debt_consolidation,RENT,1,4,11,33.98,5,546,0.52146,VERY_HIGH,DECLINED,0,0,<600,50-75K
BL002486,2024-07-18 08:37:23,659,35475,29.48,16,11882,debt_consolidation,RENT,1,1,53,75.26,0,616,0.165866,HIGH,APPROVED,0,0,600-700,<50K
BL002487,2024-03-29 13:18:13,578,38615,23.47,0,62511,major_purchase,MORTGAGE,0,0,0,48.31,1,569,0.377921,VERY_HIGH,APPROVED,0,0,<600,<50K
BL002488,2024-07-10 02:05:16,611,47436,36.55,1,56473,debt_consolidation,RENT,1,6,25,0.0,0,617,0.103383,HIGH,APPROVED,0,0,600-700,<50K
BL002489,2024-11-17 12:00:00,582,52688,37.88,0,17985,major_purchase,RENT,1,4,10,29.21,1,506,0.693014,VERY_HIGH,DECLINED,0,0,<600,50-75K
BL002490,2024-05-18 06:42:11,696,68036,31.19,1,25838,major_purchase,MORTGAGE,1,0,43,42.72,0,646,0.05941,HIGH,APPROVED,0,0,600-700,50-75K
BL002491,2024-03-01 21:35:29,706,39904,11.43,10,7721,major_purchase,MORTGAGE,1,5,42,67.66,1,696,0.018354,MEDIUM,APPROVED,0,0,600-700,<50K
BL002492,2024-04-19 09:52:26,672,48381,18.11,2,45994,home_improvement,RENT,1,6,39,66.04,2,639,0.094371,HIGH,DECLINED,0,0,600-700,<50K
BL002493,2024-01-13 13:55:44,760,59169,22.13,6,11232,debt_consolidation,OWN,0,0,0,51.25,0,738,0.005173,LOW,APPROVED,0,0,700-800,50-75K
BL002494,2024-04-03 22:02:30,767,68205,28.65,8,20869,credit_card,RENT,0,0,0,36.62,2,727,0.008343,LOW,APPROVED,0,30,700-800,50-75K
BL002495,2024-04-28 23:37:47,689,78738,35.96,0,55847,major_purchase,RENT,1,4,57,69.29,0,610,0.173133,HIGH,APPROVED,0,0,600-700,75-100K
BL002496,2024-09-14 12:33:08,678,90116,18.53,11,15220,credit_card,MORTGAGE,0,0,0,70.03,2,626,0.06801,HIGH,APPROVED,0,30,600-700,75-100K
BL002497,2024-04-04 19:03:13,675,70407,35.3,5,33842,credit_card,RENT,0,0,0,90.73,1,618,0.127001,HIGH,DECLINED,0,0,600-700,50-75K
BL002498,2024-11-02 05:36:21,665,77964,13.22,0,12924,credit_card,RENT,0,0,0,56.71,3,653,0.051788,HIGH,APPROVED,0,0,600-700,75-100K
BL002499,2024-09-27 22:52:56,762,86161,26.9,2,26766,debt_consolidation,MORTGAGE,0,0,0,51.41,2,700,0.014244,LOW,APPROVED,0,0,700-800,75-100K
BL002500,2024-01-22 16:47:56,703,62985,20.07,3,20791,debt_consolidation,RENT,1,0,23,14.59,1,647,0.052538,HIGH,APPROVED,0,0,600-700,50-75K
BL002501,2024-11-29 11:53:07,672,68973,21.67,4,37661,credit_card,OWN,0,0,0,55.3,1,686,0.012537,LOW,APPROVED,0,0,600-700,50-75K
BL002502,2024-04-19 05:31:12,677,41902,35.2,7,31884,other,OWN,0,0,0,41.65,0,611,0.10037,HIGH,APPROVED,0,0,600-700,<50K
BL002503,2024-08-15 20:57:37,720,70511,20.6,9,22621,major_purchase,OWN,1,5,14,54.8,2,662,0.040737,MEDIUM,APPROVED,0,0,600-700,50-75K
BL002504,2024-02-14 08:27:13,668,99274,24.87,10,19574,other,MORTGAGE,0,0,0,42.94,4,633,0.070054,HIGH,APPROVED,0,0,600-700,75-100K
BL002505,2024-05-30 23:23:08,707,47038,39.67,8,30075,major_purchase,MORTGAGE,0,0,0,23.4,2,621,0.139826,HIGH,DECLINED,0,0,600-700,<50K
BL002506,2024-02-09 02:01:15,688,115586,26.41,3,30910,credit_card,RENT,0,0,0,33.46,0,691,0.015509,LOW,APPROVED,0,0,600-700,100K+
BL002507,2024-03-03 08:11:47,765,50178,11.57,6,5879,debt_consolidation,OWN,0,0,0,21.12,0,787,0.001272,LOW,APPROVED,0,0,700-800,50-75K
BL002508,2024-10-28 02:39:49,754,103635,14.28,28,33466,other,OTHER,2,4,21,15.38,1,709,0.015681,LOW,APPROVED,0,60,700-800,100K+
BL002509,2024-08-19 08:20:08,612,136263,19.61,2,7796,major_purchase,OWN,0,0,0,44.88,1,654,0.049479,HIGH,APPROVED,0,0,600-700,100K+
BL002510,2024-11-02 03:42:29,681,70407,26.18,5,30682,major_purchase,RENT,0,0,0,36.36,0,639,0.089788,HIGH,APPROVED,0,0,600-700,50-75K
BL002511,2024-12-14 02:02:12,729,53111,26.56,3,19037,major_purchase,MORTGAGE,1,5,51,39.96,0,688,0.017565,MEDIUM,APPROVED,0,0,600-700,50-75K
BL002512,2024-09-13 23:24:02,665,77878,8.58,10,15839,home_improvement,RENT,1,3,30,66.88,1,641,0.053905,HIGH,APPROVED,0,0,600-700,75-100K
BL002513,2024-12-04 05:50:55,735,52941,13.74,2,27825,credit_card,RENT,0,0,0,51.36,1,684,0.031491,MEDIUM,APPROVED,0,0,600-700,50-75K
BL002514,2024-06-06 13:35:45,709,41970,12.35,2,14610,debt_consolidation,MORTGAGE,2,4,49,40.52,1,657,0.05627,HIGH,APPROVED,0,0,600-700,<50K
BL002515,2024-11-27 16:56:34,723,102078,23.79,4,17978,credit_card,OWN,1,2,38,60.78,1,692,0.014012,LOW,APPROVED,0,0,600-700,100K+
BL002516,2024-09-06 22:45:29,687,26476,27.41,6,21694,debt_consolidation,OWN,0,0,0,53.43,1,667,0.029114,MEDIUM,APPROVED,0,0,600-700,<50K
BL002517,2024-12-05 18:48:24,707,95819,22.08,1,9334,credit_card,RENT,1,4,27,44.02,1,711,0.020768,MEDIUM,APPROVED,0,30,700-800,75-100K
BL002518,2024-03-04 07:14:17,719,44502,28.51,5,24188,credit_card,MORTGAGE,0,0,0,44.57,2,664,0.040759,MEDIUM,APPROVED,0,0,600-700,<50K
BL002519,2024-09-15 07:31:39,609,96985,22.27,7,41732,other,MORTGAGE,1,5,19,49.03,2,633,0.146384,HIGH,APPROVED,0,0,600-700,75-100K
BL002520,2024-09-10 18:54:42,639,50302,24.74,0,19316,credit_card,MORTGAGE,1,3,50,0.0,2,655,0.050899,HIGH,APPROVED,0,0,600-700,50-75K
BL002521,2024-11-27 04:11:12,634,145769,37.19,17,21962,major_purchase,MORTGAGE,1,3,26,39.13,0,597,0.190441,VERY_HIGH,APPROVED,0,0,<600,100K+
BL002522,2024-09-28 12:56:42,783,50449,31.08,5,27727,home_improvement,MORTGAGE,1,7,51,80.84,0,712,0.012981,LOW,DECLINED,0,0,700-800,50-75K
BL002523,2024-10-05 06:42:30,707,22766,19.16,0,29124,major_purchase,MORTGAGE,0,0,0,49.35,1,659,0.062648,HIGH,APPROVED,0,0,600-700,<50K
BL002524,2024-12-21 19:44:31,711,240457,20.97,8,17095,home_improvement,MORTGAGE,1,4,27,72.91,0,726,0.007937,LOW,APPROVED,0,0,700-800,100K+
BL002525,2024-09-21 19:23:05,700,64238,34.35,10,24579,home_improvement,RENT,0,0,0,47.37,1,662,0.038683,MEDIUM,APPROVED,0,0,600-700,50-75K
BL002526,2024-11-17 01:57:59,661,59749,23.73,9,63401,debt_consolidation,MORTGAGE,1,4,30,17.83,1,630,0.086355,HIGH,DECLINED,0,0,600-700,50-75K
BL002527,2024-10-24 05:55:50,649,62994,17.86,8,15601,credit_card,MORTGAGE,0,0,0,61.6,1,663,0.036897,MEDIUM,APPROVED,0,30,600-700,50-75K
BL002528,2024-06-25 01:54:36,737,54665,28.1,8,16733,home_improvement,OTHER,0,0,0,54.99,3,664,0.042925,HIGH,APPROVED,0,0,600-700,50-75K
BL002529,2024-01-02 12:17:42,670,72393,12.65,7,12264,debt_consolidation,RENT,0,0,0,9.46,2,695,0.026023,MEDIUM,APPROVED,0,0,600-700,50-75K
BL002530,2024-03-27 13:51:35,778,44751,26.09,8,23441,credit_card,RENT,0,0,0,35.71,4,706,0.01522,LOW,APPROVED,0,0,700-800,<50K
BL002531,2024-01-05 01:15:00,701,171012,19.59,2,41565,home_improvement,MORTGAGE,1,7,28,34.56,0,700,0.01357,LOW,APPROVED,0,0,700-800,100K+
BL002532,2024-02-21 17:35:14,695,45998,27.17,7,71897,debt_consolidation,RENT,0,0,0,44.38,1,678,0.025718,MEDIUM,APPROVED,0,0,600-700,<50K
BL002533,2024-07-16 10:56:24,678,84947,44.06,0,13273,major_purchase,MORTGAGE,0,0,0,67.21,3,559,0.347108,VERY_HIGH,DECLINED,0,0,<600,75-100K
BL002534,2024-11-16 04:28:03,686,116588,26.39,0,13230,other,RENT,0,0,0,4.32,1,710,0.011944,LOW,APPROVED,0,0,700-800,100K+
BL002535,2024-07-18 20:19:49,692,57114,14.55,0,13562,debt_consolidation,RENT,0,0,0,81.12,2,622,0.077953,HIGH,APPROVED,0,0,600-700,50-75K
BL002536,2024-05-17 00:08:16,774,94086,8.7,1,20445,credit_card,OWN,1,7,52,57.28,2,735,0.007774,LOW,APPROVED,0,0,700-800,75-100K
BL002537,2024-10-18 02:44:55,819,49375,25.31,9,34858,credit_card,RENT,1,1,25,41.91,1,752,0.004208,LOW,APPROVED,0,0,700-800,<50K
BL002538,2024-06-20 20:48:04,626,40108,21.59,14,12021,home_improvement,RENT,0,0,0,73.04,0,593,0.189148,VERY_HIGH,DECLINED,0,0,<600,<50K
BL002539,2024-08-10 14:21:32,704,43824,11.88,6,23337,major_purchase,RENT,0,0,0,10.01,2,725,0.008042,LOW,APPROVED,0,0,700-800,<50K
BL002540,2024-11-06 17:39:37,729,103708,19.04,5,20611,major_purchase,RENT,1,3,56,30.31,2,741,0.005281,LOW,APPROVED,0,0,700-800,100K+
BL002541,2024-01-21 15:18:23,640,102022,23.93,6,13608,credit_card,MORTGAGE,1,3,58,43.0,4,593,0.217037,VERY_HIGH,DECLINED,1,150,<600,100K+
BL002542,2024-04-03 16:43:13,655,41721,13.79,3,20763,other,OTHER,0,0,0,34.52,1,691,0.020048,MEDIUM,APPROVED,0,0,600-700,<50K
BL002543,2024-06-29 12:57:18,665,100496,22.52,9,29085,credit_card,MORTGAGE,0,0,0,40.14,0,685,0.029225,MEDIUM,APPROVED,0,0,600-700,100K+
BL002544,2024-07-08 14:05:03,557,41749,28.29,9,28625,other,MORTGAGE,0,0,0,100.0,1,513,0.726342,VERY_HIGH,DECLINED,0,0,<600,<50K
BL002545,2024-06-25 07:48:09,726,68562,17.52,10,20467,credit_card,MORTGAGE,2,7,36,54.65,2,629,0.057068,HIGH,APPROVED,0,60,600-700,50-75K
BL002546,2024-04-22 08:55:47,688,86811,36.02,7,23066,home_improvement,MORTGAGE,0,0,0,44.05,2,642,0.072044,HIGH,APPROVED,0,0,600-700,75-100K
BL002547,2024-01-17 22:21:30,685,24634,15.98,2,7612,credit_card,MORTGAGE,0,0,0,49.55,1,694,0.031558,MEDIUM,APPROVED,0,0,600-700,<50K
BL002548,2024-06-09 12:19:02,695,83729,13.83,2,8648,credit_card,RENT,2,6,8,40.95,0,697,0.014338,LOW,APPROVED,0,0,600-700,75-100K
BL002549,2024-11-09 16:37:12,704,54904,33.76,2,24513,credit_card,MORTGAGE,0,0,0,47.7,1,677,0.030658,MEDIUM,DECLINED,0,0,600-700,50-75K
BL002550,2024-10-05 17:27:12,818,32046,20.08,6,20682,major_purchase,RENT,2,4,38,31.39,0,756,0.003279,LOW,APPROVED,0,0,700-800,<50K
BL002551,2024-02-26 16:02:11,700,85844,17.44,28,30274,credit_card,RENT,2,7,21,31.77,4,581,0.189558,VERY_HIGH,APPROVED,0,0,<600,75-100K
BL002552,2024-05-22 23:22:40,737,71724,15.55,3,31415,home_improvement,RENT,0,0,0,57.24,3,717,0.013441,LOW,APPROVED,0,0,700-800,50-75K
BL002553,2024-02-20 00:25:11,662,73975,27.87,7,12940,major_purchase,RENT,1,4,6,65.23,0,624,0.122159,HIGH,APPROVED,0,0,600-700,50-75K
BL002554,2024-03-15 01:56:14,710,55362,18.01,1,29621,major_purchase,RENT,1,3,36,19.97,0,696,0.009869,LOW,APPROVED,0,0,600-700,50-75K
BL002555,2024-09-13 16:36:05,673,46160,19.54,0,8640,other,MORTGAGE,0,0,0,48.35,1,714,0.010062,LOW,APPROVED,0,0,700-800,<50K
BL002556,2024-07-16 23:06:00,682,34356,7.51,0,14550,home_improvement,MORTGAGE,0,0,0,28.5,1,707,0.014985,LOW,APPROVED,0,0,700-800,<50K
BL002557,2024-02-06 22:03:49,641,56388,11.3,1,17368,credit_card,OWN,0,0,0,32.93,1,652,0.060935,HIGH,APPROVED,0,0,600-700,50-75K
BL002558,2024-04-06 00:26:48,645,38729,20.22,5,29134,major_purchase,OWN,1,4,52,0.0,2,611,0.100178,HIGH,DECLINED,0,0,600-700,<50K
BL002559,2024-09-18 15:12:27,716,51065,11.0,9,7322,debt_consolidation,RENT,0,0,0,49.08,4,682,0.029209,MEDIUM,APPROVED,0,0,600-700,50-75K
BL002560,2024-01-11 22:13:36,732,75200,19.42,2,34386,major_purchase,MORTGAGE,0,0,0,60.23,0,720,0.009474,LOW,APPROVED,0,0,700-800,75-100K
BL002561,2024-09-24 16:18:42,716,89918,33.6,7,7928,major_purchase,RENT,0,0,0,58.78,1,641,0.048713,HIGH,APPROVED,0,0,600-700,75-100K
BL002562,2024-12-24 21:55:53,654,75847,24.79,8,15483,debt_consolidation,RENT,0,0,0,90.05,0,585,0.231618,VERY_HIGH,DECLINED,0,0,<600,75-100K
BL002563,2024-05-24 18:10:00,708,71149,33.56,4,18655,home_improvement,MORTGAGE,0,0,0,76.19,2,637,0.088081,HIGH,APPROVED,0,0,600-700,50-75K
BL002564,2024-08-09 20:16:23,551,55134,14.95,15,90000,home_improvement,MORTGAGE,1,7,45,88.61,2,514,0.727151,VERY_HIGH,DECLINED,0,0,<600,50-75K
BL002565,2024-10-31 02:09:16,743,96202,29.21,2,11324,major_purchase,MORTGAGE,3,3,44,89.63,1,652,0.051025,HIGH,APPROVED,0,0,600-700,75-100K
BL002566,2024-10-20 18:30:44,689,106767,19.82,10,27405,home_improvement,OWN,0,0,0,39.97,0,736,0.008647,LOW,APPROVED,0,0,700-800,100K+
BL002567,2024-01-24 10:38:23,706,49872,30.62,5,40937,major_purchase,RENT,1,4,23,68.61,1,667,0.035771,MEDIUM,APPROVED,0,0,600-700,<50K
BL002568,2024-11-04 09:16:11,755,51179,13.65,0,21488,credit_card,OWN,0,0,0,26.77,0,765,0.003143,LOW,APPROVED,0,0,700-800,50-75K
BL002569,2024-12-07 20:47:13,668,39936,24.83,8,9908,home_improvement,MORTGAGE,0,0,0,69.28,2,636,0.09516,HIGH,APPROVED,0,0,600-700,<50K
BL002570,2024-11-12 12:11:52,744,54512,32.47,2,19497,credit_card,MORTGAGE,1,6,25,23.64,0,690,0.015781,LOW,APPROVED,0,0,600-700,50-75K
BL002571,2024-01-02 10:04:28,667,51162,25.52,9,21998,major_purchase,RENT,1,1,33,0.0,1,675,0.030463,MEDIUM,APPROVED,0,0,600-700,50-75K
BL002572,2024-06-07 07:19:55,721,152339,26.32,4,22368,home_improvement,RENT,0,0,0,73.19,1,676,0.0217,MEDIUM,APPROVED,0,0,600-700,100K+
BL002573,2024-12-08 03:21:40,669,115972,21.18,5,29278,home_improvement,OWN,1,2,33,29.82,0,656,0.032439,MEDIUM,APPROVED,0,0,600-700,100K+
BL002574,2024-07-07 09:29:38,708,33628,2.18,0,8936,other,MORTGAGE,0,0,0,50.01,0,731,0.005812,LOW,APPROVED,0,0,700-800,<50K
BL002575,2024-07-20 13:35:41,771,88877,16.02,4,5227,credit_card,MORTGAGE,1,5,52,60.64,1,722,0.00717,LOW,APPROVED,0,0,700-800,75-100K
BL002576,2024-12-14 22:45:01,655,55949,16.97,3,43537,home_improvement,MORTGAGE,1,4,33,60.89,2,584,0.243552,VERY_HIGH,APPROVED,0,0,<600,50-75K
BL002577,2024-11-24 07:20:11,657,28211,32.13,8,5797,home_improvement,RENT,0,0,0,45.65,1,619,0.132302,HIGH,APPROVED,0,0,600-700,<50K
BL002578,2024-06-12 01:49:47,673,70053,24.95,9,24702,credit_card,MORTGAGE,3,3,57,78.72,1,588,0.226719,VERY_HIGH,APPROVED,0,0,<600,50-75K
BL002579,2024-03-23 08:51:06,708,45731,14.65,1,24328,major_purchase,MORTGAGE,1,4,58,14.69,2,657,0.039011,MEDIUM,APPROVED,0,0,600-700,<50K
BL002580,2024-01-12 18:58:54,843,71783,32.25,5,17520,other,MORTGAGE,1,2,35,3.91,0,796,0.001357,LOW,APPROVED,0,0,700-800,50-75K
BL002581,2024-09-02 09:57:28,659,79099,27.51,2,14609,home_improvement,MORTGAGE,1,2,8,68.31,2,597,0.157078,HIGH,APPROVED,0,0,<600,75-100K
BL002582,2024-06-30 22:40:06,579,46328,9.12,1,16451,other,OWN,0,0,0,29.22,1,598,0.183847,VERY_HIGH,DECLINED,0,0,<600,<50K
BL002583,2024-12-22 13:04:08,655,123341,35.75,1,19880,major_purchase,OWN,0,0,0,49.76,1,641,0.092655,HIGH,APPROVED,0,0,600-700,100K+
BL002584,2024-08-07 10:03:19,604,66366,27.49,11,14024,home_improvement,RENT,0,0,0,59.96,0,596,0.189086,VERY_HIGH,DECLINED,0,0,<600,50-75K
BL002585,2024-04-21 06:10:51,661,43611,49.35,9,18579,home_improvement,MORTGAGE,0,0,0,42.63,2,582,0.170053,HIGH,APPROVED,0,0,<600,<50K
BL002586,2024-11-17 19:26:02,692,29590,33.52,4,49810,credit_card,RENT,1,5,28,45.82,0,605,0.092008,HIGH,APPROVED,1,60,600-700,<50K
BL002587,2024-04-29 00:58:00,639,171954,9.63,1,18479,debt_consolidation,RENT,0,0,0,33.22,1,714,0.013395,LOW,APPROVED,0,0,700-800,100K+
BL002588,2024-02-18 15:05:07,654,43259,34.33,16,42068,major_purchase,MORTGAGE,0,0,0,46.67,0,639,0.084429,HIGH,APPROVED,1,60,600-700,<50K
BL002589,2024-11-13 01:51:16,588,64178,25.91,6,29164,major_purchase,MORTGAGE,0,0,0,32.13,0,619,0.114604,HIGH,APPROVED,0,0,600-700,50-75K
BL002590,2024-08-19 06:15:14,702,70948,20.28,3,44162,debt_consolidation,MORTGAGE,1,8,46,23.42,2,654,0.064617,HIGH,APPROVED,0,60,600-700,50-75K
BL002591,2024-03-03 01:54:25,650,93479,26.77,4,31087,other,OWN,0,0,0,75.6,2,599,0.199939,VERY_HIGH,APPROVED,1,120,<600,75-100K
BL002592,2024-11-18 14:26:21,752,33619,29.76,9,51046,credit_card,MORTGAGE,0,0,0,85.51,0,671,0.038196,MEDIUM,APPROVED,0,0,600-700,<50K
BL002593,2024-01-25 04:56:27,750,20475,20.64,5,34750,major_purchase,MORTGAGE,1,2,42,74.93,3,638,0.060532,HIGH,APPROVED,0,0,600-700,<50K
BL002594,2024-08-31 05:32:15,644,65259,15.41,1,16130,home_improvement,RENT,1,5,53,32.6,2,627,0.12795,HIGH,APPROVED,0,0,600-700,50-75K
BL002595,2024-07-24 17:47:43,671,31429,29.54,3,20920,other,MORTGAGE,1,5,6,63.63,2,609,0.220414,VERY_HIGH,DECLINED,0,0,600-700,<50K
BL002596,2024-12-25 21:23:35,695,54622,27.21,2,66189,home_improvement,RENT,1,6,59,53.23,1,640,0.102244,HIGH,APPROVED,0,0,600-700,50-75K
BL002597,2024-12-16 14:25:41,734,159018,13.1,1,15557,credit_card,MORTGAGE,0,0,0,33.31,4,755,0.003971,LOW,APPROVED,1,150,700-800,100K+
BL002598,2024-05-09 07:29:29,600,47282,35.74,5,61878,home_improvement,OWN,0,0,0,45.2,1,565,0.380182,VERY_HIGH,DECLINED,0,0,<600,<50K
BL002599,2024-11-12 22:54:09,688,84357,21.38,17,14580,debt_consolidation,RENT,0,0,0,37.2,1,714,0.014787,LOW,APPROVED,0,0,700-800,75-100K
BL002600,2024-07-21 21:32:47,795,37278,41.05,5,24991,credit_card,RENT,0,0,0,75.32,2,667,0.033706,MEDIUM,DECLINED,0,0,600-700,<50K
BL002601,2024-06-06 10:41:52,687,242067,37.33,1,81112,debt_consolidation,RENT,0,0,0,66.38,0,670,0.043195,HIGH,APPROVED,0,0,600-700,100K+
BL002602,2024-02-19 08:16:43,704,52125,22.51,7,30773,credit_card,RENT,2,5,13,41.51,3,637,0.064303,HIGH,APPROVED,0,0,600-700,50-75K
BL002603,2024-06-29 23:12:07,692,74265,31.24,1,16935,other,RENT,1,2,41,24.12,1,649,0.081086,HIGH,DECLINED,0,0,600-700,50-75K
BL002604,2024-11-26 01:30:57,626,58074,14.49,3,6449,credit_card,MORTGAGE,0,0,0,70.75,3,591,0.28295,VERY_HIGH,DECLINED,0,0,<600,50-75K
BL002605,2024-11-03 12:47:45,744,46862,25.55,9,31683,credit_card,RENT,0,0,0,55.93,1,698,0.023938,MEDIUM,APPROVED,0,0,600-700,<50K
BL002606,2024-12-16 02:55:23,707,100791,6.69,8,21788,debt_consolidation,RENT,0,0,0,39.76,0,719,0.011129,LOW,APPROVED,0,0,700-800,100K+
BL002607,2024-04-28 11:56:12,701,55618,13.62,2,52579,credit_card,OWN,2,6,40,76.13,1,675,0.022794,MEDIUM,APPROVED,0,0,600-700,50-75K
BL002608,2024-09-18 11:35:45,732,40579,23.24,7,14139,credit_card,MORTGAGE,1,5,5,60.42,2,653,0.056809,HIGH,APPROVED,0,0,600-700,<50K
BL002609,2024-05-26 10:28:59,736,48239,29.46,5,20952,debt_consolidation,MORTGAGE,0,0,0,50.3,1,690,0.021816,MEDIUM,APPROVED,0,0,600-700,<50K
BL002610,2024-01-19 19:54:03,588,53556,31.7,6,27931,credit_card,MORTGAGE,1,1,55,42.28,0,563,0.361678,VERY_HIGH,DECLINED,1,90,<600,50-75K
BL002611,2024-10-24 15:48:45,719,64185,34.32,0,35691,other,RENT,0,0,0,84.53,2,635,0.079827,HIGH,APPROVED,0,0,600-700,50-75K
BL002612,2024-12-09 17:04:59,660,65362,33.17,2,5664,credit_card,MORTGAGE,0,0,0,24.81,1,643,0.108551,HIGH,APPROVED,0,0,600-700,50-75K
BL002613,2024-02-25 02:50:24,701,42219,19.56,2,35931,debt_consolidation,RENT,0,0,0,18.74,2,699,0.01822,MEDIUM,APPROVED,0,0,600-700,<50K
BL002614,2024-04-27 17:50:43,653,48464,22.94,6,30945,debt_consolidation,RENT,3,5,45,33.4,1,641,0.09233,HIGH,APPROVED,0,0,600-700,<50K
BL002615,2024-09-15 00:54:55,645,157489,18.0,0,14242,debt_consolidation,RENT,0,0,0,64.24,0,670,0.040246,MEDIUM,APPROVED,0,0,600-700,100K+
BL002616,2024-12-10 01:04:28,745,54215,24.11,8,22657,debt_consolidation,MORTGAGE,0,0,0,29.89,0,737,0.005273,LOW,APPROVED,0,0,700-800,50-75K
BL002617,2024-06-03 18:31:57,692,113357,7.5,6,10657,home_improvement,MORTGAGE,0,0,0,42.81,2,694,0.020633,MEDIUM,APPROVED,0,0,600-700,100K+
BL002618,2024-10-23 04:11:15,677,49702,16.36,4,9091,credit_card,MORTGAGE,0,0,0,38.75,2,640,0.067529,HIGH,APPROVED,0,0,600-700,<50K
BL002619,2024-10-09 06:10:57,677,71453,36.72,12,43832,other,MORTGAGE,0,0,0,23.55,0,693,0.023793,MEDIUM,APPROVED,0,30,600-700,50-75K
BL002620,2024-10-25 22:02:29,697,45535,25.33,4,13329,debt_consolidation,MORTGAGE,0,0,0,56.76,1,637,0.065079,HIGH,APPROVED,0,0,600-700,<50K
BL002621,2024-09-20 20:59:06,692,24493,17.57,1,31684,debt_consolidation,OWN,3,4,53,20.24,1,611,0.110868,HIGH,APPROVED,0,30,600-700,<50K
BL002622,2024-08-05 02:54:06,562,46937,30.03,4,17986,major_purchase,MORTGAGE,0,0,0,34.47,1,577,0.287503,VERY_HIGH,DECLINED,0,0,<600,<50K
BL002623,2024-07-08 08:46:49,645,90115,26.34,3,28991,home_improvement,RENT,1,4,54,48.38,1,596,0.205867,VERY_HIGH,DECLINED,0,0,<600,75-100K
BL002624,2024-11-21 00:29:33,680,107571,23.29,8,16597,debt_consolidation,MORTGAGE,2,4,6,7.85,0,691,0.017732,MEDIUM,APPROVED,0,0,600-700,100K+
BL002625,2024-07-08 14:43:52,734,98403,20.37,2,53507,home_improvement,MORTGAGE,2,1,38,50.9,2,658,0.041498,MEDIUM,APPROVED,0,0,600-700,75-100K
BL002626,2024-08-30 05:32:37,768,46692,14.44,7,7910,credit_card,MORTGAGE,0,0,0,57.57,0,751,0.00436,LOW,APPROVED,0,0,700-800,<50K
BL002627,2024-03-10 02:46:31,642,51701,23.48,10,31149,debt_consolidation,MORTGAGE,1,3,27,45.73,0,629,0.093659,HIGH,APPROVED,1,90,600-700,50-75K
BL002628,2024-08-19 17:27:09,800,35496,24.82,8,57245,credit_card,OTHER,0,0,0,7.27,2,772,0.002227,LOW,APPROVED,0,0,700-800,<50K
BL002629,2024-08-24 21:59:07,699,67900,24.02,40,11266,credit_card,MORTGAGE,0,0,0,64.42,3,623,0.130925,HIGH,APPROVED,1,150,600-700,50-75K
BL002630,2024-02-21 11:15:54,720,86929,37.41,2,9161,debt_consolidation,MORTGAGE,2,4,48,23.77,0,715,0.011118,LOW,APPROVED,0,0,700-800,75-100K
BL002631,2024-06-06 13:57:40,664,66303,23.97,17,39292,home_improvement,RENT,1,7,53,66.39,3,619,0.146809,HIGH,APPROVED,0,0,600-700,50-75K
BL002632,2024-08-07 07:27:33,660,42478,26.72,1,25394,debt_consolidation,MORTGAGE,1,9,27,36.12,2,616,0.143588,HIGH,APPROVED,0,0,600-700,<50K
BL002633,2024-11-08 19:15:19,773,71770,35.52,1,18668,debt_consolidation,MORTGAGE,1,4,45,47.02,0,679,0.022382,MEDIUM,APPROVED,0,0,600-700,50-75K
BL002634,2024-05-29 06:01:14,682,62455,31.59,2,45294,credit_card,MORTGAGE,0,0,0,76.96,0,617,0.120763,HIGH,APPROVED,0,0,600-700,50-75K
BL002635,2024-01-23 01:25:20,688,74471,5.2,4,24167,debt_consolidation,OTHER,0,0,0,31.49,5,704,0.018094,MEDIUM,APPROVED,0,0,700-800,50-75K
BL002636,2024-08-13 00:08:14,758,55007,23.15,8,37337,debt_consolidation,MORTGAGE,1,3,56,70.79,3,702,0.015912,LOW,APPROVED,0,0,700-800,50-75K
BL002637,2024-07-15 09:36:06,789,65656,14.41,2,20268,credit_card,RENT,0,0,0,59.52,1,770,0.004021,LOW,APPROVED,0,0,700-800,50-75K
BL002638,2024-08-05 19:58:05,612,43025,16.74,5,18288,debt_consolidation,OWN,0,0,0,50.2,1,656,0.048789,HIGH,APPROVED,0,0,600-700,<50K
BL002639,2024-12-04 03:24:50,684,40860,32.6,13,28660,credit_card,RENT,1,7,4,61.98,0,660,0.041921,MEDIUM,APPROVED,0,0,600-700,<50K
BL002640,2024-05-26 12:02:35,694,18797,38.55,4,16358,credit_card,MORTGAGE,0,0,0,50.98,1,599,0.149333,HIGH,DECLINED,0,0,<600,<50K
BL002641,2024-11-26 20:30:45,794,66135,27.79,3,53148,debt_consolidation,MORTGAGE,0,0,0,34.04,1,770,0.001574,LOW,APPROVED,0,30,700-800,50-75K
BL002642,2024-03-31 00:44:51,830,64616,2.44,5,23518,debt_consolidation,OTHER,0,0,0,20.52,2,844,0.000284,LOW,APPROVED,0,0,800+,50-75K
BL002643,2024-02-01 19:19:27,692,38683,19.4,9,16258,home_improvement,RENT,1,3,32,55.79,1,676,0.043733,HIGH,APPROVED,0,60,600-700,<50K
BL002644,2024-02-29 14:48:14,715,121732,20.9,2,13272,debt_consolidation,MORTGAGE,1,3,34,26.53,1,718,0.006478,LOW,APPROVED,0,0,700-800,100K+
BL002645,2024-10-07 01:21:49,742,105199,19.32,1,7701,debt_consolidation,RENT,1,2,46,58.84,3,701,0.02231,MEDIUM,APPROVED,0,0,700-800,100K+
BL002646,2024-07-05 09:19:47,758,132320,38.54,7,33124,debt_consolidation,MORTGAGE,0,0,0,29.18,0,720,0.011482,LOW,APPROVED,0,0,700-800,100K+
BL002647,2024-06-18 11:50:33,677,57364,28.17,14,16342,major_purchase,MORTGAGE,0,0,0,73.29,1,625,0.061505,HIGH,APPROVED,0,0,600-700,50-75K
BL002648,2024-01-11 08:04:20,742,53917,30.09,2,20955,debt_consolidation,RENT,0,0,0,66.65,2,709,0.01045,LOW,APPROVED,0,0,700-800,50-75K
BL002649,2024-12-23 16:04:52,657,70543,24.43,12,23062,home_improvement,RENT,0,0,0,67.0,1,660,0.057279,HIGH,APPROVED,0,0,600-700,50-75K
BL002650,2024-11-24 02:46:59,548,92902,32.04,6,41545,major_purchase,RENT,1,7,40,27.36,3,512,0.754208,VERY_HIGH,DECLINED,0,0,<600,75-100K
BL002651,2024-04-04 16:24:06,619,121352,22.33,1,23094,credit_card,RENT,1,5,57,39.79,2,625,0.122405,HIGH,APPROVED,0,0,600-700,100K+
BL002652,2024-09-16 10:08:44,707,39269,11.81,1,13260,home_improvement,MORTGAGE,2,3,29,33.08,0,682,0.026988,MEDIUM,APPROVED,0,0,600-700,<50K
BL002653,2024-10-20 06:50:19,739,56411,23.74,1,13855,credit_card,RENT,1,2,23,22.76,0,739,0.007484,LOW,APPROVED,0,0,700-800,50-75K
BL002654,2024-08-25 02:23:34,571,24096,17.36,4,20765,major_purchase,OWN,0,0,0,52.92,2,555,0.448037,VERY_HIGH,DECLINED,0,0,<600,<50K
BL002655,2024-06-23 05:49:02,596,54096,9.76,6,12653,debt_consolidation,OWN,1,3,34,49.72,0,626,0.064763,HIGH,APPROVED,0,0,600-700,50-75K
BL002656,2024-06-11 13:48:56,694,92709,5.78,3,45103,home_improvement,RENT,0,0,0,0.83,3,714,0.008991,LOW,APPROVED,0,0,700-800,75-100K
BL002657,2024-01-28 12:33:33,510,83722,18.32,7,13910,other,OTHER,1,5,30,86.16,0,472,0.806322,VERY_HIGH,DECLINED,1,120,<600,75-100K
BL002658,2024-07-22 11:00:15,727,180185,21.29,5,11784,major_purchase,RENT,0,0,0,33.05,3,704,0.012987,LOW,APPROVED,0,0,700-800,100K+
BL002659,2024-10-22 23:36:18,753,83705,40.44,4,17895,major_purchase,MORTGAGE,0,0,0,54.37,2,688,0.032244,MEDIUM,APPROVED,0,0,600-700,75-100K
BL002660,2024-04-20 00:44:55,532,50444,17.98,11,26389,debt_consolidation,OWN,0,0,0,43.37,0,523,0.556221,VERY_HIGH,DECLINED,0,0,<600,50-75K
BL002661,2024-05-24 11:05:53,739,43329,17.11,21,31654,credit_card,RENT,2,3,18,61.47,0,662,0.025621,MEDIUM,APPROVED,0,0,600-700,<50K
BL002662,2024-03-03 12:24:38,686,69183,22.95,2,9079,credit_card,RENT,1,2,4,35.4,1,632,0.095034,HIGH,APPROVED,0,0,600-700,50-75K
BL002663,2024-04-16 04:35:06,775,130846,31.09,2,31573,other,MORTGAGE,1,1,35,39.24,0,710,0.006362,LOW,APPROVED,0,0,700-800,100K+
BL002664,2024-06-02 16:46:02,712,34485,12.1,4,34081,debt_consolidation,MORTGAGE,0,0,0,8.53,1,734,0.006066,LOW,APPROVED,0,0,700-800,<50K
BL002665,2024-08-16 07:11:40,683,39547,21.29,22,19868,home_improvement,MORTGAGE,2,3,56,71.06,3,573,0.316157,VERY_HIGH,APPROVED,1,120,<600,<50K
BL002666,2024-04-04 21:16:15,703,63659,35.33,9,24384,credit_card,RENT,1,6,11,32.16,2,669,0.050665,HIGH,DECLINED,0,0,600-700,50-75K
BL002667,2024-04-24 17:52:22,749,52506,38.73,8,28295,debt_consolidation,RENT,0,0,0,65.5,1,670,0.036844,MEDIUM,APPROVED,0,0,600-700,50-75K
BL002668,2024-07-04 20:53:59,707,92461,16.67,8,4394,home_improvement,RENT,0,0,0,33.4,2,697,0.027492,MEDIUM,APPROVED,0,0,600-700,75-100K
BL002669,2024-08-09 11:06:52,699,49607,7.91,11,40810,credit_card,OWN,2,3,16,35.3,1,666,0.032286,MEDIUM,DECLINED,0,0,600-700,<50K
BL002670,2024-07-02 17:02:45,618,62689,22.33,1,26094,credit_card,OTHER,0,0,0,24.94,2,621,0.128525,HIGH,APPROVED,0,0,600-700,50-75K
BL002671,2024-06-24 07:18:19,724,61085,21.56,24,17272,credit_card,MORTGAGE,0,0,0,50.39,2,693,0.014786,LOW,APPROVED,0,0,600-700,50-75K
BL002672,2024-02-12 16:59:08,699,67811,33.51,1,25090,home_improvement,OWN,0,0,0,70.37,1,652,0.060058,HIGH,APPROVED,0,0,600-700,50-75K
BL002673,2024-11-23 09:59:38,799,115000,31.78,2,33145,credit_card,MORTGAGE,1,4,3,72.98,2,737,0.007777,LOW,APPROVED,1,90,700-800,100K+
BL002674,2024-09-16 18:09:12,697,33878,24.12,10,28041,home_improvement,RENT,1,7,20,49.95,1,654,0.042378,HIGH,APPROVED,0,0,600-700,<50K
BL002675,2024-03-06 11:59:07,693,27723,15.86,4,16953,debt_consolidation,OWN,1,4,54,35.34,1,678,0.027623,MEDIUM,APPROVED,0,0,600-700,<50K
BL002676,2024-03-31 14:36:35,663,30960,26.66,7,19647,debt_consolidation,OWN,1,4,12,100.0,1,601,0.179249,VERY_HIGH,APPROVED,0,0,600-700,<50K
BL002677,2024-10-18 10:31:38,738,53699,15.77,2,13541,major_purchase,MORTGAGE,1,4,3,83.2,1,720,0.014307,LOW,APPROVED,0,0,700-800,50-75K
BL002678,2024-02-21 05:52:00,686,64722,14.99,2,45132,debt_consolidation,MORTGAGE,1,3,3,51.4,3,616,0.126816,HIGH,APPROVED,1,90,600-700,50-75K
BL002679,2024-06-09 23:45:46,659,78459,23.17,1,11362,credit_card,MORTGAGE,0,0,0,52.34,1,642,0.064022,HIGH,APPROVED,0,0,600-700,75-100K
BL002680,2024-06-11 05:48:21,786,70852,41.8,1,30445,major_purchase,RENT,0,0,0,11.07,1,740,0.005139,LOW,APPROVED,0,0,700-800,50-75K
BL002681,2024-04-11 03:45:45,796,65139,40.04,2,14930,major_purchase,OWN,1,3,16,40.36,1,703,0.00725,LOW,APPROVED,0,0,700-800,50-75K
BL002682,2024-06-18 08:18:57,673,27112,37.07,11,9690,home_improvement,OWN,0,0,0,61.32,1,588,0.213914,VERY_HIGH,DECLINED,0,0,<600,<50K
BL002683,2024-07-10 06:51:37,641,45347,8.85,0,17147,credit_card,MORTGAGE,0,0,0,74.32,0,650,0.062446,HIGH,APPROVED,0,0,600-700,<50K
BL002684,2024-09-30 21:18:41,760,74736,29.36,3,19877,debt_consolidation,RENT,0,0,0,21.4,2,715,0.009296,LOW,APPROVED,0,0,700-800,50-75K
BL002685,2024-07-20 22:01:00,652,34764,16.64,3,37243,major_purchase,RENT,1,1,8,9.97,1,629,0.08556,HIGH,APPROVED,0,0,600-700,<50K
BL002686,2024-02-19 17:00:06,850,49108,28.11,9,44564,debt_consolidation,RENT,1,8,10,41.4,2,750,0.004343,LOW,APPROVED,0,0,700-800,<50K
BL002687,2024-01-24 21:38:12,691,50256,31.84,1,9576,major_purchase,OWN,0,0,0,37.0,0,693,0.02361,MEDIUM,APPROVED,0,0,600-700,50-75K
BL002688,2024-04-08 02:16:08,751,76799,30.14,5,7844,major_purchase,RENT,0,0,0,26.28,0,723,0.008977,LOW,APPROVED,0,0,700-800,75-100K
BL002689,2024-04-07 12:55:38,627,40960,17.63,10,26631,home_improvement,RENT,1,4,13,43.13,0,658,0.047215,HIGH,APPROVED,0,0,600-700,<50K
BL002690,2024-07-17 18:41:29,696,28436,14.47,9,16015,other,OWN,0,0,0,43.84,1,711,0.012534,LOW,APPROVED,0,0,700-800,<50K
BL002691,2024-05-07 20:59:22,759,51775,30.23,13,16968,major_purchase,RENT,1,6,58,23.33,2,660,0.033565,MEDIUM,APPROVED,0,0,600-700,50-75K
BL002692,2024-06-25 19:29:37,722,53690,35.26,3,18660,home_improvement,OWN,0,0,0,70.51,0,669,0.025494,MEDIUM,APPROVED,0,0,600-700,50-75K
BL002693,2024-09-01 01:02:15,669,89813,16.83,2,17925,credit_card,RENT,0,0,0,43.71,2,652,0.040175,MEDIUM,APPROVED,0,0,600-700,75-100K
BL002694,2024-08-04 05:41:27,834,46483,15.74,1,33535,home_improvement,OTHER,0,0,0,14.77,0,793,0.001446,LOW,APPROVED,0,0,700-800,<50K
BL002695,2024-07-11 09:02:54,739,55081,22.57,4,16530,home_improvement,MORTGAGE,0,0,0,30.8,0,711,0.008666,LOW,APPROVED,0,0,700-800,50-75K
BL002696,2024-02-05 04:22:32,686,48289,18.6,2,24805,home_improvement,MORTGAGE,1,6,7,8.92,2,662,0.04733,HIGH,APPROVED,0,0,600-700,<50K
BL002697,2024-11-01 21:05:08,665,49103,32.61,14,42687,credit_card,OWN,0,0,0,58.3,1,626,0.079742,HIGH,APPROVED,0,0,600-700,<50K
BL002698,2024-11-26 04:27:49,683,158565,33.42,2,18722,home_improvement,OWN,1,3,13,49.07,1,640,0.06731,HIGH,APPROVED,0,0,600-700,100K+
BL002699,2024-04-17 00:54:01,773,19109,31.35,1,22353,debt_consolidation,MORTGAGE,0,0,0,33.64,1,719,0.012101,LOW,APPROVED,0,0,700-800,<50K
BL002700,2024-08-14 10:54:27,656,80290,18.18,2,32272,debt_consolidation,MORTGAGE,0,0,0,60.42,1,662,0.073406,HIGH,APPROVED,0,0,600-700,75-100K
BL002701,2024-11-11 12:59:33,700,42504,15.7,5,10266,major_purchase,MORTGAGE,2,2,34,31.09,4,607,0.164867,HIGH,DECLINED,1,60,600-700,<50K
BL002702,2024-10-12 09:40:46,653,63406,20.81,1,25405,home_improvement,RENT,0,0,0,37.52,1,637,0.045061,HIGH,APPROVED,0,30,600-700,50-75K
BL002703,2024-05-21 04:01:41,768,30215,24.99,5,14219,other,MORTGAGE,0,0,0,62.99,0,669,0.031345,MEDIUM,APPROVED,0,0,600-700,<50K
BL002704,2024-09-21 19:08:59,689,67059,31.66,18,7548,credit_card,MORTGAGE,0,0,0,27.97,1,676,0.032666,MEDIUM,APPROVED,0,0,600-700,50-75K
BL002705,2024-06-08 09:31:42,746,42214,27.75,1,9869,other,RENT,0,0,0,9.91,1,758,0.004067,LOW,APPROVED,0,0,700-800,<50K
BL002706,2024-09-02 19:13:35,730,79142,20.74,0,35941,debt_consolidation,MORTGAGE,1,5,9,72.44,0,687,0.017296,MEDIUM,APPROVED,0,0,600-700,75-100K
BL002707,2024-11-13 06:44:48,666,114332,29.19,1,14660,other,OWN,0,0,0,15.65,1,665,0.022127,MEDIUM,DECLINED,0,0,600-700,100K+
BL002708,2024-11-28 13:40:03,737,34490,31.24,14,25182,debt_consolidation,RENT,0,0,0,32.89,0,684,0.022616,MEDIUM,APPROVED,0,0,600-700,<50K
BL002709,2024-09-09 19:40:29,750,29293,22.82,16,35853,other,RENT,1,5,54,73.47,1,688,0.017244,MEDIUM,APPROVED,0,0,600-700,<50K
BL002710,2024-03-31 02:17:05,635,103555,15.07,2,34190,home_improvement,MORTGAGE,1,4,18,79.05,1,583,0.214032,VERY_HIGH,APPROVED,0,0,<600,100K+
BL002711,2024-10-26 05:46:28,737,149869,28.35,7,5839,major_purchase,MORTGAGE,0,0,0,35.36,3,708,0.007793,LOW,APPROVED,0,30,700-800,100K+
BL002712,2024-08-01 03:15:18,850,61465,32.87,2,21860,home_improvement,RENT,1,4,54,40.78,1,760,0.003196,LOW,APPROVED,0,0,700-800,50-75K
BL002713,2024-07-05 14:03:25,682,23686,30.38,2,22090,debt_consolidation,MORTGAGE,0,0,0,61.38,2,590,0.142959,HIGH,APPROVED,0,0,<600,<50K
BL002714,2024-11-30 07:19:31,734,29895,14.64,1,34122,credit_card,MORTGAGE,1,6,32,75.24,2,667,0.029781,MEDIUM,APPROVED,0,0,600-700,<50K
BL002715,2024-02-22 22:03:33,625,94921,28.03,0,34384,credit_card,MORTGAGE,1,1,15,28.98,2,599,0.168173,HIGH,APPROVED,0,0,<600,75-100K
BL002716,2024-12-17 22:13:35,724,137058,25.01,0,6930,home_improvement,RENT,1,3,40,82.68,1,671,0.028839,MEDIUM,APPROVED,0,0,600-700,100K+
BL002717,2024-11-19 21:03:27,666,57794,22.0,1,13775,debt_consolidation,MORTGAGE,0,0,0,65.72,1,640,0.067641,HIGH,APPROVED,0,0,600-700,50-75K
BL002718,2024-08-12 23:07:21,741,32960,22.78,0,7750,other,RENT,0,0,0,77.44,0,740,0.007694,LOW,APPROVED,0,60,700-800,<50K
BL002719,2024-11-11 16:37:05,696,103909,19.21,8,35285,other,RENT,4,5,2,70.37,1,629,0.130445,HIGH,DECLINED,0,0,600-700,100K+
BL002720,2024-09-03 21:35:57,633,32813,18.06,3,51586,credit_card,RENT,0,0,0,87.59,0,621,0.103956,HIGH,APPROVED,0,0,600-700,<50K
BL002721,2024-01-09 19:18:34,759,44767,26.92,8,13700,debt_consolidation,MORTGAGE,0,0,0,80.22,2,669,0.026756,MEDIUM,APPROVED,0,0,600-700,<50K
BL002722,2024-08-23 15:46:13,687,45848,24.09,1,27398,debt_consolidation,RENT,0,0,0,42.47,1,666,0.026215,MEDIUM,APPROVED,0,0,600-700,<50K
BL002723,2024-02-02 00:59:10,642,45636,25.26,17,9865,other,MORTGAGE,0,0,0,79.96,1,577,0.223581,VERY_HIGH,APPROVED,1,60,<600,<50K
BL002724,2024-12-24 20:05:04,702,78520,13.61,5,6202,other,OTHER,0,0,0,49.77,1,712,0.008784,LOW,APPROVED,0,0,700-800,75-100K
BL002725,2024-08-06 09:59:09,645,39248,26.2,1,60265,other,MORTGAGE,1,4,33,0.0,4,615,0.144453,HIGH,APPROVED,0,0,600-700,<50K
BL002726,2024-12-07 18:10:37,720,65573,38.6,0,16873,debt_consolidation,OWN,0,0,0,52.1,0,675,0.031616,MEDIUM,APPROVED,0,0,600-700,50-75K
BL002727,2024-09-03 23:52:57,695,100926,14.45,2,66037,other,OWN,0,0,0,39.77,2,675,0.021847,MEDIUM,APPROVED,0,0,600-700,100K+
BL002728,2024-07-05 18:08:11,678,100995,25.01,0,57952,home_improvement,RENT,0,0,0,50.57,2,627,0.078542,HIGH,APPROVED,0,0,600-700,100K+
BL002729,2024-08-18 19:30:44,736,113683,24.07,40,13282,home_improvement,RENT,2,4,18,53.67,2,660,0.056326,HIGH,APPROVED,0,60,600-700,100K+
BL002730,2024-05-19 00:06:09,628,51620,26.69,8,25504,debt_consolidation,MORTGAGE,1,7,52,26.54,2,610,0.091773,HIGH,DECLINED,0,0,600-700,50-75K
BL002731,2024-01-02 06:32:50,752,27982,30.83,1,13094,major_purchase,OWN,2,4,10,40.48,3,629,0.09923,HIGH,DECLINED,1,90,600-700,<50K
BL002732,2024-12-14 16:07:32,587,66844,18.76,5,33398,debt_consolidation,RENT,1,1,8,24.29,4,648,0.073199,HIGH,APPROVED,0,0,600-700,50-75K
BL002733,2024-03-28 09:37:37,788,68022,32.23,7,23951,credit_card,MORTGAGE,0,0,0,55.92,4,663,0.033351,MEDIUM,APPROVED,0,0,600-700,50-75K
BL002734,2024-02-21 03:30:04,709,69984,30.26,1,20502,credit_card,RENT,1,2,7,39.25,1,677,0.031792,MEDIUM,APPROVED,0,0,600-700,50-75K
BL002735,2024-05-20 06:51:31,684,51341,21.54,5,24355,other,MORTGAGE,1,5,13,54.69,2,632,0.09281,HIGH,APPROVED,0,0,600-700,50-75K
BL002736,2024-07-29 11:24:12,658,75596,30.06,8,21472,credit_card,MORTGAGE,0,0,0,44.23,2,622,0.10795,HIGH,APPROVED,0,0,600-700,75-100K
BL002737,2024-11-12 07:38:11,729,38303,35.38,0,59526,other,OWN,0,0,0,33.52,2,656,0.034848,MEDIUM,APPROVED,0,0,600-700,<50K
BL002738,2024-03-23 19:21:04,690,89269,37.36,1,14222,major_purchase,MORTGAGE,0,0,0,60.53,0,584,0.235075,VERY_HIGH,APPROVED,0,0,<600,75-100K
BL002739,2024-02-16 21:32:41,689,138257,22.63,4,12664,major_purchase,RENT,0,0,0,68.75,2,633,0.060015,HIGH,APPROVED,0,0,600-700,100K+
BL002740,2024-11-05 15:03:33,756,65454,32.11,2,28925,home_improvement,MORTGAGE,0,0,0,46.77,2,696,0.012539,LOW,DECLINED,0,0,600-700,50-75K
BL002741,2024-05-05 09:50:18,674,63079,24.5,4,9972,major_purchase,MORTGAGE,0,0,0,61.21,0,630,0.116076,HIGH,APPROVED,0,0,600-700,50-75K
BL002742,2024-03-21 07:16:18,685,82448,17.54,1,24112,major_purchase,MORTGAGE,0,0,0,100.0,2,624,0.091685,HIGH,DECLINED,0,0,600-700,75-100K
BL002743,2024-08-23 14:47:15,722,79256,46.42,12,23424,other,RENT,0,0,0,54.52,3,624,0.067993,HIGH,DECLINED,0,0,600-700,75-100K
BL002744,2024-05-26 00:43:06,758,80059,34.36,3,26984,credit_card,OWN,1,2,38,63.23,2,664,0.045218,HIGH,APPROVED,0,0,600-700,75-100K
BL002745,2024-03-14 07:12:31,690,67672,31.95,1,46839,debt_consolidation,MORTGAGE,0,0,0,40.81,5,643,0.085,HIGH,APPROVED,0,30,600-700,50-75K
BL002746,2024-03-02 02:19:58,707,54224,22.47,8,15245,major_purchase,RENT,0,0,0,79.54,4,610,0.182025,VERY_HIGH,DECLINED,0,0,600-700,50-75K
BL002747,2024-06-04 07:09:41,701,126825,26.96,1,13918,credit_card,OWN,0,0,0,62.63,1,707,0.014917,LOW,APPROVED,0,0,700-800,100K+
BL002748,2024-05-01 22:30:33,740,35641,20.91,9,18671,credit_card,MORTGAGE,1,5,15,70.18,2,661,0.044588,HIGH,APPROVED,0,0,600-700,<50K
BL002749,2024-05-31 17:05:38,781,103214,42.35,14,41781,debt_consolidation,RENT,2,2,4,38.15,1,675,0.015523,LOW,APPROVED,0,0,600-700,100K+
BL002750,2024-09-23 05:29:27,647,41654,20.03,4,22676,home_improvement,MORTGAGE,0,0,0,65.19,1,619,0.134518,HIGH,APPROVED,0,0,600-700,<50K
BL002751,2024-11-28 07:43:05,691,76704,25.51,3,17535,debt_consolidation,RENT,0,0,0,39.4,2,667,0.028954,MEDIUM,APPROVED,0,0,600-700,75-100K
BL002752,2024-02-05 11:05:12,696,39850,33.05,0,13351,major_purchase,RENT,0,0,0,45.29,2,621,0.104452,HIGH,APPROVED,0,0,600-700,<50K
BL002753,2024-04-23 07:23:11,731,30358,23.9,5,23320,major_purchase,MORTGAGE,0,0,0,48.67,1,663,0.047108,HIGH,APPROVED,0,0,600-700,<50K
BL002754,2024-09-13 05:33:48,782,38362,33.38,1,23157,home_improvement,RENT,0,0,0,47.96,0,683,0.026689,MEDIUM,APPROVED,0,0,600-700,<50K
BL002755,2024-09-11 00:04:05,698,39471,27.44,5,26322,home_improvement,MORTGAGE,0,0,0,60.95,1,683,0.024332,MEDIUM,APPROVED,0,0,600-700,<50K
BL002756,2024-07-14 07:32:39,710,113316,24.31,12,32015,other,MORTGAGE,0,0,0,17.7,1,719,0.012814,LOW,DECLINED,0,0,700-800,100K+
BL002757,2024-06-18 01:47:01,762,46648,24.99,16,7550,home_improvement,OTHER,2,4,35,60.3,3,673,0.046688,HIGH,APPROVED,0,0,600-700,<50K
BL002758,2024-01-04 23:36:57,629,44544,6.81,11,30169,major_purchase,MORTGAGE,0,0,0,58.44,0,666,0.032125,MEDIUM,APPROVED,0,0,600-700,<50K
BL002759,2024-09-04 14:23:18,656,39237,33.44,1,53558,other,MORTGAGE,0,0,0,27.57,2,593,0.178497,VERY_HIGH,DECLINED,0,0,<600,<50K
BL002760,2024-11-06 04:39:51,673,60484,30.33,5,26600,home_improvement,RENT,1,5,3,73.19,0,586,0.358393,VERY_HIGH,APPROVED,0,0,<600,50-75K
BL002761,2024-08-07 14:13:25,698,60666,28.28,5,13021,credit_card,MORTGAGE,1,3,25,34.69,1,703,0.018552,MEDIUM,APPROVED,0,0,700-800,50-75K
BL002762,2024-05-26 03:11:03,711,79212,26.45,0,38537,major_purchase,RENT,0,0,0,40.07,3,694,0.018228,MEDIUM,APPROVED,0,0,600-700,75-100K
BL002763,2024-02-06 00:40:28,670,44594,15.49,5,6013,major_purchase,RENT,0,0,0,46.77,1,660,0.036259,MEDIUM,APPROVED,0,0,600-700,<50K
BL002764,2024-09-27 19:32:24,796,35314,25.35,12,32715,other,MORTGAGE,0,0,0,35.29,2,754,0.004482,LOW,APPROVED,0,0,700-800,<50K
BL002765,2024-10-27 17:14:07,659,59438,16.31,18,42325,debt_consolidation,MORTGAGE,1,4,25,61.72,2,655,0.079545,HIGH,APPROVED,0,0,600-700,50-75K
BL002766,2024-12-14 10:57:38,687,91107,19.42,2,14786,debt_consolidation,MORTGAGE,1,4,2,35.01,3,651,0.04818,HIGH,APPROVED,0,0,600-700,75-100K
BL002767,2024-02-01 03:51:56,759,86080,13.78,1,16364,home_improvement,MORTGAGE,2,5,26,32.09,0,752,0.004908,LOW,APPROVED,0,0,700-800,75-100K
BL002768,2024-06-12 14:36:45,741,38948,21.11,5,28788,debt_consolidation,OWN,0,0,0,79.46,2,678,0.021961,MEDIUM,APPROVED,0,0,600-700,<50K
BL002769,2024-06-11 05:14:54,698,48740,33.76,2,9964,credit_card,RENT,0,0,0,59.65,1,683,0.032119,MEDIUM,APPROVED,0,0,600-700,<50K
BL002770,2024-06-10 06:36:39,719,71247,28.44,8,31705,debt_consolidation,MORTGAGE,0,0,0,49.1,0,717,0.011048,LOW,APPROVED,0,0,700-800,50-75K
BL002771,2024-05-07 10:00:08,744,46963,16.02,19,11444,debt_consolidation,RENT,0,0,0,52.21,3,727,0.012347,LOW,APPROVED,0,0,700-800,<50K
BL002772,2024-10-22 20:12:58,698,32236,16.43,6,42760,home_improvement,MORTGAGE,0,0,0,32.54,3,704,0.016841,MEDIUM,APPROVED,0,0,700-800,<50K
BL002773,2024-08-13 08:55:37,734,66862,34.19,3,4473,major_purchase,MORTGAGE,1,4,34,43.54,4,667,0.039652,MEDIUM,APPROVED,0,0,600-700,50-75K
BL002774,2024-02-04 16:06:10,647,52002,22.12,7,19221,home_improvement,OWN,2,4,17,31.62,3,602,0.151977,HIGH,APPROVED,0,0,600-700,50-75K
BL002775,2024-03-07 03:41:48,702,70015,32.12,0,21835,home_improvement,MORTGAGE,0,0,0,48.32,0,655,0.041398,MEDIUM,DECLINED,0,0,600-700,50-75K
BL002776,2024-08-04 20:02:58,607,90119,39.3,2,33271,debt_consolidation,MORTGAGE,0,0,0,20.25,3,613,0.129005,HIGH,APPROVED,1,120,600-700,75-100K
BL002777,2024-11-28 07:50:26,648,48904,33.53,1,32729,credit_card,MORTGAGE,3,7,11,37.37,1,565,0.401407,VERY_HIGH,DECLINED,1,90,<600,<50K
BL002778,2024-10-17 14:22:52,634,36447,14.65,11,23692,home_improvement,MORTGAGE,1,4,48,68.09,1,632,0.091616,HIGH,APPROVED,0,0,600-700,<50K
BL002779,2024-03-26 09:21:23,768,43279,3.78,3,10879,debt_consolidation,MORTGAGE,0,0,0,15.13,2,815,0.000882,LOW,APPROVED,0,0,800+,<50K
BL002780,2024-11-01 01:11:57,672,87184,38.76,4,31116,major_purchase,RENT,0,0,0,16.31,3,650,0.061138,HIGH,APPROVED,0,0,600-700,75-100K
BL002781,2024-12-20 23:21:43,714,64062,11.88,6,12889,credit_card,MORTGAGE,0,0,0,39.43,2,726,0.010551,LOW,APPROVED,0,0,700-800,50-75K
BL002782,2024-10-12 08:48:12,646,87319,11.36,1,26188,credit_card,MORTGAGE,0,0,0,41.25,1,741,0.008727,LOW,APPROVED,0,0,700-800,75-100K
BL002783,2024-04-26 09:38:37,686,52316,19.3,1,9097,debt_consolidation,RENT,0,0,0,41.77,1,668,0.039009,MEDIUM,APPROVED,0,0,600-700,50-75K
BL002784,2024-03-27 09:36:00,682,85872,21.06,8,17082,credit_card,MORTGAGE,0,0,0,70.63,0,708,0.016438,MEDIUM,APPROVED,0,0,700-800,75-100K
BL002785,2024-04-26 19:08:47,650,49223,29.61,40,33239,major_purchase,MORTGAGE,1,1,27,50.74,1,586,0.182453,VERY_HIGH,DECLINED,0,0,<600,<50K
BL002786,2024-12-16 22:04:55,745,45822,18.07,1,50188,debt_consolidation,OTHER,0,0,0,44.07,0,749,0.002794,LOW,APPROVED,0,0,700-800,<50K
BL002787,2024-03-14 13:20:59,605,61167,16.17,3,19130,debt_consolidation,RENT,2,2,22,0.0,1,644,0.053216,HIGH,DECLINED,0,0,600-700,50-75K
BL002788,2024-11-10 16:20:21,732,58021,31.8,1,12503,major_purchase,MORTGAGE,0,0,0,71.24,3,700,0.018565,MEDIUM,APPROVED,0,0,700-800,50-75K
BL002789,2024-01-25 04:07:46,846,55036,15.51,3,19358,major_purchase,RENT,0,0,0,35.92,0,807,0.000742,LOW,APPROVED,0,0,800+,50-75K
BL002790,2024-11-16 07:48:03,651,62844,48.86,5,25951,debt_consolidation,RENT,0,0,0,65.88,0,571,0.26586,VERY_HIGH,APPROVED,0,0,<600,50-75K
BL002791,2024-07-05 18:24:30,699,94883,11.58,0,69194,major_purchase,MORTGAGE,1,4,57,63.39,0,688,0.02581,MEDIUM,APPROVED,0,0,600-700,75-100K
BL002792,2024-05-16 09:27:51,610,45202,24.87,5,19155,other,OTHER,1,6,13,73.44,0,538,0.531935,VERY_HIGH,DECLINED,0,0,<600,<50K
BL002793,2024-07-27 04:56:50,695,27645,34.84,9,7930,debt_consolidation,MORTGAGE,1,6,9,51.99,3,594,0.202732,VERY_HIGH,DECLINED,1,90,<600,<50K
BL002794,2024-11-15 12:04:52,600,74186,24.5,6,14577,major_purchase,MORTGAGE,1,6,22,41.49,3,550,0.412319,VERY_HIGH,APPROVED,0,0,<600,50-75K
BL002795,2024-07-01 19:25:01,732,144911,9.58,33,13571,home_improvement,MORTGAGE,1,3,11,47.72,2,715,0.012786,LOW,APPROVED,0,0,700-800,100K+
BL002796,2024-11-06 23:56:09,669,99229,24.0,6,9549,credit_card,MORTGAGE,0,0,0,78.46,1,677,0.030373,MEDIUM,APPROVED,0,0,600-700,75-100K
BL002797,2024-06-12 00:52:20,593,35680,34.08,3,57176,home_improvement,MORTGAGE,0,0,0,41.11,1,553,0.437041,VERY_HIGH,DECLINED,0,0,<600,<50K
BL002798,2024-07-15 22:14:18,624,75562,17.71,11,20984,home_improvement,RENT,0,0,0,21.47,2,621,0.090618,HIGH,APPROVED,0,0,600-700,75-100K
BL002799,2024-02-16 23:56:51,607,102135,9.62,15,43822,credit_card,RENT,0,0,0,61.08,1,643,0.049799,HIGH,APPROVED,0,0,600-700,100K+
BL002800,2024-11-27 15:12:59,680,92545,23.88,2,47252,credit_card,MORTGAGE,0,0,0,24.76,0,718,0.014923,LOW,APPROVED,0,0,700-800,75-100K
BL002801,2024-02-12 23:00:49,743,141140,4.98,11,15428,credit_card,MORTGAGE,0,0,0,21.66,5,742,0.00456,LOW,APPROVED,0,0,700-800,100K+
BL002802,2024-02-13 17:23:30,673,90622,28.68,9,24164,debt_consolidation,OWN,0,0,0,31.92,2,628,0.088304,HIGH,DECLINED,0,0,600-700,75-100K
BL002803,2024-07-11 11:08:05,629,18000,30.99,8,28257,home_improvement,RENT,0,0,0,50.6,1,576,0.262421,VERY_HIGH,DECLINED,1,120,<600,<50K
BL002804,2024-11-26 15:52:58,648,79971,25.64,4,22089,home_improvement,MORTGAGE,1,3,19,40.93,1,642,0.050292,HIGH,DECLINED,1,120,600-700,75-100K
BL002805,2024-03-21 23:46:44,701,43331,13.89,7,15259,major_purchase,MORTGAGE,0,0,0,27.67,1,665,0.02887,MEDIUM,DECLINED,0,0,600-700,<50K
BL002806,2024-04-01 07:27:20,558,40390,34.23,2,24648,credit_card,RENT,4,7,46,87.15,3,432,0.952084,VERY_HIGH,DECLINED,1,120,<600,<50K
BL002807,2024-04-11 04:37:01,727,28180,36.75,5,23320,other,RENT,2,3,26,57.3,1,600,0.115188,HIGH,DECLINED,0,0,600-700,<50K
BL002808,2024-12-14 23:44:40,717,34323,35.01,7,28477,credit_card,OTHER,1,3,27,26.42,2,650,0.073119,HIGH,APPROVED,0,0,600-700,<50K
BL002809,2024-08-08 10:35:23,556,51975,20.76,7,8180,home_improvement,OWN,0,0,0,20.74,3,512,0.605519,VERY_HIGH,DECLINED,0,0,<600,50-75K
BL002810,2024-05-06 13:57:47,760,101312,29.04,3,29835,credit_card,MORTGAGE,0,0,0,40.2,2,712,0.007228,LOW,APPROVED,0,0,700-800,100K+
BL002811,2024-11-21 20:45:47,602,103541,18.09,1,41087,credit_card,MORTGAGE,0,0,0,36.74,1,623,0.064821,HIGH,DECLINED,0,0,600-700,100K+
BL002812,2024-07-17 19:53:53,681,83265,35.54,3,16150,major_purchase,RENT,0,0,0,22.74,2,636,0.07951,HIGH,APPROVED,0,0,600-700,75-100K
BL002813,2024-12-03 17:58:31,759,108196,20.46,5,22957,credit_card,MORTGAGE,0,0,0,27.11,1,800,0.00205,LOW,APPROVED,0,0,800+,100K+
BL002814,2024-08-06 23:39:01,601,51324,13.38,4,75038,credit_card,OWN,1,9,56,41.48,0,663,0.051123,HIGH,DECLINED,0,0,600-700,50-75K
BL002815,2024-12-16 14:22:16,589,41930,22.41,1,41300,debt_consolidation,MORTGAGE,3,6,58,78.51,3,506,0.750113,VERY_HIGH,DECLINED,0,0,<600,<50K
BL002816,2024-08-05 23:45:55,630,147081,29.42,0,6216,debt_consolidation,MORTGAGE,0,0,0,48.22,2,648,0.054838,HIGH,APPROVED,0,0,600-700,100K+
BL002817,2024-10-04 19:35:13,632,76083,23.46,4,37026,credit_card,MORTGAGE,2,3,34,73.24,1,569,0.376786,VERY_HIGH,DECLINED,1,60,<600,75-100K
BL002818,2024-05-15 14:02:19,685,52400,22.86,1,56350,debt_consolidation,RENT,1,4,8,77.41,0,674,0.033397,MEDIUM,APPROVED,0,0,600-700,50-75K
BL002819,2024-01-09 16:52:23,663,86685,15.57,8,27999,debt_consolidation,RENT,0,0,0,61.71,0,647,0.064318,HIGH,APPROVED,0,0,600-700,75-100K
BL002820,2024-10-22 08:18:17,665,43802,25.1,1,29770,home_improvement,MORTGAGE,1,7,10,66.69,0,609,0.161619,HIGH,APPROVED,1,150,600-700,<50K
BL002821,2024-12-10 05:01:18,665,126676,23.5,9,20198,debt_consolidation,RENT,0,0,0,68.05,1,673,0.049584,HIGH,APPROVED,0,0,600-700,100K+
BL002822,2024-11-21 05:34:39,682,33886,24.96,9,24451,home_improvement,RENT,1,4,17,67.64,2,669,0.047997,HIGH,APPROVED,0,0,600-700,<50K
BL002823,2024-07-26 05:02:25,644,48143,22.86,3,16375,credit_card,RENT,0,0,0,45.41,0,701,0.024232,MEDIUM,APPROVED,1,120,700-800,<50K
BL002824,2024-08-02 16:06:40,711,56607,23.57,25,39227,debt_consolidation,MORTGAGE,0,0,0,0.0,2,701,0.015711,LOW,APPROVED,0,0,700-800,50-75K
BL002825,2024-05-05 18:13:01,692,56293,16.75,2,50281,home_improvement,RENT,0,0,0,12.91,3,673,0.043163,HIGH,APPROVED,0,0,600-700,50-75K
BL002826,2024-08-18 02:04:39,635,34769,40.73,17,53416,credit_card,MORTGAGE,2,5,26,69.08,2,555,0.471476,VERY_HIGH,DECLINED,1,90,<600,<50K
BL002827,2024-12-05 13:39:25,795,91316,9.45,5,42206,major_purchase,RENT,1,4,44,0.0,1,781,0.001401,LOW,APPROVED,0,0,700-800,75-100K
BL002828,2024-08-28 16:23:12,621,81955,26.31,10,17741,home_improvement,MORTGAGE,2,3,10,57.39,1,572,0.272471,VERY_HIGH,DECLINED,1,120,<600,75-100K
BL002829,2024-01-29 02:23:23,734,63336,34.8,4,15558,home_improvement,OTHER,1,2,10,21.03,2,660,0.054562,HIGH,APPROVED,0,0,600-700,50-75K
BL002830,2024-07-10 17:21:03,650,80386,8.42,2,19052,credit_card,MORTGAGE,0,0,0,21.39,1,693,0.019409,MEDIUM,APPROVED,0,0,600-700,75-100K
BL002831,2024-12-20 17:26:15,713,49954,8.88,7,25651,major_purchase,RENT,0,0,0,54.69,0,744,0.00664,LOW,APPROVED,0,0,700-800,<50K
BL002832,2024-09-28 07:40:49,722,96179,30.81,23,21668,home_improvement,MORTGAGE,1,3,44,74.21,0,662,0.043676,HIGH,DECLINED,0,0,600-700,75-100K
BL002833,2024-12-09 23:32:21,741,47555,47.58,1,26551,credit_card,RENT,2,2,21,60.22,2,586,0.243903,VERY_HIGH,APPROVED,0,0,<600,<50K
BL002834,2024-03-29 13:40:52,772,37924,33.97,5,10841,other,MORTGAGE,1,1,9,51.85,2,673,0.02673,MEDIUM,APPROVED,1,120,600-700,<50K
BL002835,2024-04-21 18:17:06,645,56996,20.57,10,29163,debt_consolidation,RENT,0,0,0,17.05,1,636,0.050064,HIGH,APPROVED,0,0,600-700,50-75K
BL002836,2024-02-09 21:59:58,850,56518,19.19,4,13177,home_improvement,MORTGAGE,0,0,0,37.26,2,810,0.001151,LOW,APPROVED,0,0,800+,50-75K
BL002837,2024-10-02 12:07:32,716,72695,18.81,7,18949,credit_card,RENT,0,0,0,69.69,1,676,0.026075,MEDIUM,APPROVED,0,0,600-700,50-75K
BL002838,2024-09-13 01:50:06,647,84340,12.42,1,25230,debt_consolidation,MORTGAGE,0,0,0,32.89,2,672,0.031751,MEDIUM,APPROVED,0,0,600-700,75-100K
BL002839,2024-04-08 05:54:05,617,134404,18.28,1,34300,credit_card,MORTGAGE,1,5,50,59.61,2,569,0.298908,VERY_HIGH,APPROVED,0,0,<600,100K+
BL002840,2024-09-27 20:21:47,825,33738,32.16,13,18225,credit_card,RENT,0,0,0,18.34,0,734,0.007506,LOW,APPROVED,0,30,700-800,<50K
BL002841,2024-08-03 21:50:21,786,29925,21.13,0,23819,credit_card,MORTGAGE,0,0,0,32.66,3,733,0.006256,LOW,APPROVED,0,0,700-800,<50K
BL002842,2024-10-19 15:11:45,693,70668,27.41,2,37043,other,OWN,1,2,12,72.17,0,626,0.087407,HIGH,APPROVED,0,0,600-700,50-75K
BL002843,2024-01-04 06:47:45,736,113037,31.41,19,25429,debt_consolidation,RENT,0,0,0,42.68,1,728,0.006503,LOW,APPROVED,0,0,700-800,100K+
BL002844,2024-01-21 18:03:40,768,99747,18.02,8,11930,home_improvement,MORTGAGE,1,10,27,2.58,0,750,0.003697,LOW,APPROVED,0,0,700-800,75-100K
BL002845,2024-10-08 12:27:45,699,59474,20.6,12,39369,major_purchase,MORTGAGE,0,0,0,26.67,0,683,0.024212,MEDIUM,APPROVED,0,0,600-700,50-75K
BL002846,2024-07-27 05:21:26,670,56056,25.69,4,4539,debt_consolidation,MORTGAGE,2,2,3,2.66,1,642,0.075143,HIGH,APPROVED,0,0,600-700,50-75K
BL002847,2024-02-15 12:10:24,692,54795,16.7,0,15291,other,RENT,0,0,0,58.62,0,674,0.015626,LOW,APPROVED,0,0,600-700,50-75K
BL002848,2024-03-20 20:05:12,741,140667,24.9,2,47998,debt_consolidation,MORTGAGE,0,0,0,28.31,1,693,0.014897,LOW,APPROVED,0,0,600-700,100K+
BL002849,2024-04-24 15:14:36,695,57071,29.82,6,49959,debt_consolidation,MORTGAGE,0,0,0,7.91,5,681,0.024006,MEDIUM,APPROVED,0,60,600-700,50-75K
BL002850,2024-05-30 03:43:42,625,72760,24.34,0,10204,credit_card,OTHER,1,3,21,67.94,0,594,0.251887,VERY_HIGH,APPROVED,0,0,<600,50-75K
BL002851,2024-11-29 23:38:23,737,35960,8.98,5,25748,debt_consolidation,RENT,0,0,0,33.26,0,748,0.005454,LOW,APPROVED,0,0,700-800,<50K
BL002852,2024-11-25 01:41:33,597,95692,26.54,8,7670,credit_card,RENT,0,0,0,1.41,0,592,0.189768,VERY_HIGH,DECLINED,0,0,<600,75-100K
BL002853,2024-04-21 17:51:00,652,59303,22.26,40,81459,debt_consolidation,MORTGAGE,0,0,0,30.94,0,641,0.055118,HIGH,APPROVED,0,0,600-700,50-75K
BL002854,2024-05-18 10:45:33,764,55885,23.78,11,15489,credit_card,MORTGAGE,1,8,24,71.08,1,681,0.025452,MEDIUM,APPROVED,0,0,600-700,50-75K
BL002855,2024-08-02 16:26:36,708,55044,13.44,1,11464,home_improvement,MORTGAGE,1,2,46,77.13,1,632,0.069367,HIGH,APPROVED,0,0,600-700,50-75K
BL002856,2024-06-21 14:02:03,707,59443,24.58,6,13605,debt_consolidation,OWN,0,0,0,0.0,1,731,0.008298,LOW,DECLINED,0,30,700-800,50-75K
BL002857,2024-10-24 21:43:33,700,216844,23.01,19,24052,credit_card,RENT,1,5,27,42.66,1,702,0.022833,MEDIUM,APPROVED,0,0,700-800,100K+
BL002858,2024-12-01 06:06:38,752,83510,18.78,21,9822,debt_consolidation,MORTGAGE,1,6,55,70.78,2,704,0.01882,MEDIUM,APPROVED,0,0,700-800,75-100K
BL002859,2024-02-04 14:59:58,691,85454,17.03,2,43805,debt_consolidation,RENT,0,0,0,63.77,0,724,0.010796,LOW,APPROVED,0,0,700-800,75-100K
BL002860,2024-06-09 20:32:36,585,44790,22.48,0,30519,major_purchase,MORTGAGE,1,8,50,44.01,1,591,0.188147,VERY_HIGH,DECLINED,1,60,<600,<50K
BL002861,2024-11-23 15:38:10,708,33289,6.74,13,11977,debt_consolidation,RENT,3,3,31,41.6,3,631,0.054267,HIGH,APPROVED,0,0,600-700,<50K
BL002862,2024-04-03 08:17:00,522,23811,26.13,1,54104,debt_consolidation,RENT,1,4,47,63.08,0,467,0.846619,VERY_HIGH,DECLINED,1,90,<600,<50K
BL002863,2024-10-25 07:54:02,579,48472,19.32,24,14968,major_purchase,OTHER,0,0,0,76.45,2,575,0.327596,VERY_HIGH,APPROVED,0,0,<600,<50K
BL002864,2024-02-08 18:40:59,783,68384,33.22,9,12278,major_purchase,RENT,2,5,22,21.81,1,744,0.008246,LOW,APPROVED,0,0,700-800,50-75K
BL002865,2024-11-30 22:26:38,753,70354,7.28,1,11813,debt_consolidation,RENT,1,2,27,50.38,1,746,0.006498,LOW,APPROVED,0,0,700-800,50-75K
BL002866,2024-07-26 15:42:28,668,32697,19.51,3,37349,credit_card,MORTGAGE,0,0,0,47.29,1,667,0.040544,MEDIUM,APPROVED,0,30,600-700,<50K
BL002867,2024-06-15 10:00:15,690,85197,26.55,16,26585,credit_card,OWN,1,6,19,43.93,0,646,0.050937,HIGH,DECLINED,0,0,600-700,75-100K
BL002868,2024-12-07 18:17:19,699,49131,26.24,18,17778,home_improvement,OWN,0,0,0,53.38,3,599,0.206461,VERY_HIGH,APPROVED,0,0,<600,<50K
BL002869,2024-07-28 19:28:27,750,105987,19.96,10,19282,home_improvement,MORTGAGE,2,2,3,74.21,0,686,0.018989,MEDIUM,APPROVED,0,0,600-700,100K+
BL002870,2024-10-29 14:27:31,651,56461,32.57,1,14473,home_improvement,MORTGAGE,1,7,29,35.55,0,590,0.169615,HIGH,DECLINED,0,0,<600,50-75K
BL002871,2024-05-24 01:16:00,644,64770,19.63,4,44690,home_improvement,RENT,1,4,42,45.47,2,615,0.109495,HIGH,DECLINED,0,0,600-700,50-75K
BL002872,2024-03-15 12:30:54,659,45531,28.47,25,26960,debt_consolidation,MORTGAGE,1,0,49,48.46,1,601,0.14349,HIGH,APPROVED,0,30,600-700,<50K
BL002873,2024-04-18 05:25:26,702,46514,23.42,2,11295,major_purchase,MORTGAGE,0,0,0,71.91,0,731,0.010888,LOW,APPROVED,0,0,700-800,<50K
BL002874,2024-11-11 10:57:14,709,64604,21.53,3,27695,other,RENT,1,3,59,33.62,1,687,0.018958,MEDIUM,APPROVED,0,0,600-700,50-75K
BL002875,2024-11-19 07:39:28,672,82521,16.87,5,32238,other,MORTGAGE,1,5,32,0.0,3,644,0.08408,HIGH,APPROVED,0,0,600-700,75-100K
BL002876,2024-12-20 14:29:44,737,88173,17.68,7,29731,other,OTHER,0,0,0,52.41,0,714,0.011697,LOW,APPROVED,0,0,700-800,75-100K
BL002877,2024-12-18 18:55:52,636,46138,18.85,1,25950,debt_consolidation,OTHER,1,4,52,69.5,2,590,0.225322,VERY_HIGH,DECLINED,0,0,<600,<50K
BL002878,2024-03-30 13:21:02,690,36202,26.81,1,29268,other,MORTGAGE,0,0,0,29.77,4,687,0.024595,MEDIUM,APPROVED,1,60,600-700,<50K
BL002879,2024-03-31 16:27:26,655,77080,18.5,3,10673,major_purchase,MORTGAGE,1,5,12,57.19,0,668,0.039292,MEDIUM,APPROVED,0,0,600-700,75-100K
BL002880,2024-05-01 05:28:05,637,113864,14.44,40,12439,other,MORTGAGE,2,5,45,73.0,2,601,0.273497,VERY_HIGH,APPROVED,1,60,600-700,100K+
BL002881,2024-09-06 12:00:18,763,50928,29.16,2,15041,debt_consolidation,MORTGAGE,0,0,0,82.8,2,692,0.015281,LOW,DECLINED,0,0,600-700,50-75K
BL002882,2024-03-12 17:59:32,676,52468,25.05,1,24340,debt_consolidation,MORTGAGE,0,0,0,4.45,1,655,0.046026,HIGH,APPROVED,1,120,600-700,50-75K
BL002883,2024-02-12 14:22:16,637,52072,28.72,0,58515,debt_consolidation,MORTGAGE,0,0,0,27.97,1,644,0.072491,HIGH,APPROVED,1,90,600-700,50-75K
BL002884,2024-09-13 08:17:39,696,74148,24.53,18,13451,other,OTHER,3,6,43,64.07,1,662,0.052247,HIGH,APPROVED,0,0,600-700,50-75K
BL002885,2024-12-15 20:11:03,638,98246,38.82,17,47032,home_improvement,MORTGAGE,0,0,0,35.11,2,575,0.242123,VERY_HIGH,APPROVED,0,0,<600,75-100K
BL002886,2024-09-10 12:11:46,727,41684,30.41,16,22478,debt_consolidation,RENT,2,1,39,69.91,2,619,0.111358,HIGH,DECLINED,0,0,600-700,<50K
BL002887,2024-12-06 22:34:29,742,77592,26.63,17,10528,credit_card,RENT,0,0,0,32.91,0,737,0.008784,LOW,APPROVED,0,30,700-800,75-100K
BL002888,2024-04-04 05:43:46,752,122099,28.22,2,54002,home_improvement,MORTGAGE,0,0,0,30.13,1,714,0.010802,LOW,DECLINED,0,0,700-800,100K+
BL002889,2024-12-20 04:29:03,634,83564,32.67,4,15528,debt_consolidation,MORTGAGE,0,0,0,54.66,3,586,0.234364,VERY_HIGH,APPROVED,0,30,<600,75-100K
BL002890,2024-12-10 04:50:58,686,45104,25.25,1,26301,debt_consolidation,RENT,0,0,0,42.61,1,646,0.058901,HIGH,APPROVED,0,0,600-700,<50K
BL002891,2024-10-06 01:19:13,798,33140,30.35,11,9387,other,RENT,2,8,40,20.41,0,691,0.017273,MEDIUM,APPROVED,0,0,600-700,<50K
BL002892,2024-09-18 20:19:17,682,65015,22.07,7,16466,credit_card,MORTGAGE,1,5,26,59.7,1,685,0.029936,MEDIUM,APPROVED,0,0,600-700,50-75K
BL002893,2024-06-05 00:23:24,765,117909,37.83,4,19853,debt_consolidation,MORTGAGE,0,0,0,81.92,2,657,0.036679,MEDIUM,APPROVED,0,0,600-700,100K+
BL002894,2024-10-21 17:43:24,780,91861,22.39,6,19562,major_purchase,OWN,0,0,0,11.76,2,788,0.00183,LOW,APPROVED,0,0,700-800,75-100K
BL002895,2024-02-09 07:09:40,616,122888,1.0,3,28929,other,RENT,0,0,0,19.96,0,737,0.006806,LOW,APPROVED,0,0,700-800,100K+
BL002896,2024-01-09 10:09:15,762,54374,29.76,3,14089,credit_card,MORTGAGE,0,0,0,18.19,2,688,0.015629,LOW,APPROVED,0,30,600-700,50-75K
BL002897,2024-05-29 08:50:03,736,66015,20.93,15,30055,debt_consolidation,RENT,2,3,36,41.22,0,679,0.031164,MEDIUM,APPROVED,0,0,600-700,50-75K
BL002898,2024-05-12 13:25:35,743,44590,22.4,1,8888,major_purchase,OWN,1,3,26,50.7,1,721,0.011682,LOW,APPROVED,0,0,700-800,<50K
BL002899,2024-05-04 14:12:17,789,82426,30.07,10,29064,major_purchase,RENT,0,0,0,51.51,4,695,0.028629,MEDIUM,APPROVED,0,0,600-700,75-100K
BL002900,2024-06-08 08:31:26,720,58872,1.0,1,26940,debt_consolidation,MORTGAGE,2,4,35,36.88,1,737,0.007137,LOW,APPROVED,0,0,700-800,50-75K
BL002901,2024-12-05 10:33:53,699,45080,7.79,3,31094,major_purchase,MORTGAGE,1,4,2,35.16,1,679,0.027608,MEDIUM,APPROVED,0,0,600-700,<50K
BL002902,2024-07-04 06:17:28,729,54065,22.48,11,26699,other,MORTGAGE,1,6,6,26.13,1,680,0.029511,MEDIUM,APPROVED,0,0,600-700,50-75K
BL002903,2024-03-13 18:00:04,675,83093,11.95,1,32699,home_improvement,OWN,0,0,0,72.4,0,682,0.018686,MEDIUM,APPROVED,0,0,600-700,75-100K
BL002904,2024-03-24 09:52:27,722,95809,29.36,7,14331,credit_card,MORTGAGE,1,6,35,0.0,1,712,0.014146,LOW,APPROVED,0,0,700-800,75-100K
BL002905,2024-09-07 21:34:29,581,91872,28.47,2,13353,home_improvement,MORTGAGE,0,0,0,48.03,2,587,0.28086,VERY_HIGH,DECLINED,0,0,<600,75-100K
BL002906,2024-04-24 12:03:55,791,184707,20.01,0,15785,home_improvement,MORTGAGE,0,0,0,40.7,1,739,0.004259,LOW,APPROVED,0,0,700-800,100K+
BL002907,2024-12-10 11:23:19,664,90893,31.37,2,8751,debt_consolidation,RENT,1,4,38,48.69,0,618,0.079311,HIGH,APPROVED,0,0,600-700,75-100K
BL002908,2024-05-30 19:39:06,725,42761,6.5,1,47519,debt_consolidation,OWN,0,0,0,39.37,1,712,0.008186,LOW,APPROVED,0,0,700-800,<50K
BL002909,2024-10-17 07:38:54,712,105397,23.07,20,9761,debt_consolidation,RENT,0,0,0,44.44,2,695,0.016473,MEDIUM,APPROVED,0,0,600-700,100K+
BL002910,2024-01-16 01:38:09,700,44195,31.88,0,30781,credit_card,MORTGAGE,0,0,0,51.59,3,644,0.056985,HIGH,APPROVED,1,60,600-700,<50K
BL002911,2024-10-04 12:35:59,700,39564,36.17,4,7401,credit_card,RENT,0,0,0,47.72,0,652,0.073245,HIGH,APPROVED,0,0,600-700,<50K
BL002912,2024-03-30 12:57:49,698,89847,28.97,0,8142,debt_consolidation,OWN,1,4,15,57.9,0,676,0.031961,MEDIUM,APPROVED,1,120,600-700,75-100K
BL002913,2024-09-22 02:21:40,602,49895,37.37,20,13970,credit_card,MORTGAGE,1,2,13,51.17,1,529,0.564574,VERY_HIGH,APPROVED,0,30,<600,<50K
BL002914,2024-12-16 04:23:52,663,65242,27.7,0,23338,credit_card,MORTGAGE,0,0,0,50.47,1,650,0.066064,HIGH,APPROVED,1,120,600-700,50-75K
BL002915,2024-12-23 06:27:32,761,51823,22.78,6,32781,debt_consolidation,RENT,2,4,49,72.41,1,675,0.031278,MEDIUM,APPROVED,0,0,600-700,50-75K
BL002916,2024-04-04 13:30:53,637,59804,26.9,3,20525,credit_card,RENT,1,4,46,53.51,0,628,0.081815,HIGH,APPROVED,0,60,600-700,50-75K
BL002917,2024-01-20 17:12:24,635,29851,45.9,2,8435,debt_consolidation,OTHER,1,1,18,22.46,1,575,0.2548,VERY_HIGH,DECLINED,0,0,<600,<50K
BL002918,2024-02-19 17:15:28,813,97664,43.61,3,19675,debt_consolidation,MORTGAGE,0,0,0,20.32,3,719,0.008872,LOW,APPROVED,0,0,700-800,75-100K
BL002919,2024-07-20 09:36:11,762,113134,27.54,18,24710,major_purchase,MORTGAGE,1,1,42,65.7,2,703,0.020525,MEDIUM,APPROVED,0,0,700-800,100K+
BL002920,2024-05-05 14:04:04,782,58554,28.6,4,16964,major_purchase,MORTGAGE,1,6,31,20.94,2,704,0.017987,MEDIUM,APPROVED,0,0,700-800,50-75K
BL002921,2024-04-10 13:17:41,693,114515,28.75,6,27568,home_improvement,MORTGAGE,1,3,36,24.69,2,682,0.041659,MEDIUM,APPROVED,0,0,600-700,100K+
BL002922,2024-12-21 10:44:03,709,96304,10.95,5,16136,debt_consolidation,OTHER,3,5,41,85.58,1,635,0.074373,HIGH,APPROVED,0,0,600-700,75-100K
BL002923,2024-02-17 09:23:38,737,112173,19.52,2,12037,other,RENT,1,1,29,41.76,1,728,0.008711,LOW,APPROVED,0,0,700-800,100K+
BL002924,2024-11-30 17:14:37,726,127446,25.48,4,28436,credit_card,MORTGAGE,0,0,0,69.12,4,661,0.036552,MEDIUM,APPROVED,0,0,600-700,100K+
BL002925,2024-11-07 06:01:56,689,37722,17.18,3,19600,major_purchase,MORTGAGE,0,0,0,43.47,0,686,0.019264,MEDIUM,APPROVED,0,0,600-700,<50K
BL002926,2024-08-04 01:21:46,612,94559,22.16,3,12167,home_improvement,MORTGAGE,0,0,0,66.12,2,591,0.181321,VERY_HIGH,DECLINED,0,0,<600,75-100K
BL002927,2024-02-20 22:43:55,653,61431,13.14,10,34800,debt_consolidation,RENT,0,0,0,44.78,0,635,0.057632,HIGH,APPROVED,0,0,600-700,50-75K
BL002928,2024-07-31 10:54:14,609,92324,23.09,8,72047,debt_consolidation,MORTGAGE,0,0,0,27.51,4,593,0.258724,VERY_HIGH,APPROVED,1,120,<600,75-100K
BL002929,2024-10-21 02:29:14,782,58273,32.71,5,12058,major_purchase,MORTGAGE,1,6,16,36.78,1,719,0.008908,LOW,APPROVED,0,0,700-800,50-75K
BL002930,2024-06-10 02:04:17,671,166353,24.45,6,4745,home_improvement,RENT,1,3,19,41.0,2,624,0.076216,HIGH,APPROVED,0,0,600-700,100K+
BL002931,2024-06-11 23:56:26,683,138834,31.2,23,14912,other,OWN,1,4,29,27.41,1,646,0.043156,HIGH,APPROVED,0,0,600-700,100K+
BL002932,2024-11-10 08:50:01,709,65439,22.41,3,28411,major_purchase,MORTGAGE,1,4,15,0.0,3,655,0.04746,HIGH,APPROVED,0,0,600-700,50-75K
BL002933,2024-06-28 21:24:14,694,80413,16.77,1,10530,home_improvement,MORTGAGE,1,3,54,49.82,1,603,0.172161,HIGH,APPROVED,0,0,600-700,75-100K
BL002934,2024-07-20 14:47:28,723,73057,25.03,3,26625,other,MORTGAGE,1,3,28,64.34,0,669,0.036146,MEDIUM,APPROVED,0,0,600-700,50-75K
BL002935,2024-07-20 11:37:54,658,73916,8.03,7,24967,major_purchase,RENT,1,4,1,75.01,0,624,0.079774,HIGH,APPROVED,0,0,600-700,50-75K
BL002936,2024-06-11 11:35:49,608,100187,17.12,4,46892,credit_card,RENT,0,0,0,29.7,2,638,0.054542,HIGH,APPROVED,0,0,600-700,100K+
BL002937,2024-09-01 23:39:19,791,42585,20.87,3,22220,credit_card,RENT,0,0,0,50.69,1,767,0.001719,LOW,APPROVED,0,0,700-800,<50K
BL002938,2024-05-09 10:34:13,653,34776,18.78,0,8198,credit_card,OWN,1,3,37,39.0,2,582,0.277904,VERY_HIGH,DECLINED,0,0,<600,<50K
BL002939,2024-10-05 19:21:09,666,109232,27.13,0,28081,credit_card,RENT,0,0,0,61.01,2,654,0.048787,HIGH,DECLINED,0,0,600-700,100K+
BL002940,2024-07-08 16:43:50,648,77061,16.87,4,5311,other,MORTGAGE,0,0,0,40.84,1,684,0.033225,MEDIUM,APPROVED,0,0,600-700,75-100K
BL002941,2024-03-29 14:53:40,662,53821,31.96,8,12216,credit_card,RENT,0,0,0,36.08,0,648,0.053481,HIGH,APPROVED,0,0,600-700,50-75K
BL002942,2024-09-08 18:46:40,694,48664,31.12,6,23128,credit_card,MORTGAGE,0,0,0,0.0,2,694,0.019515,MEDIUM,APPROVED,0,0,600-700,<50K
BL002943,2024-10-30 14:08:39,734,33857,24.85,3,17036,major_purchase,MORTGAGE,1,1,7,39.21,1,691,0.016938,MEDIUM,DECLINED,0,0,600-700,<50K
BL002944,2024-07-14 15:36:13,633,58132,17.89,6,15251,debt_consolidation,RENT,0,0,0,36.35,1,604,0.115063,HIGH,APPROVED,0,0,600-700,50-75K
BL002945,2024-10-11 07:54:05,709,30304,13.62,1,21276,major_purchase,RENT,0,0,0,47.62,0,689,0.026968,MEDIUM,APPROVED,0,0,600-700,<50K
BL002946,2024-05-06 18:18:56,655,70131,29.29,25,12396,home_improvement,RENT,0,0,0,57.84,1,631,0.059411,HIGH,DECLINED,0,0,600-700,50-75K
BL002947,2024-02-04 20:14:34,760,74711,21.4,3,22386,home_improvement,MORTGAGE,0,0,0,46.89,3,720,0.011149,LOW,APPROVED,0,0,700-800,50-75K
BL002948,2024-06-21 03:48:35,623,48538,47.91,3,24633,debt_consolidation,MORTGAGE,0,0,0,6.08,1,620,0.148311,HIGH,DECLINED,0,0,600-700,<50K
BL002949,2024-04-08 13:55:40,698,103485,31.44,0,31647,credit_card,RENT,0,0,0,86.28,0,635,0.061383,HIGH,APPROVED,0,0,600-700,100K+
BL002950,2024-02-07 11:36:43,732,92026,36.32,6,17205,home_improvement,RENT,1,2,31,62.02,1,649,0.050741,HIGH,APPROVED,0,0,600-700,75-100K
BL002951,2024-06-08 23:17:24,616,71450,15.62,3,8101,major_purchase,RENT,1,5,36,40.78,0,613,0.129249,HIGH,DECLINED,1,60,600-700,50-75K
BL002952,2024-09-06 08:48:17,698,46612,23.15,7,44684,credit_card,RENT,0,0,0,92.75,1,648,0.051454,HIGH,APPROVED,1,60,600-700,<50K
BL002953,2024-09-01 17:31:26,700,48531,19.36,2,18911,major_purchase,MORTGAGE,0,0,0,51.52,1,686,0.026916,MEDIUM,APPROVED,0,0,600-700,<50K
BL002954,2024-10-27 18:20:13,647,42525,2.3,8,9243,major_purchase,MORTGAGE,3,5,59,30.09,1,615,0.087269,HIGH,APPROVED,0,0,600-700,<50K
BL002955,2024-01-24 06:39:53,680,26861,25.83,5,25147,credit_card,RENT,2,7,3,51.02,1,610,0.104416,HIGH,APPROVED,0,0,600-700,<50K
BL002956,2024-07-31 05:27:45,747,64966,19.96,13,20169,major_purchase,OTHER,1,4,18,31.69,0,698,0.01693,MEDIUM,APPROVED,0,0,600-700,50-75K
BL002957,2024-08-11 02:35:23,705,89728,21.02,13,20984,major_purchase,RENT,0,0,0,5.87,0,731,0.005477,LOW,APPROVED,0,0,700-800,75-100K
BL002958,2024-10-22 06:59:33,668,32525,27.07,0,10795,major_purchase,RENT,1,4,3,58.14,3,642,0.079372,HIGH,APPROVED,0,0,600-700,<50K
BL002959,2024-11-09 18:18:01,680,75618,32.72,9,12128,debt_consolidation,MORTGAGE,1,3,27,47.58,3,591,0.173654,HIGH,APPROVED,0,0,<600,75-100K
BL002960,2024-10-06 20:08:52,716,57494,28.87,6,11015,major_purchase,MORTGAGE,1,5,26,50.69,2,631,0.073097,HIGH,DECLINED,1,120,600-700,50-75K
BL002961,2024-03-08 18:44:58,762,67545,39.1,3,27319,major_purchase,RENT,0,0,0,34.22,1,738,0.008221,LOW,APPROVED,0,0,700-800,50-75K
BL002962,2024-05-13 17:49:40,736,88623,17.75,4,10883,debt_consolidation,RENT,1,2,49,62.07,1,701,0.012687,LOW,APPROVED,0,0,700-800,75-100K
BL002963,2024-10-01 20:16:03,732,97041,31.08,6,11707,debt_consolidation,MORTGAGE,1,4,48,27.9,1,672,0.024194,MEDIUM,APPROVED,0,0,600-700,75-100K
BL002964,2024-03-09 22:49:54,779,47052,16.99,9,13115,home_improvement,RENT,1,4,25,50.87,1,728,0.00715,LOW,APPROVED,0,0,700-800,<50K
BL002965,2024-09-23 06:32:45,605,89478,21.54,12,22828,home_improvement,RENT,0,0,0,40.32,2,610,0.144423,HIGH,APPROVED,1,120,600-700,75-100K
BL002966,2024-05-09 23:01:01,611,52858,33.49,5,12714,major_purchase,MORTGAGE,0,0,0,8.32,0,609,0.146873,HIGH,APPROVED,0,0,600-700,50-75K
BL002967,2024-06-02 20:06:28,565,20065,28.33,1,26960,home_improvement,RENT,0,0,0,29.12,2,527,0.584628,VERY_HIGH,APPROVED,0,0,<600,<50K
BL002968,2024-07-05 19:13:40,738,159604,25.94,4,19148,home_improvement,RENT,2,7,4,10.81,3,690,0.030548,MEDIUM,APPROVED,0,0,600-700,100K+
BL002969,2024-03-18 13:44:39,564,64701,25.81,0,13407,other,OWN,1,2,7,53.19,1,525,0.548989,VERY_HIGH,DECLINED,1,60,<600,50-75K
BL002970,2024-09-05 23:07:33,689,55022,29.76,1,13428,home_improvement,MORTGAGE,1,5,32,63.94,1,639,0.070629,HIGH,APPROVED,1,120,600-700,50-75K
BL002971,2024-08-04 17:08:21,733,116593,35.18,3,15707,credit_card,MORTGAGE,2,9,26,52.91,2,604,0.185773,VERY_HIGH,APPROVED,1,60,600-700,100K+
BL002972,2024-11-27 20:52:53,613,78037,29.35,10,12982,other,OWN,1,2,23,61.9,0,567,0.274507,VERY_HIGH,DECLINED,0,30,<600,75-100K
BL002973,2024-11-01 16:04:52,654,49241,20.06,7,30762,major_purchase,RENT,1,6,39,52.31,0,627,0.117413,HIGH,APPROVED,0,0,600-700,<50K
BL002974,2024-08-16 04:16:21,676,69815,31.28,2,90000,major_purchase,MORTGAGE,3,2,11,0.0,3,650,0.062586,HIGH,APPROVED,0,0,600-700,50-75K
BL002975,2024-12-19 21:40:36,731,73493,23.65,12,22100,major_purchase,RENT,0,0,0,33.91,1,671,0.024691,MEDIUM,DECLINED,0,0,600-700,50-75K
BL002976,2024-11-21 00:55:35,606,57922,26.32,3,15687,home_improvement,RENT,1,3,8,27.87,1,558,0.469996,VERY_HIGH,DECLINED,0,0,<600,50-75K
BL002977,2024-09-15 00:11:24,708,21624,25.33,3,71337,debt_consolidation,MORTGAGE,1,5,48,0.0,1,696,0.023377,MEDIUM,APPROVED,0,0,600-700,<50K
BL002978,2024-08-15 20:45:22,729,67819,32.39,4,36531,other,MORTGAGE,0,0,0,29.2,2,687,0.015611,LOW,APPROVED,0,0,600-700,50-75K
BL002979,2024-07-19 01:04:45,699,41381,25.98,1,15955,credit_card,MORTGAGE,0,0,0,41.84,1,670,0.040667,MEDIUM,APPROVED,0,0,600-700,<50K
BL002980,2024-07-07 14:44:41,699,39426,20.65,1,13147,other,RENT,0,0,0,29.97,0,708,0.01057,LOW,APPROVED,0,0,700-800,<50K
BL002981,2024-08-18 06:59:24,760,64608,11.41,1,19308,debt_consolidation,RENT,0,0,0,41.4,1,795,0.001242,LOW,APPROVED,0,0,700-800,50-75K
BL002982,2024-10-02 15:02:12,703,167430,12.3,7,9907,home_improvement,RENT,1,2,45,33.36,1,741,0.006047,LOW,APPROVED,0,30,700-800,100K+
BL002983,2024-06-05 21:23:29,689,36795,27.11,2,8432,credit_card,MORTGAGE,0,0,0,93.36,2,615,0.143152,HIGH,APPROVED,0,0,600-700,<50K
BL002984,2024-03-07 02:01:56,672,72695,18.21,4,37987,home_improvement,RENT,3,3,57,32.83,1,624,0.096721,HIGH,APPROVED,0,0,600-700,50-75K
BL002985,2024-08-10 01:38:03,726,32335,31.67,5,16334,credit_card,RENT,1,5,37,40.97,0,677,0.022717,MEDIUM,APPROVED,0,0,600-700,<50K
BL002986,2024-08-24 20:50:06,674,30504,24.36,4,35866,other,RENT,0,0,0,50.57,1,679,0.034646,MEDIUM,DECLINED,0,0,600-700,<50K
BL002987,2024-12-14 19:53:25,727,53497,26.44,17,4225,other,RENT,1,3,52,39.84,0,673,0.026435,MEDIUM,APPROVED,0,0,600-700,50-75K
BL002988,2024-04-25 19:41:34,696,95745,23.57,6,20755,credit_card,RENT,0,0,0,68.28,3,628,0.091366,HIGH,APPROVED,0,30,600-700,75-100K
BL002989,2024-03-31 02:40:41,753,71691,46.58,0,61208,home_improvement,RENT,0,0,0,64.61,1,649,0.049043,HIGH,APPROVED,0,0,600-700,50-75K
BL002990,2024-09-30 01:31:13,647,71727,32.53,7,39744,home_improvement,RENT,1,2,31,22.77,1,596,0.197652,VERY_HIGH,DECLINED,1,150,<600,50-75K
BL002991,2024-05-25 23:31:05,694,109770,28.64,4,41895,other,RENT,0,0,0,63.56,1,653,0.040659,MEDIUM,APPROVED,0,0,600-700,100K+
BL002992,2024-09-28 19:36:45,710,78750,30.01,7,42080,home_improvement,MORTGAGE,1,3,9,65.73,3,637,0.078786,HIGH,APPROVED,0,0,600-700,75-100K
BL002993,2024-07-11 19:16:24,713,48411,2.75,2,18111,debt_consolidation,MORTGAGE,1,3,48,66.45,1,665,0.0383,MEDIUM,APPROVED,0,0,600-700,<50K
BL002994,2024-05-11 11:53:03,753,40993,16.17,3,57115,debt_consolidation,MORTGAGE,0,0,0,19.4,2,715,0.011632,LOW,APPROVED,0,0,700-800,<50K
BL002995,2024-07-23 07:50:03,712,54934,34.66,5,17116,other,MORTGAGE,0,0,0,51.36,3,652,0.060563,HIGH,APPROVED,0,0,600-700,50-75K
BL002996,2024-10-08 17:27:41,740,73963,35.32,4,34159,other,RENT,2,5,8,66.92,2,647,0.09615,HIGH,APPROVED,0,0,600-700,50-75K
BL002997,2024-05-23 00:49:29,799,54377,17.11,1,11336,debt_consolidation,RENT,1,5,26,41.54,0,739,0.005579,LOW,APPROVED,0,0,700-800,50-75K
BL002998,2024-01-26 00:18:02,737,56613,5.37,13,6975,debt_consolidation,MORTGAGE,0,0,0,26.04,1,769,0.002538,LOW,APPROVED,0,0,700-800,50-75K
BL002999,2024-07-15 05:02:57,632,48919,12.28,2,21036,major_purchase,RENT,0,0,0,57.57,1,654,0.045059,HIGH,APPROVED,0,0,600-700,<50K
BL003000,2024-08-03 03:54:21,611,43808,28.47,7,19284,home_improvement,RENT,1,4,16,5.58,0,607,0.12732,HIGH,APPROVED,0,0,600-700,<50K
BL003001,2024-04-28 14:47:15,727,36638,22.07,0,23520,debt_consolidation,MORTGAGE,0,0,0,19.27,0,752,0.005754,LOW,APPROVED,0,0,700-800,<50K
BL003002,2024-11-28 12:57:13,669,43993,33.48,2,16656,credit_card,RENT,0,0,0,44.52,0,620,0.101428,HIGH,APPROVED,0,0,600-700,<50K
BL003003,2024-12-20 19:33:08,706,141188,21.68,2,16880,home_improvement,MORTGAGE,1,4,51,31.0,0,672,0.021812,MEDIUM,APPROVED,0,0,600-700,100K+
BL003004,2024-11-26 13:47:33,681,102694,26.16,9,5566,home_improvement,RENT,0,0,0,69.63,1,686,0.01881,MEDIUM,DECLINED,0,30,600-700,100K+
BL003005,2024-11-15 01:02:36,762,118021,28.42,2,38184,home_improvement,MORTGAGE,3,3,2,59.9,1,680,0.032381,MEDIUM,APPROVED,1,90,600-700,100K+
BL003006,2024-09-29 22:44:36,756,66541,22.68,2,57749,other,RENT,1,6,1,45.68,1,683,0.017795,MEDIUM,APPROVED,0,0,600-700,50-75K
BL003007,2024-09-02 07:32:38,628,59703,19.79,4,16824,major_purchase,MORTGAGE,2,4,48,68.59,1,609,0.199908,VERY_HIGH,APPROVED,0,0,600-700,50-75K
BL003008,2024-10-17 00:43:11,705,91221,18.19,3,6575,home_improvement,MORTGAGE,0,0,0,18.44,2,734,0.007816,LOW,APPROVED,0,0,700-800,75-100K
BL003009,2024-10-21 14:30:38,674,53228,21.99,1,14699,major_purchase,MORTGAGE,0,0,0,61.17,2,607,0.157136,HIGH,APPROVED,0,0,600-700,50-75K
BL003010,2024-06-10 03:29:38,618,105864,24.0,6,37402,home_improvement,RENT,0,0,0,31.19,0,618,0.102675,HIGH,DECLINED,0,0,600-700,100K+
BL003011,2024-09-12 09:21:36,726,67049,32.51,3,19451,major_purchase,MORTGAGE,1,6,22,63.69,5,580,0.234028,VERY_HIGH,APPROVED,1,120,<600,50-75K
BL003012,2024-09-28 10:07:05,682,90463,24.24,3,5117,major_purchase,MORTGAGE,1,4,41,32.48,3,618,0.14044,HIGH,DECLINED,0,0,600-700,75-100K
BL003013,2024-11-23 04:39:38,715,44449,18.81,3,21090,other,RENT,0,0,0,46.96,0,726,0.008645,LOW,APPROVED,0,0,700-800,<50K
BL003014,2024-04-15 00:21:21,827,143899,14.06,4,12080,credit_card,MORTGAGE,0,0,0,62.08,1,793,0.001232,LOW,APPROVED,0,0,700-800,100K+
BL003015,2024-08-09 04:37:39,763,69417,16.78,9,21408,home_improvement,MORTGAGE,0,0,0,27.25,1,766,0.001841,LOW,APPROVED,0,0,700-800,50-75K
BL003016,2024-04-11 08:35:04,751,85472,27.22,4,18524,home_improvement,MORTGAGE,1,3,39,55.53,0,678,0.030771,MEDIUM,APPROVED,0,0,600-700,75-100K
BL003017,2024-11-30 14:19:24,668,45108,24.69,9,14948,credit_card,OTHER,0,0,0,74.62,2,609,0.106403,HIGH,APPROVED,0,0,600-700,<50K
BL003018,2024-04-03 03:02:53,625,46265,35.61,8,30794,major_purchase,OWN,0,0,0,29.14,1,608,0.163952,HIGH,DECLINED,1,90,600-700,<50K
BL003019,2024-05-04 05:02:55,759,86805,22.53,2,16051,home_improvement,MORTGAGE,0,0,0,45.34,2,676,0.026563,MEDIUM,APPROVED,0,0,600-700,75-100K
BL003020,2024-06-02 23:50:35,673,30064,20.01,8,8989,major_purchase,OTHER,2,3,42,83.28,0,640,0.065012,HIGH,DECLINED,0,0,600-700,<50K
BL003021,2024-01-21 07:22:26,693,110965,36.21,2,15115,debt_consolidation,MORTGAGE,0,0,0,49.26,3,633,0.077624,HIGH,DECLINED,0,0,600-700,100K+
BL003022,2024-06-18 07:30:55,669,48304,32.51,15,48322,credit_card,RENT,0,0,0,28.7,2,618,0.096863,HIGH,DECLINED,0,30,600-700,<50K
BL003023,2024-10-31 18:08:25,696,97821,34.4,1,17003,debt_consolidation,RENT,0,0,0,62.6,0,656,0.045654,HIGH,APPROVED,0,0,600-700,75-100K
BL003024,2024-02-26 16:36:03,823,46993,12.82,0,13351,major_purchase,RENT,0,0,0,55.43,0,801,0.001271,LOW,APPROVED,0,0,800+,<50K
BL003025,2024-03-02 11:09:35,673,61911,23.26,1,3252,major_purchase,OTHER,0,0,0,52.22,1,660,0.044033,HIGH,APPROVED,0,0,600-700,50-75K
BL003026,2024-10-20 21:50:21,675,65676,25.84,12,12007,major_purchase,MORTGAGE,0,0,0,47.72,0,667,0.041675,MEDIUM,APPROVED,0,0,600-700,50-75K
BL003027,2024-08-02 00:30:24,701,95687,25.59,1,13875,other,OWN,1,6,40,50.31,1,678,0.026082,MEDIUM,APPROVED,0,0,600-700,75-100K
BL003028,2024-03-23 08:01:16,706,42927,2.9,1,26922,debt_consolidation,OTHER,0,0,0,13.73,0,756,0.003556,LOW,APPROVED,0,0,700-800,<50K
BL003029,2024-04-29 09:25:23,624,81154,24.18,0,8853,major_purchase,RENT,0,0,0,42.97,0,657,0.03674,MEDIUM,APPROVED,0,0,600-700,75-100K
BL003030,2024-09-21 18:01:40,592,72217,23.58,1,25225,debt_consolidation,MORTGAGE,0,0,0,53.86,1,596,0.148937,HIGH,DECLINED,0,0,<600,50-75K
BL003031,2024-02-09 15:09:04,658,89722,33.53,3,38555,debt_consolidation,RENT,0,0,0,46.97,1,644,0.099446,HIGH,APPROVED,0,0,600-700,75-100K
BL003032,2024-03-04 21:47:43,678,43293,21.77,0,10799,debt_consolidation,RENT,0,0,0,35.18,3,662,0.044889,HIGH,APPROVED,1,60,600-700,<50K
BL003033,2024-03-07 00:39:52,646,63313,24.34,16,19012,debt_consolidation,MORTGAGE,1,4,19,58.96,1,628,0.124561,HIGH,APPROVED,1,60,600-700,50-75K
BL003034,2024-04-18 03:28:12,634,45315,22.23,11,54285,home_improvement,MORTGAGE,0,0,0,53.54,1,604,0.148205,HIGH,DECLINED,0,0,600-700,<50K
BL003035,2024-05-12 06:49:39,638,53204,14.03,13,24270,home_improvement,MORTGAGE,0,0,0,38.57,0,686,0.034666,MEDIUM,APPROVED,0,0,600-700,50-75K
BL003036,2024-03-28 12:08:23,668,102642,29.49,11,11962,credit_card,MORTGAGE,1,4,40,79.66,3,587,0.335163,VERY_HIGH,APPROVED,0,30,<600,100K+
BL003037,2024-02-06 23:25:18,683,108114,40.67,8,16376,credit_card,OWN,1,7,25,53.91,2,581,0.236268,VERY_HIGH,DECLINED,0,0,<600,100K+
BL003038,2024-01-30 09:16:14,599,41488,15.26,1,81588,major_purchase,RENT,1,3,38,33.22,0,620,0.138222,HIGH,DECLINED,0,60,600-700,<50K
BL003039,2024-09-26 11:03:39,659,58732,37.43,22,15152,debt_consolidation,MORTGAGE,2,5,41,62.91,0,555,0.30421,VERY_HIGH,APPROVED,0,0,<600,50-75K
BL003040,2024-02-07 16:59:06,709,61127,38.99,0,5038,home_improvement,OWN,1,4,48,67.29,1,665,0.033949,MEDIUM,APPROVED,1,150,600-700,50-75K
BL003041,2024-09-12 06:25:50,682,41148,11.55,1,15341,major_purchase,MORTGAGE,2,6,53,64.15,0,634,0.081394,HIGH,APPROVED,0,0,600-700,<50K
BL003042,2024-04-04 11:24:07,614,52915,12.27,3,14727,debt_consolidation,OTHER,2,5,27,46.72,1,614,0.147564,HIGH,APPROVED,0,0,600-700,50-75K
BL003043,2024-09-08 18:46:43,669,38904,16.7,2,13735,debt_consolidation,OWN,2,1,10,0.0,3,679,0.032943,MEDIUM,DECLINED,0,0,600-700,<50K
BL003044,2024-04-22 10:32:21,688,81222,15.3,4,24476,debt_consolidation,RENT,1,4,56,63.14,0,706,0.012477,LOW,APPROVED,0,0,700-800,75-100K
BL003045,2024-06-11 19:32:40,731,41048,17.4,1,45926,debt_consolidation,RENT,0,0,0,53.31,0,708,0.014369,LOW,APPROVED,0,0,700-800,<50K
BL003046,2024-03-18 01:21:26,599,119591,14.5,6,52925,home_improvement,OTHER,1,3,34,56.31,0,622,0.107856,HIGH,DECLINED,0,0,600-700,100K+
BL003047,2024-11-02 14:56:30,726,25976,20.64,32,56049,other,MORTGAGE,1,4,46,33.49,0,710,0.020473,MEDIUM,APPROVED,0,0,700-800,<50K
BL003048,2024-07-04 09:25:13,663,81646,27.76,16,26394,debt_consolidation,MORTGAGE,1,1,13,26.47,1,617,0.083826,HIGH,APPROVED,0,0,600-700,75-100K
BL003049,2024-02-21 12:49:38,700,82924,30.89,1,14686,home_improvement,RENT,2,4,28,64.15,2,553,0.399021,VERY_HIGH,DECLINED,0,0,<600,75-100K
BL003050,2024-06-14 01:21:12,726,46940,21.97,4,13914,home_improvement,MORTGAGE,0,0,0,50.13,1,696,0.017878,MEDIUM,APPROVED,0,0,600-700,<50K
BL003051,2024-12-15 14:45:16,641,29217,14.92,1,9619,debt_consolidation,RENT,0,0,0,85.63,0,607,0.157747,HIGH,DECLINED,0,30,600-700,<50K
BL003052,2024-01-24 01:41:08,644,68161,28.61,2,37160,debt_consolidation,RENT,0,0,0,20.61,1,601,0.101482,HIGH,APPROVED,0,0,600-700,50-75K
BL003053,2024-10-16 01:26:00,682,36177,29.26,3,13998,debt_consolidation,MORTGAGE,0,0,0,46.94,0,644,0.051617,HIGH,APPROVED,0,0,600-700,<50K
BL003054,2024-11-16 07:55:13,728,102832,16.71,2,30905,other,RENT,0,0,0,48.54,2,714,0.012681,LOW,APPROVED,0,0,700-800,100K+
BL003055,2024-10-25 11:34:14,658,66028,27.32,0,25520,home_improvement,RENT,0,0,0,24.55,1,677,0.030428,MEDIUM,APPROVED,0,0,600-700,50-75K
BL003056,2024-06-12 08:19:23,611,62380,13.82,17,41551,credit_card,MORTGAGE,0,0,0,69.31,0,612,0.07952,HIGH,DECLINED,0,0,600-700,50-75K
BL003057,2024-04-18 01:57:01,650,66014,17.4,1,18702,home_improvement,MORTGAGE,0,0,0,52.08,0,656,0.042495,HIGH,APPROVED,0,0,600-700,50-75K
BL003058,2024-04-12 18:27:11,709,88161,24.61,6,27525,home_improvement,MORTGAGE,0,0,0,45.12,1,703,0.015571,LOW,APPROVED,0,0,700-800,75-100K
BL003059,2024-11-16 05:17:09,752,62143,21.46,13,40153,home_improvement,RENT,0,0,0,65.97,1,762,0.002995,LOW,APPROVED,0,60,700-800,50-75K
BL003060,2024-12-13 10:18:57,660,80361,33.52,2,88387,credit_card,RENT,0,0,0,62.14,2,637,0.069054,HIGH,APPROVED,0,0,600-700,75-100K
BL003061,2024-08-09 01:39:13,670,73979,22.19,11,25443,debt_consolidation,RENT,0,0,0,26.83,1,653,0.028619,MEDIUM,APPROVED,0,0,600-700,50-75K
BL003062,2024-03-05 21:35:04,678,49602,25.81,6,29377,debt_consolidation,MORTGAGE,0,0,0,38.28,0,653,0.036849,MEDIUM,APPROVED,0,0,600-700,<50K
BL003063,2024-01-06 21:18:04,680,103135,33.72,0,22261,other,MORTGAGE,1,5,28,79.21,0,618,0.106525,HIGH,DECLINED,0,0,600-700,100K+
BL003064,2024-08-29 18:36:47,636,128886,9.86,6,9371,home_improvement,MORTGAGE,0,0,0,64.0,2,655,0.066882,HIGH,APPROVED,0,30,600-700,100K+
BL003065,2024-03-04 05:10:57,664,103315,29.42,1,34342,debt_consolidation,MORTGAGE,2,2,48,14.68,1,621,0.092564,HIGH,APPROVED,0,30,600-700,100K+
BL003066,2024-07-10 03:10:04,699,66160,34.02,4,38948,credit_card,RENT,0,0,0,0.0,0,696,0.017442,MEDIUM,APPROVED,0,0,600-700,50-75K
BL003067,2024-09-01 03:37:09,693,85111,21.78,1,11527,major_purchase,RENT,0,0,0,75.75,0,664,0.030303,MEDIUM,APPROVED,0,0,600-700,75-100K
BL003068,2024-06-23 04:01:15,689,38763,33.46,15,38467,credit_card,MORTGAGE,0,0,0,84.65,1,586,0.239819,VERY_HIGH,APPROVED,0,0,<600,<50K
BL003069,2024-02-27 22:01:22,632,43228,13.77,6,8424,debt_consolidation,OWN,1,5,14,38.14,1,647,0.081416,HIGH,APPROVED,1,90,600-700,<50K
BL003070,2024-03-03 10:56:20,657,42106,15.76,0,22303,other,RENT,1,4,5,46.09,1,645,0.058381,HIGH,APPROVED,0,0,600-700,<50K
BL003071,2024-12-20 19:34:16,649,48124,11.55,5,13444,debt_consolidation,OWN,0,0,0,7.32,1,687,0.020824,MEDIUM,APPROVED,0,0,600-700,<50K
BL003072,2024-11-20 23:57:26,745,90984,37.92,2,25189,credit_card,RENT,0,0,0,64.34,1,672,0.042331,HIGH,APPROVED,0,0,600-700,75-100K
BL003073,2024-04-11 20:48:34,767,43162,15.88,2,9943,home_improvement,OWN,1,6,33,0.0,0,797,0.000949,LOW,APPROVED,0,0,700-800,<50K
BL003074,2024-06-19 13:47:07,706,46914,28.28,20,89336,home_improvement,MORTGAGE,1,0,48,21.71,0,683,0.023862,MEDIUM,APPROVED,0,0,600-700,<50K
BL003075,2024-01-22 12:28:44,775,31677,8.5,4,15396,major_purchase,RENT,1,3,48,45.28,1,711,0.009381,LOW,APPROVED,0,0,700-800,<50K
BL003076,2024-08-21 05:08:58,672,45741,31.92,1,43824,credit_card,RENT,2,3,38,32.06,4,580,0.321016,VERY_HIGH,DECLINED,0,0,<600,<50K
BL003077,2024-02-07 23:11:51,672,29514,11.28,0,50317,major_purchase,RENT,2,4,3,44.31,1,647,0.05564,HIGH,APPROVED,0,0,600-700,<50K
BL003078,2024-05-09 12:22:12,617,93071,16.95,13,15608,debt_consolidation,RENT,2,5,40,98.82,1,586,0.292396,VERY_HIGH,DECLINED,0,0,<600,75-100K
BL003079,2024-06-03 17:58:37,700,58077,1.0,1,18806,debt_consolidation,OWN,0,0,0,40.41,0,736,0.009706,LOW,APPROVED,0,30,700-800,50-75K
BL003080,2024-12-23 15:56:38,663,94530,11.84,2,35806,credit_card,RENT,1,3,13,48.39,1,653,0.041407,MEDIUM,APPROVED,0,0,600-700,75-100K
BL003081,2024-01-24 22:59:55,693,114994,32.01,1,16758,debt_consolidation,RENT,0,0,0,57.94,0,675,0.040861,MEDIUM,APPROVED,0,0,600-700,100K+
BL003082,2024-06-01 16:58:10,714,76923,10.88,6,17359,debt_consolidation,RENT,0,0,0,41.97,0,739,0.00794,LOW,APPROVED,0,0,700-800,75-100K
BL003083,2024-12-23 23:04:44,675,72408,37.8,4,8754,credit_card,MORTGAGE,0,0,0,7.49,2,623,0.100667,HIGH,DECLINED,0,0,600-700,50-75K
BL003084,2024-10-14 22:23:16,626,66141,43.31,5,13285,other,MORTGAGE,0,0,0,49.42,1,570,0.279165,VERY_HIGH,APPROVED,0,0,<600,50-75K
BL003085,2024-09-25 00:05:45,685,51421,21.76,4,12635,debt_consolidation,MORTGAGE,0,0,0,51.55,3,666,0.049452,HIGH,APPROVED,0,0,600-700,50-75K
BL003086,2024-05-20 07:54:09,684,23526,11.03,1,26582,home_improvement,MORTGAGE,0,0,0,17.62,1,695,0.017925,MEDIUM,DECLINED,0,0,600-700,<50K
BL003087,2024-04-05 20:12:09,689,67641,20.05,1,26957,debt_consolidation,OWN,0,0,0,20.82,2,719,0.008511,LOW,APPROVED,0,0,700-800,50-75K
BL003088,2024-02-23 21:11:00,725,45569,25.7,6,11268,debt_consolidation,MORTGAGE,1,4,14,46.91,1,648,0.062701,HIGH,APPROVED,0,0,600-700,<50K
BL003089,2024-05-12 13:00:19,676,39916,4.98,11,14335,home_improvement,MORTGAGE,0,0,0,44.09,2,703,0.013855,LOW,APPROVED,0,0,700-800,<50K
BL003090,2024-02-28 07:07:18,673,48054,17.52,12,16083,credit_card,OTHER,2,2,33,61.84,0,657,0.049812,HIGH,APPROVED,0,0,600-700,<50K
BL003091,2024-10-18 09:33:56,783,61633,24.91,6,21585,credit_card,MORTGAGE,0,0,0,81.6,2,741,0.007005,LOW,APPROVED,1,90,700-800,50-75K
BL003092,2024-02-08 08:05:49,747,84989,27.36,1,15422,major_purchase,MORTGAGE,0,0,0,63.31,1,662,0.046127,HIGH,APPROVED,0,0,600-700,75-100K
BL003093,2024-05-31 17:35:33,683,39950,6.3,5,12203,other,RENT,0,0,0,10.05,2,694,0.015329,LOW,APPROVED,0,0,600-700,<50K
BL003094,2024-10-04 20:06:48,637,35442,23.03,8,27803,other,OWN,0,0,0,75.49,0,600,0.189227,VERY_HIGH,APPROVED,0,0,600-700,<50K
BL003095,2024-02-16 00:05:38,664,100929,24.48,3,27839,major_purchase,RENT,0,0,0,45.92,5,617,0.09768,HIGH,APPROVED,0,0,600-700,100K+
BL003096,2024-08-08 08:14:20,709,79819,33.67,3,18747,debt_consolidation,MORTGAGE,1,0,45,49.82,2,596,0.145106,HIGH,APPROVED,0,0,<600,75-100K
BL003097,2024-03-01 13:27:19,734,89039,26.33,1,13052,home_improvement,OWN,1,2,42,90.5,2,646,0.064566,HIGH,APPROVED,0,0,600-700,75-100K
BL003098,2024-11-08 10:32:48,820,55143,33.28,2,18366,other,MORTGAGE,0,0,0,20.15,1,792,0.001748,LOW,APPROVED,0,0,700-800,50-75K
BL003099,2024-04-14 05:58:12,675,33439,28.72,0,24591,debt_consolidation,RENT,2,3,56,58.46,1,611,0.092058,HIGH,APPROVED,0,30,600-700,<50K
BL003100,2024-05-12 06:21:49,697,112693,15.86,2,14749,other,RENT,0,0,0,64.49,0,744,0.006871,LOW,APPROVED,1,60,700-800,100K+
BL003101,2024-07-13 04:40:14,670,108704,48.88,2,11438,major_purchase,RENT,1,6,44,22.72,2,611,0.233837,VERY_HIGH,APPROVED,1,120,600-700,100K+
BL003102,2024-07-31 07:37:40,693,47645,29.79,11,6672,debt_consolidation,OTHER,1,4,33,32.49,2,620,0.170491,HIGH,DECLINED,0,60,600-700,<50K
BL003103,2024-08-25 11:18:38,668,75021,25.97,1,22998,credit_card,MORTGAGE,0,0,0,34.91,1,650,0.024586,MEDIUM,APPROVED,0,0,600-700,75-100K
BL003104,2024-12-18 19:35:27,631,101677,20.18,2,37480,debt_consolidation,MORTGAGE,1,3,18,39.37,1,643,0.076611,HIGH,APPROVED,0,0,600-700,100K+
BL003105,2024-07-03 11:28:02,745,189849,38.0,3,90000,credit_card,RENT,1,2,5,42.21,3,670,0.035452,MEDIUM,APPROVED,0,0,600-700,100K+
BL003106,2024-02-15 02:10:20,696,107144,24.47,4,21641,other,MORTGAGE,0,0,0,81.8,0,713,0.013794,LOW,APPROVED,1,150,700-800,100K+
BL003107,2024-12-23 12:37:18,759,80185,29.0,37,22464,other,RENT,2,4,32,38.14,2,708,0.018337,MEDIUM,APPROVED,0,0,700-800,75-100K
BL003108,2024-01-13 20:07:19,662,56867,25.7,1,21056,debt_consolidation,RENT,0,0,0,25.85,2,629,0.100562,HIGH,APPROVED,0,0,600-700,50-75K
BL003109,2024-12-23 09:37:42,704,51125,22.45,6,12862,debt_consolidation,OWN,2,3,7,44.65,3,632,0.058834,HIGH,APPROVED,0,0,600-700,50-75K
BL003110,2024-01-17 15:55:48,725,61068,9.23,4,3739,major_purchase,MORTGAGE,0,0,0,63.08,0,707,0.010937,LOW,APPROVED,0,0,700-800,50-75K
BL003111,2024-04-11 07:40:39,588,46677,18.42,6,28742,other,RENT,0,0,0,23.29,1,578,0.28758,VERY_HIGH,DECLINED,0,0,<600,<50K
BL003112,2024-05-08 14:15:30,618,83486,39.74,5,19586,major_purchase,RENT,2,2,21,52.11,0,603,0.176864,HIGH,APPROVED,0,0,600-700,75-100K
BL003113,2024-08-17 00:45:32,731,67024,25.97,2,17142,major_purchase,OWN,1,3,26,43.88,0,714,0.013333,LOW,APPROVED,0,0,700-800,50-75K
BL003114,2024-12-23 12:15:37,695,56702,17.42,8,42921,home_improvement,RENT,1,5,43,89.23,2,607,0.159878,HIGH,APPROVED,0,0,600-700,50-75K
BL003115,2024-10-26 19:21:30,590,40107,15.45,1,78437,major_purchase,OWN,0,0,0,47.68,2,626,0.141474,HIGH,DECLINED,1,90,600-700,<50K
BL003116,2024-02-01 00:16:03,650,66313,15.9,2,11999,home_improvement,MORTGAGE,0,0,0,61.15,1,651,0.043186,HIGH,APPROVED,0,0,600-700,50-75K
BL003117,2024-05-12 06:30:43,633,54331,19.75,1,28604,home_improvement,RENT,1,4,49,72.35,1,579,0.244783,VERY_HIGH,DECLINED,0,0,<600,50-75K
BL003118,2024-01-31 01:56:57,664,75176,22.16,16,30581,other,RENT,0,0,0,16.28,0,646,0.076245,HIGH,APPROVED,0,60,600-700,75-100K
BL003119,2024-01-15 17:50:41,774,41393,37.01,5,50362,credit_card,MORTGAGE,2,5,57,16.86,1,672,0.035733,MEDIUM,APPROVED,0,0,600-700,<50K
BL003120,2024-04-17 19:54:17,659,85577,26.92,0,13117,debt_consolidation,OTHER,1,3,53,25.6,2,649,0.095746,HIGH,APPROVED,0,0,600-700,75-100K
BL003121,2024-10-10 03:55:43,801,60072,39.24,1,15906,debt_consolidation,RENT,1,5,58,64.04,3,650,0.04337,HIGH,APPROVED,0,0,600-700,50-75K
BL003122,2024-03-01 03:53:27,677,149149,8.27,8,14049,credit_card,RENT,0,0,0,43.65,3,647,0.037155,MEDIUM,APPROVED,0,0,600-700,100K+
BL003123,2024-01-12 12:13:58,651,45014,21.96,8,18234,major_purchase,RENT,1,5,38,67.38,2,562,0.354223,VERY_HIGH,DECLINED,0,0,<600,<50K
BL003124,2024-07-09 22:57:47,776,153004,5.92,8,44472,debt_consolidation,RENT,0,0,0,50.78,3,785,0.002349,LOW,APPROVED,0,0,700-800,100K+
BL003125,2024-08-14 15:07:36,742,232991,3.64,3,7457,other,RENT,1,6,53,45.0,0,779,0.001635,LOW,APPROVED,0,0,700-800,100K+
BL003126,2024-06-04 09:03:47,766,62936,25.58,5,8389,credit_card,MORTGAGE,0,0,0,69.05,1,732,0.005168,LOW,APPROVED,0,0,700-800,50-75K
BL003127,2024-11-25 08:02:20,796,159528,7.02,8,73417,debt_consolidation,MORTGAGE,0,0,0,69.95,1,807,0.00115,LOW,APPROVED,0,0,800+,100K+
BL003128,2024-06-20 13:04:35,749,106760,24.08,0,16257,home_improvement,MORTGAGE,0,0,0,35.15,1,722,0.009055,LOW,APPROVED,0,0,700-800,100K+
BL003129,2024-01-29 15:25:12,757,37351,15.42,7,11258,debt_consolidation,RENT,0,0,0,43.31,0,763,0.003231,LOW,APPROVED,0,0,700-800,<50K
BL003130,2024-03-26 19:20:22,598,50182,34.12,23,35495,major_purchase,RENT,1,1,56,47.75,3,550,0.434124,VERY_HIGH,DECLINED,0,0,<600,50-75K
BL003131,2024-02-08 04:56:50,646,101802,34.56,6,23115,credit_card,RENT,2,3,9,61.08,1,607,0.111903,HIGH,DECLINED,0,0,600-700,100K+
BL003132,2024-03-04 11:44:18,715,74358,8.96,5,15558,debt_consolidation,MORTGAGE,0,0,0,20.27,0,765,0.005343,LOW,APPROVED,0,0,700-800,50-75K
BL003133,2024-11-02 17:21:45,703,96068,30.52,3,20377,home_improvement,MORTGAGE,1,1,41,45.63,0,635,0.067749,HIGH,APPROVED,0,0,600-700,75-100K
BL003134,2024-11-24 17:25:10,731,78807,23.36,4,28552,major_purchase,RENT,0,0,0,47.64,0,762,0.004241,LOW,APPROVED,1,60,700-800,75-100K
BL003135,2024-10-11 08:49:07,666,125274,28.27,6,17875,credit_card,MORTGAGE,0,0,0,15.32,0,664,0.025358,MEDIUM,APPROVED,0,0,600-700,100K+
BL003136,2024-10-19 07:36:46,752,58563,18.67,7,22253,debt_consolidation,MORTGAGE,1,5,12,42.38,0,758,0.002901,LOW,APPROVED,0,0,700-800,50-75K
BL003137,2024-09-18 12:08:27,802,40631,34.77,3,18239,other,RENT,1,2,12,47.84,0,739,0.003605,LOW,APPROVED,0,0,700-800,<50K
BL003138,2024-11-26 12:45:18,724,48372,32.56,15,6943,home_improvement,MORTGAGE,2,10,49,98.71,0,581,0.199797,VERY_HIGH,APPROVED,1,90,<600,<50K
BL003139,2024-03-21 21:16:09,738,64386,23.02,9,31365,major_purchase,RENT,0,0,0,37.3,1,684,0.015585,LOW,APPROVED,0,0,600-700,50-75K
BL003140,2024-01-21 13:50:33,720,43480,8.77,6,42004,other,RENT,1,3,22,58.2,1,721,0.010414,LOW,APPROVED,0,0,700-800,<50K
BL003141,2024-11-18 02:54:38,743,64281,1.35,1,17497,home_improvement,OWN,2,6,36,49.16,0,712,0.010885,LOW,APPROVED,0,0,700-800,50-75K
BL003142,2024-09-14 04:55:31,704,59264,32.56,4,22733,other,RENT,1,5,27,55.17,4,612,0.149336,HIGH,APPROVED,0,0,600-700,50-75K
BL003143,2024-06-23 18:38:53,665,56574,25.19,10,27281,home_improvement,RENT,1,3,6,58.75,2,638,0.082106,HIGH,APPROVED,0,0,600-700,50-75K
BL003144,2024-11-26 12:28:46,703,63834,10.16,7,11787,major_purchase,RENT,2,4,28,17.6,1,670,0.022985,MEDIUM,APPROVED,0,0,600-700,50-75K
BL003145,2024-05-08 07:27:14,698,54659,14.6,27,20793,debt_consolidation,RENT,0,0,0,34.74,3,666,0.033757,MEDIUM,APPROVED,0,0,600-700,50-75K
BL003146,2024-03-12 03:18:43,610,101218,47.5,8,11218,credit_card,RENT,2,6,17,33.08,0,545,0.36777,VERY_HIGH,DECLINED,0,0,<600,100K+
BL003147,2024-12-18 19:37:24,705,68006,13.22,11,16235,credit_card,OWN,2,3,35,73.63,2,676,0.04323,HIGH,APPROVED,0,0,600-700,50-75K
BL003148,2024-06-06 08:32:27,694,91729,26.6,3,27137,credit_card,MORTGAGE,1,4,1,11.4,6,638,0.087624,HIGH,APPROVED,0,0,600-700,75-100K
BL003149,2024-09-14 11:04:47,704,34163,35.54,9,4481,home_improvement,OTHER,1,7,8,56.97,1,661,0.04032,MEDIUM,APPROVED,0,0,600-700,<50K
BL003150,2024-07-28 22:00:56,663,65817,45.05,10,7328,debt_consolidation,RENT,2,6,32,38.59,0,575,0.201833,VERY_HIGH,DECLINED,0,30,<600,50-75K
BL003151,2024-01-10 20:57:04,719,52525,26.53,6,8256,credit_card,RENT,0,0,0,43.25,1,679,0.034974,MEDIUM,APPROVED,0,0,600-700,50-75K
BL003152,2024-03-07 17:43:15,727,27135,28.11,2,11062,other,MORTGAGE,0,0,0,53.32,3,618,0.100385,HIGH,APPROVED,0,0,600-700,<50K
BL003153,2024-09-16 02:32:17,654,161853,12.56,3,31987,credit_card,RENT,1,1,49,53.52,0,680,0.018382,MEDIUM,APPROVED,0,0,600-700,100K+
BL003154,2024-02-20 21:44:57,710,36029,27.82,3,7711,debt_consolidation,RENT,0,0,0,15.73,3,672,0.019693,MEDIUM,APPROVED,0,0,600-700,<50K
BL003155,2024-08-01 02:55:09,735,93813,23.17,1,19863,other,OWN,0,0,0,65.67,3,741,0.008174,LOW,APPROVED,0,0,700-800,75-100K
BL003156,2024-11-29 05:44:58,733,90956,13.41,4,35475,other,MORTGAGE,1,5,39,44.42,1,756,0.004705,LOW,APPROVED,0,0,700-800,75-100K
BL003157,2024-11-30 20:45:50,642,108990,12.82,3,26317,home_improvement,MORTGAGE,0,0,0,40.45,0,651,0.046851,HIGH,DECLINED,0,0,600-700,100K+
BL003158,2024-03-28 10:23:16,637,53360,35.19,5,50510,debt_consolidation,OWN,1,2,16,14.82,2,601,0.210133,VERY_HIGH,DECLINED,0,0,600-700,50-75K
BL003159,2024-11-23 16:32:40,694,20696,33.39,11,19755,major_purchase,RENT,3,2,43,34.78,0,573,0.210969,VERY_HIGH,DECLINED,0,0,<600,<50K
BL003160,2024-05-01 16:21:56,635,86207,48.34,10,18280,credit_card,RENT,1,6,58,70.35,3,566,0.432136,VERY_HIGH,DECLINED,1,60,<600,75-100K
BL003161,2024-02-10 02:43:14,828,62102,20.37,7,20112,home_improvement,MORTGAGE,0,0,0,46.81,2,767,0.002875,LOW,APPROVED,0,0,700-800,50-75K
BL003162,2024-11-15 22:26:53,648,87374,4.7,1,31321,debt_consolidation,OTHER,0,0,0,43.61,3,683,0.037726,MEDIUM,APPROVED,0,60,600-700,75-100K
BL003163,2024-12-12 07:02:33,648,60708,42.53,4,13369,other,MORTGAGE,0,0,0,34.76,2,605,0.181228,VERY_HIGH,APPROVED,0,0,600-700,50-75K
BL003164,2024-06-05 06:02:33,726,116146,29.43,6,27775,home_improvement,MORTGAGE,1,6,10,46.07,0,645,0.052108,HIGH,APPROVED,0,0,600-700,100K+
BL003165,2024-02-05 07:36:42,665,82236,39.57,5,33188,debt_consolidation,MORTGAGE,0,0,0,22.17,1,611,0.095424,HIGH,APPROVED,0,0,600-700,75-100K
BL003166,2024-02-27 06:35:29,563,55772,17.22,8,24484,major_purchase,MORTGAGE,0,0,0,50.92,2,585,0.303135,VERY_HIGH,DECLINED,0,0,<600,50-75K
BL003167,2024-06-13 19:40:06,683,191620,19.94,2,10422,debt_consolidation,RENT,0,0,0,68.1,1,697,0.012351,LOW,DECLINED,0,0,600-700,100K+
BL003168,2024-05-05 17:20:23,637,50052,37.79,4,36227,major_purchase,RENT,0,0,0,14.79,2,584,0.294902,VERY_HIGH,DECLINED,1,90,<600,50-75K
BL003169,2024-04-15 03:05:13,662,24539,16.32,10,69023,other,MORTGAGE,0,0,0,77.88,0,702,0.019522,MEDIUM,APPROVED,0,0,700-800,<50K
BL003170,2024-05-08 06:31:28,602,68959,23.13,6,50486,credit_card,MORTGAGE,0,0,0,56.42,0,616,0.098372,HIGH,APPROVED,1,60,600-700,50-75K
BL003171,2024-08-06 22:51:35,640,81114,23.6,3,15380,other,OWN,1,4,16,44.84,1,625,0.11786,HIGH,APPROVED,0,0,600-700,75-100K
BL003172,2024-06-13 20:43:30,680,84501,32.16,1,15238,major_purchase,RENT,0,0,0,10.51,0,690,0.027384,MEDIUM,APPROVED,0,0,600-700,75-100K
BL003173,2024-01-19 00:39:41,685,51463,33.57,11,21145,home_improvement,MORTGAGE,0,0,0,39.55,1,641,0.072238,HIGH,APPROVED,0,0,600-700,50-75K
BL003174,2024-12-03 12:49:08,628,65055,16.6,5,17821,credit_card,MORTGAGE,0,0,0,46.6,0,648,0.048623,HIGH,APPROVED,0,0,600-700,50-75K
BL003175,2024-05-03 01:31:48,650,44950,32.56,2,29846,debt_consolidation,RENT,1,4,18,45.19,1,569,0.226489,VERY_HIGH,DECLINED,1,120,<600,<50K
BL003176,2024-09-22 16:16:18,642,54375,21.79,3,53799,debt_consolidation,OWN,1,1,17,4.34,2,645,0.071866,HIGH,APPROVED,0,0,600-700,50-75K
BL003177,2024-01-20 00:18:50,696,88229,22.93,7,39554,major_purchase,MORTGAGE,0,0,0,82.77,1,635,0.072878,HIGH,APPROVED,0,0,600-700,75-100K
BL003178,2024-10-13 10:06:53,680,51888,25.38,4,38205,major_purchase,OWN,1,1,49,79.04,1,612,0.111316,HIGH,APPROVED,0,0,600-700,50-75K
BL003179,2024-03-20 19:13:40,620,90374,32.74,5,30206,debt_consolidation,RENT,0,0,0,62.89,3,579,0.238667,VERY_HIGH,DECLINED,0,0,<600,75-100K
BL003180,2024-10-30 19:01:20,723,58664,23.11,1,11786,other,OWN,1,4,12,64.08,0,717,0.009441,LOW,APPROVED,0,0,700-800,50-75K
BL003181,2024-04-09 18:17:57,650,68120,28.56,5,11883,credit_card,RENT,0,0,0,58.58,1,662,0.074641,HIGH,APPROVED,1,90,600-700,50-75K
BL003182,2024-08-30 15:08:34,709,56669,16.95,4,26743,credit_card,RENT,0,0,0,60.0,5,659,0.043778,HIGH,APPROVED,0,0,600-700,50-75K
BL003183,2024-04-11 00:30:05,638,109311,10.82,10,29718,credit_card,RENT,0,0,0,30.16,0,703,0.019227,MEDIUM,APPROVED,0,0,700-800,100K+
BL003184,2024-10-12 22:01:58,703,68926,13.72,1,23427,other,RENT,0,0,0,62.1,1,689,0.016243,MEDIUM,APPROVED,0,0,600-700,50-75K
BL003185,2024-03-11 16:30:19,681,46051,26.51,5,28082,home_improvement,MORTGAGE,0,0,0,12.85,1,679,0.040577,MEDIUM,APPROVED,0,0,600-700,<50K
BL003186,2024-11-19 19:59:55,690,69155,24.94,9,17408,debt_consolidation,RENT,0,0,0,62.93,1,685,0.023221,MEDIUM,APPROVED,0,0,600-700,50-75K
BL003187,2024-07-25 21:55:33,714,111018,25.63,4,14194,credit_card,RENT,0,0,0,63.95,0,704,0.015795,LOW,APPROVED,0,0,700-800,100K+
BL003188,2024-02-27 03:19:05,711,73550,11.7,1,30184,major_purchase,MORTGAGE,1,6,29,18.97,0,726,0.006656,LOW,APPROVED,0,0,700-800,50-75K
BL003189,2024-10-01 13:18:34,696,40712,17.0,14,20051,home_improvement,MORTGAGE,0,0,0,72.92,3,640,0.061462,HIGH,APPROVED,0,0,600-700,<50K
BL003190,2024-09-03 21:36:44,696,46529,24.47,20,15581,home_improvement,RENT,0,0,0,59.93,1,671,0.024508,MEDIUM,APPROVED,0,0,600-700,<50K
BL003191,2024-05-14 08:14:20,618,41070,30.75,5,17630,other,RENT,0,0,0,0.0,0,632,0.105351,HIGH,APPROVED,0,0,600-700,<50K
BL003192,2024-04-02 23:27:37,683,119686,28.9,3,19686,credit_card,MORTGAGE,0,0,0,40.61,0,698,0.022267,MEDIUM,APPROVED,0,30,600-700,100K+
BL003193,2024-08-01 16:43:48,568,70574,21.13,1,30414,debt_consolidation,OTHER,2,4,24,14.75,3,527,0.648449,VERY_HIGH,DECLINED,0,0,<600,50-75K
BL003194,2024-09-05 01:44:40,565,96131,17.6,2,16288,debt_consolidation,RENT,0,0,0,13.53,1,642,0.067447,HIGH,APPROVED,1,150,600-700,75-100K
BL003195,2024-08-26 21:29:19,670,93918,10.11,2,13588,debt_consolidation,RENT,0,0,0,10.86,1,719,0.009977,LOW,APPROVED,0,0,700-800,75-100K
BL003196,2024-07-08 14:04:10,675,56076,19.25,19,15035,debt_consolidation,RENT,1,2,45,26.56,0,642,0.092533,HIGH,APPROVED,0,0,600-700,50-75K
BL003197,2024-09-25 09:46:27,768,106122,34.84,11,34149,debt_consolidation,RENT,3,3,43,32.79,0,692,0.019064,MEDIUM,APPROVED,0,0,600-700,100K+
BL003198,2024-02-17 21:28:48,723,61556,22.02,0,24892,debt_consolidation,RENT,0,0,0,68.15,1,694,0.016126,LOW,APPROVED,0,0,600-700,50-75K
BL003199,2024-12-18 13:24:36,747,74775,18.89,2,46828,other,RENT,0,0,0,30.42,2,695,0.018893,MEDIUM,APPROVED,0,0,600-700,50-75K
BL003200,2024-05-17 02:59:09,670,26163,26.6,4,7183,major_purchase,MORTGAGE,0,0,0,17.58,0,650,0.050237,HIGH,APPROVED,0,0,600-700,<50K
BL003201,2024-04-29 03:09:16,711,61641,49.49,2,32715,credit_card,RENT,0,0,0,4.33,1,720,0.011597,LOW,APPROVED,0,0,700-800,50-75K
BL003202,2024-02-03 16:53:56,750,53410,19.74,12,23037,debt_consolidation,MORTGAGE,1,5,22,18.72,0,714,0.010394,LOW,APPROVED,0,0,700-800,50-75K
BL003203,2024-01-01 02:07:03,716,45487,14.98,3,34905,debt_consolidation,RENT,0,0,0,55.12,2,650,0.041297,MEDIUM,APPROVED,1,150,600-700,<50K
BL003204,2024-07-06 11:49:58,707,70119,8.2,13,7446,other,RENT,2,4,58,52.43,1,654,0.034577,MEDIUM,APPROVED,0,0,600-700,50-75K
BL003205,2024-10-03 15:33:57,693,36194,5.17,3,31488,major_purchase,MORTGAGE,0,0,0,60.67,3,672,0.021582,MEDIUM,APPROVED,0,0,600-700,<50K
BL003206,2024-10-10 02:03:00,638,56530,27.71,0,12048,home_improvement,OWN,0,0,0,77.0,0,623,0.152403,HIGH,APPROVED,0,0,600-700,50-75K
BL003207,2024-03-20 23:49:25,639,20279,27.04,3,33115,other,MORTGAGE,1,2,52,41.14,1,597,0.190956,VERY_HIGH,DECLINED,1,120,<600,<50K
BL003208,2024-03-16 03:07:15,610,57340,18.24,3,78115,other,RENT,0,0,0,36.07,2,617,0.165302,HIGH,DECLINED,0,0,600-700,50-75K
BL003209,2024-06-16 19:50:42,710,46364,27.61,0,23477,credit_card,MORTGAGE,0,0,0,36.79,1,648,0.083049,HIGH,APPROVED,0,0,600-700,<50K
BL003210,2024-04-06 17:24:04,673,137361,29.4,7,10130,debt_consolidation,RENT,1,3,17,48.36,1,617,0.114095,HIGH,APPROVED,1,90,600-700,100K+
BL003211,2024-05-14 02:08:08,651,68692,16.76,7,27619,debt_consolidation,MORTGAGE,0,0,0,30.31,0,708,0.024281,MEDIUM,APPROVED,0,30,700-800,50-75K
BL003212,2024-06-11 19:19:54,707,82444,26.41,3,11913,credit_card,MORTGAGE,0,0,0,28.88,1,685,0.022041,MEDIUM,APPROVED,0,0,600-700,75-100K
BL003213,2024-05-03 09:42:48,657,18000,31.84,21,21329,home_improvement,RENT,0,0,0,50.48,0,613,0.150482,HIGH,APPROVED,0,0,600-700,<50K
BL003214,2024-08-03 12:12:26,745,51814,10.15,3,20659,credit_card,RENT,0,0,0,57.77,0,735,0.005095,LOW,APPROVED,0,0,700-800,50-75K
BL003215,2024-11-06 02:59:24,792,37297,22.6,11,19188,major_purchase,OTHER,1,7,30,50.14,1,759,0.003748,LOW,APPROVED,0,0,700-800,<50K
BL003216,2024-01-17 00:05:07,713,113275,24.67,9,18280,credit_card,RENT,2,2,58,52.86,1,669,0.030869,MEDIUM,APPROVED,0,0,600-700,100K+
BL003217,2024-01-04 23:34:08,651,96893,7.14,1,78288,debt_consolidation,RENT,1,5,20,43.04,2,676,0.033535,MEDIUM,APPROVED,0,0,600-700,75-100K
BL003218,2024-02-02 10:38:53,607,66329,46.46,0,27340,other,MORTGAGE,0,0,0,52.01,0,577,0.396542,VERY_HIGH,APPROVED,0,0,<600,50-75K
BL003219,2024-09-05 14:38:33,798,67604,33.86,5,10468,home_improvement,RENT,1,6,47,26.09,2,752,0.004839,LOW,APPROVED,0,0,700-800,50-75K
BL003220,2024-05-27 11:31:12,713,65733,41.69,3,48605,credit_card,RENT,0,0,0,2.1,2,678,0.019465,MEDIUM,APPROVED,0,0,600-700,50-75K
BL003221,2024-11-20 20:15:07,625,61150,10.46,4,13297,other,RENT,2,2,2,65.09,1,607,0.11085,HIGH,APPROVED,0,0,600-700,50-75K
BL003222,2024-01-10 05:54:37,747,83796,23.45,8,29595,other,MORTGAGE,1,3,30,44.89,0,708,0.009744,LOW,APPROVED,0,0,700-800,75-100K
BL003223,2024-02-01 01:04:25,598,81628,34.9,3,27524,major_purchase,MORTGAGE,1,3,12,65.77,2,552,0.561096,VERY_HIGH,DECLINED,0,0,<600,75-100K
BL003224,2024-06-14 18:05:30,665,58519,19.45,2,20648,home_improvement,OTHER,0,0,0,88.39,2,619,0.104979,HIGH,DECLINED,0,0,600-700,50-75K
BL003225,2024-09-22 18:32:16,676,45211,43.48,8,26675,debt_consolidation,OWN,2,1,27,47.1,2,521,0.485899,VERY_HIGH,DECLINED,1,60,<600,<50K
BL003226,2024-05-13 20:15:20,669,129225,13.83,26,12981,debt_consolidation,MORTGAGE,1,2,7,50.7,0,689,0.017111,MEDIUM,APPROVED,0,0,600-700,100K+
BL003227,2024-11-17 15:48:46,627,51723,23.75,5,17591,home_improvement,RENT,0,0,0,15.05,1,685,0.025252,MEDIUM,APPROVED,0,0,600-700,50-75K
BL003228,2024-10-23 06:57:36,819,45264,20.59,1,22152,debt_consolidation,RENT,1,2,21,35.18,1,767,0.002283,LOW,APPROVED,0,0,700-800,<50K
BL003229,2024-10-27 07:47:21,667,177699,8.61,5,20599,other,RENT,0,0,0,51.3,2,703,0.018872,MEDIUM,APPROVED,0,0,700-800,100K+
BL003230,2024-02-28 02:41:02,710,65949,21.76,4,48618,debt_consolidation,MORTGAGE,2,3,54,6.03,2,716,0.014356,LOW,APPROVED,0,0,700-800,50-75K
BL003231,2024-09-05 19:24:34,691,58846,23.98,4,27654,major_purchase,OWN,0,0,0,6.12,0,706,0.011123,LOW,APPROVED,0,0,700-800,50-75K
BL003232,2024-05-22 21:46:37,602,34344,13.98,13,22060,home_improvement,RENT,1,5,46,70.91,4,560,0.47199,VERY_HIGH,DECLINED,1,120,<600,<50K
BL003233,2024-05-15 20:40:42,659,39618,19.47,10,15886,major_purchase,RENT,0,0,0,38.11,0,696,0.014127,LOW,APPROVED,0,0,600-700,<50K
BL003234,2024-02-01 14:53:39,700,117022,32.91,5,15852,credit_card,OWN,1,2,49,50.13,1,669,0.054815,HIGH,APPROVED,0,0,600-700,100K+
BL003235,2024-08-02 09:02:15,740,54821,32.03,2,20728,credit_card,OWN,0,0,0,0.0,1,734,0.005646,LOW,APPROVED,0,0,700-800,50-75K
BL003236,2024-12-05 15:24:17,670,106422,28.33,0,35897,major_purchase,RENT,2,2,5,38.09,2,627,0.139695,HIGH,DECLINED,0,0,600-700,100K+
BL003237,2024-03-13 19:47:59,709,39226,30.73,11,24025,debt_consolidation,OTHER,1,3,45,55.91,2,653,0.051512,HIGH,APPROVED,0,0,600-700,<50K
BL003238,2024-01-19 19:44:07,671,92196,36.16,2,13159,home_improvement,MORTGAGE,1,4,33,30.73,1,621,0.092323,HIGH,DECLINED,0,0,600-700,75-100K
BL003239,2024-05-28 14:33:44,721,68477,22.48,2,21013,credit_card,OTHER,0,0,0,42.46,0,683,0.023595,MEDIUM,APPROVED,0,0,600-700,50-75K
BL003240,2024-03-07 17:46:11,554,53431,17.46,18,18869,credit_card,RENT,0,0,0,23.49,2,590,0.230992,VERY_HIGH,APPROVED,0,0,<600,50-75K
BL003241,2024-08-03 08:25:22,722,29110,25.06,3,23947,home_improvement,MORTGAGE,0,0,0,39.3,1,651,0.04143,MEDIUM,APPROVED,0,0,600-700,<50K
BL003242,2024-01-15 10:05:15,655,117937,25.54,3,17182,home_improvement,MORTGAGE,1,4,59,73.1,2,569,0.359528,VERY_HIGH,DECLINED,0,0,<600,100K+
BL003243,2024-12-08 18:56:08,658,68936,18.02,11,8271,debt_consolidation,RENT,0,0,0,0.0,0,666,0.027427,MEDIUM,APPROVED,0,0,600-700,50-75K
BL003244,2024-01-15 20:40:23,534,64295,26.32,11,36637,debt_consolidation,RENT,0,0,0,0.0,1,564,0.292091,VERY_HIGH,DECLINED,0,0,<600,50-75K
BL003245,2024-06-25 00:27:06,631,96911,27.01,5,66614,credit_card,MORTGAGE,0,0,0,51.11,2,573,0.310526,VERY_HIGH,DECLINED,1,60,<600,75-100K
BL003246,2024-10-04 15:55:56,723,41552,33.99,2,17014,other,RENT,0,0,0,81.12,1,671,0.03857,MEDIUM,APPROVED,0,30,600-700,<50K
BL003247,2024-07-30 22:15:13,815,123565,15.38,4,28372,major_purchase,RENT,1,11,19,56.74,1,772,0.001819,LOW,APPROVED,0,0,700-800,100K+
BL003248,2024-05-19 20:05:58,651,94197,35.71,1,11895,debt_consolidation,RENT,1,4,56,45.27,1,586,0.254532,VERY_HIGH,DECLINED,0,30,<600,75-100K
BL003249,2024-10-09 15:18:15,653,84434,22.36,1,37585,debt_consolidation,RENT,1,3,49,12.83,0,658,0.063947,HIGH,APPROVED,0,0,600-700,75-100K
BL003250,2024-01-06 12:57:36,716,86234,11.12,6,28212,other,MORTGAGE,2,8,40,40.76,1,670,0.034201,MEDIUM,APPROVED,1,120,600-700,75-100K
BL003251,2024-10-22 06:45:44,705,48913,34.28,7,21421,debt_consolidation,RENT,0,0,0,26.22,1,699,0.013819,LOW,APPROVED,0,0,600-700,<50K
BL003252,2024-01-22 18:28:33,657,61202,28.97,1,11041,other,RENT,1,3,35,2.07,0,690,0.027615,MEDIUM,APPROVED,0,0,600-700,50-75K
BL003253,2024-11-22 04:34:29,680,80571,25.32,3,15747,other,RENT,1,4,6,23.57,1,689,0.031525,MEDIUM,APPROVED,0,0,600-700,75-100K
BL003254,2024-02-03 08:26:18,668,52569,13.54,6,13698,debt_consolidation,MORTGAGE,1,3,59,19.44,1,676,0.027417,MEDIUM,APPROVED,0,0,600-700,50-75K
BL003255,2024-08-01 16:45:09,723,121512,32.03,0,19375,other,OTHER,0,0,0,13.89,0,712,0.012415,LOW,APPROVED,0,0,700-800,100K+
BL003256,2024-03-30 06:06:58,733,95705,14.53,1,40583,credit_card,RENT,0,0,0,35.51,2,710,0.01104,LOW,APPROVED,0,0,700-800,75-100K
BL003257,2024-03-08 14:31:16,786,123699,14.16,0,53933,major_purchase,OWN,0,0,0,33.62,1,778,0.002349,LOW,APPROVED,0,0,700-800,100K+
BL003258,2024-05-06 09:38:55,740,33708,23.4,3,12839,home_improvement,MORTGAGE,0,0,0,36.68,1,745,0.006544,LOW,APPROVED,0,0,700-800,<50K
BL003259,2024-06-12 16:51:32,726,132340,32.91,3,39367,home_improvement,OTHER,1,1,49,50.44,4,645,0.051972,HIGH,APPROVED,0,0,600-700,100K+
BL003260,2024-04-28 08:20:53,698,53112,24.41,11,3419,other,MORTGAGE,0,0,0,62.99,4,636,0.12285,HIGH,APPROVED,0,0,600-700,50-75K
BL003261,2024-05-29 09:49:24,741,46930,25.16,1,47432,debt_consolidation,MORTGAGE,1,1,33,75.77,0,676,0.029341,MEDIUM,APPROVED,0,0,600-700,<50K
BL003262,2024-08-24 22:18:32,636,58056,15.59,1,29024,other,RENT,2,6,31,59.92,1,621,0.105495,HIGH,DECLINED,0,0,600-700,50-75K
BL003263,2024-04-27 08:46:38,808,124948,32.67,8,10664,home_improvement,RENT,0,0,0,16.7,3,744,0.005737,LOW,APPROVED,0,0,700-800,100K+
BL003264,2024-06-22 19:50:25,705,81330,20.71,5,10220,major_purchase,RENT,0,0,0,75.18,0,681,0.026564,MEDIUM,APPROVED,0,0,600-700,75-100K
BL003265,2024-06-27 05:01:21,767,79246,29.72,2,5371,debt_consolidation,RENT,0,0,0,48.46,0,752,0.004175,LOW,APPROVED,0,0,700-800,75-100K
BL003266,2024-03-13 09:34:52,646,105344,50.29,14,32624,credit_card,MORTGAGE,1,2,42,47.4,0,564,0.229476,VERY_HIGH,DECLINED,0,30,<600,100K+
BL003267,2024-10-21 06:12:28,746,107472,26.12,1,33823,debt_consolidation,MORTGAGE,0,0,0,59.53,0,725,0.014011,LOW,APPROVED,0,0,700-800,100K+
BL003268,2024-11-04 20:59:07,712,110968,14.5,1,10385,credit_card,RENT,0,0,0,31.49,2,732,0.007867,LOW,APPROVED,0,0,700-800,100K+
BL003269,2024-03-01 13:36:20,680,101007,10.76,18,34554,debt_consolidation,MORTGAGE,1,3,19,51.66,1,684,0.02433,MEDIUM,APPROVED,0,0,600-700,100K+
BL003270,2024-08-14 16:59:43,653,75970,14.96,0,7624,debt_consolidation,RENT,0,0,0,19.51,1,707,0.017868,MEDIUM,APPROVED,0,0,700-800,75-100K
BL003271,2024-06-08 07:12:03,642,83448,14.71,3,31819,major_purchase,MORTGAGE,1,5,10,53.17,2,623,0.102863,HIGH,APPROVED,0,0,600-700,75-100K
BL003272,2024-04-28 04:10:16,788,35930,26.52,1,21864,other,RENT,1,4,19,77.35,0,719,0.008851,LOW,APPROVED,0,0,700-800,<50K
BL003273,2024-12-04 12:34:53,757,61699,36.4,18,9320,major_purchase,MORTGAGE,4,6,47,41.08,3,640,0.099285,HIGH,APPROVED,0,0,600-700,50-75K
BL003274,2024-07-02 22:11:59,696,24620,24.18,6,24208,credit_card,MORTGAGE,0,0,0,24.11,1,656,0.039738,MEDIUM,APPROVED,0,0,600-700,<50K
BL003275,2024-01-31 06:49:12,701,63217,21.24,6,14429,major_purchase,MORTGAGE,1,6,4,61.22,1,674,0.030524,MEDIUM,APPROVED,0,0,600-700,50-75K
BL003276,2024-02-22 07:28:04,650,68950,29.84,2,5489,home_improvement,RENT,0,0,0,62.14,0,654,0.064869,HIGH,APPROVED,1,90,600-700,50-75K
BL003277,2024-10-16 12:15:34,589,46884,16.18,9,31106,major_purchase,MORTGAGE,1,3,28,42.31,3,577,0.298316,VERY_HIGH,DECLINED,0,30,<600,<50K
BL003278,2024-01-20 02:13:31,592,52019,21.79,7,15264,credit_card,RENT,0,0,0,32.34,0,622,0.124413,HIGH,APPROVED,0,0,600-700,50-75K
BL003279,2024-07-31 20:48:51,657,105346,32.52,1,7475,other,RENT,0,0,0,52.86,3,575,0.237661,VERY_HIGH,APPROVED,0,0,<600,100K+
BL003280,2024-07-15 01:20:14,682,56074,35.26,1,23460,debt_consolidation,OWN,0,0,0,54.21,3,628,0.059735,HIGH,APPROVED,0,0,600-700,50-75K
BL003281,2024-04-20 12:08:08,626,66080,20.59,1,32867,credit_card,OWN,0,0,0,40.63,0,645,0.077135,HIGH,APPROVED,0,0,600-700,50-75K
BL003282,2024-06-11 15:35:01,734,153684,20.56,9,11473,credit_card,MORTGAGE,0,0,0,74.18,0,716,0.01264,LOW,APPROVED,0,0,700-800,100K+
BL003283,2024-10-02 06:22:38,718,75768,19.49,27,21239,major_purchase,RENT,0,0,0,59.07,1,727,0.011049,LOW,APPROVED,0,0,700-800,75-100K
BL003284,2024-05-26 15:16:13,699,98800,26.76,7,52786,other,MORTGAGE,1,3,51,67.79,2,620,0.175578,HIGH,APPROVED,0,0,600-700,75-100K
BL003285,2024-09-08 20:47:06,594,79969,38.26,12,25435,other,MORTGAGE,0,0,0,23.7,0,609,0.152149,HIGH,DECLINED,0,0,600-700,75-100K
BL003286,2024-09-09 03:07:13,678,84204,24.66,0,19209,debt_consolidation,RENT,0,0,0,20.17,1,659,0.050366,HIGH,DECLINED,0,0,600-700,75-100K
BL003287,2024-10-17 20:35:15,688,108404,13.26,2,12045,debt_consolidation,OWN,1,2,29,50.9,0,729,0.00989,LOW,APPROVED,0,0,700-800,100K+
BL003288,2024-02-10 00:13:05,621,59103,34.04,7,43864,credit_card,RENT,0,0,0,38.27,0,580,0.195908,VERY_HIGH,DECLINED,1,120,<600,50-75K
BL003289,2024-08-10 10:46:18,570,91061,34.17,6,24190,major_purchase,OWN,1,6,52,60.79,0,575,0.296465,VERY_HIGH,APPROVED,1,60,<600,75-100K
BL003290,2024-10-17 11:13:09,795,52370,34.8,13,26477,debt_consolidation,OTHER,1,5,6,21.11,1,681,0.022774,MEDIUM,APPROVED,0,0,600-700,50-75K
BL003291,2024-12-19 10:42:19,724,54024,31.85,3,20568,debt_consolidation,RENT,0,0,0,43.6,1,682,0.027374,MEDIUM,APPROVED,0,0,600-700,50-75K
BL003292,2024-02-15 04:22:19,669,85516,20.71,7,19470,major_purchase,RENT,0,0,0,37.53,1,695,0.026718,MEDIUM,APPROVED,0,0,600-700,75-100K
BL003293,2024-05-27 08:56:40,778,49207,14.47,9,16588,major_purchase,OWN,1,5,42,31.37,0,775,0.002211,LOW,APPROVED,0,0,700-800,<50K
BL003294,2024-01-14 01:03:18,751,20070,29.24,12,10512,other,MORTGAGE,0,0,0,70.45,1,694,0.015047,LOW,APPROVED,0,0,600-700,<50K
BL003295,2024-05-12 19:07:45,715,58133,21.4,1,24787,home_improvement,MORTGAGE,0,0,0,28.86,1,696,0.013618,LOW,APPROVED,0,30,600-700,50-75K
BL003296,2024-08-31 05:29:18,702,114535,25.18,15,28965,debt_consolidation,OWN,0,0,0,39.01,3,656,0.037142,MEDIUM,APPROVED,0,0,600-700,100K+
BL003297,2024-10-17 09:02:15,733,41023,36.24,2,34263,home_improvement,OWN,0,0,0,37.83,0,683,0.024081,MEDIUM,APPROVED,0,0,600-700,<50K
BL003298,2024-09-10 13:14:43,770,83456,7.27,8,23141,other,MORTGAGE,0,0,0,36.27,1,789,0.000799,LOW,APPROVED,0,0,700-800,75-100K
BL003299,2024-03-03 08:43:42,694,54316,8.15,4,23056,home_improvement,RENT,0,0,0,49.38,1,729,0.009497,LOW,APPROVED,0,0,700-800,50-75K
BL003300,2024-04-13 07:26:44,677,32535,10.47,22,33209,debt_consolidation,OWN,2,4,31,55.1,2,672,0.031922,MEDIUM,APPROVED,0,0,600-700,<50K
BL003301,2024-11-07 22:48:28,722,55376,17.46,5,13968,credit_card,MORTGAGE,0,0,0,0.35,4,702,0.013789,LOW,APPROVED,0,0,700-800,50-75K
BL003302,2024-01-10 02:52:13,535,22944,22.97,8,9018,other,MORTGAGE,0,0,0,58.18,2,497,0.76213,VERY_HIGH,DECLINED,1,90,<600,<50K
BL003303,2024-12-13 01:59:05,695,108291,26.9,25,17464,home_improvement,MORTGAGE,1,8,32,49.79,1,679,0.024607,MEDIUM,APPROVED,0,0,600-700,100K+
BL003304,2024-10-17 02:46:41,668,53379,16.47,3,14506,credit_card,MORTGAGE,0,0,0,15.43,1,699,0.022922,MEDIUM,APPROVED,0,0,600-700,50-75K
BL003305,2024-02-24 04:10:54,689,75024,34.58,4,16305,debt_consolidation,RENT,0,0,0,50.53,1,594,0.145773,HIGH,APPROVED,0,30,<600,75-100K
BL003306,2024-03-26 16:05:15,680,63140,21.12,7,20927,credit_card,MORTGAGE,0,0,0,9.59,1,678,0.016622,MEDIUM,APPROVED,0,0,600-700,50-75K
BL003307,2024-08-23 15:29:29,709,32592,30.83,1,13782,debt_consolidation,RENT,1,4,31,61.96,0,645,0.070017,HIGH,APPROVED,0,0,600-700,<50K
BL003308,2024-12-16 11:59:02,696,52873,39.15,3,16923,credit_card,RENT,0,0,0,47.73,3,626,0.06999,HIGH,APPROVED,0,30,600-700,50-75K
BL003309,2024-12-09 04:13:06,694,106744,34.38,8,16910,debt_consolidation,OWN,1,4,29,47.01,1,654,0.053002,HIGH,APPROVED,0,0,600-700,100K+
BL003310,2024-03-05 10:30:41,683,90375,21.17,2,14003,debt_consolidation,RENT,0,0,0,32.35,0,720,0.010587,LOW,APPROVED,0,0,700-800,75-100K
BL003311,2024-11-30 10:16:03,715,53271,23.37,5,24230,other,MORTGAGE,1,3,32,63.28,4,608,0.096697,HIGH,DECLINED,0,0,600-700,50-75K
BL003312,2024-08-11 17:05:00,662,45548,28.68,19,29254,major_purchase,MORTGAGE,1,8,57,46.41,0,650,0.054046,HIGH,APPROVED,0,0,600-700,<50K
BL003313,2024-11-03 22:03:50,744,60747,31.66,1,40681,credit_card,OTHER,0,0,0,61.56,0,676,0.034388,MEDIUM,APPROVED,0,0,600-700,50-75K
BL003314,2024-08-12 01:22:23,597,35208,13.19,14,24929,debt_consolidation,RENT,1,2,21,19.31,1,614,0.11536,HIGH,DECLINED,0,0,600-700,<50K
BL003315,2024-10-05 11:15:18,701,70235,13.83,6,51049,major_purchase,MORTGAGE,1,7,10,23.32,2,696,0.013014,LOW,APPROVED,0,0,600-700,50-75K
BL003316,2024-07-27 08:32:53,715,30262,18.6,3,15336,debt_consolidation,RENT,0,0,0,55.7,1,694,0.025612,MEDIUM,APPROVED,0,0,600-700,<50K
BL003317,2024-04-27 12:31:58,620,44891,34.02,1,31389,other,MORTGAGE,3,4,51,14.15,2,528,0.515566,VERY_HIGH,DECLINED,1,60,<600,<50K
BL003318,2024-04-06 22:53:01,666,91213,25.99,3,44057,home_improvement,OWN,1,5,49,10.64,1,679,0.02735,MEDIUM,APPROVED,0,0,600-700,75-100K
BL003319,2024-04-04 13:12:16,763,62566,23.08,2,59999,other,RENT,0,0,0,57.1,0,753,0.004761,LOW,APPROVED,0,0,700-800,50-75K
BL003320,2024-06-18 15:48:41,683,46764,10.77,1,16666,major_purchase,RENT,1,7,31,29.64,1,702,0.011202,LOW,APPROVED,0,0,700-800,<50K
BL003321,2024-05-02 11:12:52,641,66766,11.17,4,22172,credit_card,OTHER,0,0,0,48.8,1,660,0.049487,HIGH,APPROVED,0,0,600-700,50-75K
BL003322,2024-01-29 15:22:22,526,55611,27.31,8,28417,other,RENT,0,0,0,20.97,0,531,0.512715,VERY_HIGH,DECLINED,1,60,<600,50-75K
BL003323,2024-06-03 23:15:27,709,69966,14.0,2,28756,credit_card,MORTGAGE,1,4,40,21.14,0,726,0.008865,LOW,APPROVED,0,0,700-800,50-75K
BL003324,2024-10-17 06:42:23,696,101347,32.85,20,28409,home_improvement,RENT,0,0,0,31.91,0,679,0.026586,MEDIUM,APPROVED,0,0,600-700,100K+
BL003325,2024-01-22 19:23:16,724,59867,15.95,2,18953,credit_card,RENT,1,7,39,64.93,0,735,0.008557,LOW,APPROVED,0,0,700-800,50-75K
BL003326,2024-01-29 09:33:59,803,29404,25.58,3,17822,debt_consolidation,RENT,1,7,18,67.96,2,689,0.02704,MEDIUM,APPROVED,0,60,600-700,<50K
BL003327,2024-11-03 22:16:05,690,75599,30.76,7,8923,credit_card,MORTGAGE,0,0,0,25.02,2,684,0.03094,MEDIUM,APPROVED,0,0,600-700,75-100K
BL003328,2024-11-18 23:36:57,697,43854,29.13,2,24066,major_purchase,MORTGAGE,0,0,0,18.06,0,688,0.016686,MEDIUM,APPROVED,0,0,600-700,<50K
BL003329,2024-09-10 02:24:48,652,104317,23.75,2,25148,credit_card,MORTGAGE,1,7,51,60.13,1,644,0.067654,HIGH,APPROVED,0,0,600-700,100K+
BL003330,2024-09-14 18:13:49,687,96844,43.96,2,32841,major_purchase,RENT,1,1,36,37.14,2,624,0.087745,HIGH,APPROVED,0,0,600-700,75-100K
BL003331,2024-11-01 13:42:30,688,62224,23.24,4,6482,major_purchase,RENT,1,1,29,27.15,2,678,0.049914,HIGH,APPROVED,0,0,600-700,50-75K
BL003332,2024-02-11 23:25:15,732,76860,27.98,9,61251,other,MORTGAGE,3,1,58,18.71,3,672,0.03052,MEDIUM,APPROVED,0,0,600-700,75-100K
BL003333,2024-05-10 19:22:48,720,32737,20.93,11,5781,major_purchase,MORTGAGE,1,7,22,34.94,1,650,0.053771,HIGH,APPROVED,0,0,600-700,<50K
BL003334,2024-04-03 04:32:27,648,28941,33.5,5,10631,other,MORTGAGE,1,10,37,74.66,3,548,0.405707,VERY_HIGH,DECLINED,1,90,<600,<50K
BL003335,2024-07-09 17:57:04,664,53805,35.33,7,13126,home_improvement,MORTGAGE,2,3,20,62.28,2,573,0.296655,VERY_HIGH,APPROVED,1,150,<600,50-75K
BL003336,2024-04-25 03:08:42,766,73019,35.14,9,18035,credit_card,RENT,1,4,45,32.94,1,699,0.01201,LOW,DECLINED,0,0,600-700,50-75K
BL003337,2024-01-31 21:28:49,637,114618,26.78,2,44687,debt_consolidation,MORTGAGE,1,5,10,20.2,2,654,0.0552,HIGH,DECLINED,1,90,600-700,100K+
BL003338,2024-04-03 01:42:31,731,46580,32.9,3,15361,debt_consolidation,OWN,1,4,37,43.12,0,684,0.027232,MEDIUM,APPROVED,0,30,600-700,<50K
BL003339,2024-12-13 11:38:11,779,41611,14.67,40,56596,credit_card,MORTGAGE,0,0,0,54.12,1,738,0.004288,LOW,APPROVED,0,60,700-800,<50K
BL003340,2024-06-25 09:28:36,726,42980,20.52,14,11816,other,RENT,0,0,0,40.7,3,689,0.016575,MEDIUM,APPROVED,0,0,600-700,<50K
BL003341,2024-02-17 07:58:17,704,45077,30.22,3,55675,credit_card,MORTGAGE,0,0,0,67.24,1,707,0.015535,LOW,APPROVED,0,0,700-800,<50K
BL003342,2024-01-05 06:24:46,765,67870,3.62,1,15048,credit_card,MORTGAGE,0,0,0,73.84,2,739,0.004837,LOW,APPROVED,0,0,700-800,50-75K
BL003343,2024-04-11 15:45:56,709,33325,9.18,1,10767,major_purchase,MORTGAGE,1,8,8,30.57,3,665,0.042529,HIGH,APPROVED,0,0,600-700,<50K
BL003344,2024-10-14 12:25:25,690,87948,30.55,3,7976,other,RENT,1,1,26,42.07,2,638,0.05642,HIGH,APPROVED,0,0,600-700,75-100K
BL003345,2024-04-21 01:00:17,679,35027,25.74,7,28929,major_purchase,RENT,0,0,0,42.84,0,722,0.018239,MEDIUM,APPROVED,0,0,700-800,<50K
BL003346,2024-07-26 05:55:48,753,171277,21.53,2,14795,home_improvement,OTHER,0,0,0,13.15,2,725,0.003977,LOW,APPROVED,0,0,700-800,100K+
BL003347,2024-07-06 11:17:48,728,59256,22.09,5,11502,debt_consolidation,RENT,2,4,54,30.57,3,656,0.048967,HIGH,APPROVED,0,0,600-700,50-75K
BL003348,2024-01-27 11:33:51,775,65474,37.88,0,8629,home_improvement,MORTGAGE,1,5,37,17.01,0,697,0.017726,MEDIUM,APPROVED,0,0,600-700,50-75K
BL003349,2024-08-02 11:14:55,672,30116,28.32,2,19285,credit_card,OWN,1,3,29,27.33,1,639,0.085686,HIGH,APPROVED,0,0,600-700,<50K
BL003350,2024-06-26 22:08:38,673,71407,20.7,4,18280,debt_consolidation,RENT,2,8,28,12.54,1,660,0.03231,MEDIUM,APPROVED,0,0,600-700,50-75K
BL003351,2024-07-30 00:58:57,666,26913,10.35,8,28113,other,MORTGAGE,0,0,0,15.62,1,703,0.013191,LOW,APPROVED,0,0,700-800,<50K
BL003352,2024-04-14 08:36:19,705,91237,25.17,2,42451,other,RENT,2,1,38,62.71,2,639,0.071911,HIGH,APPROVED,0,0,600-700,75-100K
BL003353,2024-03-29 06:21:28,652,47237,13.44,2,12927,home_improvement,RENT,0,0,0,66.29,0,673,0.027299,MEDIUM,APPROVED,0,0,600-700,<50K
BL003354,2024-08-17 05:15:52,741,70144,22.21,9,15099,credit_card,RENT,3,5,3,67.3,3,641,0.080125,HIGH,APPROVED,0,0,600-700,50-75K
BL003355,2024-07-30 17:54:02,709,78709,16.99,0,13333,credit_card,MORTGAGE,2,6,56,61.83,1,674,0.027354,MEDIUM,APPROVED,0,0,600-700,75-100K
BL003356,2024-11-11 01:33:30,636,94997,35.81,7,15005,other,MORTGAGE,1,6,40,48.78,1,584,0.317357,VERY_HIGH,APPROVED,0,30,<600,75-100K
BL003357,2024-06-05 03:07:16,527,114226,17.41,4,37258,debt_consolidation,OWN,0,0,0,87.77,1,569,0.295485,VERY_HIGH,DECLINED,0,0,<600,100K+
BL003358,2024-03-01 00:15:45,590,103568,23.73,2,58980,debt_consolidation,MORTGAGE,2,5,39,33.37,3,527,0.497209,VERY_HIGH,DECLINED,1,150,<600,100K+
BL003359,2024-09-18 23:14:48,769,87413,37.14,3,19670,home_improvement,MORTGAGE,0,0,0,34.53,2,711,0.014427,LOW,APPROVED,0,0,700-800,75-100K
BL003360,2024-09-08 05:57:34,687,47893,3.32,14,23413,debt_consolidation,RENT,1,3,28,49.2,1,676,0.027192,MEDIUM,APPROVED,0,0,600-700,<50K
BL003361,2024-03-06 19:46:01,698,37959,19.16,1,7566,home_improvement,OWN,0,0,0,46.95,1,690,0.016251,MEDIUM,APPROVED,0,0,600-700,<50K
BL003362,2024-12-08 04:12:14,667,87423,9.18,1,6996,home_improvement,RENT,0,0,0,45.18,1,695,0.020391,MEDIUM,APPROVED,0,0,600-700,75-100K
BL003363,2024-09-23 11:48:34,712,72701,38.83,3,16122,credit_card,RENT,0,0,0,48.18,2,664,0.040204,MEDIUM,APPROVED,0,0,600-700,50-75K
BL003364,2024-03-10 03:23:59,584,49897,28.06,6,14945,debt_consolidation,MORTGAGE,0,0,0,67.27,1,563,0.396055,VERY_HIGH,DECLINED,0,0,<600,<50K
BL003365,2024-08-14 07:52:07,580,61336,23.32,4,8629,major_purchase,RENT,1,2,6,31.31,1,536,0.43852,VERY_HIGH,DECLINED,1,150,<600,50-75K
BL003366,2024-06-10 04:08:28,600,95321,25.63,2,9593,credit_card,RENT,0,0,0,30.24,0,649,0.062312,HIGH,APPROVED,0,0,600-700,75-100K
BL003367,2024-02-27 09:02:27,694,93916,31.3,10,13679,credit_card,RENT,0,0,0,57.16,1,638,0.091224,HIGH,APPROVED,0,0,600-700,75-100K
BL003368,2024-11-06 23:22:11,729,48139,29.56,1,35810,other,RENT,0,0,0,44.71,1,655,0.051494,HIGH,APPROVED,0,0,600-700,<50K
BL003369,2024-06-03 17:53:59,716,35099,25.34,29,49235,credit_card,MORTGAGE,1,4,40,22.54,1,672,0.024234,MEDIUM,DECLINED,0,0,600-700,<50K
BL003370,2024-07-15 06:08:41,683,26862,33.12,6,19551,credit_card,RENT,0,0,0,62.54,1,619,0.146419,HIGH,APPROVED,0,0,600-700,<50K
BL003371,2024-02-25 19:56:13,619,51231,27.87,3,35925,debt_consolidation,MORTGAGE,0,0,0,48.72,1,570,0.378874,VERY_HIGH,DECLINED,1,60,<600,50-75K
BL003372,2024-03-30 02:21:57,734,54678,42.57,6,16049,major_purchase,OWN,3,8,40,36.72,1,602,0.127826,HIGH,DECLINED,0,0,600-700,50-75K
BL003373,2024-03-11 16:00:26,674,34927,14.18,5,26465,home_improvement,MORTGAGE,0,0,0,51.3,1,616,0.089718,HIGH,APPROVED,0,60,600-700,<50K
BL003374,2024-08-05 13:23:43,689,100700,21.2,6,28064,debt_consolidation,OTHER,1,2,21,48.5,0,661,0.034484,MEDIUM,APPROVED,0,0,600-700,100K+
BL003375,2024-05-24 07:42:52,686,145690,31.46,10,20798,credit_card,MORTGAGE,2,6,45,21.48,1,662,0.04347,HIGH,APPROVED,0,0,600-700,100K+
BL003376,2024-09-28 18:09:55,664,44757,31.99,8,25807,other,RENT,1,1,23,42.61,1,600,0.157826,HIGH,APPROVED,0,0,600-700,<50K
BL003377,2024-08-03 21:45:07,650,87287,19.56,11,17915,other,MORTGAGE,0,0,0,1.55,4,652,0.043942,HIGH,APPROVED,0,0,600-700,75-100K
BL003378,2024-11-06 13:40:02,657,59782,36.65,11,11451,major_purchase,RENT,0,0,0,16.87,0,661,0.028474,MEDIUM,APPROVED,1,60,600-700,50-75K
BL003379,2024-08-29 12:02:02,619,81114,33.12,0,10919,other,RENT,0,0,0,79.95,1,581,0.277154,VERY_HIGH,DECLINED,0,0,<600,75-100K
BL003380,2024-07-31 14:58:48,703,68016,40.34,5,18129,major_purchase,RENT,2,3,47,11.07,1,619,0.158945,HIGH,APPROVED,0,0,600-700,50-75K
BL003381,2024-07-10 15:54:04,680,60743,21.9,9,29732,credit_card,MORTGAGE,1,3,27,34.73,3,681,0.023872,MEDIUM,APPROVED,0,0,600-700,50-75K
BL003382,2024-01-25 09:39:05,746,95780,35.72,0,20305,debt_consolidation,MORTGAGE,1,4,58,79.07,0,659,0.063874,HIGH,DECLINED,0,0,600-700,75-100K
BL003383,2024-10-04 19:06:28,590,86018,23.67,6,13710,debt_consolidation,OTHER,2,2,43,94.72,1,547,0.434701,VERY_HIGH,DECLINED,0,0,<600,75-100K
BL003384,2024-04-20 06:10:02,754,52498,27.87,6,11620,debt_consolidation,RENT,0,0,0,48.98,1,754,0.007287,LOW,APPROVED,0,0,700-800,50-75K
BL003385,2024-12-05 22:57:07,686,78213,31.61,0,20630,debt_consolidation,RENT,1,3,39,33.87,2,630,0.060486,HIGH,APPROVED,0,0,600-700,75-100K
BL003386,2024-07-25 07:38:49,681,48322,20.49,7,19795,credit_card,MORTGAGE,1,6,52,38.22,1,684,0.02706,MEDIUM,APPROVED,0,0,600-700,<50K
BL003387,2024-11-27 13:38:44,645,61995,21.53,5,13637,major_purchase,MORTGAGE,0,0,0,60.79,4,560,0.350799,VERY_HIGH,DECLINED,0,0,<600,50-75K
BL003388,2024-10-15 08:25:50,645,82547,40.81,1,24388,major_purchase,MORTGAGE,1,4,54,22.8,0,614,0.148144,HIGH,APPROVED,0,0,600-700,75-100K
BL003389,2024-12-15 01:23:39,608,77607,15.45,15,19453,other,OWN,2,1,41,13.37,3,618,0.070448,HIGH,DECLINED,1,90,600-700,75-100K
BL003390,2024-10-02 20:31:44,739,31736,29.61,0,26238,other,MORTGAGE,2,4,8,0.0,1,669,0.031894,MEDIUM,APPROVED,0,0,600-700,<50K
BL003391,2024-11-21 23:28:49,678,81879,37.01,2,11893,other,OTHER,0,0,0,35.75,0,646,0.080504,HIGH,APPROVED,0,0,600-700,75-100K
BL003392,2024-12-09 13:26:59,729,37160,38.51,1,26597,major_purchase,RENT,0,0,0,10.32,4,624,0.125221,HIGH,APPROVED,0,0,600-700,<50K
BL003393,2024-08-10 16:24:02,735,69626,22.84,5,15925,other,RENT,1,4,26,77.51,1,709,0.014892,LOW,DECLINED,0,60,700-800,50-75K
BL003394,2024-03-14 03:31:10,662,86275,15.03,6,18790,home_improvement,MORTGAGE,0,0,0,33.6,1,687,0.026967,MEDIUM,APPROVED,0,0,600-700,75-100K
BL003395,2024-08-30 09:26:03,677,32531,34.73,20,10463,major_purchase,RENT,1,3,7,65.34,1,587,0.198899,VERY_HIGH,DECLINED,0,0,<600,<50K
BL003396,2024-01-28 19:38:53,671,39281,19.31,3,18362,debt_consolidation,RENT,1,2,51,41.51,0,657,0.045638,HIGH,DECLINED,0,0,600-700,<50K
BL003397,2024-12-21 21:30:58,746,90646,24.38,7,33340,credit_card,RENT,1,4,15,37.96,0,735,0.008574,LOW,APPROVED,0,0,700-800,75-100K
BL003398,2024-03-07 02:12:01,697,72643,17.54,1,6535,major_purchase,MORTGAGE,0,0,0,45.62,3,684,0.013748,LOW,APPROVED,0,0,600-700,50-75K
BL003399,2024-02-29 00:00:33,699,25167,11.26,0,12372,major_purchase,MORTGAGE,1,7,39,20.69,1,710,0.016891,MEDIUM,APPROVED,0,0,700-800,<50K
BL003400,2024-08-25 10:40:49,729,96550,18.57,7,8857,major_purchase,RENT,0,0,0,0.0,1,746,0.00651,LOW,APPROVED,0,0,700-800,75-100K
BL003401,2024-11-26 10:51:14,686,48094,21.74,6,12320,major_purchase,RENT,0,0,0,49.21,2,677,0.025479,MEDIUM,APPROVED,0,0,600-700,<50K
BL003402,2024-03-20 01:02:06,802,37540,7.68,3,23080,other,MORTGAGE,2,5,55,53.69,1,745,0.00493,LOW,APPROVED,1,60,700-800,<50K
BL003403,2024-03-13 18:13:01,639,70777,37.28,4,22168,major_purchase,MORTGAGE,1,3,40,70.83,0,581,0.280041,VERY_HIGH,DECLINED,0,0,<600,50-75K
BL003404,2024-04-07 12:02:39,759,47719,21.72,4,17551,major_purchase,RENT,0,0,0,47.27,3,712,0.009336,LOW,APPROVED,0,0,700-800,<50K
BL003405,2024-01-23 01:12:17,767,64315,39.27,2,5102,home_improvement,MORTGAGE,0,0,0,26.13,3,660,0.03325,MEDIUM,APPROVED,0,0,600-700,50-75K
BL003406,2024-09-04 20:34:42,627,70857,34.82,2,31299,major_purchase,MORTGAGE,0,0,0,92.74,4,548,0.442422,VERY_HIGH,DECLINED,0,0,<600,50-75K
BL003407,2024-08-11 09:19:26,737,185080,18.89,14,10987,home_improvement,RENT,0,0,0,11.88,0,793,0.002031,LOW,APPROVED,0,0,700-800,100K+
BL003408,2024-09-06 15:14:49,705,95221,23.83,3,26168,other,MORTGAGE,2,5,43,24.6,2,619,0.070797,HIGH,APPROVED,0,0,600-700,75-100K
BL003409,2024-11-28 20:50:37,738,70807,19.91,0,47857,other,RENT,1,4,35,68.51,0,699,0.018416,MEDIUM,APPROVED,0,0,600-700,50-75K
BL003410,2024-07-31 22:35:48,624,66012,23.9,0,29542,credit_card,MORTGAGE,0,0,0,22.77,2,643,0.116282,HIGH,DECLINED,0,0,600-700,50-75K
BL003411,2024-08-23 10:35:59,703,73668,24.97,6,35573,major_purchase,OWN,1,1,33,2.52,1,709,0.012595,LOW,APPROVED,0,0,700-800,50-75K
BL003412,2024-09-03 06:05:16,636,78406,27.7,7,29679,other,RENT,2,5,47,24.27,2,543,0.489725,VERY_HIGH,APPROVED,0,0,<600,75-100K
BL003413,2024-08-28 11:08:21,672,47883,28.12,6,7835,credit_card,MORTGAGE,1,1,26,36.1,1,582,0.210067,VERY_HIGH,DECLINED,0,0,<600,<50K
BL003414,2024-01-20 13:11:24,768,79185,25.64,4,14564,other,RENT,0,0,0,9.53,0,730,0.004989,LOW,APPROVED,0,0,700-800,75-100K
BL003415,2024-04-25 15:07:48,683,46541,18.41,5,10229,home_improvement,OWN,0,0,0,50.69,1,719,0.007566,LOW,APPROVED,0,0,700-800,<50K
BL003416,2024-07-30 15:14:32,566,49113,9.67,10,13781,credit_card,MORTGAGE,0,0,0,65.48,1,573,0.333708,VERY_HIGH,DECLINED,0,0,<600,<50K
BL003417,2024-05-03 16:35:55,613,60694,26.12,1,17108,home_improvement,RENT,1,4,39,66.64,0,580,0.219184,VERY_HIGH,APPROVED,0,0,<600,50-75K
BL003418,2024-03-11 08:58:56,627,99113,22.21,10,12515,other,MORTGAGE,0,0,0,37.74,3,652,0.062706,HIGH,APPROVED,0,0,600-700,75-100K
BL003419,2024-08-18 08:04:17,746,91010,30.22,1,20590,credit_card,MORTGAGE,0,0,0,88.47,2,674,0.024011,MEDIUM,APPROVED,0,30,600-700,75-100K
BL003420,2024-07-02 00:53:40,652,18000,18.41,1,13594,credit_card,MORTGAGE,1,3,36,47.35,1,656,0.049577,HIGH,DECLINED,1,60,600-700,<50K
BL003421,2024-07-30 14:27:11,604,107901,26.5,7,34533,credit_card,MORTGAGE,0,0,0,33.07,0,597,0.226681,VERY_HIGH,APPROVED,0,0,<600,100K+
BL003422,2024-01-28 08:11:36,751,64798,15.19,26,14831,home_improvement,MORTGAGE,0,0,0,25.65,1,763,0.002626,LOW,APPROVED,0,0,700-800,50-75K
BL003423,2024-12-04 15:52:12,704,65343,27.65,4,38699,other,RENT,1,5,58,34.14,2,664,0.044257,HIGH,APPROVED,0,0,600-700,50-75K
BL003424,2024-01-31 09:45:24,709,120347,21.61,7,74334,major_purchase,OTHER,1,2,40,38.52,0,703,0.010976,LOW,APPROVED,0,0,700-800,100K+
BL003425,2024-10-03 22:31:29,646,45840,27.98,2,22450,debt_consolidation,RENT,0,0,0,12.64,4,599,0.155646,HIGH,DECLINED,0,0,<600,<50K
BL003426,2024-03-05 18:35:42,769,39695,48.11,2,9869,debt_consolidation,OWN,0,0,0,16.18,0,691,0.021264,MEDIUM,APPROVED,0,0,600-700,<50K
BL003427,2024-05-02 01:30:36,683,26185,31.65,10,11661,other,RENT,0,0,0,46.51,1,614,0.1818,VERY_HIGH,DECLINED,0,0,600-700,<50K
BL003428,2024-07-14 05:38:50,581,37347,23.13,0,22450,debt_consolidation,MORTGAGE,0,0,0,58.8,0,573,0.218826,VERY_HIGH,DECLINED,1,90,<600,<50K
BL003429,2024-03-23 21:41:22,627,90567,26.79,23,12812,debt_consolidation,OTHER,0,0,0,54.96,1,617,0.138064,HIGH,APPROVED,0,0,600-700,75-100K
BL003430,2024-04-24 12:47:20,644,43931,24.48,1,32430,major_purchase,MORTGAGE,2,5,56,43.3,0,575,0.175235,HIGH,DECLINED,0,0,<600,<50K
BL003431,2024-02-18 08:16:59,681,39726,23.84,1,18314,major_purchase,MORTGAGE,1,7,2,42.44,1,638,0.062502,HIGH,APPROVED,0,0,600-700,<50K
BL003432,2024-12-12 04:13:24,732,74724,24.82,5,13567,credit_card,MORTGAGE,1,4,24,70.22,3,620,0.083094,HIGH,DECLINED,0,0,600-700,50-75K
BL003433,2024-12-23 00:08:38,650,40070,24.31,2,15238,major_purchase,RENT,1,8,30,68.52,2,617,0.104076,HIGH,APPROVED,0,0,600-700,<50K
BL003434,2024-08-01 06:16:55,657,44834,24.16,6,47291,credit_card,OWN,0,0,0,45.17,2,638,0.06305,HIGH,APPROVED,0,0,600-700,<50K
BL003435,2024-09-28 14:27:20,811,43847,33.45,6,4248,credit_card,MORTGAGE,0,0,0,44.08,2,686,0.013954,LOW,APPROVED,0,0,600-700,<50K
BL003436,2024-11-23 20:45:08,695,74736,33.21,0,16541,debt_consolidation,RENT,1,3,48,53.79,0,632,0.112372,HIGH,APPROVED,0,0,600-700,50-75K
BL003437,2024-11-29 13:31:05,661,46040,40.22,4,23541,debt_consolidation,MORTGAGE,2,3,17,93.53,2,536,0.566385,VERY_HIGH,DECLINED,1,150,<600,<50K
BL003438,2024-12-25 06:47:21,692,50019,28.66,1,49476,debt_consolidation,OWN,0,0,0,32.29,0,686,0.018939,MEDIUM,APPROVED,0,0,600-700,50-75K
BL003439,2024-06-20 18:20:19,621,57563,28.29,6,21262,major_purchase,MORTGAGE,0,0,0,51.0,1,650,0.082092,HIGH,APPROVED,0,0,600-700,50-75K
BL003440,2024-04-13 01:34:35,719,27655,46.16,24,9728,credit_card,OWN,1,3,5,39.27,1,620,0.138225,HIGH,DECLINED,0,0,600-700,<50K
BL003441,2024-11-01 03:43:07,743,55773,11.08,2,20408,major_purchase,OTHER,0,0,0,27.28,1,813,0.000885,LOW,APPROVED,0,0,800+,50-75K
BL003442,2024-05-31 02:16:15,658,27968,26.16,6,19663,debt_consolidation,MORTGAGE,1,7,27,45.92,4,585,0.262384,VERY_HIGH,DECLINED,0,0,<600,<50K
BL003443,2024-12-12 06:39:35,745,36583,28.66,8,25353,credit_card,MORTGAGE,1,7,59,35.9,0,676,0.024534,MEDIUM,APPROVED,0,0,600-700,<50K
BL003444,2024-05-08 10:48:14,674,50335,30.05,8,13382,home_improvement,RENT,0,0,0,51.99,0,657,0.049546,HIGH,APPROVED,0,0,600-700,50-75K
BL003445,2024-03-28 09:40:53,706,65323,18.4,8,29454,major_purchase,MORTGAGE,1,6,17,25.69,1,672,0.019744,MEDIUM,APPROVED,0,0,600-700,50-75K
BL003446,2024-12-17 08:19:40,649,55345,20.69,3,14864,credit_card,MORTGAGE,1,7,14,51.83,0,636,0.079861,HIGH,APPROVED,1,60,600-700,50-75K
BL003447,2024-10-01 18:19:31,646,98943,10.96,19,23241,other,MORTGAGE,0,0,0,42.62,1,670,0.034635,MEDIUM,DECLINED,0,0,600-700,75-100K
BL003448,2024-06-02 02:54:47,608,65224,19.38,4,48919,debt_consolidation,RENT,1,5,16,72.94,2,574,0.315785,VERY_HIGH,APPROVED,0,0,<600,50-75K
BL003449,2024-10-24 11:31:35,702,79690,6.76,0,9943,debt_consolidation,MORTGAGE,0,0,0,42.83,1,696,0.015505,LOW,APPROVED,0,0,600-700,75-100K
BL003450,2024-10-13 11:45:23,674,50089,31.34,0,12692,debt_consolidation,MORTGAGE,0,0,0,32.08,1,638,0.063927,HIGH,APPROVED,0,0,600-700,50-75K
BL003451,2024-09-13 02:21:08,676,46498,22.43,0,11778,debt_consolidation,RENT,0,0,0,31.99,0,681,0.021111,MEDIUM,APPROVED,0,0,600-700,<50K
BL003452,2024-08-13 08:33:31,628,129876,14.81,2,73161,debt_consolidation,OWN,2,4,58,33.2,1,654,0.102352,HIGH,DECLINED,0,0,600-700,100K+
BL003453,2024-04-03 12:45:31,626,29897,36.92,2,26976,debt_consolidation,MORTGAGE,0,0,0,36.18,2,579,0.339847,VERY_HIGH,APPROVED,0,0,<600,<50K
BL003454,2024-03-14 08:46:13,655,103724,24.04,4,24578,home_improvement,RENT,2,4,50,28.8,0,661,0.051501,HIGH,APPROVED,0,0,600-700,100K+
BL003455,2024-04-07 08:54:18,716,44288,15.11,12,36165,home_improvement,MORTGAGE,0,0,0,57.9,1,694,0.014878,LOW,APPROVED,0,0,600-700,<50K
BL003456,2024-06-14 02:17:29,707,83024,28.33,0,40049,debt_consolidation,MORTGAGE,1,6,53,26.59,1,679,0.031151,MEDIUM,APPROVED,0,0,600-700,75-100K
BL003457,2024-07-23 04:04:02,652,34891,19.6,2,21680,home_improvement,RENT,0,0,0,54.33,4,636,0.074686,HIGH,APPROVED,1,150,600-700,<50K
BL003458,2024-10-13 22:07:42,706,76879,6.43,8,8078,major_purchase,MORTGAGE,0,0,0,43.38,0,709,0.008153,LOW,APPROVED,0,0,700-800,75-100K
BL003459,2024-05-22 08:22:04,787,71033,24.73,3,15219,other,RENT,0,0,0,63.5,1,741,0.00706,LOW,APPROVED,0,0,700-800,50-75K
BL003460,2024-06-20 03:50:33,696,24268,37.93,19,16291,other,RENT,1,3,56,47.91,0,572,0.24667,VERY_HIGH,DECLINED,0,0,<600,<50K
BL003461,2024-04-13 14:03:22,801,46455,8.31,8,19889,credit_card,RENT,0,0,0,50.23,1,758,0.002829,LOW,APPROVED,0,0,700-800,<50K
BL003462,2024-08-02 21:03:52,714,82109,20.01,8,15316,debt_consolidation,MORTGAGE,0,0,0,22.15,1,739,0.00659,LOW,APPROVED,0,0,700-800,75-100K
BL003463,2024-11-04 15:58:03,763,96818,30.41,3,15546,debt_consolidation,OWN,0,0,0,57.41,0,739,0.005605,LOW,APPROVED,0,0,700-800,75-100K
BL003464,2024-12-01 19:09:29,661,70445,26.73,0,5169,credit_card,MORTGAGE,0,0,0,9.42,1,638,0.034567,MEDIUM,DECLINED,0,0,600-700,50-75K
BL003465,2024-06-19 10:06:04,755,48077,32.25,6,14132,debt_consolidation,MORTGAGE,1,4,15,51.35,3,621,0.074566,HIGH,APPROVED,0,0,600-700,<50K
BL003466,2024-05-08 15:32:28,625,60372,21.8,2,9975,credit_card,OWN,0,0,0,31.17,2,644,0.039036,MEDIUM,APPROVED,0,0,600-700,50-75K
BL003467,2024-08-24 06:40:31,703,34780,36.02,0,22446,debt_consolidation,OWN,0,0,0,72.46,0,649,0.09156,HIGH,APPROVED,0,0,600-700,<50K
BL003468,2024-12-14 18:19:44,672,39790,24.19,3,12848,debt_consolidation,MORTGAGE,0,0,0,20.36,1,634,0.076398,HIGH,APPROVED,0,0,600-700,<50K
BL003469,2024-09-18 11:31:08,580,68213,23.26,2,17176,credit_card,MORTGAGE,2,8,4,58.93,0,536,0.503524,VERY_HIGH,DECLINED,0,0,<600,50-75K
BL003470,2024-09-20 08:06:56,615,61669,27.72,9,22964,home_improvement,RENT,0,0,0,81.49,0,600,0.201314,VERY_HIGH,APPROVED,1,90,600-700,50-75K
BL003471,2024-05-05 03:25:58,752,84378,21.46,0,25556,debt_consolidation,MORTGAGE,0,0,0,100.0,3,715,0.010678,LOW,APPROVED,0,0,700-800,75-100K
BL003472,2024-10-08 08:18:44,717,66914,21.17,23,31592,debt_consolidation,OWN,0,0,0,58.5,3,662,0.032739,MEDIUM,APPROVED,0,0,600-700,50-75K
BL003473,2024-01-18 20:57:41,761,79996,19.83,24,11618,major_purchase,OWN,1,0,36,63.31,3,712,0.017807,MEDIUM,APPROVED,0,0,700-800,75-100K
BL003474,2024-11-29 16:07:01,701,59109,16.52,4,15350,debt_consolidation,MORTGAGE,0,0,0,64.93,2,696,0.02971,MEDIUM,APPROVED,0,0,600-700,50-75K
BL003475,2024-09-03 19:27:31,530,81056,17.39,7,23312,debt_consolidation,RENT,0,0,0,23.3,2,582,0.280909,VERY_HIGH,DECLINED,1,120,<600,75-100K
BL003476,2024-03-27 23:59:06,704,183322,11.79,6,25728,major_purchase,MORTGAGE,1,4,19,53.19,0,695,0.013346,LOW,APPROVED,0,0,600-700,100K+
BL003477,2024-11-02 23:33:45,659,40124,29.07,6,9760,major_purchase,MORTGAGE,1,3,27,50.26,1,568,0.379144,VERY_HIGH,DECLINED,0,0,<600,<50K
BL003478,2024-01-18 16:27:52,662,65919,26.81,19,14277,debt_consolidation,RENT,0,0,0,46.29,0,665,0.042077,MEDIUM,APPROVED,0,0,600-700,50-75K
BL003479,2024-08-09 07:26:48,665,50569,6.12,3,56628,debt_consolidation,OWN,0,0,0,35.85,1,705,0.016787,MEDIUM,APPROVED,0,0,700-800,50-75K
BL003480,2024-08-24 10:28:34,648,77422,19.96,1,7129,home_improvement,RENT,0,0,0,27.34,0,652,0.077728,HIGH,APPROVED,0,0,600-700,75-100K
BL003481,2024-06-03 15:10:53,637,76317,24.37,20,4616,debt_consolidation,MORTGAGE,2,7,48,41.2,2,569,0.359363,VERY_HIGH,DECLINED,0,0,<600,75-100K
BL003482,2024-09-04 18:29:08,758,43536,14.79,6,9122,debt_consolidation,OWN,2,4,5,44.87,0,719,0.012311,LOW,APPROVED,0,0,700-800,<50K
BL003483,2024-12-16 15:50:48,714,66778,27.73,0,22196,major_purchase,MORTGAGE,2,4,43,74.84,1,644,0.074267,HIGH,DECLINED,0,0,600-700,50-75K
BL003484,2024-03-20 19:23:41,654,68474,18.64,2,30278,other,RENT,0,0,0,27.51,0,657,0.037762,MEDIUM,DECLINED,0,0,600-700,50-75K
BL003485,2024-06-05 17:09:25,667,59486,24.17,1,16480,other,OWN,1,2,20,63.93,1,647,0.049233,HIGH,APPROVED,0,0,600-700,50-75K
BL003486,2024-09-21 16:43:48,743,71856,15.33,0,11974,credit_card,OWN,0,0,0,48.36,0,686,0.017839,MEDIUM,APPROVED,0,0,600-700,50-75K
BL003487,2024-02-12 22:16:57,711,115517,25.68,8,6128,credit_card,MORTGAGE,0,0,0,70.36,1,654,0.045881,HIGH,DECLINED,0,0,600-700,100K+
BL003488,2024-07-15 02:59:27,700,82033,25.31,2,19413,home_improvement,RENT,1,1,1,29.41,1,647,0.042593,HIGH,APPROVED,0,0,600-700,75-100K
BL003489,2024-08-28 18:01:58,622,55944,44.77,1,37261,major_purchase,MORTGAGE,2,4,14,45.27,0,543,0.491165,VERY_HIGH,DECLINED,0,0,<600,50-75K
BL003490,2024-09-25 11:34:45,666,69823,38.21,0,28796,debt_consolidation,MORTGAGE,2,0,29,75.97,2,586,0.32023,VERY_HIGH,DECLINED,0,0,<600,50-75K
BL003491,2024-12-25 14:47:42,627,152051,25.45,16,23499,major_purchase,RENT,2,2,19,47.64,2,562,0.346572,VERY_HIGH,DECLINED,0,30,<600,100K+
BL003492,2024-08-10 16:53:43,584,47839,24.47,0,13201,credit_card,MORTGAGE,1,3,47,76.46,2,566,0.376958,VERY_HIGH,DECLINED,1,120,<600,<50K
BL003493,2024-11-13 06:40:06,739,103290,24.6,1,35282,debt_consolidation,OWN,0,0,0,58.67,0,749,0.003812,LOW,APPROVED,0,0,700-800,100K+
BL003494,2024-08-17 05:21:32,672,46855,26.3,2,35746,credit_card,RENT,2,5,29,69.04,2,594,0.175142,HIGH,APPROVED,1,60,<600,<50K
BL003495,2024-04-15 17:09:42,667,31034,4.3,14,9976,debt_consolidation,RENT,1,5,3,63.0,1,668,0.035299,MEDIUM,APPROVED,0,0,600-700,<50K
BL003496,2024-05-12 03:28:45,637,46378,23.56,13,9726,home_improvement,RENT,1,7,44,70.08,1,561,0.370465,VERY_HIGH,DECLINED,0,0,<600,<50K
BL003497,2024-05-27 15:24:50,731,73116,29.62,9,25756,home_improvement,RENT,0,0,0,100.0,2,667,0.023583,MEDIUM,APPROVED,0,0,600-700,50-75K
BL003498,2024-09-03 01:13:22,805,56664,24.22,1,7894,debt_consolidation,RENT,0,0,0,8.75,1,801,0.000964,LOW,APPROVED,0,0,800+,50-75K
BL003499,2024-10-14 08:42:28,722,46135,13.04,0,26773,home_improvement,MORTGAGE,1,5,43,0.0,1,744,0.004347,LOW,APPROVED,0,0,700-800,<50K
BL003500,2024-05-27 13:04:37,741,44470,10.07,11,18452,home_improvement,MORTGAGE,1,5,28,43.34,2,712,0.012326,LOW,APPROVED,0,0,700-800,<50K
BL003501,2024-01-09 12:48:59,621,41088,7.43,1,12873,debt_consolidation,RENT,0,0,0,62.0,1,605,0.146796,HIGH,APPROVED,0,0,600-700,<50K
BL003502,2024-03-23 11:56:04,699,39280,38.64,10,36008,debt_consolidation,RENT,1,6,18,56.63,1,585,0.170754,HIGH,APPROVED,0,30,<600,<50K
BL003503,2024-12-21 07:38:43,702,48031,30.54,3,9353,major_purchase,RENT,0,0,0,36.62,0,694,0.014881,LOW,APPROVED,0,0,600-700,<50K
BL003504,2024-02-07 04:47:28,772,20869,36.06,1,15784,home_improvement,RENT,0,0,0,46.09,0,702,0.01072,LOW,APPROVED,0,0,700-800,<50K
BL003505,2024-04-29 20:11:38,690,75892,21.12,11,16389,home_improvement,MORTGAGE,1,2,53,41.25,2,636,0.066716,HIGH,APPROVED,0,30,600-700,75-100K
BL003506,2024-11-16 00:19:22,638,71276,17.15,7,11705,debt_consolidation,MORTGAGE,1,3,51,77.59,0,601,0.17698,HIGH,APPROVED,1,120,600-700,50-75K
BL003507,2024-05-14 11:54:01,686,65543,9.61,2,30315,other,OWN,2,2,14,57.58,2,644,0.04748,HIGH,APPROVED,0,0,600-700,50-75K
BL003508,2024-12-05 19:04:48,666,93771,27.19,22,8341,home_improvement,MORTGAGE,1,2,2,96.84,1,603,0.173336,HIGH,APPROVED,0,0,600-700,75-100K
BL003509,2024-03-12 15:33:21,769,48195,10.92,2,9538,other,RENT,1,2,41,72.99,2,717,0.015535,LOW,APPROVED,0,0,700-800,<50K
BL003510,2024-04-30 19:04:10,726,62433,16.58,18,19033,major_purchase,RENT,1,7,16,53.22,2,702,0.014347,LOW,APPROVED,0,0,700-800,50-75K
BL003511,2024-07-11 11:58:15,708,19828,34.51,5,8856,other,OWN,0,0,0,52.57,0,669,0.032588,MEDIUM,APPROVED,0,0,600-700,<50K
BL003512,2024-07-11 08:08:19,699,68041,37.32,1,25274,debt_consolidation,RENT,2,5,20,55.61,2,619,0.097279,HIGH,APPROVED,0,0,600-700,50-75K
BL003513,2024-07-19 22:52:44,736,52439,21.6,26,36699,credit_card,OTHER,0,0,0,42.21,0,753,0.004258,LOW,APPROVED,0,0,700-800,50-75K
BL003514,2024-07-19 07:11:51,662,81751,31.8,2,8011,debt_consolidation,RENT,0,0,0,39.52,0,655,0.061665,HIGH,APPROVED,0,0,600-700,75-100K
BL003515,2024-10-29 09:06:50,639,90975,25.23,2,22475,credit_card,RENT,0,0,0,35.35,0,632,0.09492,HIGH,DECLINED,0,0,600-700,75-100K
BL003516,2024-09-21 10:57:18,586,57819,28.3,5,10988,debt_consolidation,MORTGAGE,1,6,23,65.92,3,534,0.530739,VERY_HIGH,DECLINED,0,0,<600,50-75K
BL003517,2024-11-01 02:26:15,755,35757,12.08,1,13517,other,MORTGAGE,0,0,0,13.77,2,756,0.006424,LOW,APPROVED,0,0,700-800,<50K
BL003518,2024-12-24 12:40:43,717,72522,26.53,2,16031,credit_card,RENT,0,0,0,45.68,0,685,0.028551,MEDIUM,APPROVED,0,0,600-700,50-75K
BL003519,2024-02-13 15:23:40,725,90773,26.16,2,21940,major_purchase,MORTGAGE,1,6,29,51.5,1,652,0.053427,HIGH,APPROVED,0,0,600-700,75-100K
BL003520,2024-01-08 15:32:09,692,93455,27.53,6,17245,major_purchase,MORTGAGE,0,0,0,51.55,0,655,0.031642,MEDIUM,DECLINED,0,0,600-700,75-100K
BL003521,2024-02-10 17:35:45,781,49518,27.43,3,20212,home_improvement,RENT,1,3,40,26.79,4,683,0.028579,MEDIUM,DECLINED,0,0,600-700,<50K
BL003522,2024-06-11 06:06:03,635,41521,25.07,3,27022,other,MORTGAGE,1,4,51,24.58,0,643,0.06807,HIGH,APPROVED,0,0,600-700,<50K
BL003523,2024-09-13 06:04:49,755,55319,28.94,5,12753,credit_card,MORTGAGE,0,0,0,77.24,1,675,0.022127,MEDIUM,APPROVED,0,0,600-700,50-75K
BL003524,2024-07-11 07:48:34,643,39363,17.05,2,14563,other,RENT,1,6,52,74.28,3,567,0.359073,VERY_HIGH,APPROVED,0,60,<600,<50K
BL003525,2024-09-25 21:10:40,664,24043,27.2,1,14912,debt_consolidation,MORTGAGE,0,0,0,60.61,1,671,0.040135,MEDIUM,DECLINED,0,0,600-700,<50K
BL003526,2024-09-19 06:25:52,622,73106,15.87,23,21228,credit_card,RENT,0,0,0,13.4,2,678,0.047652,HIGH,APPROVED,1,150,600-700,50-75K
BL003527,2024-05-24 09:04:28,694,75488,25.0,1,39425,debt_consolidation,RENT,1,2,31,0.0,2,681,0.039209,MEDIUM,APPROVED,0,0,600-700,75-100K
BL003528,2024-06-06 14:37:53,673,83075,20.0,3,37981,debt_consolidation,OTHER,1,2,30,34.25,0,657,0.035862,MEDIUM,DECLINED,0,30,600-700,75-100K
BL003529,2024-12-15 21:28:52,713,42568,17.59,1,90000,credit_card,MORTGAGE,1,4,29,84.71,1,636,0.079452,HIGH,APPROVED,1,150,600-700,<50K
BL003530,2024-02-22 18:58:49,657,61037,18.73,12,51999,home_improvement,OTHER,0,0,0,55.86,4,635,0.108682,HIGH,APPROVED,1,90,600-700,50-75K
BL003531,2024-11-01 19:31:20,612,36306,18.89,1,11104,major_purchase,RENT,0,0,0,64.58,1,640,0.087445,HIGH,DECLINED,0,0,600-700,<50K
BL003532,2024-12-02 03:13:16,720,32255,31.23,2,15367,major_purchase,OWN,2,3,46,58.19,0,635,0.073729,HIGH,DECLINED,0,0,600-700,<50K
BL003533,2024-12-24 20:46:11,760,76295,17.53,0,9250,credit_card,RENT,0,0,0,0.0,3,705,0.006905,LOW,APPROVED,0,0,700-800,75-100K
BL003534,2024-07-01 12:37:58,729,27684,27.42,10,7501,credit_card,RENT,0,0,0,0.0,0,733,0.006079,LOW,APPROVED,0,0,700-800,<50K
BL003535,2024-04-07 11:32:19,686,53230,28.8,16,9095,debt_consolidation,OWN,1,4,4,65.0,0,608,0.132754,HIGH,APPROVED,0,0,600-700,50-75K
BL003536,2024-02-24 19:29:42,711,175317,43.9,11,17966,debt_consolidation,RENT,1,7,40,93.76,5,571,0.261372,VERY_HIGH,DECLINED,1,60,<600,100K+
BL003537,2024-04-22 07:34:40,595,106033,32.87,9,20223,credit_card,OWN,1,3,12,30.02,1,616,0.147011,HIGH,DECLINED,0,0,600-700,100K+
BL003538,2024-01-05 10:36:37,670,83485,15.63,13,9327,home_improvement,MORTGAGE,0,0,0,18.18,1,663,0.052592,HIGH,APPROVED,0,0,600-700,75-100K
BL003539,2024-10-10 21:51:06,753,81046,13.35,4,15711,debt_consolidation,RENT,2,5,11,44.63,4,659,0.037631,MEDIUM,DECLINED,0,0,600-700,75-100K
BL003540,2024-07-25 09:39:21,714,56746,24.82,3,46382,debt_consolidation,MORTGAGE,1,6,54,0.0,0,728,0.007409,LOW,APPROVED,0,0,700-800,50-75K
BL003541,2024-04-18 09:23:48,642,47751,28.44,3,7238,major_purchase,RENT,1,7,38,19.87,2,603,0.150486,HIGH,APPROVED,0,0,600-700,<50K
BL003542,2024-01-12 10:38:10,736,151368,18.2,3,20731,debt_consolidation,MORTGAGE,1,6,24,80.65,0,700,0.020043,MEDIUM,APPROVED,1,120,700-800,100K+
BL003543,2024-11-14 20:35:44,681,56959,32.77,2,7981,other,RENT,0,0,0,64.32,1,648,0.089595,HIGH,APPROVED,0,0,600-700,50-75K
BL003544,2024-10-23 04:07:45,729,47832,6.86,4,10932,debt_consolidation,RENT,3,6,24,51.46,1,664,0.036117,MEDIUM,APPROVED,0,0,600-700,<50K
BL003545,2024-01-09 06:03:43,611,83461,5.56,7,32382,debt_consolidation,RENT,0,0,0,12.54,1,694,0.023355,MEDIUM,APPROVED,0,0,600-700,75-100K
BL003546,2024-11-20 11:39:11,660,60609,17.36,4,40916,major_purchase,RENT,0,0,0,60.98,0,681,0.029178,MEDIUM,APPROVED,0,0,600-700,50-75K
BL003547,2024-10-21 15:38:14,707,110642,29.63,5,16144,debt_consolidation,RENT,0,0,0,28.64,1,679,0.020027,MEDIUM,APPROVED,0,0,600-700,100K+
BL003548,2024-11-11 15:17:12,705,47075,32.36,3,36700,major_purchase,RENT,1,2,6,28.31,2,643,0.051521,HIGH,APPROVED,0,0,600-700,<50K
BL003549,2024-08-01 11:23:52,719,43238,24.92,5,6642,debt_consolidation,RENT,1,5,7,65.26,3,713,0.012749,LOW,APPROVED,0,0,700-800,<50K
BL003550,2024-05-21 11:49:28,688,52179,37.3,1,27952,other,RENT,0,0,0,82.63,1,559,0.272149,VERY_HIGH,DECLINED,0,0,<600,50-75K
BL003551,2024-11-17 18:14:24,678,126676,28.56,3,4738,other,RENT,1,5,45,15.24,3,623,0.096553,HIGH,APPROVED,0,0,600-700,100K+
BL003552,2024-01-20 10:32:00,715,94313,22.82,12,19561,credit_card,RENT,1,4,2,67.68,1,656,0.058184,HIGH,DECLINED,0,0,600-700,75-100K
BL003553,2024-06-17 08:09:43,736,70249,37.94,20,26079,major_purchase,RENT,1,3,36,73.79,1,613,0.092965,HIGH,APPROVED,0,0,600-700,50-75K
BL003554,2024-11-12 21:22:10,605,65172,27.3,4,18723,home_improvement,OWN,1,4,50,27.42,2,607,0.147351,HIGH,APPROVED,0,30,600-700,50-75K
BL003555,2024-04-16 05:08:01,671,72943,16.98,8,33347,home_improvement,MORTGAGE,0,0,0,50.18,0,662,0.028212,MEDIUM,APPROVED,0,0,600-700,50-75K
BL003556,2024-04-23 20:52:57,678,40789,27.11,7,14944,major_purchase,RENT,0,0,0,26.69,0,667,0.03868,MEDIUM,APPROVED,0,0,600-700,<50K
BL003557,2024-06-03 07:09:26,697,78577,14.58,3,30144,debt_consolidation,RENT,0,0,0,35.58,2,701,0.012845,LOW,APPROVED,0,0,700-800,75-100K
BL003558,2024-04-07 05:23:02,744,50455,34.17,8,24601,debt_consolidation,MORTGAGE,1,6,50,49.84,3,635,0.09537,HIGH,APPROVED,0,0,600-700,50-75K
BL003559,2024-09-01 16:23:45,616,69615,22.09,4,22427,credit_card,MORTGAGE,1,3,53,17.08,1,588,0.199024,VERY_HIGH,DECLINED,0,0,<600,50-75K
BL003560,2024-07-01 10:42:30,718,63453,8.15,15,6915,debt_consolidation,MORTGAGE,0,0,0,41.61,0,742,0.005672,LOW,APPROVED,0,0,700-800,50-75K
BL003561,2024-12-23 19:02:24,594,71933,35.83,8,39226,debt_consolidation,RENT,2,5,10,71.57,0,520,0.596581,VERY_HIGH,DECLINED,0,60,<600,50-75K
BL003562,2024-11-20 05:30:26,647,51313,27.86,6,14763,major_purchase,RENT,0,0,0,58.89,0,642,0.067505,HIGH,APPROVED,0,0,600-700,50-75K
BL003563,2024-03-25 17:49:43,660,95884,19.67,0,45278,major_purchase,OTHER,0,0,0,62.91,3,629,0.079117,HIGH,APPROVED,0,0,600-700,75-100K
BL003564,2024-04-13 12:48:35,674,73760,25.74,4,12221,debt_consolidation,MORTGAGE,1,5,38,72.56,0,645,0.08032,HIGH,DECLINED,0,0,600-700,50-75K
BL003565,2024-09-08 12:20:46,655,44808,30.39,2,17677,credit_card,MORTGAGE,0,0,0,28.63,0,642,0.083194,HIGH,APPROVED,0,0,600-700,<50K
BL003566,2024-05-04 12:39:29,661,76500,23.98,0,22950,debt_consolidation,OTHER,2,2,44,43.18,0,625,0.108211,HIGH,DECLINED,0,0,600-700,75-100K
BL003567,2024-11-03 04:25:55,670,54190,26.4,9,22749,major_purchase,MORTGAGE,2,6,41,96.86,0,598,0.152321,HIGH,APPROVED,1,60,<600,50-75K
BL003568,2024-12-01 22:32:47,674,74680,33.98,1,14644,other,OWN,3,2,48,59.72,0,617,0.174329,HIGH,APPROVED,0,0,600-700,50-75K
BL003569,2024-11-15 20:44:30,588,91693,20.54,1,7210,home_improvement,MORTGAGE,2,0,7,26.95,2,619,0.156225,HIGH,APPROVED,0,0,600-700,75-100K
BL003570,2024-05-16 13:37:40,612,50853,24.21,2,26083,other,RENT,0,0,0,52.87,0,640,0.076715,HIGH,APPROVED,0,0,600-700,50-75K
BL003571,2024-05-20 11:50:23,665,62197,40.56,16,14844,debt_consolidation,MORTGAGE,0,0,0,49.53,1,611,0.138831,HIGH,DECLINED,0,0,600-700,50-75K
BL003572,2024-12-21 23:13:45,718,64997,21.61,3,47422,debt_consolidation,MORTGAGE,0,0,0,60.32,0,700,0.009787,LOW,APPROVED,0,0,700-800,50-75K
BL003573,2024-05-24 18:44:17,744,64193,18.12,1,28108,home_improvement,MORTGAGE,0,0,0,13.65,4,699,0.018141,MEDIUM,APPROVED,0,0,600-700,50-75K
BL003574,2024-05-16 03:35:00,845,154980,25.1,9,9766,major_purchase,RENT,0,0,0,11.88,3,828,0.000622,LOW,APPROVED,0,60,800+,100K+
BL003575,2024-03-13 15:14:35,695,73718,33.17,6,36002,home_improvement,OWN,0,0,0,52.46,2,616,0.106555,HIGH,DECLINED,0,0,600-700,50-75K
BL003576,2024-10-27 13:18:08,646,38157,17.18,11,46696,debt_consolidation,MORTGAGE,1,5,43,61.16,0,637,0.069651,HIGH,DECLINED,0,0,600-700,<50K
BL003577,2024-06-02 11:44:11,699,66348,22.22,12,37864,credit_card,MORTGAGE,0,0,0,46.54,1,668,0.03658,MEDIUM,APPROVED,0,0,600-700,50-75K
BL003578,2024-09-04 18:37:13,726,49621,18.78,9,15476,major_purchase,RENT,1,4,41,20.31,1,744,0.005626,LOW,APPROVED,0,0,700-800,<50K
BL003579,2024-05-08 05:08:27,696,185684,40.17,2,6498,major_purchase,MORTGAGE,0,0,0,59.53,0,617,0.097176,HIGH,APPROVED,0,0,600-700,100K+
BL003580,2024-09-26 08:14:26,631,47831,35.52,18,24569,debt_consolidation,MORTGAGE,0,0,0,64.37,0,594,0.157449,HIGH,APPROVED,0,0,<600,<50K
BL003581,2024-07-28 21:45:08,683,38798,27.42,3,28046,credit_card,RENT,4,5,49,57.97,0,565,0.409556,VERY_HIGH,DECLINED,0,0,<600,<50K
BL003582,2024-10-22 06:40:17,687,87461,34.68,2,17642,other,RENT,1,3,9,38.18,1,665,0.058928,HIGH,APPROVED,0,0,600-700,75-100K
BL003583,2024-11-19 06:19:46,612,50254,11.86,1,10710,debt_consolidation,RENT,1,4,3,64.67,2,608,0.231963,VERY_HIGH,APPROVED,0,0,600-700,50-75K
BL003584,2024-09-15 11:53:24,623,53462,17.39,8,21333,credit_card,RENT,2,3,19,45.31,2,585,0.186314,VERY_HIGH,DECLINED,0,0,<600,50-75K
BL003585,2024-02-09 06:37:42,755,57091,26.9,2,10112,major_purchase,MORTGAGE,2,7,23,40.6,0,704,0.015863,LOW,APPROVED,0,0,700-800,50-75K
BL003586,2024-12-20 00:55:53,567,47000,36.27,10,48722,credit_card,RENT,0,0,0,58.56,2,504,0.68747,VERY_HIGH,DECLINED,0,0,<600,<50K
BL003587,2024-07-29 21:03:26,698,52757,10.86,3,14796,debt_consolidation,OWN,1,2,41,31.86,0,710,0.013863,LOW,APPROVED,0,30,700-800,50-75K
BL003588,2024-09-13 17:48:26,675,23998,27.25,2,8875,credit_card,MORTGAGE,1,7,33,59.61,1,620,0.151211,HIGH,APPROVED,0,0,600-700,<50K
BL003589,2024-09-21 00:59:46,765,60615,21.62,2,25215,debt_consolidation,OTHER,0,0,0,18.1,0,739,0.00612,LOW,APPROVED,0,0,700-800,50-75K
BL003590,2024-07-26 12:12:59,722,84319,21.61,2,16525,credit_card,RENT,1,3,50,32.95,2,639,0.039189,MEDIUM,APPROVED,0,0,600-700,75-100K
BL003591,2024-09-19 04:18:27,642,144783,25.29,1,29752,major_purchase,MORTGAGE,1,4,33,29.37,3,622,0.096655,HIGH,APPROVED,0,0,600-700,100K+
BL003592,2024-04-24 09:17:02,758,65361,14.34,0,22441,credit_card,MORTGAGE,0,0,0,62.98,1,765,0.002521,LOW,APPROVED,0,0,700-800,50-75K
BL003593,2024-04-07 22:07:15,658,91605,37.28,4,14647,credit_card,MORTGAGE,1,3,39,4.79,0,656,0.054779,HIGH,APPROVED,0,0,600-700,75-100K
BL003594,2024-03-08 12:46:33,798,46200,19.16,11,30365,debt_consolidation,OTHER,0,0,0,29.08,2,714,0.007067,LOW,APPROVED,0,0,700-800,<50K
BL003595,2024-10-31 06:23:06,780,121270,27.42,0,15229,other,RENT,1,4,52,40.54,1,697,0.021445,MEDIUM,APPROVED,0,0,600-700,100K+
BL003596,2024-11-03 16:36:41,685,171417,14.16,5,13582,debt_consolidation,RENT,0,0,0,48.39,0,734,0.005286,LOW,APPROVED,0,60,700-800,100K+
BL003597,2024-04-13 07:18:09,731,73894,17.87,6,25694,debt_consolidation,MORTGAGE,0,0,0,34.19,2,754,0.004548,LOW,APPROVED,0,30,700-800,50-75K
BL003598,2024-09-09 13:47:15,699,54881,8.28,10,45536,major_purchase,RENT,1,1,26,63.42,1,651,0.033678,MEDIUM,APPROVED,0,30,600-700,50-75K
BL003599,2024-01-29 21:07:41,640,65300,37.49,3,7381,debt_consolidation,MORTGAGE,2,3,58,62.6,1,592,0.364533,VERY_HIGH,APPROVED,1,150,<600,50-75K
BL003600,2024-09-12 22:37:23,747,126647,48.2,5,53300,other,MORTGAGE,2,5,51,71.56,0,639,0.076992,HIGH,APPROVED,0,0,600-700,100K+
BL003601,2024-02-17 04:16:47,712,36906,24.98,7,14945,home_improvement,RENT,0,0,0,43.73,0,689,0.019116,MEDIUM,DECLINED,0,0,600-700,<50K
BL003602,2024-11-08 22:15:01,736,112481,27.64,7,45389,major_purchase,MORTGAGE,1,1,55,56.75,1,674,0.027313,MEDIUM,APPROVED,0,0,600-700,100K+
BL003603,2024-11-28 05:41:01,748,41240,42.62,21,19157,credit_card,OWN,1,6,22,55.3,0,672,0.037351,MEDIUM,APPROVED,0,30,600-700,<50K
BL003604,2024-04-16 21:09:52,766,44422,18.52,4,8528,home_improvement,MORTGAGE,0,0,0,36.86,1,748,0.003754,LOW,APPROVED,0,0,700-800,<50K
BL003605,2024-10-25 11:24:24,746,72079,26.8,10,29332,debt_consolidation,RENT,2,3,51,27.92,1,689,0.019208,MEDIUM,APPROVED,0,0,600-700,50-75K
BL003606,2024-09-17 16:06:24,684,85113,18.03,2,10166,home_improvement,OTHER,1,8,51,56.87,4,666,0.037868,MEDIUM,APPROVED,0,0,600-700,75-100K
BL003607,2024-06-15 07:47:31,694,98144,31.98,5,20245,credit_card,MORTGAGE,0,0,0,4.16,1,686,0.030239,MEDIUM,APPROVED,0,0,600-700,75-100K
BL003608,2024-03-18 08:52:06,712,120279,28.37,5,20071,credit_card,OTHER,1,3,17,31.76,0,704,0.011437,LOW,APPROVED,0,0,700-800,100K+
BL003609,2024-12-21 04:34:02,683,38874,34.27,0,24457,debt_consolidation,OTHER,0,0,0,60.87,2,604,0.136604,HIGH,APPROVED,0,30,600-700,<50K
BL003610,2024-03-08 09:56:04,677,66216,33.73,8,34760,major_purchase,RENT,1,4,31,68.9,0,626,0.075185,HIGH,APPROVED,0,0,600-700,50-75K
BL003611,2024-08-29 09:08:43,791,90148,14.86,2,30014,major_purchase,RENT,2,3,6,73.66,1,713,0.008494,LOW,APPROVED,0,0,700-800,75-100K
BL003612,2024-09-03 03:18:05,716,72346,18.9,1,10811,home_improvement,RENT,1,2,21,41.98,1,690,0.014794,LOW,APPROVED,0,0,600-700,50-75K
BL003613,2024-02-13 18:36:09,793,105539,26.38,11,20460,credit_card,RENT,2,1,6,34.31,0,714,0.0109,LOW,APPROVED,0,0,700-800,100K+
BL003614,2024-09-05 19:10:54,648,65254,29.79,2,5768,major_purchase,RENT,0,0,0,72.75,1,607,0.163648,HIGH,DECLINED,1,120,600-700,50-75K
BL003615,2024-05-11 04:02:17,687,56299,23.58,6,25889,home_improvement,RENT,0,0,0,35.83,2,656,0.033157,MEDIUM,APPROVED,0,0,600-700,50-75K
BL003616,2024-08-26 02:30:59,666,23848,30.13,1,20778,credit_card,OWN,2,2,1,49.15,0,609,0.203264,VERY_HIGH,APPROVED,1,60,600-700,<50K
BL003617,2024-05-24 21:51:54,668,27983,31.77,1,57801,debt_consolidation,RENT,0,0,0,69.63,2,614,0.157806,HIGH,APPROVED,0,0,600-700,<50K
BL003618,2024-05-26 16:29:58,674,90839,20.65,2,27701,home_improvement,RENT,2,4,49,61.66,3,591,0.206153,VERY_HIGH,APPROVED,0,0,<600,75-100K
BL003619,2024-01-27 09:20:43,683,38614,24.82,1,26621,major_purchase,OWN,1,4,11,36.34,1,655,0.04265,HIGH,APPROVED,1,90,600-700,<50K
BL003620,2024-03-26 00:01:54,666,73436,20.7,11,16375,debt_consolidation,RENT,0,0,0,45.14,1,686,0.020664,MEDIUM,APPROVED,0,0,600-700,50-75K
BL003621,2024-02-16 20:00:54,788,85440,13.86,3,10462,major_purchase,MORTGAGE,0,0,0,66.85,1,754,0.0033,LOW,APPROVED,0,0,700-800,75-100K
BL003622,2024-03-07 02:04:58,727,60840,33.98,0,16198,other,MORTGAGE,0,0,0,82.11,1,637,0.04683,HIGH,APPROVED,0,0,600-700,50-75K
BL003623,2024-09-02 12:13:49,649,100178,41.26,5,37055,credit_card,RENT,1,2,5,51.35,3,568,0.357592,VERY_HIGH,DECLINED,1,90,<600,100K+
BL003624,2024-01-12 03:03:23,660,48167,23.0,0,27434,debt_consolidation,MORTGAGE,0,0,0,39.28,1,648,0.04973,HIGH,APPROVED,0,0,600-700,<50K
BL003625,2024-12-04 02:45:35,730,83156,40.27,10,48745,credit_card,RENT,1,5,15,32.73,0,708,0.014535,LOW,APPROVED,0,0,700-800,75-100K
BL003626,2024-09-30 22:35:00,720,60618,39.26,0,24933,debt_consolidation,RENT,1,4,1,27.53,1,642,0.085433,HIGH,APPROVED,0,0,600-700,50-75K
BL003627,2024-02-15 18:27:41,657,33212,19.31,3,31008,debt_consolidation,OWN,0,0,0,30.18,3,672,0.029071,MEDIUM,APPROVED,0,0,600-700,<50K
BL003628,2024-05-30 03:40:19,740,26406,21.63,0,21954,other,MORTGAGE,0,0,0,13.4,1,714,0.010892,LOW,APPROVED,0,0,700-800,<50K
BL003629,2024-02-19 19:07:15,612,58768,19.78,4,22981,credit_card,RENT,0,0,0,31.83,0,651,0.061503,HIGH,APPROVED,0,0,600-700,50-75K
BL003630,2024-01-01 23:36:45,664,131350,33.39,1,28311,debt_consolidation,OWN,1,4,28,48.84,2,636,0.07531,HIGH,APPROVED,0,0,600-700,100K+
BL003631,2024-07-01 12:25:08,784,106978,36.74,19,11921,debt_consolidation,RENT,1,3,54,75.41,0,708,0.012307,LOW,APPROVED,0,0,700-800,100K+
BL003632,2024-09-13 04:11:56,548,78929,20.14,5,31607,other,OWN,2,5,20,25.28,2,486,0.809109,VERY_HIGH,DECLINED,1,60,<600,75-100K
BL003633,2024-04-05 21:06:44,679,90986,10.89,8,12923,major_purchase,MORTGAGE,0,0,0,69.87,1,706,0.018211,MEDIUM,APPROVED,0,0,700-800,75-100K
BL003634,2024-04-13 10:00:17,744,95293,25.3,4,18558,home_improvement,RENT,0,0,0,46.98,0,714,0.011268,LOW,APPROVED,0,0,700-800,75-100K
BL003635,2024-12-18 21:24:36,682,57389,36.23,6,8338,major_purchase,MORTGAGE,0,0,0,47.23,1,631,0.079479,HIGH,APPROVED,0,0,600-700,50-75K
BL003636,2024-11-03 09:46:21,647,114216,28.27,0,14874,credit_card,RENT,0,0,0,45.73,2,633,0.113858,HIGH,APPROVED,0,0,600-700,100K+
BL003637,2024-11-10 09:26:30,641,71842,24.74,3,22388,home_improvement,RENT,0,0,0,60.59,0,630,0.080593,HIGH,DECLINED,0,0,600-700,50-75K
BL003638,2024-10-13 04:15:45,577,51054,9.82,6,42381,home_improvement,OWN,1,2,24,61.72,1,577,0.290626,VERY_HIGH,APPROVED,0,0,<600,50-75K
BL003639,2024-11-24 13:20:36,618,353283,30.27,1,15999,debt_consolidation,MORTGAGE,2,2,37,44.28,0,610,0.151718,HIGH,APPROVED,0,0,600-700,100K+
BL003640,2024-04-18 12:20:17,694,85952,21.76,3,24128,major_purchase,MORTGAGE,2,1,39,55.21,1,634,0.090242,HIGH,DECLINED,0,0,600-700,75-100K
BL003641,2024-12-03 03:28:32,659,60678,25.03,6,23264,debt_consolidation,RENT,0,0,0,24.19,0,650,0.066113,HIGH,APPROVED,0,0,600-700,50-75K
BL003642,2024-02-12 15:05:24,689,89891,25.82,11,8540,other,RENT,1,3,37,24.75,1,682,0.020724,MEDIUM,APPROVED,0,0,600-700,75-100K
BL003643,2024-05-29 09:22:32,682,37370,20.53,3,18344,debt_consolidation,OWN,0,0,0,39.19,2,686,0.025646,MEDIUM,APPROVED,0,0,600-700,<50K
BL003644,2024-11-20 13:16:46,705,37203,16.11,1,16004,credit_card,MORTGAGE,0,0,0,52.49,0,702,0.008668,LOW,DECLINED,0,0,700-800,<50K
BL003645,2024-08-10 18:04:32,600,149791,25.7,1,19274,credit_card,MORTGAGE,0,0,0,71.23,0,615,0.144076,HIGH,DECLINED,1,90,600-700,100K+
BL003646,2024-11-17 19:44:53,673,84362,29.63,2,35492,home_improvement,MORTGAGE,0,0,0,0.0,2,683,0.021414,MEDIUM,APPROVED,0,30,600-700,75-100K
BL003647,2024-08-30 00:25:28,671,39599,40.18,9,16433,other,OTHER,1,5,31,16.18,1,603,0.15461,HIGH,APPROVED,0,0,600-700,<50K
BL003648,2024-12-21 04:06:23,673,31083,22.15,5,15770,major_purchase,MORTGAGE,0,0,0,67.26,4,604,0.198862,VERY_HIGH,APPROVED,0,0,600-700,<50K
BL003649,2024-01-18 13:40:12,642,60855,15.22,7,8349,debt_consolidation,MORTGAGE,0,0,0,65.12,3,616,0.153112,HIGH,DECLINED,1,90,600-700,50-75K
BL003650,2024-06-16 08:03:45,571,40049,41.53,7,17866,home_improvement,OWN,2,3,56,82.53,1,494,0.693301,VERY_HIGH,DECLINED,1,60,<600,<50K
BL003651,2024-04-05 12:29:39,724,114468,34.27,4,82513,credit_card,OWN,0,0,0,54.56,4,626,0.090413,HIGH,APPROVED,0,0,600-700,100K+
BL003652,2024-03-29 18:31:53,734,27003,17.86,2,40571,major_purchase,MORTGAGE,1,6,55,61.61,1,668,0.039458,MEDIUM,APPROVED,0,0,600-700,<50K
BL003653,2024-01-13 09:56:23,819,109367,22.38,13,21151,home_improvement,MORTGAGE,2,3,11,91.4,0,727,0.005287,LOW,APPROVED,0,0,700-800,100K+
BL003654,2024-02-09 10:13:52,730,40270,25.31,6,10325,debt_consolidation,OTHER,0,0,0,86.86,1,671,0.024919,MEDIUM,APPROVED,0,0,600-700,<50K
BL003655,2024-03-23 05:39:38,779,36283,37.71,8,13624,major_purchase,OWN,0,0,0,54.38,2,679,0.020513,MEDIUM,APPROVED,0,0,600-700,<50K
BL003656,2024-11-08 09:06:42,722,64408,24.63,8,14865,home_improvement,MORTGAGE,0,0,0,11.85,2,706,0.014266,LOW,APPROVED,0,0,700-800,50-75K
BL003657,2024-11-07 05:36:51,669,35928,37.74,19,20931,major_purchase,MORTGAGE,0,0,0,40.23,3,587,0.242822,VERY_HIGH,APPROVED,0,30,<600,<50K
BL003658,2024-02-19 15:36:02,717,48622,26.89,8,15177,other,MORTGAGE,0,0,0,51.1,0,629,0.081543,HIGH,APPROVED,0,0,600-700,<50K
BL003659,2024-01-24 14:30:27,626,49169,18.07,22,90000,home_improvement,MORTGAGE,0,0,0,98.8,0,608,0.14938,HIGH,APPROVED,0,0,600-700,<50K
BL003660,2024-10-20 10:12:38,703,21363,26.58,5,52408,debt_consolidation,OTHER,0,0,0,31.54,1,656,0.051421,HIGH,APPROVED,0,0,600-700,<50K
BL003661,2024-06-13 23:13:37,684,37058,9.51,2,17196,major_purchase,RENT,0,0,0,33.24,1,705,0.014398,LOW,APPROVED,0,0,700-800,<50K
BL003662,2024-03-25 10:08:47,632,73236,18.97,4,26878,major_purchase,RENT,0,0,0,28.49,0,627,0.080748,HIGH,DECLINED,0,0,600-700,50-75K
BL003663,2024-01-21 19:07:45,756,24892,30.14,0,34637,credit_card,MORTGAGE,0,0,0,33.59,1,689,0.029539,MEDIUM,APPROVED,0,0,600-700,<50K
BL003664,2024-06-24 19:17:52,751,34146,17.33,7,24255,debt_consolidation,MORTGAGE,0,0,0,56.56,1,762,0.003986,LOW,APPROVED,0,0,700-800,<50K
BL003665,2024-06-23 04:02:02,715,41623,21.7,13,13961,home_improvement,RENT,1,7,3,53.7,3,645,0.074901,HIGH,DECLINED,0,0,600-700,<50K
BL003666,2024-03-23 19:45:25,734,94504,13.25,0,90000,debt_consolidation,MORTGAGE,0,0,0,58.98,2,730,0.004984,LOW,APPROVED,0,0,700-800,75-100K
BL003667,2024-11-22 05:04:47,780,94526,24.79,13,28819,debt_consolidation,OWN,0,0,0,58.14,0,754,0.003788,LOW,APPROVED,0,0,700-800,75-100K
BL003668,2024-08-21 00:09:02,683,121987,9.25,1,38375,home_improvement,MORTGAGE,0,0,0,38.87,5,649,0.043894,HIGH,APPROVED,0,0,600-700,100K+
BL003669,2024-03-11 13:33:12,616,40729,21.39,5,20717,major_purchase,MORTGAGE,0,0,0,23.24,3,608,0.124735,HIGH,DECLINED,1,90,600-700,<50K
BL003670,2024-05-02 12:44:49,638,90198,31.49,9,60203,home_improvement,OWN,1,6,26,13.1,1,637,0.061212,HIGH,APPROVED,0,0,600-700,75-100K
BL003671,2024-05-11 13:11:43,728,69613,19.79,2,14640,credit_card,RENT,1,3,15,0.0,1,727,0.009507,LOW,APPROVED,0,0,700-800,50-75K
BL003672,2024-03-28 14:00:40,703,35014,32.84,18,48910,debt_consolidation,MORTGAGE,0,0,0,34.02,0,684,0.032395,MEDIUM,APPROVED,0,0,600-700,<50K
BL003673,2024-11-18 21:11:30,609,79022,28.31,4,23404,home_improvement,RENT,1,7,37,7.98,1,612,0.185137,VERY_HIGH,APPROVED,0,0,600-700,75-100K
BL003674,2024-03-13 14:13:42,762,62340,30.38,0,16433,debt_consolidation,MORTGAGE,1,5,3,0.0,0,771,0.003084,LOW,APPROVED,0,0,700-800,50-75K
BL003675,2024-07-13 03:58:14,702,46471,18.06,21,9025,debt_consolidation,OWN,0,0,0,56.83,2,674,0.035288,MEDIUM,APPROVED,0,0,600-700,<50K
BL003676,2024-04-16 03:21:19,778,38519,24.03,3,25371,credit_card,MORTGAGE,0,0,0,26.72,1,759,0.003986,LOW,APPROVED,0,0,700-800,<50K
BL003677,2024-01-07 16:24:47,752,30325,15.35,1,25887,major_purchase,RENT,0,0,0,9.6,1,741,0.005031,LOW,APPROVED,0,0,700-800,<50K
BL003678,2024-07-10 03:41:33,667,78212,18.0,0,13651,other,RENT,0,0,0,47.36,1,678,0.025638,MEDIUM,DECLINED,0,0,600-700,75-100K
BL003679,2024-03-28 04:26:28,696,76240,20.1,1,41410,home_improvement,OWN,0,0,0,66.34,0,682,0.015322,LOW,APPROVED,0,0,600-700,75-100K
BL003680,2024-07-11 19:35:37,650,54929,29.46,21,12677,home_improvement,RENT,1,4,9,73.92,2,591,0.265714,VERY_HIGH,APPROVED,0,0,<600,50-75K
BL003681,2024-03-30 09:57:46,645,52632,38.72,6,24402,home_improvement,MORTGAGE,1,3,49,53.5,2,530,0.534647,VERY_HIGH,DECLINED,0,0,<600,50-75K
BL003682,2024-01-22 13:41:57,674,47781,12.47,5,22567,home_improvement,MORTGAGE,1,3,4,52.5,3,643,0.059656,HIGH,APPROVED,0,0,600-700,<50K
BL003683,2024-12-06 05:34:20,718,87894,38.12,3,8467,major_purchase,OWN,0,0,0,25.26,3,651,0.046123,HIGH,APPROVED,0,0,600-700,75-100K
BL003684,2024-03-08 19:57:55,765,68197,3.75,23,23478,major_purchase,OWN,1,5,26,54.25,0,759,0.002788,LOW,APPROVED,0,0,700-800,50-75K
BL003685,2024-11-16 18:46:42,642,28097,5.9,1,14307,other,RENT,1,5,19,57.75,1,629,0.108762,HIGH,DECLINED,0,0,600-700,<50K
BL003686,2024-11-16 10:12:40,729,64931,40.22,1,19641,credit_card,MORTGAGE,0,0,0,61.98,1,650,0.06379,HIGH,APPROVED,0,0,600-700,50-75K
BL003687,2024-01-20 22:09:31,693,77182,35.66,6,7845,major_purchase,MORTGAGE,0,0,0,72.06,2,619,0.090664,HIGH,APPROVED,0,0,600-700,75-100K
BL003688,2024-02-11 06:35:18,679,47709,26.37,1,24718,credit_card,MORTGAGE,1,3,2,34.87,1,634,0.11609,HIGH,DECLINED,0,0,600-700,<50K
BL003689,2024-07-22 03:14:26,752,50493,26.66,8,8340,credit_card,RENT,0,0,0,39.0,2,709,0.011749,LOW,APPROVED,0,0,700-800,50-75K
BL003690,2024-10-17 14:45:53,672,47942,24.96,15,9986,other,RENT,0,0,0,29.23,3,622,0.094437,HIGH,DECLINED,0,0,600-700,<50K
BL003691,2024-06-15 17:56:27,766,82970,4.82,14,24347,debt_consolidation,RENT,2,4,21,42.9,0,704,0.009977,LOW,APPROVED,0,0,700-800,75-100K
BL003692,2024-08-08 11:04:13,673,52164,30.85,0,12538,home_improvement,MORTGAGE,1,3,39,83.7,4,577,0.323016,VERY_HIGH,DECLINED,1,120,<600,50-75K
BL003693,2024-01-21 10:24:44,641,61674,20.27,4,26011,home_improvement,RENT,1,5,36,6.63,1,649,0.067141,HIGH,APPROVED,0,0,600-700,50-75K
BL003694,2024-01-24 15:29:09,733,64943,5.3,1,17099,debt_consolidation,RENT,1,2,4,23.92,1,783,0.002308,LOW,APPROVED,0,0,700-800,50-75K
BL003695,2024-07-08 18:56:27,612,125067,29.14,1,20946,credit_card,MORTGAGE,1,3,53,67.96,3,536,0.415903,VERY_HIGH,DECLINED,0,0,<600,100K+
BL003696,2024-06-26 21:05:25,627,31801,31.19,3,20807,credit_card,MORTGAGE,1,4,57,47.67,1,572,0.306286,VERY_HIGH,DECLINED,0,0,<600,<50K
BL003697,2024-07-01 11:07:19,681,178077,36.68,24,34895,other,MORTGAGE,0,0,0,58.96,2,624,0.079406,HIGH,APPROVED,0,0,600-700,100K+
BL003698,2024-10-04 13:39:47,691,36372,34.11,21,39488,other,RENT,0,0,0,57.57,2,628,0.11893,HIGH,APPROVED,0,0,600-700,<50K
BL003699,2024-06-27 11:06:57,677,56664,22.24,1,11493,home_improvement,OWN,0,0,0,54.38,4,613,0.182359,VERY_HIGH,APPROVED,0,0,600-700,50-75K
BL003700,2024-03-08 01:04:55,584,43469,30.81,2,32696,major_purchase,OWN,0,0,0,41.95,0,577,0.239565,VERY_HIGH,APPROVED,0,0,<600,<50K
BL003701,2024-05-13 23:01:58,619,66357,24.34,0,17861,debt_consolidation,RENT,0,0,0,49.65,0,620,0.074537,HIGH,APPROVED,0,0,600-700,50-75K
BL003702,2024-12-08 14:21:03,719,80141,26.02,16,19106,home_improvement,MORTGAGE,0,0,0,33.47,0,716,0.009929,LOW,APPROVED,0,0,700-800,75-100K
BL003703,2024-05-14 17:12:32,721,178479,41.49,9,8686,other,OWN,0,0,0,67.96,2,693,0.022841,MEDIUM,APPROVED,0,0,600-700,100K+
BL003704,2024-06-01 10:30:52,636,107043,21.79,17,29871,debt_consolidation,RENT,0,0,0,52.24,0,632,0.078096,HIGH,APPROVED,0,0,600-700,100K+
BL003705,2024-10-24 10:49:58,706,46169,2.09,2,55999,credit_card,MORTGAGE,0,0,0,0.0,0,730,0.004323,LOW,APPROVED,0,0,700-800,<50K
BL003706,2024-06-25 11:23:56,703,69158,20.55,3,29912,home_improvement,RENT,0,0,0,5.69,2,731,0.008469,LOW,APPROVED,0,0,700-800,50-75K
BL003707,2024-01-28 09:42:44,747,66136,10.71,4,45087,major_purchase,OTHER,2,2,52,52.95,0,731,0.005982,LOW,APPROVED,0,0,700-800,50-75K
BL003708,2024-08-05 02:22:05,652,46473,15.41,2,18202,debt_consolidation,RENT,0,0,0,69.23,2,676,0.041811,MEDIUM,APPROVED,0,0,600-700,<50K
BL003709,2024-08-02 15:12:52,771,81829,37.61,0,21172,other,RENT,0,0,0,20.53,0,750,0.006864,LOW,APPROVED,0,0,700-800,75-100K
BL003710,2024-10-13 01:24:30,675,70725,28.54,3,7401,credit_card,OTHER,0,0,0,67.96,2,604,0.116314,HIGH,APPROVED,0,0,600-700,50-75K
BL003711,2024-12-16 23:55:00,771,51363,17.57,5,34724,home_improvement,MORTGAGE,1,5,5,23.82,1,717,0.013161,LOW,APPROVED,0,0,700-800,50-75K
BL003712,2024-09-29 05:02:50,742,46009,23.11,13,15896,major_purchase,MORTGAGE,2,6,13,41.3,2,659,0.038255,MEDIUM,APPROVED,0,0,600-700,<50K
BL003713,2024-02-24 14:40:06,637,86303,33.69,0,35207,debt_consolidation,RENT,1,1,38,45.61,2,573,0.301215,VERY_HIGH,DECLINED,0,0,<600,75-100K
BL003714,2024-07-31 15:57:26,675,59548,26.33,5,22717,major_purchase,RENT,0,0,0,40.43,1,651,0.068513,HIGH,APPROVED,0,0,600-700,50-75K
BL003715,2024-05-31 08:05:55,707,107318,40.03,10,12536,debt_consolidation,OTHER,0,0,0,45.25,2,647,0.058121,HIGH,APPROVED,0,0,600-700,100K+
BL003716,2024-01-12 11:46:34,747,92565,15.51,1,39591,debt_consolidation,OWN,0,0,0,62.83,0,736,0.00635,LOW,APPROVED,0,0,700-800,75-100K
BL003717,2024-09-04 03:57:41,616,36423,26.91,0,7512,home_improvement,RENT,1,5,18,22.37,2,587,0.185381,VERY_HIGH,DECLINED,0,0,<600,<50K
BL003718,2024-04-08 01:19:54,665,24381,25.67,1,12061,debt_consolidation,MORTGAGE,1,2,56,58.92,2,600,0.24117,VERY_HIGH,APPROVED,0,0,600-700,<50K
BL003719,2024-12-12 16:53:12,726,63988,16.58,18,15835,major_purchase,MORTGAGE,1,4,38,36.31,2,703,0.022609,MEDIUM,APPROVED,0,0,700-800,50-75K
BL003720,2024-06-01 01:36:13,718,46289,27.66,6,19318,credit_card,OTHER,0,0,0,38.22,1,706,0.022896,MEDIUM,APPROVED,0,0,700-800,<50K
BL003721,2024-04-12 04:15:01,634,39346,30.85,5,43676,debt_consolidation,OTHER,1,2,35,27.41,0,655,0.061872,HIGH,APPROVED,0,0,600-700,<50K
BL003722,2024-10-30 00:52:51,643,45321,35.26,6,8890,home_improvement,MORTGAGE,0,0,0,26.62,0,600,0.159938,HIGH,DECLINED,0,0,600-700,<50K
BL003723,2024-09-19 08:35:07,715,120316,6.48,3,21017,other,RENT,0,0,0,37.6,0,776,0.002418,LOW,APPROVED,0,0,700-800,100K+
BL003724,2024-10-15 16:52:19,636,56818,25.88,13,13519,debt_consolidation,MORTGAGE,2,0,33,52.5,1,572,0.247149,VERY_HIGH,DECLINED,0,0,<600,50-75K
BL003725,2024-05-31 19:04:54,705,147566,30.15,4,25147,debt_consolidation,RENT,1,2,28,84.23,1,645,0.04813,HIGH,APPROVED,0,0,600-700,100K+
BL003726,2024-03-22 02:29:12,742,89208,35.42,1,21827,major_purchase,RENT,1,4,8,13.2,2,664,0.03619,MEDIUM,APPROVED,0,0,600-700,75-100K
BL003727,2024-05-31 03:28:15,693,28720,28.13,0,28982,debt_consolidation,MORTGAGE,2,6,55,42.66,5,604,0.170641,HIGH,APPROVED,1,60,600-700,<50K
BL003728,2024-10-23 23:59:18,545,76754,25.04,11,35217,home_improvement,MORTGAGE,0,0,0,30.85,2,558,0.391679,VERY_HIGH,APPROVED,0,0,<600,75-100K
BL003729,2024-03-13 22:57:19,756,122882,18.41,5,39591,debt_consolidation,MORTGAGE,0,0,0,72.68,0,733,0.008428,LOW,APPROVED,0,0,700-800,100K+
BL003730,2024-06-26 18:16:08,755,28182,37.72,1,23935,credit_card,RENT,0,0,0,100.0,1,641,0.061946,HIGH,APPROVED,0,0,600-700,<50K
BL003731,2024-05-09 22:17:19,769,35484,23.81,3,24022,debt_consolidation,OWN,2,3,18,76.51,0,675,0.032341,MEDIUM,APPROVED,0,0,600-700,<50K
BL003732,2024-11-04 19:07:55,739,59825,38.34,8,25877,other,OWN,1,5,33,51.26,2,628,0.065901,HIGH,APPROVED,0,0,600-700,50-75K
BL003733,2024-06-12 18:50:39,600,49076,25.65,1,45206,major_purchase,RENT,1,0,17,2.01,1,601,0.197175,VERY_HIGH,APPROVED,0,0,600-700,<50K
BL003734,2024-03-07 17:41:02,769,134858,27.35,4,11930,other,OWN,1,8,37,54.22,1,693,0.015873,LOW,APPROVED,0,0,600-700,100K+
BL003735,2024-08-19 11:07:03,711,42648,17.33,11,26914,debt_consolidation,MORTGAGE,0,0,0,52.46,1,677,0.026136,MEDIUM,APPROVED,0,0,600-700,<50K
BL003736,2024-10-02 10:15:49,743,135517,12.61,16,90000,credit_card,RENT,0,0,0,41.41,0,757,0.003969,LOW,APPROVED,0,0,700-800,100K+
BL003737,2024-09-05 08:13:41,683,33462,27.2,0,14778,other,MORTGAGE,0,0,0,43.46,3,681,0.025145,MEDIUM,APPROVED,0,0,600-700,<50K
BL003738,2024-08-02 10:49:17,679,42759,22.96,10,7509,major_purchase,OWN,0,0,0,40.36,0,693,0.012864,LOW,APPROVED,0,30,600-700,<50K
BL003739,2024-10-30 23:34:34,679,73062,36.61,9,26008,debt_consolidation,RENT,2,2,23,84.99,1,579,0.318286,VERY_HIGH,APPROVED,0,0,<600,50-75K
BL003740,2024-10-05 12:34:45,779,79539,12.16,2,71928,major_purchase,MORTGAGE,0,0,0,3.18,1,779,0.001325,LOW,APPROVED,0,0,700-800,75-100K
BL003741,2024-05-26 23:29:02,707,67454,12.62,14,7766,home_improvement,MORTGAGE,0,0,0,38.35,4,687,0.019672,MEDIUM,APPROVED,0,0,600-700,50-75K
BL003742,2024-06-09 02:24:42,681,130223,34.03,19,30659,debt_consolidation,RENT,2,10,12,47.91,0,626,0.098915,HIGH,APPROVED,0,0,600-700,100K+
BL003743,2024-12-04 04:46:29,622,143101,16.33,10,31483,credit_card,MORTGAGE,0,0,0,50.93,0,654,0.055535,HIGH,APPROVED,0,0,600-700,100K+
BL003744,2024-11-25 18:22:18,718,153518,14.41,1,11475,credit_card,MORTGAGE,0,0,0,46.56,0,765,0.002811,LOW,APPROVED,0,0,700-800,100K+
BL003745,2024-03-30 17:05:40,693,60464,5.37,28,13144,home_improvement,RENT,1,3,59,38.22,2,719,0.01023,LOW,APPROVED,0,0,700-800,50-75K
BL003746,2024-06-11 01:19:34,700,93806,15.87,2,10447,major_purchase,RENT,1,2,38,71.88,0,718,0.014739,LOW,APPROVED,0,60,700-800,75-100K
BL003747,2024-03-20 14:11:35,746,55886,29.41,0,12355,home_improvement,OWN,0,0,0,69.35,1,682,0.020156,MEDIUM,APPROVED,0,0,600-700,50-75K
BL003748,2024-01-05 00:37:00,732,120674,32.42,1,26273,credit_card,RENT,0,0,0,15.94,0,776,0.002786,LOW,APPROVED,0,0,700-800,100K+
BL003749,2024-01-21 03:59:47,692,22232,7.11,4,18929,debt_consolidation,OTHER,2,6,33,31.52,0,669,0.025536,MEDIUM,APPROVED,0,0,600-700,<50K
BL003750,2024-04-14 21:51:35,704,47170,27.04,2,37358,home_improvement,MORTGAGE,0,0,0,47.82,1,706,0.011404,LOW,APPROVED,0,0,700-800,<50K
BL003751,2024-02-01 01:49:00,697,57446,15.29,2,23303,major_purchase,RENT,1,5,17,94.09,0,667,0.027941,MEDIUM,APPROVED,0,0,600-700,50-75K
BL003752,2024-05-28 21:23:56,731,50785,17.49,22,48558,debt_consolidation,OTHER,1,6,31,26.28,1,708,0.008044,LOW,APPROVED,0,0,700-800,50-75K
BL003753,2024-06-07 21:22:09,730,129918,29.27,5,17396,credit_card,MORTGAGE,2,3,8,0.0,0,746,0.007109,LOW,APPROVED,0,0,700-800,100K+
BL003754,2024-07-05 05:10:13,700,33793,22.23,1,24656,credit_card,RENT,0,0,0,37.58,1,701,0.015615,LOW,APPROVED,0,30,700-800,<50K
BL003755,2024-09-24 18:11:54,645,43772,26.37,4,37846,major_purchase,RENT,0,0,0,71.63,1,623,0.127625,HIGH,APPROVED,0,0,600-700,<50K
BL003756,2024-10-08 02:59:08,738,36807,29.43,3,24731,debt_consolidation,MORTGAGE,2,3,21,52.27,0,625,0.086738,HIGH,APPROVED,0,0,600-700,<50K
BL003757,2024-07-09 13:50:03,741,62160,29.24,14,34264,credit_card,MORTGAGE,1,5,38,66.2,1,668,0.034846,MEDIUM,APPROVED,0,30,600-700,50-75K
BL003758,2024-01-15 06:30:57,633,42017,26.8,7,22491,home_improvement,MORTGAGE,0,0,0,62.61,1,627,0.128174,HIGH,APPROVED,0,0,600-700,<50K
BL003759,2024-01-29 05:00:32,713,96987,31.63,4,45116,major_purchase,MORTGAGE,0,0,0,71.49,0,673,0.033288,MEDIUM,APPROVED,0,30,600-700,75-100K
BL003760,2024-09-02 10:58:17,671,94812,19.23,8,7764,credit_card,MORTGAGE,0,0,0,13.66,2,696,0.014119,LOW,APPROVED,0,0,600-700,75-100K
BL003761,2024-01-17 02:34:25,572,24387,15.59,2,15089,home_improvement,RENT,1,4,14,45.33,2,568,0.288176,VERY_HIGH,DECLINED,1,90,<600,<50K
BL003762,2024-07-26 01:53:05,689,24203,16.15,3,18715,home_improvement,OWN,1,3,3,53.28,0,672,0.028833,MEDIUM,APPROVED,0,30,600-700,<50K
BL003763,2024-04-05 20:50:25,744,91641,23.99,3,36916,major_purchase,OWN,0,0,0,55.4,0,760,0.005803,LOW,APPROVED,0,0,700-800,75-100K
BL003764,2024-04-23 10:37:15,652,75568,16.62,5,19658,debt_consolidation,MORTGAGE,0,0,0,45.85,0,691,0.029868,MEDIUM,APPROVED,0,0,600-700,75-100K
BL003765,2024-02-17 21:28:42,653,30822,25.71,3,48942,credit_card,RENT,0,0,0,50.48,2,620,0.087391,HIGH,DECLINED,1,60,600-700,<50K
BL003766,2024-10-14 04:41:00,748,62304,22.41,10,13699,credit_card,MORTGAGE,1,6,58,61.92,1,713,0.011011,LOW,APPROVED,0,0,700-800,50-75K
BL003767,2024-03-21 02:49:49,631,36155,37.47,1,14988,major_purchase,MORTGAGE,0,0,0,19.14,0,539,0.53552,VERY_HIGH,DECLINED,0,0,<600,<50K
BL003768,2024-08-29 08:29:42,640,90965,15.23,3,40384,major_purchase,OWN,0,0,0,52.89,0,680,0.028741,MEDIUM,APPROVED,0,0,600-700,75-100K
BL003769,2024-01-25 16:25:57,674,34853,34.82,5,16404,debt_consolidation,RENT,1,4,23,70.89,3,537,0.403926,VERY_HIGH,DECLINED,1,90,<600,<50K
BL003770,2024-03-23 17:07:42,726,47831,30.36,10,7605,credit_card,MORTGAGE,2,3,15,39.28,1,663,0.042365,HIGH,APPROVED,0,60,600-700,<50K
BL003771,2024-07-26 08:19:07,726,78387,44.67,2,15156,home_improvement,MORTGAGE,1,6,32,58.13,3,676,0.032894,MEDIUM,APPROVED,0,0,600-700,75-100K
BL003772,2024-03-06 12:56:49,662,64678,18.4,0,85934,other,MORTGAGE,0,0,0,53.85,3,623,0.089789,HIGH,APPROVED,0,30,600-700,50-75K
BL003773,2024-09-09 04:29:11,674,101750,29.09,0,8720,credit_card,RENT,2,4,10,30.86,0,638,0.083347,HIGH,APPROVED,1,60,600-700,100K+
BL003774,2024-11-16 21:20:17,696,76401,19.12,7,12563,major_purchase,RENT,0,0,0,62.23,1,718,0.013988,LOW,APPROVED,0,0,700-800,75-100K
BL003775,2024-02-12 13:33:19,670,32156,20.7,3,30428,major_purchase,RENT,1,2,59,33.96,0,670,0.032295,MEDIUM,APPROVED,0,0,600-700,<50K
BL003776,2024-04-20 07:21:48,644,70395,26.78,14,12402,major_purchase,RENT,1,4,56,33.1,1,649,0.062055,HIGH,APPROVED,0,0,600-700,50-75K
BL003777,2024-10-11 01:13:31,631,37986,32.55,9,62479,debt_consolidation,OWN,0,0,0,48.99,1,590,0.269105,VERY_HIGH,APPROVED,0,0,<600,<50K
BL003778,2024-12-14 12:38:52,730,121603,37.34,0,10516,major_purchase,RENT,0,0,0,93.15,2,638,0.070768,HIGH,APPROVED,0,0,600-700,100K+
BL003779,2024-09-02 04:53:02,679,129093,21.03,5,27336,credit_card,MORTGAGE,1,4,38,56.83,0,661,0.040541,MEDIUM,APPROVED,0,0,600-700,100K+
BL003780,2024-02-25 03:25:32,848,105681,17.93,2,15697,credit_card,RENT,0,0,0,51.91,1,846,0.000382,LOW,APPROVED,0,0,800+,100K+
BL003781,2024-10-03 14:41:03,725,170757,25.29,2,13241,major_purchase,MORTGAGE,0,0,0,36.18,2,690,0.013747,LOW,APPROVED,0,0,600-700,100K+
BL003782,2024-02-23 11:45:02,650,90824,34.27,29,12141,debt_consolidation,MORTGAGE,0,0,0,41.65,3,588,0.14449,HIGH,DECLINED,0,0,<600,75-100K
BL003783,2024-02-26 21:14:53,691,123232,29.77,1,45452,major_purchase,OWN,2,5,47,29.68,1,665,0.042403,HIGH,APPROVED,0,0,600-700,100K+
BL003784,2024-08-10 21:52:08,710,96960,30.39,17,22088,debt_consolidation,RENT,0,0,0,39.71,0,673,0.030543,MEDIUM,APPROVED,0,0,600-700,75-100K
BL003785,2024-03-21 08:32:42,713,94429,32.83,33,8310,credit_card,MORTGAGE,2,5,7,22.71,4,602,0.175297,HIGH,DECLINED,0,0,600-700,75-100K
BL003786,2024-07-14 03:04:05,716,93690,24.73,11,33295,major_purchase,RENT,0,0,0,48.45,0,728,0.007365,LOW,APPROVED,0,30,700-800,75-100K
BL003787,2024-07-26 21:57:00,716,72258,29.89,13,9450,home_improvement,MORTGAGE,1,6,18,52.8,4,647,0.083565,HIGH,APPROVED,0,0,600-700,50-75K
BL003788,2024-11-14 15:05:32,684,142977,42.85,15,21835,major_purchase,RENT,0,0,0,49.51,0,659,0.057005,HIGH,APPROVED,0,0,600-700,100K+
BL003789,2024-03-21 01:36:19,727,38669,29.54,6,5545,major_purchase,MORTGAGE,0,0,0,61.05,0,691,0.022055,MEDIUM,APPROVED,0,0,600-700,<50K
BL003790,2024-10-14 06:21:29,811,31137,18.8,3,50074,credit_card,MORTGAGE,2,5,6,37.28,0,785,0.002318,LOW,APPROVED,0,0,700-800,<50K
BL003791,2024-07-23 11:55:41,667,44652,21.11,17,29283,home_improvement,MORTGAGE,1,5,6,60.97,2,597,0.168586,HIGH,APPROVED,0,0,<600,<50K
BL003792,2024-12-25 19:16:34,670,129576,22.43,10,13281,home_improvement,OWN,0,0,0,65.62,3,624,0.076369,HIGH,APPROVED,0,0,600-700,100K+
BL003793,2024-06-15 03:31:57,730,56021,27.22,5,13511,major_purchase,RENT,1,3,49,39.8,1,655,0.058297,HIGH,APPROVED,0,0,600-700,50-75K
BL003794,2024-08-13 09:04:28,760,43744,30.1,0,62611,other,MORTGAGE,1,2,53,64.84,0,679,0.015868,LOW,APPROVED,0,0,600-700,<50K
BL003795,2024-06-12 17:15:24,736,43113,10.74,6,67259,other,OWN,2,5,58,44.68,4,680,0.02,MEDIUM,APPROVED,0,0,600-700,<50K
BL003796,2024-10-30 08:25:10,758,77890,17.73,1,32337,major_purchase,RENT,0,0,0,100.0,1,709,0.007103,LOW,APPROVED,0,0,700-800,75-100K
BL003797,2024-04-19 16:31:10,688,61599,20.87,2,27343,credit_card,MORTGAGE,0,0,0,51.17,1,701,0.012847,LOW,APPROVED,0,0,700-800,50-75K
BL003798,2024-07-16 17:36:15,679,108612,15.2,2,12911,credit_card,RENT,0,0,0,55.62,1,720,0.010429,LOW,APPROVED,0,0,700-800,100K+
BL003799,2024-11-16 00:00:44,727,54564,6.23,4,22606,major_purchase,MORTGAGE,0,0,0,58.62,1,722,0.007871,LOW,APPROVED,0,0,700-800,50-75K
BL003800,2024-03-12 19:53:37,728,95351,13.13,6,30102,other,MORTGAGE,0,0,0,4.99,0,761,0.002291,LOW,APPROVED,0,0,700-800,75-100K
BL003801,2024-01-16 02:09:59,783,42753,33.69,0,4348,major_purchase,MORTGAGE,1,5,13,66.81,1,685,0.019586,MEDIUM,APPROVED,0,0,600-700,<50K
BL003802,2024-01-12 14:46:10,777,80621,12.38,17,19359,debt_consolidation,MORTGAGE,0,0,0,24.92,0,773,0.001847,LOW,APPROVED,0,0,700-800,75-100K
BL003803,2024-07-14 03:10:03,591,249603,38.57,1,5914,major_purchase,RENT,1,3,48,37.68,0,618,0.169214,HIGH,APPROVED,1,60,600-700,100K+
BL003804,2024-03-14 11:33:26,734,57812,24.62,6,5989,other,RENT,2,2,2,62.84,0,720,0.011361,LOW,APPROVED,0,0,700-800,50-75K
BL003805,2024-07-27 01:20:56,654,59743,25.5,0,12953,major_purchase,OWN,0,0,0,2.73,3,688,0.01899,MEDIUM,APPROVED,0,0,600-700,50-75K
BL003806,2024-10-09 00:41:59,576,98174,41.03,5,35153,home_improvement,RENT,0,0,0,40.84,1,537,0.60231,VERY_HIGH,DECLINED,0,0,<600,75-100K
BL003807,2024-05-29 23:50:45,713,40483,41.81,2,16232,debt_consolidation,OWN,0,0,0,36.62,1,684,0.026869,MEDIUM,APPROVED,0,30,600-700,<50K
BL003808,2024-11-20 19:59:48,682,51435,13.57,4,20360,debt_consolidation,MORTGAGE,1,5,31,30.64,0,706,0.014675,LOW,APPROVED,0,0,700-800,50-75K
BL003809,2024-09-13 09:21:01,672,49485,33.42,1,26623,credit_card,RENT,1,3,50,24.87,1,571,0.286573,VERY_HIGH,DECLINED,0,30,<600,<50K
BL003810,2024-03-15 23:36:46,621,71008,29.75,3,14371,major_purchase,RENT,0,0,0,18.57,2,553,0.486195,VERY_HIGH,DECLINED,0,0,<600,50-75K
BL003811,2024-07-21 09:49:09,635,34076,17.84,6,12425,credit_card,MORTGAGE,0,0,0,69.35,2,602,0.181596,VERY_HIGH,APPROVED,0,0,600-700,<50K
BL003812,2024-08-04 11:33:44,679,120806,21.22,6,21091,other,OWN,0,0,0,42.4,0,731,0.006412,LOW,APPROVED,0,0,700-800,100K+
BL003813,2024-06-08 16:47:42,609,67345,15.88,11,27846,credit_card,MORTGAGE,0,0,0,31.8,2,644,0.060982,HIGH,APPROVED,0,0,600-700,50-75K
BL003814,2024-03-27 14:59:37,685,68835,39.22,2,9516,other,MORTGAGE,0,0,0,57.35,1,611,0.118846,HIGH,APPROVED,0,0,600-700,50-75K
BL003815,2024-07-26 22:53:28,697,58839,47.97,3,11598,credit_card,MORTGAGE,1,4,58,16.73,0,647,0.040889,MEDIUM,APPROVED,0,0,600-700,50-75K
BL003816,2024-02-06 23:15:38,682,62387,11.16,4,24249,debt_consolidation,RENT,1,3,2,43.98,2,686,0.017641,MEDIUM,APPROVED,0,0,600-700,50-75K
BL003817,2024-01-29 14:33:47,707,22297,17.02,2,33944,debt_consolidation,OWN,1,3,25,57.73,0,654,0.056064,HIGH,APPROVED,1,120,600-700,<50K
BL003818,2024-04-27 15:28:28,687,112703,22.69,1,20532,major_purchase,RENT,0,0,0,56.76,2,607,0.14699,HIGH,APPROVED,0,60,600-700,100K+
BL003819,2024-03-28 03:51:51,627,42584,15.65,1,18846,major_purchase,MORTGAGE,0,0,0,41.69,1,643,0.094644,HIGH,APPROVED,0,0,600-700,<50K
BL003820,2024-08-25 07:07:40,634,91976,33.87,1,25850,other,RENT,0,0,0,74.05,0,585,0.232522,VERY_HIGH,APPROVED,0,0,<600,75-100K
BL003821,2024-02-12 21:07:21,698,59159,26.38,5,13349,other,RENT,1,1,15,82.87,3,653,0.041213,MEDIUM,APPROVED,0,0,600-700,50-75K
BL003822,2024-05-19 22:30:37,743,57689,21.92,0,11800,major_purchase,MORTGAGE,0,0,0,37.23,0,719,0.011406,LOW,APPROVED,0,0,700-800,50-75K
BL003823,2024-10-24 16:19:47,699,79414,9.12,13,43929,credit_card,OWN,1,4,7,21.72,0,724,0.008543,LOW,APPROVED,0,0,700-800,75-100K
BL003824,2024-04-29 09:52:38,663,135546,9.71,1,35795,credit_card,RENT,0,0,0,42.45,2,685,0.020384,MEDIUM,APPROVED,0,30,600-700,100K+
BL003825,2024-01-05 04:28:08,700,60762,24.3,9,17415,debt_consolidation,MORTGAGE,2,1,5,49.51,2,623,0.093226,HIGH,DECLINED,1,60,600-700,50-75K
BL003826,2024-01-22 00:25:41,591,48842,6.64,1,18612,debt_consolidation,RENT,1,5,3,20.19,2,609,0.13902,HIGH,APPROVED,0,0,600-700,<50K
BL003827,2024-09-28 23:13:34,636,78366,31.55,0,31764,home_improvement,MORTGAGE,0,0,0,16.03,1,632,0.076497,HIGH,APPROVED,0,0,600-700,75-100K
BL003828,2024-09-10 21:50:13,670,20774,19.94,1,18643,debt_consolidation,MORTGAGE,0,0,0,64.71,1,649,0.080053,HIGH,APPROVED,0,0,600-700,<50K
BL003829,2024-04-11 22:01:25,687,42992,33.44,0,15522,credit_card,RENT,0,0,0,0.9,4,627,0.109014,HIGH,APPROVED,0,0,600-700,<50K
BL003830,2024-03-09 04:24:18,672,40518,27.04,5,31926,major_purchase,RENT,0,0,0,49.82,0,690,0.018281,MEDIUM,APPROVED,1,60,600-700,<50K
BL003831,2024-02-05 15:29:29,675,53778,29.59,3,14757,debt_consolidation,OWN,0,0,0,59.81,1,631,0.08068,HIGH,DECLINED,0,0,600-700,50-75K
BL003832,2024-05-28 13:38:53,625,34146,27.87,9,11816,home_improvement,MORTGAGE,0,0,0,53.63,0,604,0.146849,HIGH,DECLINED,0,30,600-700,<50K
BL003833,2024-12-23 09:51:30,659,92735,18.17,4,13811,home_improvement,RENT,1,5,25,33.61,0,668,0.045767,HIGH,APPROVED,0,0,600-700,75-100K
BL003834,2024-04-27 10:20:30,704,55078,18.7,1,8638,major_purchase,RENT,3,2,27,84.36,0,644,0.07013,HIGH,APPROVED,1,90,600-700,50-75K
BL003835,2024-09-14 13:48:34,589,67408,20.81,15,18361,debt_consolidation,OWN,0,0,0,31.6,2,579,0.220341,VERY_HIGH,DECLINED,0,0,<600,50-75K
BL003836,2024-11-12 18:13:22,624,63733,25.39,0,16796,debt_consolidation,OWN,1,2,42,33.06,0,591,0.195079,VERY_HIGH,APPROVED,0,0,<600,50-75K
BL003837,2024-07-13 18:37:55,671,54931,31.36,1,26818,major_purchase,RENT,0,0,0,55.57,4,566,0.275298,VERY_HIGH,DECLINED,0,0,<600,50-75K
BL003838,2024-04-26 23:53:31,771,47110,22.26,2,20279,home_improvement,MORTGAGE,1,0,1,29.9,0,717,0.011301,LOW,APPROVED,0,0,700-800,<50K
BL003839,2024-01-09 10:28:21,727,113379,36.37,6,22789,major_purchase,RENT,2,4,7,13.05,2,656,0.04792,HIGH,APPROVED,0,0,600-700,100K+
BL003840,2024-07-01 03:05:24,776,92047,20.38,1,19615,home_improvement,RENT,0,0,0,63.66,0,794,0.002446,LOW,APPROVED,0,0,700-800,75-100K
BL003841,2024-01-31 14:38:20,764,124320,13.84,7,16197,major_purchase,RENT,0,0,0,14.33,0,786,0.001607,LOW,APPROVED,0,0,700-800,100K+
BL003842,2024-01-30 12:37:39,665,58907,17.54,4,18504,major_purchase,MORTGAGE,2,3,10,48.77,1,637,0.068689,HIGH,DECLINED,0,0,600-700,50-75K
BL003843,2024-08-25 04:29:09,686,71777,18.49,1,20543,home_improvement,RENT,0,0,0,93.08,2,664,0.036488,MEDIUM,DECLINED,0,0,600-700,50-75K
BL003844,2024-02-06 02:07:50,626,74448,37.12,8,15395,home_improvement,MORTGAGE,1,3,30,0.0,1,588,0.16727,HIGH,APPROVED,0,0,<600,50-75K
BL003845,2024-02-18 16:31:45,754,54594,31.86,0,66990,debt_consolidation,RENT,0,0,0,59.78,0,723,0.008945,LOW,APPROVED,0,0,700-800,50-75K
BL003846,2024-09-06 08:20:09,730,62262,27.95,2,24666,debt_consolidation,MORTGAGE,2,3,28,65.94,0,660,0.033967,MEDIUM,APPROVED,0,0,600-700,50-75K
BL003847,2024-02-26 14:10:13,722,30482,23.56,4,17704,home_improvement,MORTGAGE,0,0,0,21.79,0,677,0.024796,MEDIUM,APPROVED,0,0,600-700,<50K
BL003848,2024-11-27 16:55:53,726,37014,26.84,14,26244,home_improvement,MORTGAGE,1,5,53,39.66,2,653,0.062031,HIGH,APPROVED,0,0,600-700,<50K
BL003849,2024-10-04 00:59:57,715,41778,13.27,6,41574,debt_consolidation,MORTGAGE,0,0,0,30.95,0,771,0.002569,LOW,APPROVED,0,0,700-800,<50K
BL003850,2024-11-07 09:02:21,701,37801,46.47,4,11786,home_improvement,OWN,0,0,0,28.79,1,618,0.113379,HIGH,APPROVED,0,0,600-700,<50K
BL003851,2024-03-01 21:49:00,705,76952,29.48,2,17880,debt_consolidation,OTHER,0,0,0,53.59,2,659,0.049328,HIGH,APPROVED,0,0,600-700,75-100K
BL003852,2024-08-29 17:04:42,756,74594,33.74,3,12255,credit_card,RENT,0,0,0,24.32,4,683,0.016854,MEDIUM,APPROVED,0,0,600-700,50-75K
BL003853,2024-03-17 18:27:09,647,76073,35.11,10,23400,credit_card,RENT,1,8,48,64.38,2,570,0.289132,VERY_HIGH,DECLINED,0,0,<600,75-100K
BL003854,2024-02-06 15:33:31,633,56282,23.96,4,14728,debt_consolidation,OWN,1,1,52,34.69,1,626,0.11522,HIGH,APPROVED,0,0,600-700,50-75K
BL003855,2024-07-21 22:41:11,690,99880,23.12,5,33646,debt_consolidation,OTHER,0,0,0,70.79,1,670,0.030128,MEDIUM,APPROVED,0,30,600-700,75-100K
BL003856,2024-02-10 04:56:15,754,95755,15.84,4,9755,major_purchase,MORTGAGE,1,5,13,34.73,1,758,0.003895,LOW,APPROVED,0,0,700-800,75-100K
BL003857,2024-04-18 10:53:23,703,81903,23.63,8,36475,major_purchase,RENT,0,0,0,32.55,1,687,0.025579,MEDIUM,APPROVED,0,0,600-700,75-100K
BL003858,2024-04-18 10:20:38,679,54435,22.69,2,40576,major_purchase,OTHER,0,0,0,50.87,0,683,0.033734,MEDIUM,APPROVED,0,0,600-700,50-75K
BL003859,2024-06-04 13:35:17,736,127043,7.59,3,19574,other,OTHER,0,0,0,37.85,2,773,0.003075,LOW,APPROVED,0,0,700-800,100K+
BL003860,2024-07-08 07:03:00,696,37015,26.53,13,16528,debt_consolidation,MORTGAGE,0,0,0,59.26,3,621,0.158293,HIGH,APPROVED,0,0,600-700,<50K
BL003861,2024-06-09 06:16:50,586,30299,13.38,12,24222,debt_consolidation,RENT,1,6,46,38.1,0,571,0.358924,VERY_HIGH,APPROVED,0,30,<600,<50K
BL003862,2024-03-24 03:39:58,635,35150,22.44,1,86645,credit_card,MORTGAGE,0,0,0,36.38,0,618,0.090894,HIGH,DECLINED,0,0,600-700,<50K
BL003863,2024-06-25 19:51:43,576,109019,44.8,8,12738,other,RENT,0,0,0,27.38,1,538,0.545225,VERY_HIGH,DECLINED,1,150,<600,100K+
BL003864,2024-02-24 22:42:13,678,66059,39.74,21,5923,debt_consolidation,RENT,0,0,0,17.27,1,651,0.035752,MEDIUM,APPROVED,0,0,600-700,50-75K
BL003865,2024-08-02 08:38:58,666,48510,10.92,3,11783,major_purchase,MORTGAGE,0,0,0,38.39,0,664,0.031761,MEDIUM,APPROVED,0,0,600-700,<50K
BL003866,2024-09-20 15:18:44,714,22174,25.94,5,34785,major_purchase,RENT,0,0,0,62.57,1,638,0.07142,HIGH,APPROVED,0,0,600-700,<50K
BL003867,2024-08-04 06:37:12,806,57129,27.44,31,18617,major_purchase,OWN,0,0,0,61.8,0,754,0.003927,LOW,APPROVED,0,0,700-800,50-75K
BL003868,2024-07-28 23:20:56,658,40426,38.47,3,15395,major_purchase,RENT,1,2,46,44.32,0,587,0.230347,VERY_HIGH,APPROVED,0,0,<600,<50K
BL003869,2024-02-13 00:58:02,691,24636,42.38,20,9270,debt_consolidation,OTHER,1,6,33,63.27,1,593,0.194414,VERY_HIGH,DECLINED,1,120,<600,<50K
BL003870,2024-01-17 04:16:25,669,103427,24.53,2,17560,other,RENT,0,0,0,53.57,0,618,0.092374,HIGH,APPROVED,0,0,600-700,100K+
BL003871,2024-12-13 15:26:35,536,64194,19.49,1,22962,major_purchase,OWN,0,0,0,65.26,0,518,0.496773,VERY_HIGH,DECLINED,0,0,<600,50-75K
BL003872,2024-10-02 12:59:15,649,118395,27.77,40,7071,debt_consolidation,MORTGAGE,0,0,0,36.56,1,667,0.037115,MEDIUM,APPROVED,0,30,600-700,100K+
BL003873,2024-06-11 21:53:31,651,62789,28.78,8,33903,credit_card,MORTGAGE,0,0,0,70.66,0,615,0.127648,HIGH,APPROVED,0,0,600-700,50-75K
BL003874,2024-07-23 14:15:15,705,81529,7.9,17,47630,home_improvement,RENT,1,4,32,41.54,0,778,0.002821,LOW,APPROVED,0,0,700-800,75-100K
BL003875,2024-08-01 10:24:51,644,46344,27.01,4,16854,home_improvement,RENT,2,3,56,22.77,1,576,0.295023,VERY_HIGH,DECLINED,0,0,<600,<50K
BL003876,2024-01-06 11:53:36,620,83890,20.6,2,6588,debt_consolidation,MORTGAGE,2,3,42,44.99,2,550,0.258858,VERY_HIGH,DECLINED,0,0,<600,75-100K
BL003877,2024-06-08 12:36:59,723,52792,39.28,11,90000,debt_consolidation,OTHER,0,0,0,38.04,0,660,0.038163,MEDIUM,APPROVED,0,0,600-700,50-75K
BL003878,2024-12-02 06:33:09,687,83337,29.86,3,24881,major_purchase,MORTGAGE,0,0,0,21.65,1,697,0.026999,MEDIUM,APPROVED,0,0,600-700,75-100K
BL003879,2024-12-03 08:59:39,641,69708,26.56,4,25727,home_improvement,RENT,0,0,0,22.14,1,648,0.064443,HIGH,APPROVED,1,120,600-700,50-75K
BL003880,2024-04-28 21:02:13,649,38645,31.8,6,22967,credit_card,RENT,0,0,0,36.85,0,620,0.108342,HIGH,APPROVED,0,0,600-700,<50K
BL003881,2024-11-09 01:25:28,674,64003,22.85,18,11745,debt_consolidation,RENT,0,0,0,52.26,0,670,0.037136,MEDIUM,APPROVED,0,0,600-700,50-75K
BL003882,2024-01-08 07:13:02,735,68347,25.72,8,5385,home_improvement,MORTGAGE,0,0,0,68.25,1,677,0.023706,MEDIUM,APPROVED,0,0,600-700,50-75K
BL003883,2024-02-21 19:24:40,768,46224,27.37,11,12979,credit_card,MORTGAGE,1,2,52,12.68,0,747,0.00828,LOW,APPROVED,0,0,700-800,<50K
BL003884,2024-11-07 06:33:56,619,60227,7.95,10,38992,major_purchase,RENT,0,0,0,31.85,0,649,0.05704,HIGH,APPROVED,0,0,600-700,50-75K
BL003885,2024-04-28 07:09:31,754,96428,32.17,11,26008,other,MORTGAGE,0,0,0,30.59,1,719,0.012262,LOW,APPROVED,0,0,700-800,75-100K
BL003886,2024-04-30 07:37:08,693,110668,33.38,2,17841,debt_consolidation,MORTGAGE,0,0,0,49.22,0,672,0.04531,HIGH,APPROVED,0,0,600-700,100K+
BL003887,2024-09-17 10:13:47,710,65293,30.93,4,6170,debt_consolidation,OWN,0,0,0,62.49,0,688,0.020905,MEDIUM,APPROVED,0,0,600-700,50-75K
BL003888,2024-04-25 22:08:51,744,22763,34.21,1,22764,debt_consolidation,RENT,2,2,25,73.41,1,591,0.230773,VERY_HIGH,APPROVED,0,0,<600,<50K
BL003889,2024-03-04 22:04:46,638,89028,13.74,6,9414,major_purchase,RENT,0,0,0,78.13,1,646,0.062295,HIGH,APPROVED,0,60,600-700,75-100K
BL003890,2024-02-19 20:24:05,737,145437,26.14,6,15388,credit_card,MORTGAGE,0,0,0,54.46,0,727,0.007396,LOW,APPROVED,0,0,700-800,100K+
BL003891,2024-09-03 18:48:23,619,57146,22.6,3,38799,major_purchase,RENT,0,0,0,46.59,0,639,0.062834,HIGH,APPROVED,1,60,600-700,50-75K
BL003892,2024-08-09 14:44:11,665,43114,22.13,6,30452,debt_consolidation,OWN,2,2,32,39.59,2,596,0.229185,VERY_HIGH,APPROVED,0,0,<600,<50K
BL003893,2024-08-08 00:54:53,644,72797,13.31,5,11532,home_improvement,MORTGAGE,1,1,14,68.71,1,665,0.046826,HIGH,APPROVED,0,0,600-700,50-75K
BL003894,2024-06-20 08:06:01,783,69855,15.89,5,5598,debt_consolidation,RENT,1,8,52,42.55,1,727,0.007387,LOW,APPROVED,0,0,700-800,50-75K
BL003895,2024-01-02 14:06:08,780,94555,23.07,4,19170,debt_consolidation,MORTGAGE,1,6,34,27.87,0,742,0.006273,LOW,APPROVED,0,0,700-800,75-100K
BL003896,2024-10-24 02:38:58,732,47860,14.41,13,12935,debt_consolidation,RENT,0,0,0,64.69,1,714,0.008738,LOW,APPROVED,0,0,700-800,<50K
BL003897,2024-05-05 20:27:08,719,139664,20.89,11,26781,home_improvement,MORTGAGE,0,0,0,37.95,4,708,0.014295,LOW,APPROVED,0,0,700-800,100K+
BL003898,2024-08-28 08:07:27,661,96005,13.56,0,22430,home_improvement,RENT,0,0,0,21.44,2,682,0.025513,MEDIUM,APPROVED,0,0,600-700,75-100K
BL003899,2024-07-20 13:24:27,786,40247,28.29,12,42854,credit_card,OWN,2,4,21,71.01,3,691,0.033904,MEDIUM,APPROVED,0,0,600-700,<50K
BL003900,2024-06-15 21:19:01,767,101462,42.41,1,14053,debt_consolidation,RENT,0,0,0,75.4,1,656,0.034843,MEDIUM,APPROVED,0,0,600-700,100K+
BL003901,2024-12-02 09:11:04,740,60013,27.75,2,9743,major_purchase,OWN,0,0,0,76.5,1,690,0.017576,MEDIUM,APPROVED,0,0,600-700,50-75K
BL003902,2024-03-29 11:14:34,685,86938,23.19,0,27461,credit_card,MORTGAGE,0,0,0,56.92,2,669,0.034427,MEDIUM,APPROVED,0,0,600-700,75-100K
BL003903,2024-01-16 16:25:15,672,74971,11.48,1,8542,credit_card,RENT,0,0,0,35.01,0,662,0.036204,MEDIUM,APPROVED,0,0,600-700,50-75K
BL003904,2024-11-05 12:41:46,686,65167,17.51,4,9510,home_improvement,MORTGAGE,2,3,6,32.79,2,658,0.049342,HIGH,APPROVED,0,0,600-700,50-75K
BL003905,2024-04-13 10:40:04,764,73362,29.84,6,23796,other,OWN,0,0,0,67.58,2,660,0.025087,MEDIUM,APPROVED,0,0,600-700,50-75K
BL003906,2024-02-18 00:23:16,639,52588,25.4,2,33483,major_purchase,RENT,2,6,19,63.36,2,594,0.201837,VERY_HIGH,APPROVED,1,120,<600,50-75K
BL003907,2024-08-12 06:18:28,697,45660,21.79,3,17286,credit_card,OTHER,0,0,0,86.05,1,658,0.049881,HIGH,DECLINED,0,0,600-700,<50K
BL003908,2024-11-11 04:30:19,780,57215,7.0,3,10434,home_improvement,MORTGAGE,0,0,0,35.34,1,788,0.001622,LOW,APPROVED,0,0,700-800,50-75K
BL003909,2024-11-06 06:28:06,739,55969,13.69,8,6889,home_improvement,RENT,1,1,24,63.87,1,703,0.011853,LOW,APPROVED,0,0,700-800,50-75K
BL003910,2024-08-19 12:31:34,786,75897,27.25,1,4074,home_improvement,RENT,0,0,0,32.57,1,772,0.002138,LOW,APPROVED,0,0,700-800,75-100K
BL003911,2024-08-02 21:09:25,714,69246,14.75,4,20886,other,MORTGAGE,1,2,7,59.77,0,724,0.007413,LOW,APPROVED,0,0,700-800,50-75K
BL003912,2024-09-26 19:35:51,715,30646,31.16,6,10459,credit_card,MORTGAGE,0,0,0,63.68,0,644,0.054095,HIGH,APPROVED,0,0,600-700,<50K
BL003913,2024-04-17 00:13:30,767,92710,24.71,14,6456,debt_consolidation,MORTGAGE,1,3,2,73.89,1,722,0.007967,LOW,APPROVED,0,0,700-800,75-100K
BL003914,2024-08-20 04:45:38,727,62360,14.87,10,14063,debt_consolidation,RENT,0,0,0,83.89,0,704,0.021952,MEDIUM,APPROVED,0,0,700-800,50-75K
BL003915,2024-05-18 14:23:59,710,93580,40.26,4,8019,credit_card,MORTGAGE,0,0,0,53.57,0,674,0.03579,MEDIUM,APPROVED,0,0,600-700,75-100K
BL003916,2024-10-21 03:39:00,664,86449,1.0,11,22943,home_improvement,RENT,0,0,0,5.35,0,711,0.007971,LOW,DECLINED,0,0,700-800,75-100K
BL003917,2024-08-12 03:08:46,611,71922,19.82,7,5821,debt_consolidation,OWN,2,4,8,72.99,0,606,0.21513,VERY_HIGH,APPROVED,0,0,600-700,50-75K
BL003918,2024-09-12 10:08:40,773,82122,10.21,5,33157,major_purchase,MORTGAGE,0,0,0,55.64,2,751,0.003506,LOW,APPROVED,0,30,700-800,75-100K
BL003919,2024-09-28 15:37:38,669,33368,20.51,0,14256,debt_consolidation,RENT,0,0,0,43.71,0,673,0.041081,MEDIUM,APPROVED,0,0,600-700,<50K
BL003920,2024-12-11 03:12:38,651,127979,28.62,10,15049,credit_card,RENT,0,0,0,45.64,1,676,0.027746,MEDIUM,APPROVED,1,90,600-700,100K+
BL003921,2024-07-13 17:51:27,739,152279,35.84,4,19822,credit_card,RENT,0,0,0,74.81,2,676,0.025353,MEDIUM,APPROVED,1,150,600-700,100K+
BL003922,2024-05-13 14:47:40,644,84827,27.5,4,7407,debt_consolidation,RENT,0,0,0,40.48,0,610,0.095744,HIGH,APPROVED,1,90,600-700,75-100K
BL003923,2024-02-08 18:44:02,618,50531,21.85,1,17931,home_improvement,MORTGAGE,1,3,21,14.76,2,580,0.234849,VERY_HIGH,APPROVED,0,0,<600,50-75K
BL003924,2024-08-05 04:37:08,661,87171,25.94,3,13340,credit_card,MORTGAGE,0,0,0,52.88,1,646,0.065197,HIGH,APPROVED,0,0,600-700,75-100K
BL003925,2024-05-08 10:16:11,689,54766,12.68,2,11376,other,RENT,1,5,42,59.18,0,702,0.021266,MEDIUM,APPROVED,0,0,700-800,50-75K
BL003926,2024-07-19 21:19:12,707,132748,22.59,5,23997,other,RENT,2,3,59,16.81,1,692,0.02039,MEDIUM,APPROVED,0,0,600-700,100K+
BL003927,2024-02-08 14:59:05,720,52364,30.93,1,12764,debt_consolidation,MORTGAGE,0,0,0,47.52,1,679,0.032641,MEDIUM,APPROVED,0,0,600-700,50-75K
BL003928,2024-10-10 17:13:42,745,37847,26.47,3,43611,other,RENT,0,0,0,65.78,1,650,0.04853,HIGH,DECLINED,0,30,600-700,<50K
BL003929,2024-07-20 17:10:16,686,44015,30.05,17,15004,major_purchase,RENT,1,4,20,70.4,0,643,0.08684,HIGH,APPROVED,0,0,600-700,<50K
BL003930,2024-01-16 10:12:46,712,45719,19.79,0,22591,credit_card,RENT,0,0,0,76.11,2,667,0.031402,MEDIUM,APPROVED,0,0,600-700,<50K
BL003931,2024-11-27 18:20:34,686,88320,29.24,7,18528,credit_card,RENT,1,5,6,36.86,1,673,0.060899,HIGH,APPROVED,0,0,600-700,75-100K
BL003932,2024-06-06 22:43:10,658,62580,22.59,4,26387,credit_card,OTHER,1,3,7,62.29,3,637,0.073099,HIGH,APPROVED,0,0,600-700,50-75K
BL003933,2024-12-22 11:39:18,715,72369,15.5,2,25171,other,MORTGAGE,1,5,30,49.57,1,711,0.010214,LOW,APPROVED,0,0,700-800,50-75K
BL003934,2024-03-07 01:29:22,712,54835,9.57,6,8745,credit_card,MORTGAGE,2,5,30,98.34,1,660,0.053118,HIGH,APPROVED,0,0,600-700,50-75K
BL003935,2024-01-21 02:12:58,794,115591,2.61,3,26583,major_purchase,RENT,0,0,0,45.09,0,841,0.000416,LOW,APPROVED,0,0,800+,100K+
BL003936,2024-12-19 14:46:12,725,64372,15.63,1,17999,major_purchase,MORTGAGE,0,0,0,43.17,1,747,0.003221,LOW,APPROVED,0,0,700-800,50-75K
BL003937,2024-09-17 08:41:00,655,70632,19.32,9,32989,home_improvement,RENT,0,0,0,69.9,1,641,0.06863,HIGH,DECLINED,1,150,600-700,50-75K
BL003938,2024-03-27 12:35:07,725,129851,25.23,19,13127,home_improvement,RENT,0,0,0,64.14,1,662,0.026546,MEDIUM,APPROVED,0,0,600-700,100K+
BL003939,2024-05-21 23:44:09,679,73203,16.57,0,37652,major_purchase,OWN,1,6,33,27.47,2,666,0.0472,HIGH,APPROVED,0,0,600-700,50-75K
BL003940,2024-11-14 04:03:33,779,50618,12.94,5,31765,debt_consolidation,MORTGAGE,0,0,0,25.6,0,770,0.002651,LOW,APPROVED,0,0,700-800,50-75K
BL003941,2024-06-30 18:32:58,600,57354,26.98,7,13957,other,RENT,1,4,1,23.59,1,586,0.268003,VERY_HIGH,DECLINED,0,0,<600,50-75K
BL003942,2024-05-05 02:14:28,657,106838,28.07,9,12336,debt_consolidation,MORTGAGE,1,5,46,81.11,2,593,0.213065,VERY_HIGH,DECLINED,0,0,<600,100K+
BL003943,2024-01-06 02:39:07,657,76012,28.54,1,30868,major_purchase,OWN,2,7,16,61.21,0,582,0.287603,VERY_HIGH,DECLINED,1,120,<600,75-100K
BL003944,2024-08-29 20:09:19,699,45236,27.48,7,26011,credit_card,MORTGAGE,1,2,35,46.67,0,676,0.031,MEDIUM,APPROVED,0,0,600-700,<50K
BL003945,2024-04-11 05:18:59,686,108515,18.53,0,16048,debt_consolidation,RENT,0,0,0,40.22,2,701,0.013866,LOW,APPROVED,0,0,700-800,100K+
BL003946,2024-05-17 11:38:45,606,33261,27.87,6,46326,debt_consolidation,RENT,0,0,0,9.92,2,592,0.2205,VERY_HIGH,APPROVED,0,0,<600,<50K
BL003947,2024-02-17 00:25:14,591,24378,28.41,9,27984,major_purchase,OTHER,0,0,0,46.37,0,578,0.336633,VERY_HIGH,APPROVED,1,60,<600,<50K
BL003948,2024-11-17 01:49:40,703,41199,32.55,4,27342,credit_card,MORTGAGE,2,2,45,98.45,2,569,0.310609,VERY_HIGH,APPROVED,0,0,<600,<50K
BL003949,2024-07-02 21:51:12,772,27346,21.64,1,18347,debt_consolidation,MORTGAGE,2,8,8,24.05,2,708,0.015357,LOW,APPROVED,0,0,700-800,<50K
BL003950,2024-09-24 21:51:30,772,58591,14.41,8,12270,debt_consolidation,RENT,1,11,18,46.67,1,755,0.00492,LOW,APPROVED,0,0,700-800,50-75K
BL003951,2024-10-01 18:00:41,671,64985,33.41,0,11015,home_improvement,RENT,1,5,40,37.99,1,629,0.06161,HIGH,APPROVED,0,0,600-700,50-75K
BL003952,2024-01-20 15:48:41,718,56736,32.62,10,3478,major_purchase,RENT,1,6,28,48.97,0,597,0.167232,HIGH,APPROVED,0,0,<600,50-75K
BL003953,2024-12-24 06:57:05,646,49430,22.34,17,16916,other,MORTGAGE,1,5,22,6.4,0,634,0.07724,HIGH,DECLINED,0,0,600-700,<50K
BL003954,2024-09-18 23:31:31,614,39817,4.02,19,20544,debt_consolidation,MORTGAGE,3,3,6,48.52,2,598,0.227144,VERY_HIGH,APPROVED,1,90,<600,<50K
BL003955,2024-06-04 17:38:59,759,97049,16.14,4,5468,home_improvement,RENT,0,0,0,42.94,0,774,0.002403,LOW,APPROVED,0,0,700-800,75-100K
BL003956,2024-05-21 19:23:17,730,26446,32.93,5,21630,credit_card,MORTGAGE,1,3,58,55.19,4,634,0.103478,HIGH,APPROVED,1,60,600-700,<50K
BL003957,2024-03-12 02:20:45,675,88632,17.58,19,17678,home_improvement,OWN,2,5,59,17.03,3,634,0.104045,HIGH,APPROVED,0,0,600-700,75-100K
BL003958,2024-08-14 11:21:10,673,71765,18.78,17,9416,debt_consolidation,RENT,0,0,0,31.89,2,645,0.036475,MEDIUM,APPROVED,0,0,600-700,50-75K
BL003959,2024-05-27 21:42:17,743,61929,33.52,8,6699,major_purchase,RENT,0,0,0,46.24,0,659,0.037731,MEDIUM,APPROVED,0,0,600-700,50-75K
BL003960,2024-11-17 10:48:11,710,78122,24.86,6,10550,debt_consolidation,OWN,0,0,0,50.43,4,661,0.033515,MEDIUM,APPROVED,0,0,600-700,75-100K
BL003961,2024-08-11 22:39:47,675,31732,24.04,2,53637,other,OWN,0,0,0,56.05,0,655,0.047274,HIGH,APPROVED,0,0,600-700,<50K
BL003962,2024-01-09 17:49:54,708,99167,17.37,4,34958,credit_card,RENT,0,0,0,49.61,0,730,0.007519,LOW,APPROVED,0,60,700-800,75-100K
BL003963,2024-03-07 14:42:17,692,80308,26.71,13,13441,home_improvement,MORTGAGE,1,4,1,36.27,1,655,0.052253,HIGH,APPROVED,0,0,600-700,75-100K
BL003964,2024-01-11 18:57:35,671,105357,25.45,2,31338,major_purchase,RENT,0,0,0,10.56,0,711,0.011622,LOW,APPROVED,0,30,700-800,100K+
BL003965,2024-05-27 17:31:30,654,25261,29.75,14,57138,home_improvement,OWN,1,4,7,28.17,2,584,0.238626,VERY_HIGH,DECLINED,0,0,<600,<50K
BL003966,2024-02-05 18:08:07,743,71458,7.76,8,4467,debt_consolidation,RENT,1,6,9,44.81,2,743,0.005891,LOW,APPROVED,0,0,700-800,50-75K
BL003967,2024-12-16 03:08:18,667,60091,34.83,6,43387,major_purchase,MORTGAGE,0,0,0,71.91,0,637,0.109401,HIGH,APPROVED,0,0,600-700,50-75K
BL003968,2024-05-28 03:16:17,629,22652,40.69,19,7898,debt_consolidation,RENT,0,0,0,21.75,1,597,0.152979,HIGH,APPROVED,1,90,<600,<50K
BL003969,2024-07-15 23:07:54,791,54840,28.64,4,26347,credit_card,RENT,1,3,37,63.4,1,737,0.006978,LOW,APPROVED,0,30,700-800,50-75K
BL003970,2024-05-01 19:18:19,761,65294,20.64,6,25250,credit_card,RENT,0,0,0,34.28,1,742,0.007002,LOW,APPROVED,0,60,700-800,50-75K
BL003971,2024-07-04 16:07:38,721,44713,34.95,10,15147,debt_consolidation,MORTGAGE,0,0,0,16.98,1,696,0.015915,LOW,APPROVED,0,0,600-700,<50K
BL003972,2024-11-15 09:40:18,690,75693,35.5,3,37674,debt_consolidation,RENT,0,0,0,44.96,1,629,0.10935,HIGH,DECLINED,0,0,600-700,75-100K
BL003973,2024-09-13 12:24:37,704,82122,17.69,1,18047,major_purchase,MORTGAGE,0,0,0,51.23,1,701,0.013032,LOW,APPROVED,0,0,700-800,75-100K
BL003974,2024-08-09 04:09:17,614,52058,23.5,5,19051,debt_consolidation,RENT,1,2,9,73.89,0,601,0.166965,HIGH,APPROVED,0,0,600-700,50-75K
BL003975,2024-07-07 11:20:01,692,54465,25.94,3,14933,home_improvement,RENT,0,0,0,31.22,1,716,0.010166,LOW,APPROVED,0,0,700-800,50-75K
BL003976,2024-08-10 17:07:45,708,89995,15.96,0,4606,debt_consolidation,MORTGAGE,1,5,42,26.28,1,725,0.010097,LOW,APPROVED,0,0,700-800,75-100K
BL003977,2024-08-07 07:13:38,682,40943,22.95,10,20033,home_improvement,RENT,3,5,15,43.17,1,628,0.115634,HIGH,APPROVED,0,0,600-700,<50K
BL003978,2024-01-01 05:20:50,717,79730,32.42,2,17256,home_improvement,MORTGAGE,1,1,27,52.27,1,664,0.03099,MEDIUM,APPROVED,0,0,600-700,75-100K
BL003979,2024-04-25 11:37:04,651,115719,42.68,9,7936,home_improvement,MORTGAGE,0,0,0,30.15,0,666,0.037037,MEDIUM,APPROVED,0,0,600-700,100K+
BL003980,2024-05-29 22:24:50,703,62758,7.76,2,21588,major_purchase,RENT,1,1,48,63.89,1,721,0.009518,LOW,APPROVED,0,0,700-800,50-75K
BL003981,2024-04-27 17:53:45,608,75312,29.83,5,10614,debt_consolidation,OTHER,0,0,0,63.6,1,575,0.298591,VERY_HIGH,DECLINED,1,60,<600,75-100K
BL003982,2024-10-04 01:33:49,691,64403,10.93,11,28422,credit_card,RENT,2,1,31,31.94,0,699,0.016301,MEDIUM,APPROVED,0,0,600-700,50-75K
BL003983,2024-04-16 17:34:11,659,92121,18.67,1,47450,debt_consolidation,RENT,0,0,0,100.0,1,609,0.126667,HIGH,APPROVED,0,0,600-700,75-100K
BL003984,2024-08-29 06:54:45,621,32360,29.94,7,35424,home_improvement,RENT,1,4,14,68.26,2,513,0.637645,VERY_HIGH,APPROVED,1,90,<600,<50K
BL003985,2024-11-24 16:01:20,671,29533,14.81,5,31978,debt_consolidation,RENT,0,0,0,54.26,3,617,0.125006,HIGH,APPROVED,0,0,600-700,<50K
BL003986,2024-02-17 01:46:25,694,43279,27.31,9,18586,major_purchase,RENT,0,0,0,72.47,0,638,0.04493,HIGH,DECLINED,1,60,600-700,<50K
BL003987,2024-01-08 21:11:48,660,48221,20.03,10,54332,major_purchase,MORTGAGE,0,0,0,29.78,1,668,0.033887,MEDIUM,APPROVED,0,0,600-700,<50K
BL003988,2024-07-26 13:00:32,742,98457,30.51,1,22083,other,RENT,1,4,24,37.35,2,716,0.009262,LOW,APPROVED,0,0,700-800,75-100K
BL003989,2024-02-03 10:20:19,655,117805,11.76,5,3183,home_improvement,MORTGAGE,1,5,43,33.58,1,695,0.022246,MEDIUM,APPROVED,0,0,600-700,100K+
BL003990,2024-04-03 12:25:10,743,82608,42.17,16,11122,home_improvement,RENT,0,0,0,42.19,2,696,0.01958,MEDIUM,APPROVED,0,0,600-700,75-100K
BL003991,2024-07-28 12:13:51,732,111529,15.55,6,22419,major_purchase,RENT,3,4,57,16.1,0,711,0.009746,LOW,APPROVED,0,0,700-800,100K+
BL003992,2024-10-29 01:38:25,659,52943,18.18,1,30718,debt_consolidation,OTHER,1,5,4,21.1,1,646,0.056792,HIGH,APPROVED,0,0,600-700,50-75K
BL003993,2024-11-23 22:15:06,770,49938,13.02,14,20822,home_improvement,MORTGAGE,1,4,36,36.63,1,726,0.007318,LOW,APPROVED,0,0,700-800,<50K
BL003994,2024-08-14 22:24:03,619,31801,35.88,0,30214,home_improvement,MORTGAGE,1,2,39,50.61,3,507,0.665642,VERY_HIGH,DECLINED,0,0,<600,<50K
BL003995,2024-04-08 16:31:36,721,107119,27.86,1,36678,major_purchase,OTHER,1,5,4,45.01,2,646,0.041172,MEDIUM,APPROVED,0,0,600-700,100K+
BL003996,2024-07-01 19:13:11,696,80859,24.83,3,4675,other,RENT,0,0,0,65.89,0,692,0.022369,MEDIUM,APPROVED,0,0,600-700,75-100K
BL003997,2024-01-31 04:37:43,733,62362,37.53,1,14991,other,RENT,1,1,47,53.17,2,654,0.059548,HIGH,APPROVED,1,120,600-700,50-75K
BL003998,2024-06-23 04:33:33,607,34607,13.54,0,13831,other,OWN,0,0,0,71.66,3,576,0.222924,VERY_HIGH,DECLINED,1,90,<600,<50K
BL003999,2024-05-26 21:42:19,628,40101,16.0,5,7900,debt_consolidation,RENT,0,0,0,38.03,0,654,0.033212,MEDIUM,APPROVED,0,0,600-700,<50K
BL004000,2024-08-21 16:18:17,647,78992,26.72,12,6692,credit_card,MORTGAGE,2,2,7,58.17,2,590,0.212134,VERY_HIGH,APPROVED,0,0,<600,75-100K
BL004001,2024-03-25 05:08:21,693,63192,16.92,7,30965,debt_consolidation,OTHER,1,5,32,77.09,0,664,0.046632,HIGH,APPROVED,0,0,600-700,50-75K
BL004002,2024-06-18 18:19:50,696,103828,21.35,5,19679,major_purchase,OTHER,1,6,15,35.82,0,680,0.019616,MEDIUM,APPROVED,0,0,600-700,100K+
BL004003,2024-02-16 13:56:59,692,68919,22.41,2,25098,other,RENT,2,4,7,59.11,1,670,0.036312,MEDIUM,APPROVED,0,0,600-700,50-75K
BL004004,2024-09-28 08:41:16,677,46186,21.61,1,12388,other,MORTGAGE,0,0,0,64.86,1,631,0.095573,HIGH,APPROVED,0,0,600-700,<50K
BL004005,2024-07-30 11:15:55,653,37238,26.58,1,28104,home_improvement,RENT,2,4,49,68.09,0,628,0.118595,HIGH,APPROVED,0,0,600-700,<50K
BL004006,2024-11-08 11:43:52,617,63188,14.09,4,8164,credit_card,MORTGAGE,0,0,0,42.03,0,628,0.076472,HIGH,APPROVED,0,0,600-700,50-75K
BL004007,2024-12-18 03:27:03,668,132050,33.63,8,15761,debt_consolidation,RENT,2,3,51,38.79,2,644,0.063635,HIGH,APPROVED,0,0,600-700,100K+
BL004008,2024-11-08 02:40:40,720,154459,24.3,0,4461,credit_card,RENT,1,5,57,28.96,4,671,0.031871,MEDIUM,APPROVED,0,0,600-700,100K+
BL004009,2024-10-22 13:51:03,746,45442,17.68,6,26037,credit_card,MORTGAGE,0,0,0,84.35,0,723,0.008165,LOW,APPROVED,0,0,700-800,<50K
BL004010,2024-05-27 22:07:03,664,79718,19.29,4,19499,other,MORTGAGE,0,0,0,68.19,0,613,0.123263,HIGH,DECLINED,0,0,600-700,75-100K
BL004011,2024-10-19 00:05:50,749,45711,26.6,9,17978,major_purchase,OTHER,1,2,56,51.78,0,672,0.046606,HIGH,APPROVED,0,30,600-700,<50K
BL004012,2024-01-14 02:36:37,618,71181,23.07,9,17956,debt_consolidation,OTHER,0,0,0,42.23,0,655,0.050391,HIGH,APPROVED,0,0,600-700,50-75K
BL004013,2024-05-01 07:10:50,733,18000,28.78,1,20280,major_purchase,OWN,2,5,24,68.34,1,658,0.038873,MEDIUM,APPROVED,0,0,600-700,<50K
BL004014,2024-10-31 21:06:33,632,47570,37.1,1,27522,credit_card,MORTGAGE,1,5,48,41.95,2,584,0.315703,VERY_HIGH,APPROVED,0,0,<600,<50K
BL004015,2024-11-14 10:40:36,704,28024,24.05,3,23633,debt_consolidation,RENT,0,0,0,4.95,1,705,0.021545,MEDIUM,APPROVED,0,0,700-800,<50K
BL004016,2024-08-16 09:23:00,639,121565,9.81,4,30486,debt_consolidation,MORTGAGE,0,0,0,12.46,2,670,0.024384,MEDIUM,APPROVED,0,0,600-700,100K+
BL004017,2024-04-20 00:31:23,638,52996,26.98,6,16306,home_improvement,OWN,0,0,0,90.54,2,547,0.442502,VERY_HIGH,APPROVED,0,0,<600,50-75K
BL004018,2024-11-30 23:15:08,661,77776,25.36,7,11143,debt_consolidation,RENT,0,0,0,49.17,0,622,0.126388,HIGH,APPROVED,0,0,600-700,75-100K
BL004019,2024-05-17 09:47:54,767,64072,25.36,2,10695,other,OTHER,1,2,15,47.07,0,736,0.006249,LOW,APPROVED,0,0,700-800,50-75K
BL004020,2024-10-04 14:29:26,655,34605,22.52,11,28320,credit_card,RENT,2,5,21,67.87,0,582,0.214929,VERY_HIGH,DECLINED,1,60,<600,<50K
BL004021,2024-03-24 23:07:38,724,83489,9.52,1,5039,credit_card,RENT,0,0,0,20.25,2,724,0.009713,LOW,APPROVED,0,0,700-800,75-100K
BL004022,2024-01-28 05:06:16,699,102770,21.68,8,31069,debt_consolidation,MORTGAGE,0,0,0,46.68,1,661,0.043085,HIGH,APPROVED,0,0,600-700,100K+
BL004023,2024-01-13 00:35:46,707,69881,25.66,14,19902,credit_card,OWN,0,0,0,48.17,5,678,0.036199,MEDIUM,APPROVED,0,0,600-700,50-75K
BL004024,2024-08-23 02:31:57,707,80996,22.62,9,6929,debt_consolidation,MORTGAGE,0,0,0,25.46,1,760,0.006043,LOW,APPROVED,0,30,700-800,75-100K
BL004025,2024-05-12 08:34:12,724,104186,38.19,5,20363,major_purchase,OTHER,0,0,0,44.1,1,639,0.097319,HIGH,DECLINED,0,0,600-700,100K+
BL004026,2024-03-02 13:14:56,626,81793,39.45,5,24958,other,MORTGAGE,0,0,0,26.29,0,611,0.139221,HIGH,APPROVED,0,0,600-700,75-100K
BL004027,2024-01-03 21:03:47,693,59929,6.69,4,35626,home_improvement,MORTGAGE,0,0,0,48.42,1,731,0.006094,LOW,APPROVED,0,0,700-800,50-75K
BL004028,2024-02-05 09:22:31,709,30375,41.77,4,49908,credit_card,MORTGAGE,0,0,0,52.97,1,660,0.041969,MEDIUM,APPROVED,0,0,600-700,<50K
BL004029,2024-05-02 15:24:59,659,43183,13.45,2,14845,credit_card,RENT,0,0,0,37.1,2,620,0.07688,HIGH,APPROVED,0,0,600-700,<50K
BL004030,2024-01-03 22:24:34,710,44876,19.99,1,6022,debt_consolidation,RENT,0,0,0,42.32,1,663,0.029114,MEDIUM,APPROVED,0,0,600-700,<50K
BL004031,2024-07-28 10:58:37,636,88977,49.18,7,31060,major_purchase,RENT,1,5,17,9.83,0,568,0.282932,VERY_HIGH,DECLINED,0,0,<600,75-100K
BL004032,2024-10-25 07:29:16,730,115743,38.58,5,31490,credit_card,MORTGAGE,0,0,0,45.95,2,686,0.042022,MEDIUM,APPROVED,0,0,600-700,100K+
BL004033,2024-08-31 06:51:37,653,64061,32.68,4,31781,debt_consolidation,RENT,0,0,0,76.24,2,614,0.125446,HIGH,APPROVED,0,0,600-700,50-75K
BL004034,2024-12-19 03:09:34,676,99166,14.71,12,8182,home_improvement,MORTGAGE,0,0,0,35.97,1,684,0.035272,MEDIUM,APPROVED,0,0,600-700,75-100K
BL004035,2024-09-26 17:52:02,733,21631,25.15,9,37301,credit_card,MORTGAGE,0,0,0,49.61,1,690,0.030134,MEDIUM,APPROVED,0,0,600-700,<50K
BL004036,2024-05-19 04:30:21,749,71972,28.83,5,22057,debt_consolidation,OTHER,3,6,10,78.04,1,641,0.072537,HIGH,APPROVED,0,0,600-700,50-75K
BL004037,2024-03-18 11:41:58,660,37359,15.84,9,10760,debt_consolidation,RENT,1,1,47,39.15,1,669,0.0381,MEDIUM,APPROVED,1,60,600-700,<50K
BL004038,2024-02-04 16:20:00,656,97049,27.73,8,22079,debt_consolidation,OWN,0,0,0,17.31,1,691,0.02279,MEDIUM,APPROVED,0,0,600-700,75-100K
BL004039,2024-06-10 19:08:58,744,112224,12.13,8,35086,credit_card,OTHER,0,0,0,40.38,1,735,0.004791,LOW,APPROVED,0,0,700-800,100K+
BL004040,2024-03-26 05:22:03,536,105727,36.86,21,6293,major_purchase,MORTGAGE,2,6,51,85.27,1,518,0.715906,VERY_HIGH,DECLINED,1,90,<600,100K+
BL004041,2024-10-07 00:54:20,763,91342,23.7,0,90000,credit_card,MORTGAGE,1,3,39,57.72,2,698,0.012149,LOW,APPROVED,0,0,600-700,75-100K
BL004042,2024-03-04 02:01:25,760,106845,16.63,35,45461,credit_card,OTHER,0,0,0,24.78,0,786,0.001577,LOW,APPROVED,0,0,700-800,100K+
BL004043,2024-07-26 10:20:49,633,143710,36.82,1,66064,other,RENT,0,0,0,66.69,0,618,0.12624,HIGH,APPROVED,0,0,600-700,100K+
BL004044,2024-02-15 14:40:50,755,50868,31.88,5,36029,credit_card,MORTGAGE,0,0,0,43.25,0,676,0.019048,MEDIUM,APPROVED,0,0,600-700,50-75K
BL004045,2024-12-13 04:21:57,710,130425,37.51,2,12656,credit_card,MORTGAGE,0,0,0,52.43,0,662,0.044806,HIGH,APPROVED,0,0,600-700,100K+
BL004046,2024-02-25 20:00:44,715,55749,11.78,9,35360,credit_card,RENT,0,0,0,81.45,3,741,0.0036,LOW,APPROVED,0,0,700-800,50-75K
BL004047,2024-09-10 04:43:24,566,34855,18.59,4,10578,debt_consolidation,MORTGAGE,1,3,57,30.97,0,547,0.379213,VERY_HIGH,DECLINED,0,0,<600,<50K
BL004048,2024-03-03 08:22:44,664,84608,23.23,5,77145,credit_card,MORTGAGE,0,0,0,17.15,0,657,0.060823,HIGH,DECLINED,0,60,600-700,75-100K
BL004049,2024-07-12 14:54:54,680,91279,9.39,1,22381,credit_card,OTHER,0,0,0,56.22,1,714,0.018115,MEDIUM,APPROVED,0,0,700-800,75-100K
BL004050,2024-03-12 12:46:55,669,74958,25.12,5,23795,home_improvement,MORTGAGE,2,3,11,79.48,0,575,0.211109,VERY_HIGH,APPROVED,0,0,<600,50-75K
BL004051,2024-10-31 20:14:20,670,48657,24.71,1,7810,debt_consolidation,RENT,0,0,0,41.9,2,611,0.116715,HIGH,DECLINED,0,60,600-700,<50K
BL004052,2024-04-20 17:31:45,675,85564,22.1,1,29800,other,MORTGAGE,0,0,0,37.64,1,645,0.041084,MEDIUM,APPROVED,0,0,600-700,75-100K
BL004053,2024-02-18 08:31:21,536,58757,23.24,2,34004,home_improvement,MORTGAGE,0,0,0,48.98,1,518,0.660903,VERY_HIGH,DECLINED,1,60,<600,50-75K
BL004054,2024-04-03 10:21:56,680,196381,10.48,0,12574,home_improvement,MORTGAGE,0,0,0,54.54,0,712,0.014144,LOW,APPROVED,0,0,700-800,100K+
BL004055,2024-10-13 06:59:06,653,76457,29.43,1,13100,major_purchase,RENT,1,5,41,67.55,1,581,0.271933,VERY_HIGH,DECLINED,0,0,<600,75-100K
BL004056,2024-01-07 18:05:12,686,78428,36.63,3,7319,debt_consolidation,MORTGAGE,1,4,50,50.02,0,683,0.044984,HIGH,APPROVED,0,0,600-700,75-100K
BL004057,2024-10-19 13:27:31,664,51808,12.12,4,13148,other,RENT,0,0,0,65.74,4,626,0.078599,HIGH,APPROVED,0,0,600-700,50-75K
BL004058,2024-07-02 04:11:44,690,85604,13.49,1,11580,credit_card,MORTGAGE,0,0,0,23.93,0,705,0.009616,LOW,APPROVED,0,0,700-800,75-100K
BL004059,2024-03-17 10:01:51,706,138346,24.13,2,17776,home_improvement,OWN,1,4,48,88.93,1,617,0.124731,HIGH,APPROVED,0,0,600-700,100K+
BL004060,2024-02-17 16:29:54,786,47397,13.49,2,17671,credit_card,MORTGAGE,2,3,44,56.54,4,674,0.03882,MEDIUM,APPROVED,0,0,600-700,<50K
BL004061,2024-12-18 14:14:40,646,55559,16.1,2,32791,home_improvement,MORTGAGE,0,0,0,100.0,1,589,0.165051,HIGH,DECLINED,0,0,<600,50-75K
BL004062,2024-06-17 09:26:46,781,27705,20.5,1,39760,other,OWN,0,0,0,58.31,1,733,0.004657,LOW,APPROVED,0,0,700-800,<50K
BL004063,2024-06-04 14:09:03,677,63032,11.65,0,17514,credit_card,OTHER,0,0,0,5.54,1,750,0.004452,LOW,APPROVED,0,30,700-800,50-75K
BL004064,2024-11-18 20:51:01,642,134240,8.95,10,8380,credit_card,MORTGAGE,1,3,44,72.62,0,652,0.058125,HIGH,APPROVED,0,0,600-700,100K+
BL004065,2024-06-30 16:27:55,612,38022,32.55,11,32911,debt_consolidation,OTHER,0,0,0,48.66,2,554,0.397765,VERY_HIGH,DECLINED,1,60,<600,<50K
BL004066,2024-08-23 00:16:18,737,54382,14.52,2,48217,credit_card,MORTGAGE,2,3,28,32.09,2,690,0.020292,MEDIUM,APPROVED,0,0,600-700,50-75K
BL004067,2024-12-06 20:20:25,609,46216,31.68,1,19642,credit_card,MORTGAGE,0,0,0,24.2,1,610,0.164215,HIGH,DECLINED,0,0,600-700,<50K
BL004068,2024-09-30 04:14:50,739,57019,16.59,12,27292,other,MORTGAGE,0,0,0,38.11,1,748,0.002379,LOW,APPROVED,0,30,700-800,50-75K
BL004069,2024-11-07 11:35:06,709,45516,30.0,0,11121,home_improvement,RENT,0,0,0,47.59,4,625,0.158761,HIGH,DECLINED,0,0,600-700,<50K
BL004070,2024-12-17 00:01:43,660,54833,19.53,0,43801,other,OTHER,0,0,0,46.14,2,626,0.125646,HIGH,DECLINED,0,30,600-700,50-75K
BL004071,2024-02-08 15:06:42,654,38957,10.21,13,36583,debt_consolidation,OWN,0,0,0,42.84,4,647,0.063214,HIGH,APPROVED,0,0,600-700,<50K
BL004072,2024-10-31 20:15:10,716,70616,28.22,0,11119,debt_consolidation,OWN,0,0,0,0.0,3,721,0.01058,LOW,APPROVED,0,0,700-800,50-75K
BL004073,2024-09-22 06:28:22,699,99259,22.47,5,17808,credit_card,MORTGAGE,0,0,0,74.08,0,655,0.041882,MEDIUM,APPROVED,0,0,600-700,75-100K
BL004074,2024-01-17 13:48:29,730,90530,17.4,14,9830,credit_card,MORTGAGE,0,0,0,56.64,2,698,0.015391,LOW,APPROVED,0,0,600-700,75-100K
BL004075,2024-05-24 15:27:08,690,27769,43.44,5,19489,debt_consolidation,MORTGAGE,0,0,0,35.91,4,585,0.211229,VERY_HIGH,APPROVED,0,0,<600,<50K
BL004076,2024-05-04 22:46:40,663,116121,39.7,3,22300,major_purchase,RENT,0,0,0,55.0,2,636,0.075281,HIGH,APPROVED,0,0,600-700,100K+
BL004077,2024-11-18 01:08:37,719,88587,13.46,2,35538,home_improvement,RENT,1,5,12,21.41,0,693,0.016962,MEDIUM,APPROVED,0,0,600-700,75-100K
BL004078,2024-08-12 19:10:10,626,106947,22.83,10,21162,home_improvement,OWN,1,7,6,39.21,2,593,0.211402,VERY_HIGH,DECLINED,1,60,<600,100K+
BL004079,2024-11-17 16:59:06,736,43264,20.2,9,21052,debt_consolidation,RENT,0,0,0,61.71,2,693,0.025661,MEDIUM,APPROVED,0,0,600-700,<50K
BL004080,2024-10-17 14:05:49,693,49134,16.13,9,23624,home_improvement,MORTGAGE,0,0,0,47.5,1,647,0.07247,HIGH,APPROVED,0,0,600-700,<50K
BL004081,2024-11-21 21:39:06,630,86983,28.28,2,14113,debt_consolidation,MORTGAGE,1,2,30,54.58,2,609,0.178318,VERY_HIGH,APPROVED,0,0,600-700,75-100K
BL004082,2024-03-29 22:50:39,635,140741,30.96,2,16846,major_purchase,MORTGAGE,1,4,9,48.75,0,591,0.215849,VERY_HIGH,DECLINED,0,0,<600,100K+
BL004083,2024-09-26 21:34:35,673,41938,33.63,8,14195,major_purchase,RENT,0,0,0,64.74,1,570,0.243158,VERY_HIGH,DECLINED,1,90,<600,<50K
BL004084,2024-11-02 22:13:51,592,72765,13.23,1,29542,debt_consolidation,RENT,1,3,59,80.53,2,587,0.330129,VERY_HIGH,DECLINED,0,0,<600,50-75K
BL004085,2024-10-28 03:20:12,765,78187,28.86,11,21396,home_improvement,RENT,0,0,0,0.0,0,786,0.001594,LOW,APPROVED,0,0,700-800,75-100K
BL004086,2024-01-22 03:13:25,742,54845,35.16,12,7134,credit_card,OWN,0,0,0,26.25,2,711,0.01459,LOW,APPROVED,0,30,700-800,50-75K
BL004087,2024-02-11 18:35:07,631,75095,5.31,6,16761,major_purchase,RENT,0,0,0,69.14,0,694,0.019405,MEDIUM,APPROVED,0,0,600-700,75-100K
BL004088,2024-12-14 16:17:04,684,51127,20.62,1,23799,credit_card,OWN,0,0,0,11.14,2,690,0.020218,MEDIUM,APPROVED,0,30,600-700,50-75K
BL004089,2024-07-09 07:28:01,782,114159,16.52,11,20045,home_improvement,MORTGAGE,2,5,16,60.28,1,753,0.004115,LOW,APPROVED,0,0,700-800,100K+
BL004090,2024-09-22 01:09:52,712,31101,30.25,16,10493,debt_consolidation,MORTGAGE,0,0,0,49.83,0,671,0.037859,MEDIUM,DECLINED,0,0,600-700,<50K
BL004091,2024-03-18 07:51:37,635,73699,10.57,2,10231,debt_consolidation,RENT,0,0,0,31.99,4,634,0.080526,HIGH,APPROVED,0,0,600-700,50-75K
BL004092,2024-02-26 23:31:03,574,51013,23.11,3,13306,debt_consolidation,OWN,0,0,0,44.47,1,601,0.132437,HIGH,APPROVED,0,0,600-700,50-75K
BL004093,2024-05-23 00:42:29,601,62351,21.92,2,14777,major_purchase,OWN,1,6,10,44.63,2,555,0.367932,VERY_HIGH,DECLINED,0,0,<600,50-75K
BL004094,2024-10-11 10:16:26,754,42700,16.72,1,22359,home_improvement,OWN,0,0,0,78.23,1,726,0.010175,LOW,APPROVED,0,0,700-800,<50K
BL004095,2024-04-28 04:23:26,707,18000,23.5,8,14377,major_purchase,MORTGAGE,1,3,3,32.91,1,620,0.124578,HIGH,APPROVED,0,0,600-700,<50K
BL004096,2024-08-06 00:18:24,619,126682,9.44,4,8820,debt_consolidation,RENT,0,0,0,26.77,2,631,0.091108,HIGH,APPROVED,0,0,600-700,100K+
BL004097,2024-07-25 22:16:48,728,88891,13.24,5,18716,home_improvement,MORTGAGE,0,0,0,32.13,1,743,0.007725,LOW,APPROVED,0,0,700-800,75-100K
BL004098,2024-01-07 00:40:16,670,77556,15.11,6,29258,credit_card,RENT,1,1,23,51.64,0,676,0.037322,MEDIUM,APPROVED,0,0,600-700,75-100K
BL004099,2024-01-15 07:37:27,654,63431,30.75,1,14877,major_purchase,MORTGAGE,1,4,19,41.15,0,602,0.14051,HIGH,DECLINED,1,120,600-700,50-75K
BL004100,2024-07-21 15:22:59,662,74019,36.24,21,42508,credit_card,MORTGAGE,1,3,42,19.31,0,652,0.053903,HIGH,APPROVED,0,0,600-700,50-75K
BL004101,2024-01-30 22:57:01,665,56034,21.64,6,43661,debt_consolidation,OWN,1,5,12,41.25,0,663,0.033263,MEDIUM,APPROVED,0,0,600-700,50-75K
BL004102,2024-07-17 14:12:15,781,67998,19.92,8,10647,debt_consolidation,RENT,2,6,14,19.68,0,715,0.008124,LOW,APPROVED,0,0,700-800,50-75K
BL004103,2024-06-09 09:48:35,639,120596,9.18,17,25501,debt_consolidation,OWN,0,0,0,48.44,1,628,0.102426,HIGH,APPROVED,0,30,600-700,100K+
BL004104,2024-12-07 01:23:35,668,48843,10.81,4,15687,other,RENT,1,5,37,31.5,2,655,0.032589,MEDIUM,DECLINED,0,0,600-700,<50K
BL004105,2024-09-02 22:06:36,762,43914,25.13,6,10688,debt_consolidation,OWN,0,0,0,25.08,1,755,0.005002,LOW,APPROVED,0,0,700-800,<50K
BL004106,2024-11-04 11:32:42,772,149479,33.48,14,17790,major_purchase,RENT,0,0,0,57.27,0,760,0.005044,LOW,APPROVED,0,0,700-800,100K+
BL004107,2024-07-28 09:01:48,637,52024,19.93,8,14948,credit_card,RENT,0,0,0,35.97,2,641,0.060832,HIGH,APPROVED,0,0,600-700,50-75K
BL004108,2024-08-03 09:40:18,802,71547,17.2,7,6118,debt_consolidation,RENT,1,5,58,45.61,1,754,0.003275,LOW,APPROVED,0,0,700-800,50-75K
BL004109,2024-10-03 22:09:55,750,59984,18.29,1,30053,credit_card,MORTGAGE,0,0,0,1.29,4,734,0.006541,LOW,APPROVED,0,0,700-800,50-75K
BL004110,2024-01-15 15:20:49,609,84543,29.21,13,21567,credit_card,MORTGAGE,1,3,5,18.16,2,600,0.144852,HIGH,APPROVED,0,0,600-700,75-100K
BL004111,2024-04-14 19:15:26,788,86461,35.05,1,16233,debt_consolidation,MORTGAGE,0,0,0,3.6,2,728,0.009788,LOW,APPROVED,0,60,700-800,75-100K
BL004112,2024-03-25 04:18:46,610,68411,23.56,1,20391,home_improvement,RENT,0,0,0,39.21,0,593,0.183877,VERY_HIGH,APPROVED,0,0,<600,50-75K
BL004113,2024-08-26 19:08:53,727,41971,20.42,7,29596,debt_consolidation,RENT,0,0,0,54.39,1,676,0.033315,MEDIUM,APPROVED,0,0,600-700,<50K
BL004114,2024-10-17 01:15:41,627,42453,25.95,2,20195,major_purchase,OWN,0,0,0,63.52,0,578,0.295167,VERY_HIGH,APPROVED,0,0,<600,<50K
BL004115,2024-05-31 11:19:20,593,66982,18.57,4,15232,major_purchase,MORTGAGE,1,3,31,57.86,3,559,0.424853,VERY_HIGH,APPROVED,1,120,<600,50-75K
BL004116,2024-06-19 23:06:49,736,146555,23.23,1,23918,home_improvement,RENT,0,0,0,63.25,5,649,0.047399,HIGH,DECLINED,0,0,600-700,100K+
BL004117,2024-11-14 15:54:09,713,29158,34.0,1,7170,debt_consolidation,OTHER,1,4,10,41.45,1,638,0.04775,HIGH,APPROVED,0,0,600-700,<50K
BL004118,2024-01-28 06:02:46,686,61765,28.08,16,36177,credit_card,MORTGAGE,0,0,0,13.76,1,719,0.011211,LOW,APPROVED,0,0,700-800,50-75K
BL004119,2024-02-21 09:54:19,701,79677,9.88,3,15513,debt_consolidation,RENT,1,1,28,23.53,4,676,0.030422,MEDIUM,APPROVED,0,30,600-700,75-100K
BL004120,2024-05-17 08:36:36,684,50096,41.66,2,27809,debt_consolidation,MORTGAGE,0,0,0,73.34,3,595,0.204737,VERY_HIGH,DECLINED,0,0,<600,50-75K
BL004121,2024-05-07 05:05:52,676,71689,49.79,2,14102,debt_consolidation,MORTGAGE,1,8,47,74.3,2,536,0.601873,VERY_HIGH,DECLINED,0,0,<600,50-75K
BL004122,2024-06-04 02:19:44,632,61666,10.67,2,16037,credit_card,RENT,1,4,49,30.74,4,605,0.120292,HIGH,APPROVED,0,0,600-700,50-75K
BL004123,2024-09-16 02:19:27,722,92179,19.76,5,25496,home_improvement,RENT,0,0,0,57.17,3,671,0.026917,MEDIUM,APPROVED,0,0,600-700,75-100K
BL004124,2024-02-22 00:40:06,691,135547,29.52,9,24066,debt_consolidation,RENT,1,5,47,86.86,1,623,0.076631,HIGH,APPROVED,0,0,600-700,100K+
BL004125,2024-06-23 00:01:28,677,56066,35.22,10,44028,credit_card,RENT,1,4,22,33.34,1,627,0.142067,HIGH,APPROVED,1,90,600-700,50-75K
BL004126,2024-11-02 02:24:13,659,73745,7.31,5,22469,home_improvement,MORTGAGE,1,7,34,32.56,2,674,0.030568,MEDIUM,APPROVED,0,0,600-700,50-75K
BL004127,2024-02-07 12:03:45,675,78782,38.97,3,8135,debt_consolidation,RENT,0,0,0,38.39,1,684,0.027346,MEDIUM,DECLINED,0,0,600-700,75-100K
BL004128,2024-02-11 05:58:17,607,69258,35.0,15,49598,debt_consolidation,RENT,0,0,0,44.35,1,564,0.293315,VERY_HIGH,DECLINED,0,0,<600,50-75K
BL004129,2024-09-26 12:42:23,673,64707,30.09,4,17499,home_improvement,OTHER,1,2,3,55.1,0,591,0.164508,HIGH,DECLINED,0,30,<600,50-75K
BL004130,2024-08-01 23:19:24,636,24742,23.22,8,41142,major_purchase,MORTGAGE,0,0,0,30.79,2,627,0.098529,HIGH,APPROVED,0,0,600-700,<50K
BL004131,2024-04-03 17:45:33,760,67154,6.81,2,42453,debt_consolidation,MORTGAGE,0,0,0,61.97,2,800,0.001331,LOW,APPROVED,0,0,800+,50-75K
BL004132,2024-03-06 20:25:24,638,39922,25.47,2,14929,debt_consolidation,OWN,0,0,0,59.8,1,559,0.394871,VERY_HIGH,APPROVED,0,0,<600,<50K
BL004133,2024-05-24 03:47:41,666,52883,16.82,7,15328,major_purchase,MORTGAGE,1,3,19,87.83,2,607,0.150736,HIGH,DECLINED,1,90,600-700,50-75K
BL004134,2024-02-21 01:07:03,691,77839,27.38,2,8634,major_purchase,MORTGAGE,2,3,16,6.28,4,640,0.099406,HIGH,APPROVED,1,60,600-700,75-100K
BL004135,2024-09-26 17:19:03,733,82613,20.07,1,23167,debt_consolidation,MORTGAGE,3,3,47,80.26,0,704,0.011163,LOW,APPROVED,0,30,700-800,75-100K
BL004136,2024-03-02 21:42:30,715,52369,12.89,4,7582,debt_consolidation,MORTGAGE,0,0,0,53.17,1,690,0.033103,MEDIUM,APPROVED,0,30,600-700,50-75K
BL004137,2024-11-20 10:14:17,691,51980,42.72,7,50787,credit_card,MORTGAGE,0,0,0,47.3,1,588,0.172212,HIGH,DECLINED,0,0,<600,50-75K
BL004138,2024-09-22 02:17:21,808,56341,47.43,11,29876,major_purchase,RENT,4,5,17,37.83,1,620,0.086471,HIGH,DECLINED,0,0,600-700,50-75K
BL004139,2024-12-22 00:13:52,689,39936,10.34,0,27843,other,RENT,0,0,0,56.99,0,705,0.012928,LOW,APPROVED,0,30,700-800,<50K
BL004140,2024-06-17 20:30:39,708,127569,26.39,1,18256,debt_consolidation,MORTGAGE,2,4,28,24.13,4,635,0.073919,HIGH,APPROVED,0,0,600-700,100K+
BL004141,2024-07-10 00:43:14,839,138902,14.31,18,20144,other,RENT,1,0,2,20.53,1,847,0.000399,LOW,APPROVED,0,0,800+,100K+
BL004142,2024-06-21 09:19:17,642,58645,30.82,1,15393,major_purchase,RENT,2,2,35,36.08,0,610,0.116298,HIGH,APPROVED,0,0,600-700,50-75K
BL004143,2024-07-26 04:48:20,743,130869,15.76,0,4018,debt_consolidation,MORTGAGE,0,0,0,94.19,1,739,0.004118,LOW,APPROVED,0,0,700-800,100K+
BL004144,2024-09-13 01:58:16,714,90137,28.34,9,15687,other,RENT,2,3,25,84.21,0,598,0.183172,VERY_HIGH,APPROVED,0,0,<600,75-100K
BL004145,2024-12-16 15:52:16,618,39429,19.04,12,15214,debt_consolidation,MORTGAGE,1,3,35,100.0,0,582,0.2872,VERY_HIGH,DECLINED,0,0,<600,<50K
BL004146,2024-05-30 20:10:39,656,96029,29.97,7,32542,home_improvement,MORTGAGE,1,3,8,50.25,3,606,0.211052,VERY_HIGH,DECLINED,0,0,600-700,75-100K
BL004147,2024-02-23 06:39:48,736,85870,7.54,1,9917,debt_consolidation,OWN,1,6,16,62.42,0,711,0.008948,LOW,APPROVED,0,0,700-800,75-100K
BL004148,2024-05-25 22:15:48,611,68263,28.13,4,22560,credit_card,OTHER,2,6,44,20.89,1,557,0.396516,VERY_HIGH,DECLINED,0,60,<600,50-75K
BL004149,2024-04-08 11:48:27,680,33203,26.08,4,28593,home_improvement,RENT,1,3,39,17.65,3,651,0.069622,HIGH,APPROVED,0,0,600-700,<50K
BL004150,2024-02-20 00:03:22,741,48716,27.89,7,26651,major_purchase,RENT,0,0,0,52.23,2,724,0.011855,LOW,APPROVED,0,0,700-800,<50K
BL004151,2024-06-06 03:15:36,677,22735,25.64,7,11324,credit_card,OWN,0,0,0,62.92,0,635,0.082924,HIGH,APPROVED,0,0,600-700,<50K
BL004152,2024-07-12 02:56:42,705,62708,36.59,1,14990,debt_consolidation,OWN,2,2,43,31.31,2,608,0.134141,HIGH,DECLINED,0,0,600-700,50-75K
BL004153,2024-09-20 18:03:30,654,55833,35.63,6,10445,debt_consolidation,MORTGAGE,0,0,0,46.43,2,615,0.095347,HIGH,DECLINED,0,0,600-700,50-75K
BL004154,2024-06-30 09:49:42,656,38594,18.41,1,14632,debt_consolidation,MORTGAGE,0,0,0,16.21,2,683,0.034095,MEDIUM,APPROVED,0,0,600-700,<50K
BL004155,2024-03-20 02:50:35,656,36320,24.31,11,22529,debt_consolidation,RENT,0,0,0,10.79,1,668,0.022492,MEDIUM,APPROVED,0,0,600-700,<50K
BL004156,2024-01-31 17:29:15,671,115125,16.65,3,14340,home_improvement,MORTGAGE,1,5,30,10.17,0,710,0.014071,LOW,APPROVED,0,0,700-800,100K+
BL004157,2024-07-29 14:16:11,725,32235,19.4,9,19645,debt_consolidation,MORTGAGE,1,5,45,85.6,2,639,0.073299,HIGH,APPROVED,0,0,600-700,<50K
BL004158,2024-12-12 03:24:35,694,87988,39.99,4,19657,debt_consolidation,MORTGAGE,0,0,0,24.38,0,670,0.030263,MEDIUM,APPROVED,0,0,600-700,75-100K
BL004159,2024-09-07 10:58:33,798,66504,15.02,2,30361,debt_consolidation,MORTGAGE,0,0,0,56.54,1,799,0.001362,LOW,APPROVED,0,0,700-800,50-75K
BL004160,2024-10-07 14:43:12,720,110235,31.94,7,27334,home_improvement,MORTGAGE,1,3,42,23.66,2,662,0.030675,MEDIUM,APPROVED,0,0,600-700,100K+
BL004161,2024-02-01 03:51:23,705,30719,38.69,6,27853,credit_card,MORTGAGE,0,0,0,34.09,1,661,0.045095,HIGH,APPROVED,0,0,600-700,<50K
BL004162,2024-06-12 19:04:24,813,66529,30.57,14,32670,other,MORTGAGE,1,3,30,36.17,1,723,0.009175,LOW,APPROVED,0,0,700-800,50-75K
BL004163,2024-09-13 16:18:32,684,110610,34.22,15,16796,other,MORTGAGE,1,4,1,68.37,0,655,0.078709,HIGH,APPROVED,0,0,600-700,100K+
BL004164,2024-10-13 15:26:21,646,58921,14.58,10,34838,home_improvement,RENT,1,2,35,60.82,1,675,0.033178,MEDIUM,APPROVED,0,0,600-700,50-75K
BL004165,2024-01-25 18:22:28,698,33741,20.43,13,21816,major_purchase,OTHER,0,0,0,42.43,0,697,0.017517,MEDIUM,APPROVED,0,0,600-700,<50K
BL004166,2024-11-12 00:02:27,631,26522,16.51,7,39516,major_purchase,RENT,0,0,0,20.98,2,624,0.099161,HIGH,DECLINED,0,0,600-700,<50K
BL004167,2024-09-01 06:56:02,718,46351,37.05,7,22867,major_purchase,OWN,0,0,0,60.07,0,653,0.064151,HIGH,APPROVED,0,0,600-700,<50K
BL004168,2024-01-31 19:44:40,765,99752,23.1,14,42733,major_purchase,RENT,0,0,0,46.05,2,782,0.001814,LOW,APPROVED,0,0,700-800,75-100K
BL004169,2024-04-23 11:42:20,725,125583,17.04,0,22352,other,RENT,1,4,59,70.19,1,671,0.034809,MEDIUM,APPROVED,0,30,600-700,100K+
BL004170,2024-12-03 21:14:05,668,65155,23.45,1,9046,other,RENT,0,0,0,59.58,3,648,0.075123,HIGH,APPROVED,0,0,600-700,50-75K
BL004171,2024-05-13 12:18:12,682,94349,34.35,12,14895,other,MORTGAGE,1,7,48,1.49,2,671,0.027273,MEDIUM,APPROVED,0,0,600-700,75-100K
BL004172,2024-11-15 12:27:00,716,99343,12.3,3,23025,other,RENT,0,0,0,47.73,1,726,0.006449,LOW,APPROVED,0,0,700-800,75-100K
BL004173,2024-10-15 09:33:28,754,83224,31.29,3,21450,major_purchase,MORTGAGE,1,7,24,31.23,3,640,0.050806,HIGH,DECLINED,0,0,600-700,75-100K
BL004174,2024-05-27 00:31:08,668,43657,25.34,4,25489,debt_consolidation,RENT,1,3,18,39.84,2,607,0.203562,VERY_HIGH,APPROVED,0,0,600-700,<50K
BL004175,2024-06-25 09:21:10,667,87881,22.49,8,15902,credit_card,OWN,1,5,51,38.24,0,707,0.017599,MEDIUM,APPROVED,0,0,700-800,75-100K
BL004176,2024-08-29 14:04:59,749,40508,27.36,31,15573,other,RENT,1,5,49,27.89,0,713,0.012323,LOW,APPROVED,0,0,700-800,<50K
BL004177,2024-03-02 14:53:43,702,66832,17.87,10,7396,credit_card,MORTGAGE,2,4,33,76.67,1,625,0.140748,HIGH,APPROVED,0,0,600-700,50-75K
BL004178,2024-11-11 07:27:44,709,90758,14.87,5,33981,home_improvement,RENT,1,3,29,27.0,1,720,0.013115,LOW,APPROVED,0,0,700-800,75-100K
BL004179,2024-03-17 20:10:11,716,103124,10.97,10,35470,credit_card,OWN,0,0,0,17.23,1,735,0.005645,LOW,APPROVED,0,0,700-800,100K+
BL004180,2024-02-22 01:06:41,648,60371,27.21,0,33688,debt_consolidation,MORTGAGE,0,0,0,94.27,2,591,0.21933,VERY_HIGH,APPROVED,1,120,<600,50-75K
BL004181,2024-11-03 09:15:40,682,105732,10.68,14,6337,major_purchase,MORTGAGE,0,0,0,32.66,0,749,0.00656,LOW,APPROVED,0,0,700-800,100K+
BL004182,2024-01-17 12:21:46,748,126075,18.64,5,13323,credit_card,MORTGAGE,0,0,0,21.26,2,771,0.002749,LOW,APPROVED,0,0,700-800,100K+
BL004183,2024-04-30 21:45:48,682,98473,16.66,8,13979,major_purchase,MORTGAGE,1,1,36,3.58,1,734,0.007944,LOW,APPROVED,0,0,700-800,75-100K
BL004184,2024-07-30 01:39:12,679,62630,32.34,1,19180,debt_consolidation,RENT,2,3,43,55.06,0,625,0.079056,HIGH,APPROVED,0,0,600-700,50-75K
BL004185,2024-03-23 07:13:29,706,73559,1.0,7,9997,major_purchase,MORTGAGE,0,0,0,27.6,0,733,0.007758,LOW,APPROVED,0,0,700-800,50-75K
BL004186,2024-01-14 06:08:41,711,64692,20.49,12,59080,major_purchase,MORTGAGE,0,0,0,66.79,0,650,0.033932,MEDIUM,DECLINED,0,0,600-700,50-75K
BL004187,2024-07-08 17:25:45,829,65657,23.89,2,32226,home_improvement,MORTGAGE,0,0,0,48.76,1,796,0.00164,LOW,APPROVED,0,0,700-800,50-75K
BL004188,2024-03-02 22:58:32,646,88769,25.93,6,18133,debt_consolidation,RENT,1,2,1,26.03,2,616,0.079502,HIGH,APPROVED,0,0,600-700,75-100K
BL004189,2024-06-03 10:13:43,698,104637,23.47,9,15071,other,MORTGAGE,1,3,21,59.87,1,678,0.024412,MEDIUM,APPROVED,0,30,600-700,100K+
BL004190,2024-08-07 21:29:19,800,64600,31.94,6,7166,debt_consolidation,MORTGAGE,0,0,0,22.82,2,728,0.009033,LOW,APPROVED,0,0,700-800,50-75K
BL004191,2024-09-08 13:04:26,692,89630,22.73,2,34545,debt_consolidation,RENT,0,0,0,17.91,1,707,0.011901,LOW,APPROVED,0,0,700-800,75-100K
BL004192,2024-06-24 10:08:11,711,71974,19.82,2,23126,debt_consolidation,RENT,0,0,0,44.01,5,678,0.028427,MEDIUM,APPROVED,0,0,600-700,50-75K
BL004193,2024-07-19 00:14:22,611,68976,25.95,0,23586,other,MORTGAGE,0,0,0,39.62,3,577,0.240856,VERY_HIGH,APPROVED,1,120,<600,50-75K
BL004194,2024-03-11 07:33:19,743,41591,26.87,16,33618,home_improvement,MORTGAGE,0,0,0,70.75,1,694,0.028357,MEDIUM,APPROVED,0,0,600-700,<50K
BL004195,2024-09-08 01:54:42,738,76254,26.21,16,10927,debt_consolidation,RENT,0,0,0,67.02,0,726,0.010431,LOW,APPROVED,0,60,700-800,75-100K
BL004196,2024-07-30 00:41:54,735,61146,27.49,17,4936,debt_consolidation,RENT,0,0,0,61.65,1,650,0.0511,HIGH,DECLINED,0,0,600-700,50-75K
BL004197,2024-01-09 16:15:55,680,73211,34.12,3,71122,major_purchase,MORTGAGE,0,0,0,28.35,2,680,0.03991,MEDIUM,APPROVED,0,0,600-700,50-75K
BL004198,2024-10-21 11:19:19,711,100869,36.66,7,14392,debt_consolidation,MORTGAGE,1,1,54,36.02,2,612,0.122103,HIGH,APPROVED,0,0,600-700,100K+
BL004199,2024-10-16 07:15:38,687,89999,14.24,5,29180,credit_card,RENT,1,6,3,90.8,1,652,0.053505,HIGH,APPROVED,0,0,600-700,75-100K
BL004200,2024-05-15 06:45:22,737,88513,16.69,2,8455,debt_consolidation,MORTGAGE,3,8,3,39.9,2,670,0.029516,MEDIUM,APPROVED,0,0,600-700,75-100K
BL004201,2024-04-18 11:58:48,690,51327,42.83,9,27951,home_improvement,RENT,0,0,0,14.19,0,679,0.033269,MEDIUM,APPROVED,1,60,600-700,50-75K
BL004202,2024-03-15 04:06:27,733,31412,20.5,0,54489,debt_consolidation,MORTGAGE,0,0,0,3.05,4,747,0.006461,LOW,APPROVED,0,0,700-800,<50K
BL004203,2024-06-29 08:14:39,617,53955,5.04,2,25075,credit_card,RENT,0,0,0,17.64,3,660,0.035055,MEDIUM,APPROVED,0,0,600-700,50-75K
BL004204,2024-05-01 08:48:50,672,63670,22.59,13,8630,major_purchase,RENT,0,0,0,48.63,2,635,0.054515,HIGH,APPROVED,0,0,600-700,50-75K
BL004205,2024-01-15 06:59:22,535,69915,27.54,9,13485,credit_card,RENT,0,0,0,53.61,0,552,0.4616,VERY_HIGH,DECLINED,0,0,<600,50-75K
BL004206,2024-02-11 19:33:31,682,117196,34.48,1,6855,debt_consolidation,MORTGAGE,0,0,0,47.01,1,653,0.054801,HIGH,APPROVED,0,0,600-700,100K+
BL004207,2024-04-04 08:31:18,733,73296,27.6,2,16988,major_purchase,RENT,1,5,54,87.87,1,650,0.062666,HIGH,APPROVED,0,0,600-700,50-75K
BL004208,2024-04-27 07:35:32,676,121213,29.34,6,33576,major_purchase,MORTGAGE,0,0,0,61.25,1,597,0.179847,VERY_HIGH,APPROVED,0,0,<600,100K+
BL004209,2024-12-07 02:49:37,819,53564,26.14,2,28612,credit_card,RENT,3,4,58,25.14,1,710,0.01654,MEDIUM,APPROVED,0,0,700-800,50-75K
BL004210,2024-08-04 10:16:30,636,39571,33.93,2,14864,major_purchase,MORTGAGE,0,0,0,0.0,0,625,0.101287,HIGH,DECLINED,0,0,600-700,<50K
BL004211,2024-08-21 07:11:31,672,94232,9.84,0,22236,debt_consolidation,RENT,0,0,0,38.96,1,703,0.01354,LOW,APPROVED,0,0,700-800,75-100K
BL004212,2024-06-11 17:58:24,640,38848,24.56,5,19271,debt_consolidation,RENT,0,0,0,41.51,0,604,0.122829,HIGH,DECLINED,0,0,600-700,<50K
BL004213,2024-03-12 23:07:05,663,31873,26.8,2,8545,debt_consolidation,OTHER,0,0,0,43.85,0,674,0.028934,MEDIUM,APPROVED,0,30,600-700,<50K
BL004214,2024-05-28 22:17:37,665,49982,25.89,6,11449,credit_card,OWN,1,3,54,61.44,3,609,0.130031,HIGH,APPROVED,0,0,600-700,<50K
BL004215,2024-01-12 23:24:44,610,74389,34.61,7,23746,debt_consolidation,RENT,1,3,39,38.16,1,554,0.402885,VERY_HIGH,APPROVED,0,30,<600,50-75K
BL004216,2024-12-24 19:14:22,637,104425,12.93,32,58131,debt_consolidation,RENT,2,5,22,41.6,0,662,0.038734,MEDIUM,APPROVED,0,0,600-700,100K+
BL004217,2024-01-16 08:28:43,801,64321,35.45,8,19051,other,RENT,0,0,0,78.39,1,747,0.006855,LOW,APPROVED,0,0,700-800,50-75K
BL004218,2024-09-13 12:51:54,676,95801,31.48,18,20537,debt_consolidation,RENT,0,0,0,34.97,1,665,0.051634,HIGH,APPROVED,0,0,600-700,75-100K
BL004219,2024-01-13 21:11:52,740,63440,13.77,2,9421,debt_consolidation,MORTGAGE,1,6,47,43.71,0,711,0.011424,LOW,APPROVED,0,0,700-800,50-75K
BL004220,2024-09-08 22:14:22,621,31038,22.51,9,28216,debt_consolidation,MORTGAGE,1,1,16,40.73,0,594,0.291721,VERY_HIGH,APPROVED,0,60,<600,<50K
BL004221,2024-05-12 19:02:58,684,39232,23.44,3,7714,home_improvement,MORTGAGE,1,0,58,39.12,1,657,0.042815,HIGH,APPROVED,0,0,600-700,<50K
BL004222,2024-09-10 09:46:47,720,30453,4.51,11,23765,other,RENT,0,0,0,70.58,0,701,0.015425,LOW,APPROVED,0,0,700-800,<50K
BL004223,2024-02-07 08:37:37,681,58450,24.13,1,26429,other,MORTGAGE,0,0,0,94.58,1,611,0.10663,HIGH,APPROVED,1,120,600-700,50-75K
BL004224,2024-12-12 01:50:47,662,25263,18.7,10,19033,debt_consolidation,OTHER,0,0,0,59.61,2,599,0.156712,HIGH,DECLINED,1,150,<600,<50K
BL004225,2024-06-14 20:38:17,680,33818,18.66,0,13139,credit_card,OWN,1,6,24,6.7,1,708,0.029162,MEDIUM,APPROVED,0,30,700-800,<50K
BL004226,2024-09-04 09:58:18,692,44046,6.57,3,12537,major_purchase,RENT,2,3,25,41.45,1,659,0.030974,MEDIUM,APPROVED,0,0,600-700,<50K
BL004227,2024-07-08 08:36:47,736,94886,26.69,2,43609,credit_card,MORTGAGE,2,4,27,74.37,0,676,0.023568,MEDIUM,APPROVED,1,90,600-700,75-100K
BL004228,2024-04-17 12:47:03,756,80728,36.23,3,32655,other,RENT,1,2,27,37.62,0,683,0.024216,MEDIUM,APPROVED,0,0,600-700,75-100K
BL004229,2024-10-10 17:19:45,618,53715,35.94,14,22677,debt_consolidation,RENT,0,0,0,64.04,3,531,0.43687,VERY_HIGH,DECLINED,1,90,<600,50-75K
BL004230,2024-06-12 06:44:00,578,69444,34.98,0,33835,debt_consolidation,MORTGAGE,0,0,0,2.94,2,574,0.352359,VERY_HIGH,DECLINED,1,150,<600,50-75K
BL004231,2024-03-04 07:43:23,680,56900,27.81,5,15124,other,MORTGAGE,0,0,0,36.6,1,657,0.057081,HIGH,APPROVED,0,0,600-700,50-75K
BL004232,2024-10-19 15:59:28,690,213675,32.27,11,19570,debt_consolidation,MORTGAGE,0,0,0,10.13,3,684,0.025979,MEDIUM,APPROVED,0,0,600-700,100K+
BL004233,2024-07-18 21:34:11,729,30318,11.61,11,12932,credit_card,OTHER,0,0,0,53.52,2,674,0.021329,MEDIUM,APPROVED,0,0,600-700,<50K
BL004234,2024-06-03 16:51:12,749,25713,19.4,4,12858,debt_consolidation,MORTGAGE,1,4,18,34.2,0,720,0.00718,LOW,APPROVED,0,0,700-800,<50K
BL004235,2024-07-13 03:55:20,654,26913,22.38,3,16198,debt_consolidation,MORTGAGE,0,0,0,35.82,2,611,0.122662,HIGH,APPROVED,0,0,600-700,<50K
BL004236,2024-02-28 14:28:01,803,33523,24.37,1,37427,major_purchase,MORTGAGE,1,4,19,0.0,0,770,0.002904,LOW,APPROVED,0,0,700-800,<50K
BL004237,2024-06-11 20:25:03,704,53968,19.21,1,12959,home_improvement,RENT,1,4,25,62.3,2,690,0.035922,MEDIUM,APPROVED,0,30,600-700,50-75K
BL004238,2024-06-29 07:34:53,594,95292,22.97,22,14824,major_purchase,RENT,0,0,0,27.16,0,626,0.082696,HIGH,APPROVED,0,0,600-700,75-100K
BL004239,2024-08-06 23:51:38,743,56528,31.71,3,19073,credit_card,RENT,0,0,0,59.51,1,703,0.012798,LOW,APPROVED,0,0,700-800,50-75K
BL004240,2024-02-08 04:58:02,705,55720,12.26,10,43146,credit_card,RENT,0,0,0,52.87,1,642,0.055722,HIGH,APPROVED,0,0,600-700,50-75K
BL004241,2024-02-27 20:15:41,706,58574,29.21,12,11167,debt_consolidation,MORTGAGE,0,0,0,0.0,1,724,0.009264,LOW,APPROVED,0,0,700-800,50-75K
BL004242,2024-12-09 10:03:31,603,68073,23.37,6,90000,other,RENT,1,3,12,34.82,2,562,0.298447,VERY_HIGH,DECLINED,0,0,<600,50-75K
BL004243,2024-07-31 15:19:40,674,41576,27.65,1,17853,credit_card,RENT,0,0,0,70.6,1,672,0.034451,MEDIUM,APPROVED,0,0,600-700,<50K
BL004244,2024-10-31 18:33:21,699,82347,25.73,4,16002,debt_consolidation,MORTGAGE,0,0,0,100.0,1,667,0.052848,HIGH,DECLINED,0,0,600-700,75-100K
BL004245,2024-09-27 23:38:35,682,60875,26.8,16,21634,credit_card,RENT,1,2,46,44.26,1,640,0.059086,HIGH,APPROVED,0,0,600-700,50-75K
BL004246,2024-01-02 23:46:19,728,69221,21.04,4,14409,debt_consolidation,MORTGAGE,0,0,0,46.48,0,740,0.005815,LOW,APPROVED,0,0,700-800,50-75K
BL004247,2024-01-21 00:27:44,759,79223,32.87,2,15911,debt_consolidation,MORTGAGE,1,5,1,39.51,0,706,0.012848,LOW,APPROVED,1,120,700-800,75-100K
BL004248,2024-05-24 21:30:07,774,79918,33.52,0,10989,other,MORTGAGE,0,0,0,94.1,0,670,0.024268,MEDIUM,APPROVED,0,0,600-700,75-100K
BL004249,2024-06-14 18:42:41,759,88034,30.12,5,64053,home_improvement,MORTGAGE,1,2,44,31.0,0,704,0.011508,LOW,APPROVED,0,0,700-800,75-100K
BL004250,2024-05-13 06:21:26,682,42262,16.86,8,10179,other,MORTGAGE,0,0,0,49.84,1,643,0.057782,HIGH,APPROVED,0,0,600-700,<50K
BL004251,2024-09-05 08:22:47,784,76393,21.94,0,31159,major_purchase,RENT,1,7,6,51.11,1,745,0.003066,LOW,APPROVED,0,0,700-800,75-100K
BL004252,2024-06-24 03:12:15,704,31194,26.01,12,29690,other,RENT,0,0,0,40.41,0,641,0.050158,HIGH,APPROVED,0,0,600-700,<50K
BL004253,2024-07-22 18:10:32,737,24497,41.48,3,17313,major_purchase,RENT,0,0,0,63.83,3,630,0.110283,HIGH,APPROVED,0,0,600-700,<50K
BL004254,2024-09-02 23:50:45,677,52362,30.67,11,31119,major_purchase,RENT,1,5,15,42.63,1,637,0.071958,HIGH,APPROVED,0,0,600-700,50-75K
BL004255,2024-12-07 11:52:32,614,73989,28.76,7,34331,other,RENT,1,5,4,47.0,1,581,0.221696,VERY_HIGH,APPROVED,1,90,<600,50-75K
BL004256,2024-04-04 18:40:01,566,76313,34.43,10,30792,credit_card,RENT,1,5,25,80.71,2,509,0.729799,VERY_HIGH,DECLINED,1,120,<600,75-100K
BL004257,2024-05-02 21:41:03,700,72248,12.53,10,7754,other,RENT,2,5,52,55.8,2,661,0.045551,HIGH,DECLINED,0,0,600-700,50-75K
BL004258,2024-10-11 16:34:08,653,89705,29.4,12,36972,credit_card,MORTGAGE,0,0,0,48.73,1,611,0.108779,HIGH,APPROVED,0,0,600-700,75-100K
BL004259,2024-10-24 10:03:02,690,28234,1.0,14,32163,debt_consolidation,MORTGAGE,0,0,0,29.28,0,775,0.002087,LOW,DECLINED,0,0,700-800,<50K
BL004260,2024-12-05 07:03:23,739,48316,19.44,3,22441,home_improvement,MORTGAGE,0,0,0,31.22,1,691,0.009721,LOW,DECLINED,0,0,600-700,<50K
BL004261,2024-09-10 10:50:32,607,55648,25.34,13,13846,debt_consolidation,OWN,0,0,0,35.76,1,631,0.083374,HIGH,APPROVED,0,0,600-700,50-75K
BL004262,2024-07-15 20:42:54,594,43034,10.7,1,16521,credit_card,MORTGAGE,0,0,0,47.34,0,631,0.121438,HIGH,APPROVED,0,0,600-700,<50K
BL004263,2024-03-05 10:17:18,704,71036,2.87,1,4636,credit_card,RENT,1,5,16,36.28,0,727,0.007871,LOW,APPROVED,0,30,700-800,50-75K
BL004264,2024-09-23 04:55:49,710,79464,11.13,8,36832,debt_consolidation,MORTGAGE,0,0,0,49.67,2,706,0.012264,LOW,APPROVED,0,0,700-800,75-100K
BL004265,2024-04-17 14:56:02,675,70506,27.57,26,6983,debt_consolidation,MORTGAGE,1,3,24,63.88,2,619,0.138251,HIGH,APPROVED,1,150,600-700,50-75K
BL004266,2024-07-04 12:03:48,661,64719,27.12,16,40948,debt_consolidation,OWN,0,0,0,44.85,1,613,0.087783,HIGH,APPROVED,0,0,600-700,50-75K
BL004267,2024-10-11 09:18:31,603,170639,26.82,7,23914,credit_card,MORTGAGE,0,0,0,48.88,1,620,0.164569,HIGH,APPROVED,1,150,600-700,100K+
BL004268,2024-12-17 18:55:01,685,63659,22.13,14,46049,credit_card,MORTGAGE,0,0,0,31.63,1,674,0.036647,MEDIUM,APPROVED,0,0,600-700,50-75K
BL004269,2024-04-03 15:03:57,650,62313,32.88,2,10126,home_improvement,MORTGAGE,0,0,0,36.29,2,598,0.234081,VERY_HIGH,APPROVED,0,0,<600,50-75K
BL004270,2024-03-18 02:57:52,714,105403,28.53,7,12608,debt_consolidation,OWN,0,0,0,31.56,3,668,0.021813,MEDIUM,APPROVED,1,60,600-700,100K+
BL004271,2024-08-10 22:59:23,742,137575,18.56,2,18155,other,MORTGAGE,3,3,21,86.87,2,608,0.109287,HIGH,DECLINED,0,0,600-700,100K+
BL004272,2024-11-06 11:21:49,660,41381,23.57,1,5218,home_improvement,MORTGAGE,1,3,45,31.2,1,646,0.052898,HIGH,DECLINED,0,0,600-700,<50K
BL004273,2024-03-29 23:06:36,713,39913,41.19,4,9468,other,RENT,0,0,0,7.98,1,656,0.030483,MEDIUM,APPROVED,0,0,600-700,<50K
BL004274,2024-09-02 21:10:16,700,112066,19.1,1,26522,credit_card,MORTGAGE,0,0,0,23.92,2,726,0.009729,LOW,APPROVED,0,0,700-800,100K+
BL004275,2024-06-13 10:03:54,728,101441,13.15,3,71262,other,RENT,1,3,33,60.84,1,709,0.010776,LOW,APPROVED,0,0,700-800,100K+
BL004276,2024-11-13 13:59:05,774,89930,11.59,14,9638,credit_card,OWN,1,1,2,48.59,2,722,0.005249,LOW,APPROVED,0,0,700-800,75-100K
BL004277,2024-12-20 15:28:18,726,55372,5.95,1,32344,major_purchase,RENT,0,0,0,36.56,0,773,0.002506,LOW,APPROVED,0,0,700-800,50-75K
BL004278,2024-08-28 19:20:58,729,82858,11.81,4,13279,other,MORTGAGE,0,0,0,54.1,2,724,0.008415,LOW,APPROVED,0,0,700-800,75-100K
BL004279,2024-05-06 13:18:09,734,33371,35.37,0,21248,major_purchase,OWN,1,8,44,11.86,1,685,0.021239,MEDIUM,APPROVED,0,0,600-700,<50K
BL004280,2024-02-02 10:54:45,667,37445,29.38,2,30408,credit_card,OWN,3,5,20,41.62,1,577,0.230282,VERY_HIGH,APPROVED,0,0,<600,<50K
BL004281,2024-07-10 19:07:38,690,122949,28.34,3,17208,debt_consolidation,OWN,0,0,0,81.89,1,634,0.080276,HIGH,APPROVED,0,0,600-700,100K+
BL004282,2024-04-15 13:56:46,709,35692,30.86,8,19255,debt_consolidation,RENT,0,0,0,76.86,2,607,0.148218,HIGH,APPROVED,0,0,600-700,<50K
BL004283,2024-11-04 16:29:07,758,57861,17.72,1,16735,credit_card,OWN,0,0,0,39.02,0,764,0.002175,LOW,APPROVED,0,0,700-800,50-75K
BL004284,2024-10-20 22:45:29,761,81835,20.1,5,18906,debt_consolidation,MORTGAGE,0,0,0,62.22,1,756,0.004462,LOW,APPROVED,0,0,700-800,75-100K
BL004285,2024-05-23 11:15:20,814,71194,24.59,4,23979,major_purchase,MORTGAGE,0,0,0,44.42,0,777,0.001896,LOW,APPROVED,0,0,700-800,50-75K
BL004286,2024-05-01 23:39:03,630,38367,36.5,10,29439,major_purchase,RENT,0,0,0,68.76,2,553,0.426783,VERY_HIGH,DECLINED,0,0,<600,<50K
BL004287,2024-04-08 16:22:22,688,47818,19.5,1,15294,home_improvement,MORTGAGE,2,4,22,0.0,0,647,0.057264,HIGH,APPROVED,1,60,600-700,<50K
BL004288,2024-08-06 19:09:43,596,80021,11.55,11,14731,home_improvement,RENT,1,2,3,51.62,2,614,0.118292,HIGH,APPROVED,1,120,600-700,75-100K
BL004289,2024-03-07 11:29:48,661,51134,15.68,15,14526,major_purchase,RENT,1,5,12,45.29,1,662,0.032261,MEDIUM,APPROVED,0,0,600-700,50-75K
BL004290,2024-03-15 10:56:34,600,127723,36.83,5,11521,debt_consolidation,OWN,1,1,2,45.05,0,578,0.266163,VERY_HIGH,DECLINED,0,0,<600,100K+
BL004291,2024-02-17 20:06:56,754,58244,22.89,1,22969,other,MORTGAGE,0,0,0,5.03,3,719,0.006438,LOW,APPROVED,0,0,700-800,50-75K
BL004292,2024-11-20 18:59:35,731,137490,12.45,5,37318,debt_consolidation,MORTGAGE,2,4,54,31.23,2,686,0.024594,MEDIUM,APPROVED,0,0,600-700,100K+
BL004293,2024-05-08 16:59:47,631,61371,26.41,1,41025,home_improvement,OWN,0,0,0,30.6,1,629,0.082957,HIGH,APPROVED,0,0,600-700,50-75K
BL004294,2024-06-09 18:34:12,709,106120,30.42,9,9958,credit_card,RENT,1,4,24,32.65,1,703,0.014142,LOW,APPROVED,0,0,700-800,100K+
BL004295,2024-02-25 00:50:06,731,74868,16.63,12,13839,debt_consolidation,RENT,0,0,0,65.57,5,697,0.01865,MEDIUM,APPROVED,0,0,600-700,50-75K
BL004296,2024-02-09 01:53:03,785,63635,17.9,1,17838,other,RENT,0,0,0,26.82,0,811,0.000865,LOW,APPROVED,0,0,800+,50-75K
BL004297,2024-07-30 15:25:38,736,34083,14.83,2,23179,debt_consolidation,RENT,0,0,0,52.7,1,699,0.015324,LOW,APPROVED,0,0,600-700,<50K
BL004298,2024-09-08 07:10:58,697,79550,8.93,1,40850,debt_consolidation,OTHER,2,4,20,58.17,0,692,0.012778,LOW,APPROVED,1,150,600-700,75-100K
BL004299,2024-10-08 09:39:11,685,63783,20.02,1,17376,debt_consolidation,RENT,0,0,0,43.03,3,681,0.035934,MEDIUM,APPROVED,0,0,600-700,50-75K
BL004300,2024-04-20 18:13:26,724,72077,30.03,1,10497,debt_consolidation,RENT,0,0,0,32.95,2,677,0.020929,MEDIUM,APPROVED,0,0,600-700,50-75K
BL004301,2024-11-29 08:42:41,707,48542,29.01,8,41067,credit_card,RENT,0,0,0,55.34,2,626,0.061844,HIGH,APPROVED,0,0,600-700,<50K
BL004302,2024-09-16 19:42:00,664,40691,22.87,2,37753,debt_consolidation,RENT,1,7,1,35.24,1,620,0.118564,HIGH,DECLINED,1,90,600-700,<50K
BL004303,2024-08-08 23:27:10,623,40221,10.95,19,20776,other,OWN,2,7,51,46.42,2,602,0.148037,HIGH,APPROVED,0,0,600-700,<50K
BL004304,2024-02-17 10:43:13,748,58586,24.69,10,16580,home_improvement,MORTGAGE,0,0,0,60.76,1,688,0.014345,LOW,APPROVED,0,0,600-700,50-75K
BL004305,2024-03-14 12:53:39,651,91494,32.67,7,9653,home_improvement,MORTGAGE,1,8,46,31.03,1,586,0.199869,VERY_HIGH,APPROVED,0,0,<600,75-100K
BL004306,2024-01-03 23:20:01,675,52659,33.28,13,15965,home_improvement,RENT,0,0,0,100.0,1,579,0.183021,VERY_HIGH,DECLINED,0,0,<600,50-75K
BL004307,2024-10-21 03:47:52,734,37556,18.66,3,8297,major_purchase,OTHER,0,0,0,36.7,1,734,0.005094,LOW,APPROVED,0,0,700-800,<50K
BL004308,2024-10-03 12:56:35,687,42305,15.48,7,17399,home_improvement,MORTGAGE,1,5,20,24.71,0,684,0.02299,MEDIUM,APPROVED,0,0,600-700,<50K
BL004309,2024-09-30 07:19:09,752,36834,32.29,3,18778,major_purchase,RENT,2,2,57,8.46,2,704,0.022831,MEDIUM,APPROVED,0,0,700-800,<50K
BL004310,2024-05-13 08:01:43,629,29730,24.82,3,25252,other,RENT,0,0,0,47.14,1,642,0.084473,HIGH,APPROVED,0,0,600-700,<50K
BL004311,2024-09-10 10:36:02,732,51386,36.61,4,36144,credit_card,MORTGAGE,1,5,41,48.21,0,678,0.038113,MEDIUM,APPROVED,0,0,600-700,50-75K
BL004312,2024-09-07 07:17:32,618,45487,31.93,1,11803,major_purchase,RENT,0,0,0,51.21,0,602,0.166084,HIGH,APPROVED,0,30,600-700,<50K
BL004313,2024-03-25 10:02:33,608,51748,33.89,2,19026,credit_card,OTHER,1,3,24,43.67,1,558,0.403756,VERY_HIGH,APPROVED,0,0,<600,50-75K
BL004314,2024-01-12 11:48:07,633,139052,24.2,2,22737,home_improvement,MORTGAGE,0,0,0,64.51,3,596,0.213451,VERY_HIGH,DECLINED,0,30,<600,100K+
BL004315,2024-11-05 13:04:23,697,91920,13.09,0,42948,home_improvement,OTHER,0,0,0,61.93,3,699,0.012384,LOW,APPROVED,0,0,600-700,75-100K
BL004316,2024-02-01 22:48:11,653,115100,27.81,1,12640,home_improvement,RENT,0,0,0,13.0,3,664,0.034823,MEDIUM,APPROVED,0,0,600-700,100K+
BL004317,2024-10-14 19:33:37,615,61676,21.64,1,32020,debt_consolidation,MORTGAGE,0,0,0,49.71,1,636,0.096581,HIGH,APPROVED,0,0,600-700,50-75K
BL004318,2024-04-13 17:46:31,756,68620,29.56,13,34142,major_purchase,OWN,0,0,0,34.23,1,707,0.012877,LOW,APPROVED,0,0,700-800,50-75K
BL004319,2024-11-22 20:38:37,638,42962,22.34,2,17835,debt_consolidation,RENT,0,0,0,69.83,1,605,0.103266,HIGH,APPROVED,0,0,600-700,<50K
BL004320,2024-11-28 14:36:52,684,28172,29.53,2,50926,debt_consolidation,MORTGAGE,1,2,5,21.34,0,640,0.074414,HIGH,APPROVED,0,0,600-700,<50K
BL004321,2024-03-03 03:24:37,704,30508,18.52,4,11146,debt_consolidation,MORTGAGE,0,0,0,83.57,2,650,0.038839,MEDIUM,APPROVED,0,0,600-700,<50K
BL004322,2024-01-10 01:19:36,664,52003,24.79,11,27240,credit_card,MORTGAGE,0,0,0,53.28,2,635,0.111322,HIGH,APPROVED,0,0,600-700,50-75K
BL004323,2024-07-17 23:11:37,710,75256,32.95,2,16571,debt_consolidation,OTHER,0,0,0,56.21,4,655,0.079819,HIGH,APPROVED,0,0,600-700,75-100K
BL004324,2024-05-27 21:14:53,724,163370,36.76,13,21253,debt_consolidation,RENT,1,2,31,44.62,0,666,0.036419,MEDIUM,APPROVED,0,0,600-700,100K+
BL004325,2024-03-12 16:27:22,685,59099,12.87,2,26229,major_purchase,OTHER,0,0,0,46.95,1,678,0.030226,MEDIUM,APPROVED,0,30,600-700,50-75K
BL004326,2024-08-17 09:44:14,747,31175,26.71,36,68775,major_purchase,RENT,1,8,9,61.12,3,647,0.045512,HIGH,DECLINED,0,0,600-700,<50K
BL004327,2024-02-23 15:07:57,658,51764,26.38,10,7964,debt_consolidation,RENT,0,0,0,74.51,0,623,0.092971,HIGH,APPROVED,1,90,600-700,50-75K
BL004328,2024-12-04 22:14:28,632,76348,25.9,11,55086,other,OTHER,0,0,0,24.89,0,641,0.064564,HIGH,APPROVED,0,0,600-700,75-100K
BL004329,2024-03-16 03:33:33,701,36712,24.01,1,10161,home_improvement,MORTGAGE,1,0,27,41.08,3,640,0.065562,HIGH,APPROVED,1,90,600-700,<50K
BL004330,2024-06-25 07:25:21,637,49447,25.66,9,7171,home_improvement,RENT,1,2,6,74.92,2,521,0.592353,VERY_HIGH,DECLINED,1,120,<600,<50K
BL004331,2024-11-23 08:18:24,711,76289,20.24,16,25143,other,RENT,0,0,0,62.37,1,686,0.02043,MEDIUM,APPROVED,0,0,600-700,75-100K
BL004332,2024-07-30 10:05:52,685,64469,28.61,3,19080,debt_consolidation,OTHER,2,2,1,42.95,1,610,0.118479,HIGH,APPROVED,0,0,600-700,50-75K
BL004333,2024-04-19 10:40:06,665,74238,36.97,10,34341,home_improvement,MORTGAGE,3,3,40,16.88,0,635,0.088932,HIGH,APPROVED,1,150,600-700,50-75K
BL004334,2024-08-31 03:02:26,722,63101,9.6,0,15338,credit_card,OTHER,1,3,18,10.57,2,737,0.005647,LOW,APPROVED,0,0,700-800,50-75K
BL004335,2024-07-28 17:20:09,719,60937,36.79,6,26356,home_improvement,RENT,1,2,31,45.16,3,654,0.06984,HIGH,APPROVED,0,0,600-700,50-75K
BL004336,2024-11-13 11:54:37,528,112216,12.5,7,7690,other,MORTGAGE,0,0,0,20.1,0,625,0.083819,HIGH,APPROVED,0,0,600-700,100K+
BL004337,2024-03-22 09:25:54,673,91632,20.66,0,13454,debt_consolidation,MORTGAGE,0,0,0,68.47,3,653,0.059662,HIGH,APPROVED,0,0,600-700,75-100K
BL004338,2024-11-02 14:17:16,698,68998,15.97,4,9760,credit_card,RENT,0,0,0,48.65,1,674,0.031185,MEDIUM,APPROVED,0,0,600-700,50-75K
BL004339,2024-12-19 21:04:15,717,77970,29.92,5,8093,home_improvement,OTHER,0,0,0,29.36,1,680,0.024427,MEDIUM,APPROVED,0,0,600-700,75-100K
BL004340,2024-12-13 20:19:20,660,60416,21.87,1,17571,credit_card,MORTGAGE,0,0,0,9.48,1,686,0.034765,MEDIUM,APPROVED,0,0,600-700,50-75K
BL004341,2024-10-28 20:11:59,627,60468,29.05,1,72424,debt_consolidation,RENT,2,3,15,65.26,1,564,0.449698,VERY_HIGH,DECLINED,1,120,<600,50-75K
BL004342,2024-11-24 23:26:51,697,74232,6.63,11,14752,credit_card,RENT,0,0,0,62.22,1,690,0.01776,MEDIUM,APPROVED,0,0,600-700,50-75K
BL004343,2024-04-21 16:20:19,727,68099,23.73,3,33717,debt_consolidation,RENT,0,0,0,60.32,2,680,0.039731,MEDIUM,APPROVED,0,0,600-700,50-75K
BL004344,2024-09-04 05:46:59,577,190805,31.58,8,16457,other,OWN,2,6,4,13.03,4,545,0.380894,VERY_HIGH,DECLINED,1,150,<600,100K+
BL004345,2024-04-17 21:01:28,608,69645,23.9,4,40331,debt_consolidation,OTHER,0,0,0,53.94,0,584,0.21685,VERY_HIGH,DECLINED,0,0,<600,50-75K
BL004346,2024-01-30 01:01:00,658,75154,14.88,3,10166,home_improvement,OTHER,1,3,10,39.79,1,641,0.049623,HIGH,APPROVED,0,0,600-700,75-100K
BL004347,2024-04-14 04:47:50,548,159986,24.67,15,42610,debt_consolidation,OWN,0,0,0,62.4,0,546,0.444467,VERY_HIGH,APPROVED,0,0,<600,100K+
BL004348,2024-03-09 05:27:43,657,41869,38.45,3,21802,debt_consolidation,OTHER,1,5,37,30.02,1,598,0.202332,VERY_HIGH,DECLINED,0,0,<600,<50K
BL004349,2024-05-03 23:18:43,735,66087,32.56,0,9498,other,RENT,0,0,0,37.21,2,680,0.024052,MEDIUM,APPROVED,0,0,600-700,50-75K
BL004350,2024-10-10 18:54:42,632,109650,34.99,2,10215,credit_card,MORTGAGE,0,0,0,27.11,0,625,0.098391,HIGH,APPROVED,0,0,600-700,100K+
BL004351,2024-04-02 11:23:19,698,69296,16.08,3,34151,debt_consolidation,RENT,1,1,32,100.0,2,679,0.044678,HIGH,DECLINED,0,0,600-700,50-75K
BL004352,2024-12-08 02:07:16,641,61993,23.86,2,24006,other,RENT,0,0,0,47.88,3,586,0.232215,VERY_HIGH,APPROVED,0,0,<600,50-75K
BL004353,2024-11-17 13:45:39,713,43822,18.93,10,9362,debt_consolidation,OWN,1,3,30,55.94,1,679,0.021943,MEDIUM,APPROVED,0,30,600-700,<50K
BL004354,2024-07-30 22:57:01,726,63725,22.48,24,8583,major_purchase,MORTGAGE,0,0,0,51.04,2,748,0.00552,LOW,APPROVED,0,0,700-800,50-75K
BL004355,2024-11-15 08:40:12,761,46326,15.48,4,12947,debt_consolidation,MORTGAGE,0,0,0,3.87,2,763,0.002778,LOW,APPROVED,0,0,700-800,<50K
BL004356,2024-08-17 05:43:35,694,100044,17.82,3,9898,major_purchase,MORTGAGE,0,0,0,100.0,3,643,0.063359,HIGH,APPROVED,0,0,600-700,100K+
BL004357,2024-08-02 21:38:35,748,81076,35.89,9,20056,home_improvement,OWN,0,0,0,52.89,1,706,0.009337,LOW,APPROVED,0,0,700-800,75-100K
BL004358,2024-02-16 08:55:35,712,55747,13.18,11,75283,credit_card,RENT,0,0,0,68.13,2,662,0.033655,MEDIUM,DECLINED,0,0,600-700,50-75K
BL004359,2024-03-15 23:03:21,664,105021,30.13,10,25924,home_improvement,MORTGAGE,1,2,40,70.82,1,603,0.177076,VERY_HIGH,APPROVED,0,0,600-700,100K+
BL004360,2024-07-17 08:26:42,771,40526,22.61,7,12169,home_improvement,RENT,2,3,4,56.67,2,656,0.031962,MEDIUM,APPROVED,0,0,600-700,<50K
BL004361,2024-06-30 22:48:01,657,43388,18.81,4,26204,home_improvement,RENT,0,0,0,38.73,2,647,0.063197,HIGH,APPROVED,0,30,600-700,<50K
BL004362,2024-05-12 10:22:20,699,87739,30.47,3,14464,home_improvement,MORTGAGE,1,7,29,46.31,1,640,0.065081,HIGH,APPROVED,0,0,600-700,75-100K
BL004363,2024-08-10 11:55:57,824,71536,25.64,5,12423,other,OWN,1,2,5,78.01,1,736,0.004359,LOW,APPROVED,0,0,700-800,50-75K
BL004364,2024-09-30 17:43:23,738,38357,35.97,2,24981,debt_consolidation,MORTGAGE,0,0,0,57.09,0,685,0.019996,MEDIUM,APPROVED,0,0,600-700,<50K
BL004365,2024-12-20 13:32:27,645,45599,42.61,10,5136,debt_consolidation,MORTGAGE,2,4,44,67.31,2,495,0.714451,VERY_HIGH,DECLINED,1,120,<600,<50K
BL004366,2024-05-14 16:25:30,706,57118,30.03,12,13185,other,MORTGAGE,0,0,0,57.01,0,695,0.02302,MEDIUM,APPROVED,0,0,600-700,50-75K
BL004367,2024-12-18 08:30:05,660,47712,20.83,1,90000,home_improvement,OWN,0,0,0,72.28,0,631,0.064987,HIGH,APPROVED,0,0,600-700,<50K
BL004368,2024-06-16 17:37:05,682,69235,18.62,2,11077,debt_consolidation,MORTGAGE,4,5,46,45.26,0,616,0.148465,HIGH,DECLINED,0,0,600-700,50-75K
BL004369,2024-03-17 04:21:21,607,60247,9.32,0,22021,debt_consolidation,MORTGAGE,1,9,27,0.0,3,607,0.162149,HIGH,APPROVED,0,0,600-700,50-75K
BL004370,2024-06-15 10:09:09,702,78247,24.66,6,29315,major_purchase,OWN,1,6,16,52.16,2,647,0.070465,HIGH,APPROVED,1,150,600-700,75-100K
BL004371,2024-03-26 01:56:29,605,61382,18.58,0,12084,debt_consolidation,RENT,0,0,0,31.23,1,631,0.100246,HIGH,DECLINED,0,0,600-700,50-75K
BL004372,2024-03-27 20:25:02,710,73781,43.47,14,13926,other,MORTGAGE,0,0,0,84.8,2,624,0.103634,HIGH,APPROVED,0,0,600-700,50-75K
BL004373,2024-08-21 13:46:49,710,52269,19.08,0,58278,credit_card,RENT,1,5,4,70.34,0,641,0.085456,HIGH,DECLINED,0,0,600-700,50-75K
BL004374,2024-10-02 07:21:31,736,74721,18.34,6,20376,home_improvement,MORTGAGE,0,0,0,50.48,1,742,0.005259,LOW,APPROVED,0,0,700-800,50-75K
BL004375,2024-02-06 18:26:07,812,73509,15.49,0,13749,debt_consolidation,MORTGAGE,0,0,0,82.45,2,754,0.003378,LOW,APPROVED,0,0,700-800,50-75K
BL004376,2024-02-17 08:03:39,599,85818,23.08,2,9778,major_purchase,OWN,0,0,0,73.35,1,577,0.291635,VERY_HIGH,APPROVED,0,0,<600,75-100K
BL004377,2024-08-20 04:15:51,624,73448,18.9,3,45351,other,RENT,0,0,0,46.65,2,638,0.082665,HIGH,APPROVED,1,120,600-700,50-75K
BL004378,2024-01-31 08:03:54,635,53180,8.2,4,39119,major_purchase,RENT,0,0,0,33.89,2,644,0.039404,MEDIUM,APPROVED,0,0,600-700,50-75K
BL004379,2024-01-07 21:29:50,659,61329,33.93,10,19421,debt_consolidation,RENT,1,4,53,36.27,1,649,0.064532,HIGH,APPROVED,0,0,600-700,50-75K
BL004380,2024-05-22 16:37:31,738,111262,28.26,8,36647,other,MORTGAGE,0,0,0,56.95,0,715,0.011747,LOW,APPROVED,0,0,700-800,100K+
BL004381,2024-03-17 08:15:01,671,56239,38.88,0,19150,major_purchase,MORTGAGE,0,0,0,57.77,1,638,0.072457,HIGH,DECLINED,0,0,600-700,50-75K
BL004382,2024-12-19 17:49:33,658,64939,30.17,1,16476,major_purchase,MORTGAGE,2,2,42,17.63,1,650,0.044475,HIGH,APPROVED,1,60,600-700,50-75K
BL004383,2024-10-05 20:16:29,628,125972,24.2,5,11375,debt_consolidation,MORTGAGE,2,5,2,73.07,3,591,0.280062,VERY_HIGH,APPROVED,0,0,<600,100K+
BL004384,2024-10-10 22:12:50,655,83444,32.63,8,32642,home_improvement,MORTGAGE,2,2,49,41.22,3,543,0.495999,VERY_HIGH,DECLINED,0,0,<600,75-100K
BL004385,2024-02-05 07:39:48,666,85128,23.74,15,15045,major_purchase,OWN,1,3,4,40.58,1,689,0.02634,MEDIUM,APPROVED,0,0,600-700,75-100K
BL004386,2024-02-23 19:41:21,684,42953,34.24,4,17902,home_improvement,MORTGAGE,0,0,0,0.0,0,690,0.031562,MEDIUM,APPROVED,0,0,600-700,<50K
BL004387,2024-01-01 10:56:05,611,42659,24.15,3,31262,other,RENT,0,0,0,30.16,1,574,0.195353,VERY_HIGH,DECLINED,0,0,<600,<50K
BL004388,2024-07-11 19:47:24,686,71361,26.51,1,41718,major_purchase,MORTGAGE,1,4,18,20.01,0,654,0.030547,MEDIUM,APPROVED,0,0,600-700,50-75K
BL004389,2024-07-12 09:58:24,721,159192,8.06,4,7118,credit_card,RENT,1,7,32,76.89,1,664,0.053487,HIGH,APPROVED,0,0,600-700,100K+
BL004390,2024-05-08 05:53:32,709,28778,20.43,6,22223,major_purchase,MORTGAGE,0,0,0,56.8,2,659,0.029355,MEDIUM,APPROVED,0,0,600-700,<50K
BL004391,2024-07-05 02:41:34,621,30236,27.16,7,29418,other,RENT,1,3,7,37.55,2,575,0.200809,VERY_HIGH,APPROVED,0,0,<600,<50K
BL004392,2024-11-22 04:06:28,735,80459,25.29,5,27659,credit_card,MORTGAGE,2,5,42,43.38,0,669,0.046279,HIGH,APPROVED,0,0,600-700,75-100K
BL004393,2024-10-28 11:31:27,734,70398,23.44,0,5706,credit_card,MORTGAGE,1,4,41,86.42,0,672,0.0385,MEDIUM,APPROVED,0,0,600-700,50-75K
BL004394,2024-06-24 02:14:57,706,41048,34.52,12,26933,debt_consolidation,RENT,2,2,9,52.41,2,607,0.167893,HIGH,DECLINED,1,120,600-700,<50K
BL004395,2024-02-22 07:10:27,622,93181,34.77,5,12969,major_purchase,RENT,0,0,0,64.67,4,559,0.39164,VERY_HIGH,DECLINED,0,0,<600,75-100K
BL004396,2024-04-23 19:00:13,609,68275,12.85,8,34851,credit_card,RENT,1,6,15,44.3,3,583,0.238195,VERY_HIGH,DECLINED,0,0,<600,50-75K
BL004397,2024-04-09 23:30:53,692,50985,24.75,6,50103,other,MORTGAGE,0,0,0,7.8,1,704,0.016756,MEDIUM,APPROVED,0,0,700-800,50-75K
BL004398,2024-05-24 17:22:01,633,60523,28.41,6,18005,debt_consolidation,RENT,0,0,0,51.61,1,647,0.054253,HIGH,APPROVED,1,60,600-700,50-75K
BL004399,2024-05-23 10:06:13,616,49566,42.94,4,30981,credit_card,RENT,0,0,0,68.31,0,576,0.279387,VERY_HIGH,DECLINED,1,120,<600,<50K
BL004400,2024-01-21 05:49:03,739,71574,26.86,6,13465,debt_consolidation,OWN,0,0,0,0.0,1,765,0.003697,LOW,APPROVED,0,0,700-800,50-75K
BL004401,2024-05-15 09:48:00,740,46163,20.13,7,31752,other,MORTGAGE,2,4,34,75.69,1,697,0.020171,MEDIUM,APPROVED,0,0,600-700,<50K
BL004402,2024-04-10 21:40:35,725,38285,23.27,8,31207,home_improvement,OTHER,1,7,41,43.76,0,646,0.036906,MEDIUM,APPROVED,0,0,600-700,<50K
BL004403,2024-07-09 01:45:24,762,45794,35.09,9,18525,other,OTHER,0,0,0,49.94,0,704,0.008793,LOW,APPROVED,1,60,700-800,<50K
BL004404,2024-03-28 19:01:23,739,73418,2.38,0,22018,credit_card,RENT,0,0,0,51.3,1,723,0.006476,LOW,APPROVED,0,0,700-800,50-75K
BL004405,2024-03-25 01:39:50,626,102033,32.88,7,9937,credit_card,RENT,0,0,0,29.69,0,635,0.085658,HIGH,APPROVED,1,60,600-700,100K+
BL004406,2024-11-11 22:45:50,753,47466,34.57,3,15208,credit_card,MORTGAGE,1,2,51,20.94,0,720,0.009836,LOW,APPROVED,0,0,700-800,<50K
BL004407,2024-09-19 11:58:16,696,40167,22.52,20,4160,debt_consolidation,RENT,0,0,0,66.05,0,717,0.013737,LOW,APPROVED,0,0,700-800,<50K
BL004408,2024-08-06 04:06:08,714,71102,34.31,5,26537,credit_card,MORTGAGE,0,0,0,46.7,2,619,0.124249,HIGH,APPROVED,0,0,600-700,50-75K
BL004409,2024-05-29 07:31:38,776,101496,17.53,5,19745,major_purchase,RENT,1,2,6,62.59,2,733,0.008705,LOW,APPROVED,0,0,700-800,100K+
BL004410,2024-03-25 15:29:35,714,53034,14.32,1,4724,credit_card,MORTGAGE,2,9,50,36.24,1,686,0.031099,MEDIUM,APPROVED,0,0,600-700,50-75K
BL004411,2024-09-19 05:47:20,776,120663,9.65,13,11735,home_improvement,MORTGAGE,1,5,5,37.62,0,763,0.003528,LOW,APPROVED,0,0,700-800,100K+
BL004412,2024-11-06 16:02:51,693,44651,22.41,7,14397,credit_card,RENT,0,0,0,16.31,1,723,0.00794,LOW,APPROVED,0,0,700-800,<50K
BL004413,2024-08-31 21:33:58,669,116519,27.69,15,47164,major_purchase,MORTGAGE,1,3,43,46.15,3,600,0.213544,VERY_HIGH,APPROVED,0,0,600-700,100K+
BL004414,2024-05-30 04:48:54,651,84557,25.36,1,17737,home_improvement,RENT,0,0,0,17.41,0,653,0.038287,MEDIUM,APPROVED,0,0,600-700,75-100K
BL004415,2024-06-15 19:19:09,682,30024,11.77,3,24597,home_improvement,RENT,3,4,32,54.68,0,623,0.102723,HIGH,DECLINED,0,0,600-700,<50K
BL004416,2024-11-27 10:16:44,598,78904,24.44,2,23075,credit_card,RENT,0,0,0,59.14,1,606,0.193624,VERY_HIGH,DECLINED,1,90,600-700,75-100K
BL004417,2024-05-23 05:27:43,686,56908,29.05,3,8293,other,RENT,1,3,36,45.65,0,621,0.093588,HIGH,APPROVED,0,0,600-700,50-75K
BL004418,2024-05-04 11:05:20,683,58077,27.94,0,21850,other,RENT,0,0,0,0.0,0,695,0.013406,LOW,APPROVED,0,0,600-700,50-75K
BL004419,2024-12-17 19:22:40,661,45632,36.86,5,45875,other,MORTGAGE,0,0,0,71.03,1,628,0.135269,HIGH,APPROVED,0,0,600-700,<50K
BL004420,2024-01-26 11:09:35,567,63180,14.56,4,30843,home_improvement,MORTGAGE,1,5,51,32.47,0,601,0.216944,VERY_HIGH,DECLINED,0,0,600-700,50-75K
BL004421,2024-01-06 21:47:01,572,47179,27.25,3,8556,debt_consolidation,MORTGAGE,3,3,49,62.71,0,506,0.74016,VERY_HIGH,DECLINED,1,120,<600,<50K
BL004422,2024-04-22 03:50:14,729,66477,22.52,5,10382,other,RENT,0,0,0,50.05,1,705,0.0242,MEDIUM,APPROVED,0,0,700-800,50-75K
BL004423,2024-09-01 14:26:11,637,99406,24.75,9,27725,credit_card,RENT,0,0,0,52.99,1,616,0.135958,HIGH,APPROVED,0,0,600-700,75-100K
BL004424,2024-06-17 14:22:32,765,113764,18.91,20,68890,home_improvement,OTHER,1,3,47,53.19,3,689,0.018576,MEDIUM,APPROVED,0,0,600-700,100K+
BL004425,2024-02-11 01:03:34,651,101377,24.32,2,9318,debt_consolidation,MORTGAGE,0,0,0,64.64,0,652,0.057297,HIGH,APPROVED,0,0,600-700,100K+
BL004426,2024-03-14 23:30:23,710,91713,11.7,0,20657,credit_card,MORTGAGE,0,0,0,50.06,2,700,0.018881,MEDIUM,APPROVED,0,0,700-800,75-100K
BL004427,2024-12-13 09:24:27,610,75795,18.57,4,60005,credit_card,MORTGAGE,0,0,0,39.83,2,618,0.113668,HIGH,APPROVED,0,0,600-700,75-100K
BL004428,2024-12-24 17:42:36,655,57475,32.56,4,25488,home_improvement,MORTGAGE,0,0,0,16.97,0,674,0.029173,MEDIUM,DECLINED,0,0,600-700,50-75K
BL004429,2024-03-07 14:51:51,678,38608,18.73,2,32370,home_improvement,MORTGAGE,0,0,0,13.04,1,726,0.011756,LOW,APPROVED,0,0,700-800,<50K
BL004430,2024-03-03 23:04:02,722,97251,21.11,4,11213,credit_card,MORTGAGE,0,0,0,28.61,2,754,0.004669,LOW,APPROVED,0,0,700-800,75-100K
BL004431,2024-07-29 07:18:43,782,51826,27.26,3,11083,major_purchase,OWN,0,0,0,62.76,0,756,0.004522,LOW,APPROVED,0,0,700-800,50-75K
BL004432,2024-08-04 15:50:31,743,67985,28.78,12,5592,major_purchase,MORTGAGE,0,0,0,33.91,1,712,0.012217,LOW,APPROVED,0,0,700-800,50-75K
BL004433,2024-07-01 05:10:12,610,34660,34.9,4,35364,debt_consolidation,MORTGAGE,0,0,0,37.05,0,595,0.189761,VERY_HIGH,DECLINED,0,0,<600,<50K
BL004434,2024-04-28 08:34:18,690,75912,16.87,11,30097,other,OTHER,1,4,34,81.12,1,668,0.057323,HIGH,APPROVED,0,0,600-700,75-100K
BL004435,2024-07-03 05:17:41,681,114174,21.83,3,70604,debt_consolidation,RENT,0,0,0,38.98,2,646,0.050807,HIGH,DECLINED,0,0,600-700,100K+
BL004436,2024-05-08 05:21:53,655,60248,12.53,3,8715,home_improvement,MORTGAGE,1,9,58,4.46,1,686,0.033454,MEDIUM,APPROVED,0,0,600-700,50-75K
BL004437,2024-08-21 12:13:01,722,92774,27.97,3,46164,other,RENT,1,6,33,28.66,0,723,0.012558,LOW,APPROVED,0,0,700-800,75-100K
BL004438,2024-02-27 18:38:17,777,58781,24.6,8,21505,other,OWN,1,4,19,98.11,2,675,0.019845,MEDIUM,APPROVED,1,150,600-700,50-75K
BL004439,2024-08-21 01:04:50,665,67373,25.63,14,27923,home_improvement,MORTGAGE,0,0,0,14.78,1,694,0.029282,MEDIUM,APPROVED,0,0,600-700,50-75K
BL004440,2024-09-17 08:05:44,751,51005,14.39,1,9103,home_improvement,MORTGAGE,2,5,22,34.77,0,703,0.015189,LOW,APPROVED,0,0,700-800,50-75K
BL004441,2024-03-08 04:35:51,767,19709,30.02,10,28104,credit_card,RENT,0,0,0,22.12,1,700,0.01602,LOW,APPROVED,0,0,700-800,<50K
BL004442,2024-01-22 21:52:55,632,73438,13.37,2,27700,credit_card,RENT,1,3,44,47.52,0,634,0.063715,HIGH,APPROVED,0,0,600-700,50-75K
BL004443,2024-03-04 09:50:47,788,77406,12.73,0,52123,credit_card,RENT,1,4,29,50.99,1,757,0.003214,LOW,APPROVED,0,0,700-800,75-100K
BL004444,2024-02-26 18:39:00,783,80616,19.11,3,29435,debt_consolidation,RENT,1,6,34,57.64,0,748,0.005456,LOW,APPROVED,0,0,700-800,75-100K
BL004445,2024-12-19 01:31:00,706,131288,15.92,9,27427,debt_consolidation,RENT,0,0,0,66.79,0,684,0.018241,MEDIUM,APPROVED,0,0,600-700,100K+
BL004446,2024-06-01 12:44:50,784,93461,28.81,1,16576,debt_consolidation,MORTGAGE,0,0,0,62.49,2,733,0.005603,LOW,APPROVED,0,0,700-800,75-100K
BL004447,2024-10-04 14:29:10,704,76683,24.9,2,52632,debt_consolidation,MORTGAGE,0,0,0,83.93,1,686,0.025066,MEDIUM,APPROVED,0,0,600-700,75-100K
BL004448,2024-05-07 19:42:31,753,47181,17.13,11,63918,credit_card,RENT,0,0,0,33.73,2,752,0.00365,LOW,APPROVED,0,0,700-800,<50K
BL004449,2024-04-04 18:50:30,726,222383,32.73,6,33368,home_improvement,RENT,0,0,0,45.94,2,671,0.029049,MEDIUM,APPROVED,0,0,600-700,100K+
BL004450,2024-06-08 10:21:55,643,34980,29.66,21,8463,major_purchase,OWN,1,3,36,76.27,0,560,0.401409,VERY_HIGH,APPROVED,0,30,<600,<50K
BL004451,2024-12-16 20:09:19,704,53233,21.54,6,11749,credit_card,RENT,0,0,0,12.73,1,718,0.010152,LOW,APPROVED,0,0,700-800,50-75K
BL004452,2024-12-25 23:49:36,681,50736,16.7,9,12660,major_purchase,RENT,1,4,6,26.27,3,675,0.04048,MEDIUM,APPROVED,0,0,600-700,50-75K
BL004453,2024-03-02 20:39:16,663,100178,14.31,14,69125,major_purchase,RENT,2,3,13,19.07,0,688,0.020474,MEDIUM,APPROVED,0,0,600-700,100K+
BL004454,2024-07-08 06:21:36,627,72770,26.06,1,16522,other,RENT,0,0,0,53.32,4,600,0.190119,VERY_HIGH,DECLINED,0,0,600-700,50-75K
BL004455,2024-11-16 22:58:00,647,79544,23.32,18,36954,credit_card,OWN,0,0,0,54.54,1,587,0.181627,VERY_HIGH,APPROVED,0,0,<600,75-100K
BL004456,2024-05-16 01:17:53,622,29419,26.27,1,28103,debt_consolidation,OWN,0,0,0,8.55,1,629,0.1109,HIGH,APPROVED,1,90,600-700,<50K
BL004457,2024-06-27 04:02:43,753,50143,26.9,7,21663,home_improvement,MORTGAGE,0,0,0,50.5,0,694,0.017274,MEDIUM,APPROVED,0,0,600-700,50-75K
BL004458,2024-03-01 01:24:19,582,98798,26.2,7,16580,home_improvement,RENT,1,2,34,63.61,1,547,0.414712,VERY_HIGH,DECLINED,0,0,<600,75-100K
BL004459,2024-12-01 16:13:39,694,50551,17.62,0,28114,debt_consolidation,RENT,2,2,13,76.58,3,600,0.104613,HIGH,APPROVED,0,30,600-700,50-75K
BL004460,2024-07-21 05:34:55,656,36654,26.7,9,54197,home_improvement,RENT,0,0,0,8.92,0,675,0.033395,MEDIUM,APPROVED,0,0,600-700,<50K
BL004461,2024-01-29 09:20:57,621,68877,23.28,3,26172,credit_card,RENT,1,3,1,54.64,0,634,0.081119,HIGH,APPROVED,0,0,600-700,50-75K
BL004462,2024-12-12 14:03:46,730,48800,4.13,5,8960,home_improvement,OWN,0,0,0,34.53,2,759,0.003894,LOW,APPROVED,0,0,700-800,<50K
BL004463,2024-10-03 05:23:34,646,63024,19.12,9,19123,credit_card,MORTGAGE,1,7,14,41.27,4,588,0.210315,VERY_HIGH,APPROVED,0,0,<600,50-75K
BL004464,2024-03-05 03:37:13,756,73601,33.6,8,33122,credit_card,RENT,2,7,32,75.88,2,664,0.040123,MEDIUM,DECLINED,0,0,600-700,50-75K
BL004465,2024-03-13 03:43:34,680,41111,26.92,0,38142,major_purchase,OTHER,0,0,0,23.4,1,688,0.025901,MEDIUM,APPROVED,0,0,600-700,<50K
BL004466,2024-05-15 08:24:51,708,61891,19.69,5,8292,credit_card,OWN,1,5,20,44.14,0,694,0.016092,LOW,APPROVED,0,0,600-700,50-75K
BL004467,2024-03-05 23:08:26,683,113691,18.96,40,29345,home_improvement,MORTGAGE,0,0,0,27.29,2,714,0.017705,MEDIUM,APPROVED,0,0,700-800,100K+
BL004468,2024-03-28 04:59:23,726,56447,27.03,1,41068,other,RENT,1,6,39,30.22,1,667,0.030414,MEDIUM,DECLINED,0,60,600-700,50-75K
BL004469,2024-11-06 06:11:03,742,57528,20.16,0,24237,home_improvement,MORTGAGE,1,6,39,74.99,1,675,0.045237,HIGH,APPROVED,0,0,600-700,50-75K
BL004470,2024-09-25 14:01:13,665,49447,9.94,1,13388,other,MORTGAGE,1,1,46,48.71,0,636,0.080231,HIGH,APPROVED,0,0,600-700,<50K
BL004471,2024-10-10 08:08:34,690,73240,11.66,5,19949,major_purchase,MORTGAGE,1,5,36,34.54,3,661,0.043895,HIGH,APPROVED,0,0,600-700,50-75K
BL004472,2024-07-09 22:18:48,787,79308,44.47,11,14999,debt_consolidation,MORTGAGE,0,0,0,39.51,3,680,0.022155,MEDIUM,DECLINED,0,0,600-700,75-100K
BL004473,2024-07-13 00:15:05,658,43238,20.99,10,22798,home_improvement,MORTGAGE,0,0,0,39.33,2,636,0.04382,HIGH,DECLINED,0,0,600-700,<50K
BL004474,2024-05-13 03:50:44,790,67006,23.95,5,14518,home_improvement,OWN,0,0,0,24.79,1,762,0.002253,LOW,APPROVED,0,0,700-800,50-75K
BL004475,2024-03-06 00:29:35,668,131258,25.25,0,90000,debt_consolidation,RENT,3,3,37,33.18,1,583,0.24835,VERY_HIGH,DECLINED,0,0,<600,100K+
BL004476,2024-08-27 19:31:53,659,30988,26.69,23,10637,debt_consolidation,OTHER,1,7,10,15.23,3,628,0.085481,HIGH,APPROVED,0,0,600-700,<50K
BL004477,2024-04-25 05:33:47,597,98047,29.85,4,11913,debt_consolidation,MORTGAGE,1,2,8,74.73,1,568,0.410419,VERY_HIGH,DECLINED,0,0,<600,75-100K
BL004478,2024-09-14 20:10:49,643,93759,24.43,2,17591,other,MORTGAGE,0,0,0,65.27,2,612,0.129233,HIGH,DECLINED,0,0,600-700,75-100K
BL004479,2024-12-16 02:28:46,594,32583,20.16,2,23360,major_purchase,RENT,0,0,0,52.84,0,619,0.162677,HIGH,APPROVED,0,0,600-700,<50K
BL004480,2024-03-18 01:24:11,659,30900,21.83,10,8389,home_improvement,RENT,0,0,0,19.4,1,708,0.01725,MEDIUM,APPROVED,0,0,700-800,<50K
BL004481,2024-08-26 20:53:41,728,49465,23.06,4,7042,debt_consolidation,RENT,1,3,54,34.8,1,660,0.044416,HIGH,APPROVED,0,0,600-700,<50K
BL004482,2024-03-15 04:49:54,687,115730,38.31,1,21181,home_improvement,MORTGAGE,1,6,12,57.4,1,610,0.147978,HIGH,DECLINED,0,0,600-700,100K+
BL004483,2024-01-12 18:59:48,657,47806,38.9,3,10095,debt_consolidation,RENT,1,4,41,16.19,3,573,0.251956,VERY_HIGH,APPROVED,1,90,<600,<50K
BL004484,2024-01-15 10:24:15,634,64048,30.25,5,28686,credit_card,OWN,0,0,0,29.34,0,637,0.08467,HIGH,APPROVED,1,120,600-700,50-75K
BL004485,2024-11-10 00:02:48,652,66470,39.04,3,16766,credit_card,MORTGAGE,0,0,0,47.06,1,577,0.28987,VERY_HIGH,DECLINED,0,0,<600,50-75K
BL004486,2024-10-08 06:08:42,610,60854,19.2,8,39154,home_improvement,RENT,2,8,2,69.17,4,566,0.348412,VERY_HIGH,APPROVED,0,0,<600,50-75K
BL004487,2024-03-08 18:53:48,620,150486,16.73,4,18194,debt_consolidation,MORTGAGE,1,1,33,62.62,3,603,0.199603,VERY_HIGH,DECLINED,0,0,600-700,100K+
BL004488,2024-08-29 22:15:35,797,71341,3.83,4,22934,credit_card,RENT,0,0,0,0.0,1,806,0.000721,LOW,APPROVED,0,0,800+,50-75K
BL004489,2024-01-30 07:59:20,703,37828,31.25,2,31809,home_improvement,MORTGAGE,0,0,0,16.27,2,703,0.019012,MEDIUM,APPROVED,0,0,700-800,<50K
BL004490,2024-03-25 05:58:09,640,71776,27.53,0,38173,major_purchase,RENT,0,0,0,44.14,0,692,0.028349,MEDIUM,DECLINED,0,0,600-700,50-75K
BL004491,2024-04-08 16:07:43,727,83715,12.8,3,15150,other,MORTGAGE,0,0,0,46.7,0,713,0.008041,LOW,APPROVED,0,0,700-800,75-100K
BL004492,2024-10-10 05:44:11,773,39423,28.52,5,26934,major_purchase,RENT,1,2,2,59.62,0,681,0.027714,MEDIUM,APPROVED,0,0,600-700,<50K
BL004493,2024-02-29 06:58:04,655,68498,21.05,4,17529,debt_consolidation,RENT,2,4,7,60.51,2,566,0.348345,VERY_HIGH,DECLINED,0,0,<600,50-75K
BL004494,2024-02-28 07:01:28,684,48450,25.75,1,37521,credit_card,OTHER,0,0,0,68.95,3,614,0.122345,HIGH,APPROVED,1,90,600-700,<50K
BL004495,2024-11-17 12:15:51,621,35553,32.66,4,14503,home_improvement,RENT,0,0,0,54.35,2,572,0.432011,VERY_HIGH,DECLINED,1,120,<600,<50K
BL004496,2024-06-24 23:20:19,602,42337,29.32,5,10619,home_improvement,MORTGAGE,0,0,0,96.01,3,542,0.458568,VERY_HIGH,DECLINED,0,0,<600,<50K
BL004497,2024-08-07 13:06:08,766,89682,23.26,4,47563,home_improvement,MORTGAGE,1,4,42,71.82,0,688,0.014522,LOW,APPROVED,0,0,600-700,75-100K
BL004498,2024-08-26 13:03:57,850,58513,20.05,5,4143,other,OWN,3,6,17,70.16,1,754,0.005127,LOW,APPROVED,0,0,700-800,50-75K
BL004499,2024-08-03 04:33:40,649,30594,32.56,1,50935,credit_card,RENT,0,0,0,97.77,0,591,0.253687,VERY_HIGH,APPROVED,1,60,<600,<50K
BL004500,2024-12-05 20:10:43,601,86482,13.85,0,16250,home_improvement,OWN,1,2,37,64.4,0,604,0.14018,HIGH,APPROVED,0,0,600-700,75-100K
BL004501,2024-07-13 07:18:52,768,54943,26.66,1,17069,major_purchase,MORTGAGE,0,0,0,61.43,2,674,0.024997,MEDIUM,DECLINED,0,0,600-700,50-75K
BL004502,2024-01-18 23:23:06,748,18000,31.93,0,34797,debt_consolidation,RENT,1,1,15,60.18,0,669,0.031884,MEDIUM,APPROVED,0,0,600-700,<50K
BL004503,2024-10-26 12:05:04,716,39034,36.03,4,9162,debt_consolidation,OTHER,0,0,0,36.01,3,591,0.171799,HIGH,APPROVED,0,0,<600,<50K
BL004504,2024-06-09 17:20:03,771,22269,10.32,4,30226,major_purchase,MORTGAGE,0,0,0,55.0,1,749,0.005543,LOW,APPROVED,0,0,700-800,<50K
BL004505,2024-05-25 20:25:47,671,47729,28.42,2,35110,credit_card,RENT,1,4,11,43.01,0,625,0.082984,HIGH,DECLINED,0,0,600-700,<50K
BL004506,2024-10-16 11:06:56,705,210160,21.62,11,6925,major_purchase,MORTGAGE,0,0,0,72.25,0,690,0.021568,MEDIUM,APPROVED,0,0,600-700,100K+
BL004507,2024-05-10 19:30:59,733,153647,21.84,24,6894,debt_consolidation,RENT,0,0,0,61.2,1,740,0.003933,LOW,APPROVED,0,0,700-800,100K+
BL004508,2024-01-07 17:32:40,673,70765,31.78,7,17887,credit_card,MORTGAGE,1,2,4,13.16,1,596,0.170615,HIGH,DECLINED,0,0,<600,50-75K
BL004509,2024-12-21 20:20:38,716,43238,25.84,1,20430,debt_consolidation,RENT,1,4,24,49.57,1,646,0.051461,HIGH,APPROVED,0,0,600-700,<50K
BL004510,2024-11-06 08:47:10,677,37477,1.0,8,15683,debt_consolidation,MORTGAGE,2,2,36,47.3,1,604,0.193479,VERY_HIGH,DECLINED,0,0,600-700,<50K
BL004511,2024-01-12 22:03:02,715,45270,30.04,5,14624,major_purchase,MORTGAGE,1,4,32,60.97,1,664,0.06182,HIGH,APPROVED,0,0,600-700,<50K
BL004512,2024-07-13 23:32:41,699,69932,14.28,4,22217,debt_consolidation,MORTGAGE,1,1,4,40.92,1,760,0.003851,LOW,APPROVED,0,0,700-800,50-75K
BL004513,2024-09-23 20:27:58,581,109389,28.64,9,26893,home_improvement,RENT,1,5,50,59.77,0,590,0.206487,VERY_HIGH,APPROVED,0,0,<600,100K+
BL004514,2024-11-17 08:33:59,695,64405,18.71,2,27428,debt_consolidation,MORTGAGE,0,0,0,17.23,1,696,0.014595,LOW,APPROVED,0,0,600-700,50-75K
BL004515,2024-09-07 00:32:41,611,109153,17.38,11,26361,major_purchase,RENT,1,2,28,88.54,1,536,0.496155,VERY_HIGH,DECLINED,0,0,<600,100K+
BL004516,2024-04-07 04:29:28,643,59520,23.86,9,31090,credit_card,RENT,0,0,0,73.08,2,593,0.159248,HIGH,APPROVED,0,0,<600,50-75K
BL004517,2024-04-03 20:01:02,598,25067,28.53,0,15858,debt_consolidation,RENT,2,3,44,34.87,2,528,0.564837,VERY_HIGH,APPROVED,1,90,<600,<50K
BL004518,2024-09-19 03:38:25,735,72535,15.29,7,45158,other,RENT,2,1,20,71.96,2,630,0.085371,HIGH,APPROVED,1,150,600-700,50-75K
BL004519,2024-07-03 01:37:11,672,98776,34.67,0,14333,credit_card,MORTGAGE,1,3,45,40.6,0,667,0.054371,HIGH,APPROVED,0,0,600-700,75-100K
BL004520,2024-03-05 01:42:42,669,81679,18.67,18,10645,credit_card,MORTGAGE,2,6,40,72.52,1,622,0.12656,HIGH,APPROVED,0,0,600-700,75-100K
BL004521,2024-02-26 02:20:11,758,102565,27.35,9,24154,home_improvement,MORTGAGE,0,0,0,14.45,1,765,0.00443,LOW,APPROVED,0,0,700-800,100K+
BL004522,2024-07-23 17:40:51,729,42050,39.4,4,22147,major_purchase,MORTGAGE,1,5,56,51.43,0,619,0.068743,HIGH,DECLINED,0,0,600-700,<50K
BL004523,2024-06-07 22:14:13,678,56172,20.4,1,14758,major_purchase,MORTGAGE,1,5,47,15.35,1,643,0.054329,HIGH,APPROVED,0,0,600-700,50-75K
BL004524,2024-06-30 19:39:46,575,64000,26.14,4,21298,debt_consolidation,MORTGAGE,1,3,10,63.28,1,585,0.263464,VERY_HIGH,DECLINED,0,0,<600,50-75K
BL004525,2024-08-28 09:43:47,726,73902,29.85,3,7660,debt_consolidation,MORTGAGE,1,2,31,58.25,0,680,0.028457,MEDIUM,APPROVED,0,0,600-700,50-75K
BL004526,2024-06-07 17:59:44,675,81513,31.38,4,12103,other,OTHER,0,0,0,73.6,0,645,0.105879,HIGH,APPROVED,0,0,600-700,75-100K
BL004527,2024-10-23 10:06:52,670,97655,32.59,21,23036,home_improvement,RENT,1,1,45,45.07,3,624,0.116701,HIGH,APPROVED,0,0,600-700,75-100K
BL004528,2024-11-05 23:10:05,730,52966,25.1,3,32177,home_improvement,RENT,2,8,9,39.14,1,648,0.062656,HIGH,APPROVED,0,60,600-700,50-75K
BL004529,2024-10-01 20:04:49,655,39696,24.48,3,33723,major_purchase,MORTGAGE,0,0,0,4.08,2,632,0.066582,HIGH,APPROVED,0,0,600-700,<50K
BL004530,2024-10-25 05:02:57,685,52028,25.76,5,18517,credit_card,MORTGAGE,0,0,0,36.21,1,689,0.020886,MEDIUM,APPROVED,0,0,600-700,50-75K
BL004531,2024-04-23 15:58:01,739,57978,19.83,0,19821,debt_consolidation,MORTGAGE,1,3,15,43.15,1,737,0.005189,LOW,APPROVED,0,0,700-800,50-75K
BL004532,2024-10-03 16:39:46,721,51970,8.15,0,51158,home_improvement,MORTGAGE,3,4,40,10.24,1,724,0.008069,LOW,APPROVED,0,0,700-800,50-75K
BL004533,2024-07-14 23:17:13,656,42004,26.8,7,6252,credit_card,MORTGAGE,1,1,20,49.04,2,585,0.276017,VERY_HIGH,DECLINED,0,0,<600,<50K
BL004534,2024-08-22 17:33:42,770,93110,24.22,11,9033,credit_card,MORTGAGE,0,0,0,68.38,1,727,0.007332,LOW,APPROVED,0,0,700-800,75-100K
BL004535,2024-07-27 18:54:08,753,97152,47.28,5,16803,credit_card,RENT,0,0,0,53.95,0,671,0.017621,MEDIUM,APPROVED,0,0,600-700,75-100K
BL004536,2024-06-22 20:36:51,794,97938,19.88,2,9707,major_purchase,RENT,0,0,0,54.67,0,752,0.004911,LOW,APPROVED,0,0,700-800,75-100K
BL004537,2024-03-02 18:48:05,687,89224,13.28,6,27174,debt_consolidation,RENT,0,0,0,34.81,3,669,0.027731,MEDIUM,APPROVED,0,0,600-700,75-100K
BL004538,2024-09-15 02:17:13,702,80316,18.37,1,23330,debt_consolidation,MORTGAGE,0,0,0,43.28,1,706,0.01581,LOW,APPROVED,0,0,700-800,75-100K
BL004539,2024-11-14 02:30:06,748,51920,19.14,4,11068,debt_consolidation,MORTGAGE,0,0,0,52.98,2,739,0.00591,LOW,APPROVED,0,0,700-800,50-75K
BL004540,2024-02-03 08:07:28,714,53032,28.39,0,50984,credit_card,MORTGAGE,0,0,0,88.92,1,644,0.071886,HIGH,APPROVED,0,0,600-700,50-75K
BL004541,2024-03-03 13:00:33,698,71903,19.65,3,20114,credit_card,RENT,0,0,0,80.58,1,646,0.054999,HIGH,APPROVED,0,0,600-700,50-75K
BL004542,2024-06-05 19:28:22,684,28052,28.78,0,20586,home_improvement,RENT,1,6,44,23.15,1,663,0.035353,MEDIUM,APPROVED,1,120,600-700,<50K
BL004543,2024-06-19 01:15:54,673,70586,18.79,2,46053,debt_consolidation,RENT,0,0,0,17.8,2,633,0.072894,HIGH,APPROVED,0,0,600-700,50-75K
BL004544,2024-06-25 01:56:53,654,26530,19.31,6,12912,debt_consolidation,OWN,0,0,0,46.41,2,624,0.116309,HIGH,APPROVED,0,0,600-700,<50K
BL004545,2024-01-18 09:04:06,655,142105,25.24,6,11629,debt_consolidation,MORTGAGE,0,0,0,23.67,1,679,0.034994,MEDIUM,APPROVED,1,120,600-700,100K+
BL004546,2024-08-04 12:49:27,712,83618,24.71,6,90000,debt_consolidation,OTHER,0,0,0,33.4,2,680,0.019729,MEDIUM,APPROVED,0,0,600-700,75-100K
BL004547,2024-06-07 19:27:50,673,47977,11.51,0,6426,home_improvement,MORTGAGE,1,2,31,75.25,1,626,0.065446,HIGH,DECLINED,0,0,600-700,<50K
BL004548,2024-07-03 01:07:56,612,62624,27.84,3,23825,debt_consolidation,RENT,0,0,0,42.81,3,564,0.364566,VERY_HIGH,DECLINED,0,0,<600,50-75K
BL004549,2024-10-21 18:22:00,693,50539,21.91,5,18883,home_improvement,RENT,1,3,43,72.69,2,657,0.05017,HIGH,APPROVED,0,0,600-700,50-75K
BL004550,2024-09-12 09:14:35,781,125151,40.77,2,11495,other,OTHER,1,9,18,35.71,1,700,0.015456,LOW,APPROVED,0,0,700-800,100K+
BL004551,2024-12-06 12:59:55,765,103539,22.08,14,11212,credit_card,RENT,0,0,0,77.57,1,673,0.037088,MEDIUM,APPROVED,0,0,600-700,100K+
BL004552,2024-06-03 17:49:13,580,66182,26.62,34,14057,major_purchase,MORTGAGE,0,0,0,65.75,3,526,0.597764,VERY_HIGH,DECLINED,0,0,<600,50-75K
BL004553,2024-08-27 12:31:05,644,50889,15.44,5,50557,home_improvement,RENT,1,4,31,53.25,0,638,0.079194,HIGH,DECLINED,0,0,600-700,50-75K
BL004554,2024-04-21 13:03:20,733,82581,28.53,4,9730,debt_consolidation,RENT,1,3,37,40.93,1,651,0.059066,HIGH,APPROVED,0,0,600-700,75-100K
BL004555,2024-07-30 05:18:35,694,71572,18.97,7,18233,debt_consolidation,MORTGAGE,0,0,0,15.02,2,710,0.010457,LOW,APPROVED,0,0,700-800,50-75K
BL004556,2024-06-16 14:27:22,694,62535,25.39,2,15820,debt_consolidation,MORTGAGE,0,0,0,49.74,5,664,0.036418,MEDIUM,APPROVED,0,30,600-700,50-75K
BL004557,2024-01-31 18:19:56,683,50763,31.39,8,54581,credit_card,RENT,0,0,0,68.74,0,658,0.046362,HIGH,APPROVED,0,0,600-700,50-75K
BL004558,2024-11-13 04:43:56,693,32238,11.98,4,29500,home_improvement,MORTGAGE,0,0,0,44.54,1,678,0.02228,MEDIUM,APPROVED,0,30,600-700,<50K
BL004559,2024-02-18 07:27:01,634,34937,5.42,1,21064,home_improvement,OWN,1,4,54,48.83,0,685,0.034186,MEDIUM,APPROVED,0,0,600-700,<50K
BL004560,2024-07-09 23:31:44,755,46195,21.42,23,13531,home_improvement,MORTGAGE,1,3,50,49.16,1,717,0.009983,LOW,APPROVED,0,0,700-800,<50K
BL004561,2024-06-11 20:49:42,633,31001,24.74,2,38369,other,RENT,0,0,0,53.54,0,609,0.13523,HIGH,APPROVED,0,0,600-700,<50K
BL004562,2024-10-26 05:21:15,682,41991,28.51,27,37863,major_purchase,MORTGAGE,0,0,0,49.91,4,630,0.077025,HIGH,APPROVED,0,0,600-700,<50K
BL004563,2024-04-18 05:22:58,774,139554,34.9,10,39262,home_improvement,MORTGAGE,0,0,0,41.56,0,736,0.008604,LOW,APPROVED,0,0,700-800,100K+
BL004564,2024-09-25 00:14:48,750,64419,19.89,12,16768,credit_card,RENT,1,3,26,44.07,1,716,0.013194,LOW,APPROVED,0,0,700-800,50-75K
BL004565,2024-08-16 19:02:54,690,86525,20.7,3,13085,major_purchase,MORTGAGE,0,0,0,48.43,0,684,0.019469,MEDIUM,APPROVED,0,0,600-700,75-100K
BL004566,2024-06-29 21:33:29,690,49052,14.87,5,11563,debt_consolidation,RENT,0,0,0,41.63,0,712,0.008324,LOW,APPROVED,0,0,700-800,<50K
BL004567,2024-11-11 05:27:50,657,114844,27.69,10,18762,other,MORTGAGE,1,3,12,10.76,3,617,0.144298,HIGH,APPROVED,0,0,600-700,100K+
BL004568,2024-11-26 03:35:17,663,67353,33.52,2,9495,credit_card,MORTGAGE,0,0,0,88.84,1,623,0.153421,HIGH,APPROVED,0,0,600-700,50-75K
BL004569,2024-06-27 04:23:17,677,90671,23.12,5,35935,other,MORTGAGE,0,0,0,21.44,2,667,0.032576,MEDIUM,APPROVED,0,0,600-700,75-100K
BL004570,2024-05-15 03:21:22,764,103579,31.76,2,72495,debt_consolidation,MORTGAGE,1,5,22,40.7,3,710,0.014034,LOW,APPROVED,0,30,700-800,100K+
BL004571,2024-11-03 08:51:50,667,77374,19.1,5,16995,other,MORTGAGE,0,0,0,63.8,2,628,0.104779,HIGH,APPROVED,0,0,600-700,75-100K
BL004572,2024-09-13 21:02:15,721,149482,19.66,9,8803,credit_card,OWN,1,6,3,15.38,3,673,0.032691,MEDIUM,APPROVED,0,0,600-700,100K+
BL004573,2024-02-14 22:19:53,714,42361,35.37,10,25215,home_improvement,RENT,1,6,30,33.02,0,680,0.037759,MEDIUM,APPROVED,0,0,600-700,<50K
BL004574,2024-10-12 01:42:57,713,55133,34.7,1,14931,credit_card,RENT,1,7,2,56.9,3,600,0.214914,VERY_HIGH,APPROVED,0,0,600-700,50-75K
BL004575,2024-06-29 01:16:34,675,79375,24.68,0,18787,major_purchase,MORTGAGE,1,0,8,52.72,1,623,0.08417,HIGH,DECLINED,0,0,600-700,75-100K
BL004576,2024-08-10 03:06:47,731,61199,14.79,2,21084,major_purchase,RENT,0,0,0,37.54,2,698,0.017299,MEDIUM,APPROVED,0,0,600-700,50-75K
BL004577,2024-02-05 02:27:49,699,78046,25.85,7,40549,credit_card,OWN,0,0,0,16.17,3,667,0.025616,MEDIUM,APPROVED,0,0,600-700,75-100K
BL004578,2024-03-12 18:29:34,696,166383,13.29,4,28633,major_purchase,MORTGAGE,0,0,0,31.67,0,714,0.008345,LOW,APPROVED,0,0,700-800,100K+
BL004579,2024-09-10 03:05:01,665,55874,28.31,4,9313,debt_consolidation,MORTGAGE,0,0,0,20.17,2,634,0.068713,HIGH,APPROVED,0,0,600-700,50-75K
BL004580,2024-12-10 17:38:20,573,71934,20.2,2,11670,debt_consolidation,MORTGAGE,1,5,15,49.41,2,581,0.242095,VERY_HIGH,APPROVED,0,0,<600,50-75K
BL004581,2024-06-05 01:31:56,731,50691,15.45,18,67226,debt_consolidation,RENT,1,7,35,73.72,1,647,0.051626,HIGH,APPROVED,0,0,600-700,50-75K
BL004582,2024-09-13 13:42:41,732,44425,22.88,34,10748,home_improvement,RENT,1,5,2,85.37,2,659,0.046114,HIGH,DECLINED,0,0,600-700,<50K
BL004583,2024-09-27 14:51:43,663,27384,45.44,3,14105,credit_card,RENT,0,0,0,77.74,1,613,0.143318,HIGH,APPROVED,1,120,600-700,<50K
BL004584,2024-10-01 04:39:19,681,78681,28.23,5,11306,credit_card,RENT,1,7,26,52.99,1,614,0.13625,HIGH,DECLINED,0,0,600-700,75-100K
BL004585,2024-07-20 07:30:54,707,118167,28.54,7,11320,debt_consolidation,RENT,0,0,0,42.99,3,673,0.026697,MEDIUM,APPROVED,0,0,600-700,100K+
BL004586,2024-12-07 20:10:46,638,64762,13.33,19,22017,other,MORTGAGE,0,0,0,56.29,1,667,0.03766,MEDIUM,APPROVED,0,0,600-700,50-75K
BL004587,2024-04-01 21:06:53,730,108714,29.45,1,45208,credit_card,MORTGAGE,0,0,0,49.86,1,656,0.054635,HIGH,APPROVED,0,60,600-700,100K+
BL004588,2024-08-24 09:23:53,730,35449,9.86,3,9116,other,RENT,0,0,0,71.2,1,713,0.017156,MEDIUM,APPROVED,0,0,700-800,<50K
BL004589,2024-01-18 22:01:43,738,58715,18.49,8,53273,debt_consolidation,MORTGAGE,0,0,0,47.11,2,674,0.032328,MEDIUM,DECLINED,0,0,600-700,50-75K
BL004590,2024-07-12 00:15:38,742,59596,25.74,1,22619,credit_card,RENT,0,0,0,60.93,2,742,0.006328,LOW,APPROVED,0,0,700-800,50-75K
BL004591,2024-10-19 23:39:10,587,88090,42.6,0,43998,major_purchase,RENT,2,3,46,32.47,1,542,0.502775,VERY_HIGH,DECLINED,0,0,<600,75-100K
BL004592,2024-05-24 07:01:18,720,65012,17.31,4,13614,debt_consolidation,MORTGAGE,0,0,0,61.05,2,660,0.020975,MEDIUM,DECLINED,0,0,600-700,50-75K
BL004593,2024-10-13 15:49:42,667,80734,28.3,0,11865,major_purchase,OTHER,1,4,39,26.46,3,592,0.139814,HIGH,DECLINED,1,150,<600,75-100K
BL004594,2024-10-10 21:07:59,752,122092,21.25,13,22028,debt_consolidation,MORTGAGE,0,0,0,70.18,3,703,0.01736,MEDIUM,APPROVED,0,0,700-800,100K+
BL004595,2024-07-13 07:26:04,749,39003,6.99,1,16638,major_purchase,MORTGAGE,2,7,37,83.59,2,706,0.016104,LOW,APPROVED,0,0,700-800,<50K
BL004596,2024-02-26 10:58:29,736,60409,29.21,0,17811,debt_consolidation,RENT,0,0,0,65.36,3,653,0.043456,HIGH,DECLINED,0,0,600-700,50-75K
BL004597,2024-03-04 16:50:50,687,75575,44.99,8,16703,credit_card,MORTGAGE,3,3,58,42.13,4,512,0.60241,VERY_HIGH,DECLINED,0,0,<600,75-100K
BL004598,2024-04-11 05:18:40,845,47331,30.61,6,25379,debt_consolidation,MORTGAGE,0,0,0,80.21,0,759,0.004059,LOW,APPROVED,0,0,700-800,<50K
BL004599,2024-05-26 01:27:49,689,74728,16.7,3,4760,debt_consolidation,MORTGAGE,0,0,0,33.55,1,730,0.008607,LOW,APPROVED,0,0,700-800,50-75K
BL004600,2024-03-21 12:45:20,635,29232,22.85,2,16258,debt_consolidation,RENT,0,0,0,75.76,1,610,0.08099,HIGH,DECLINED,0,0,600-700,<50K
BL004601,2024-07-01 12:33:01,745,40555,28.41,6,33943,debt_consolidation,RENT,0,0,0,58.63,0,684,0.017195,MEDIUM,APPROVED,0,0,600-700,<50K
BL004602,2024-11-26 22:27:08,613,56488,14.87,1,16817,other,RENT,0,0,0,67.19,0,629,0.091953,HIGH,APPROVED,0,0,600-700,50-75K
BL004603,2024-01-21 14:27:39,797,28477,25.34,8,15177,home_improvement,OTHER,0,0,0,45.72,0,774,0.002887,LOW,APPROVED,0,0,700-800,<50K
BL004604,2024-10-03 09:30:52,747,164181,18.29,3,28313,major_purchase,MORTGAGE,0,0,0,23.55,2,732,0.006245,LOW,APPROVED,0,0,700-800,100K+
BL004605,2024-01-22 04:10:09,764,144253,23.79,8,16996,debt_consolidation,RENT,0,0,0,59.48,2,732,0.006823,LOW,APPROVED,0,0,700-800,100K+
BL004606,2024-08-07 20:05:05,749,110004,19.99,9,17427,debt_consolidation,RENT,1,5,36,29.01,1,731,0.009774,LOW,APPROVED,0,0,700-800,100K+
BL004607,2024-05-14 19:48:07,714,91543,24.31,1,26933,credit_card,RENT,0,0,0,39.89,1,679,0.028585,MEDIUM,APPROVED,0,0,600-700,75-100K
BL004608,2024-02-26 20:55:49,620,94531,27.05,1,34075,debt_consolidation,MORTGAGE,0,0,0,46.78,1,620,0.139603,HIGH,APPROVED,0,0,600-700,75-100K
BL004609,2024-09-22 05:09:12,659,56226,17.43,3,29944,major_purchase,RENT,0,0,0,53.89,1,633,0.087339,HIGH,APPROVED,0,0,600-700,50-75K
BL004610,2024-06-25 12:47:04,723,57138,37.49,8,14544,credit_card,RENT,0,0,0,26.48,1,670,0.046682,HIGH,APPROVED,0,0,600-700,50-75K
BL004611,2024-09-11 03:15:48,681,25658,14.48,3,7879,major_purchase,MORTGAGE,1,7,8,18.91,1,687,0.021634,MEDIUM,APPROVED,0,0,600-700,<50K
BL004612,2024-12-14 10:49:49,713,95285,28.3,33,38189,credit_card,MORTGAGE,3,8,11,35.5,2,659,0.046696,HIGH,APPROVED,1,120,600-700,75-100K
BL004613,2024-08-26 11:36:26,655,58183,41.26,0,12528,credit_card,MORTGAGE,1,1,21,39.74,2,591,0.241262,VERY_HIGH,DECLINED,0,0,<600,50-75K
BL004614,2024-05-07 10:27:02,649,26392,36.89,6,8773,major_purchase,MORTGAGE,0,0,0,54.0,0,587,0.252301,VERY_HIGH,APPROVED,0,0,<600,<50K
BL004615,2024-12-25 09:00:12,709,43644,22.48,20,10854,debt_consolidation,RENT,1,2,58,44.86,1,688,0.025069,MEDIUM,APPROVED,0,0,600-700,<50K
BL004616,2024-06-16 12:57:47,733,78761,28.47,16,9470,debt_consolidation,RENT,3,3,35,23.47,2,628,0.112771,HIGH,APPROVED,0,0,600-700,75-100K
BL004617,2024-09-26 03:28:40,693,30808,16.1,9,14758,credit_card,MORTGAGE,0,0,0,4.45,0,741,0.005622,LOW,APPROVED,0,0,700-800,<50K
BL004618,2024-07-19 05:07:44,639,50034,27.47,20,9375,debt_consolidation,OWN,0,0,0,88.74,3,552,0.423442,VERY_HIGH,DECLINED,0,0,<600,50-75K
BL004619,2024-03-04 11:27:28,602,24056,15.39,4,22682,home_improvement,RENT,1,2,29,52.23,0,609,0.194404,VERY_HIGH,APPROVED,0,0,600-700,<50K
BL004620,2024-05-28 23:30:33,803,50712,34.39,3,35618,debt_consolidation,RENT,0,0,0,57.99,1,725,0.008443,LOW,APPROVED,0,0,700-800,50-75K
BL004621,2024-03-26 19:33:20,630,60680,27.12,1,23482,major_purchase,MORTGAGE,0,0,0,54.2,1,630,0.096643,HIGH,APPROVED,0,0,600-700,50-75K
BL004622,2024-02-10 06:24:08,645,21641,18.25,4,11699,home_improvement,RENT,0,0,0,60.67,0,617,0.090777,HIGH,APPROVED,0,0,600-700,<50K
BL004623,2024-12-14 05:27:36,652,44465,30.87,21,11477,credit_card,RENT,1,5,39,27.66,1,597,0.174368,HIGH,APPROVED,0,0,<600,<50K
BL004624,2024-12-03 04:41:58,741,75952,18.96,5,12940,major_purchase,MORTGAGE,0,0,0,47.56,1,709,0.00924,LOW,APPROVED,0,0,700-800,75-100K
BL004625,2024-08-15 23:29:48,651,53068,26.03,14,19360,major_purchase,RENT,1,4,2,66.5,0,616,0.140355,HIGH,DECLINED,0,0,600-700,50-75K
BL004626,2024-04-22 19:18:37,722,119835,16.81,3,9037,other,MORTGAGE,0,0,0,28.63,2,689,0.01883,MEDIUM,APPROVED,0,0,600-700,100K+
BL004627,2024-12-23 12:23:01,708,91741,18.81,8,25272,other,RENT,1,4,7,16.32,1,697,0.013529,LOW,APPROVED,0,0,600-700,75-100K
BL004628,2024-05-23 08:05:21,629,103967,31.84,5,13706,other,OWN,1,9,2,72.79,2,565,0.41934,VERY_HIGH,DECLINED,0,0,<600,100K+
BL004629,2024-12-23 10:20:24,700,36209,40.9,4,15912,home_improvement,MORTGAGE,0,0,0,76.05,2,555,0.426719,VERY_HIGH,DECLINED,0,0,<600,<50K
BL004630,2024-08-02 08:46:38,625,41251,38.98,6,15906,major_purchase,RENT,0,0,0,62.41,1,544,0.474168,VERY_HIGH,DECLINED,1,120,<600,<50K
BL004631,2024-02-08 04:37:20,683,72354,33.58,5,50475,debt_consolidation,RENT,2,3,47,37.47,1,664,0.070167,HIGH,APPROVED,0,0,600-700,50-75K
BL004632,2024-01-09 17:42:20,732,78484,25.74,14,26711,other,RENT,1,4,28,71.41,0,662,0.045709,HIGH,APPROVED,1,150,600-700,75-100K
BL004633,2024-08-18 13:19:47,679,49401,31.73,6,90000,major_purchase,MORTGAGE,0,0,0,8.88,2,623,0.064265,HIGH,APPROVED,0,0,600-700,<50K
BL004634,2024-03-06 07:01:50,642,56628,23.18,21,14552,credit_card,MORTGAGE,1,7,10,64.21,0,680,0.03663,MEDIUM,APPROVED,0,0,600-700,50-75K
BL004635,2024-12-19 19:32:41,668,40649,23.39,8,28765,major_purchase,OWN,0,0,0,57.28,0,639,0.07975,HIGH,DECLINED,0,0,600-700,<50K
BL004636,2024-12-07 08:57:00,681,50486,22.1,7,5427,debt_consolidation,MORTGAGE,1,3,15,43.83,0,670,0.062459,HIGH,APPROVED,0,0,600-700,50-75K
BL004637,2024-03-04 00:47:26,709,74398,32.37,11,20986,credit_card,OWN,2,6,58,7.15,1,682,0.039285,MEDIUM,APPROVED,0,0,600-700,50-75K
BL004638,2024-10-04 09:36:24,566,118077,26.87,1,27044,debt_consolidation,MORTGAGE,0,0,0,30.13,3,510,0.655581,VERY_HIGH,DECLINED,0,0,<600,100K+
BL004639,2024-05-27 00:43:29,590,80198,12.03,27,8666,credit_card,RENT,0,0,0,70.29,0,605,0.184047,VERY_HIGH,APPROVED,0,0,600-700,75-100K
BL004640,2024-07-04 04:00:25,717,92632,26.75,2,9909,credit_card,MORTGAGE,1,5,39,46.88,1,646,0.042648,HIGH,APPROVED,0,0,600-700,75-100K
BL004641,2024-03-19 22:57:44,684,64672,35.25,9,14157,major_purchase,OWN,0,0,0,29.73,2,614,0.135077,HIGH,DECLINED,0,0,600-700,50-75K
BL004642,2024-07-06 20:31:48,691,78726,28.94,21,12358,major_purchase,MORTGAGE,0,0,0,30.07,0,703,0.01058,LOW,APPROVED,0,0,700-800,75-100K
BL004643,2024-10-14 21:01:41,702,96519,18.64,1,55733,debt_consolidation,RENT,1,2,44,46.46,1,701,0.015761,LOW,APPROVED,0,0,700-800,75-100K
BL004644,2024-04-21 06:18:10,681,42058,24.37,1,19543,home_improvement,MORTGAGE,1,1,27,65.75,1,602,0.179752,VERY_HIGH,APPROVED,0,0,600-700,<50K
BL004645,2024-08-21 09:13:33,666,96557,24.14,2,9002,debt_consolidation,RENT,1,4,29,71.81,2,613,0.170652,HIGH,APPROVED,0,0,600-700,75-100K
BL004646,2024-10-20 05:44:34,696,81849,32.08,0,27273,other,MORTGAGE,0,0,0,77.16,0,652,0.048024,HIGH,DECLINED,0,30,600-700,75-100K
BL004647,2024-07-24 10:45:37,726,98427,29.31,4,27949,credit_card,MORTGAGE,0,0,0,68.03,1,694,0.027588,MEDIUM,APPROVED,0,0,600-700,75-100K
BL004648,2024-05-18 05:07:55,708,76443,21.69,1,27800,other,RENT,0,0,0,68.26,0,714,0.006872,LOW,APPROVED,0,0,700-800,75-100K
BL004649,2024-08-19 17:14:14,691,46652,32.11,5,29695,home_improvement,MORTGAGE,0,0,0,85.1,2,598,0.15146,HIGH,APPROVED,0,0,<600,<50K
BL004650,2024-01-24 20:46:27,633,51790,7.83,7,12573,credit_card,RENT,2,1,59,57.7,0,639,0.074215,HIGH,DECLINED,0,0,600-700,50-75K
BL004651,2024-06-17 07:30:38,703,63734,7.58,9,22312,debt_consolidation,RENT,2,7,23,74.74,1,645,0.062389,HIGH,APPROVED,0,0,600-700,50-75K
BL004652,2024-06-21 23:08:35,627,20560,30.66,8,28623,credit_card,MORTGAGE,0,0,0,75.9,3,550,0.359832,VERY_HIGH,DECLINED,0,0,<600,<50K
BL004653,2024-02-02 00:43:16,653,43463,7.06,10,28701,debt_consolidation,RENT,1,8,50,51.69,1,614,0.183206,VERY_HIGH,APPROVED,0,0,600-700,<50K
BL004654,2024-03-22 11:48:56,698,47747,37.49,6,14299,debt_consolidation,RENT,0,0,0,22.72,2,632,0.08899,HIGH,APPROVED,0,0,600-700,<50K
BL004655,2024-03-17 21:34:46,696,49116,26.45,4,33101,credit_card,RENT,1,3,13,61.79,2,628,0.078314,HIGH,DECLINED,0,30,600-700,<50K
BL004656,2024-02-25 05:32:41,749,40251,25.23,1,19863,other,RENT,0,0,0,66.7,3,670,0.030351,MEDIUM,APPROVED,0,0,600-700,<50K
BL004657,2024-11-05 12:01:13,738,38818,34.98,3,17255,credit_card,MORTGAGE,1,4,46,100.0,1,647,0.062622,HIGH,APPROVED,0,0,600-700,<50K
BL004658,2024-10-11 10:06:31,716,55037,41.8,4,13355,credit_card,OTHER,1,5,18,21.97,1,624,0.106155,HIGH,DECLINED,0,0,600-700,50-75K
BL004659,2024-01-24 17:38:38,672,47163,24.8,8,11189,debt_consolidation,MORTGAGE,1,5,2,86.04,3,595,0.1636,HIGH,APPROVED,0,0,<600,<50K
BL004660,2024-09-27 04:57:09,689,110903,28.04,1,10855,credit_card,RENT,1,7,50,68.22,2,630,0.095688,HIGH,APPROVED,0,60,600-700,100K+
BL004661,2024-01-25 04:25:57,677,61800,15.66,1,5692,credit_card,MORTGAGE,1,3,53,52.33,1,663,0.052683,HIGH,APPROVED,0,0,600-700,50-75K
BL004662,2024-02-26 23:21:35,784,60038,13.03,1,17323,credit_card,RENT,1,5,19,36.75,1,725,0.00645,LOW,APPROVED,0,0,700-800,50-75K
BL004663,2024-10-31 21:15:37,715,89536,12.76,9,7641,credit_card,RENT,1,3,26,46.92,1,708,0.013051,LOW,APPROVED,0,0,700-800,75-100K
BL004664,2024-01-29 08:39:35,654,59846,35.96,3,17197,credit_card,MORTGAGE,0,0,0,14.38,1,613,0.127181,HIGH,APPROVED,0,0,600-700,50-75K
BL004665,2024-03-29 09:10:21,644,61436,20.6,10,24020,home_improvement,RENT,3,5,41,38.55,1,612,0.13762,HIGH,DECLINED,1,90,600-700,50-75K
BL004666,2024-07-30 01:54:18,757,103936,37.92,2,54288,home_improvement,RENT,1,6,46,49.22,0,706,0.01705,MEDIUM,APPROVED,0,0,700-800,100K+
BL004667,2024-05-07 01:11:34,643,95065,14.0,3,19134,debt_consolidation,OWN,0,0,0,36.28,1,618,0.088189,HIGH,DECLINED,0,0,600-700,75-100K
BL004668,2024-11-15 14:01:06,710,56767,16.27,2,12797,other,MORTGAGE,0,0,0,66.4,2,682,0.018732,MEDIUM,APPROVED,0,0,600-700,50-75K
BL004669,2024-06-15 18:07:16,700,34925,25.49,5,11091,debt_consolidation,RENT,2,5,20,64.89,2,601,0.168379,HIGH,DECLINED,0,0,600-700,<50K
BL004670,2024-12-11 14:34:34,748,47627,32.99,6,11847,other,MORTGAGE,0,0,0,47.78,1,712,0.015758,LOW,APPROVED,0,0,700-800,<50K
BL004671,2024-06-22 12:25:16,642,79361,16.01,1,47819,credit_card,RENT,0,0,0,65.74,2,664,0.055614,HIGH,APPROVED,0,0,600-700,75-100K
BL004672,2024-01-06 13:02:41,715,30315,19.54,8,9422,debt_consolidation,MORTGAGE,1,4,27,29.37,3,647,0.06076,HIGH,APPROVED,0,60,600-700,<50K
BL004673,2024-02-27 10:06:44,701,54253,17.5,2,23020,credit_card,RENT,1,5,58,58.75,1,674,0.031471,MEDIUM,APPROVED,0,0,600-700,50-75K
BL004674,2024-11-15 16:36:18,733,60920,40.11,0,33731,debt_consolidation,MORTGAGE,0,0,0,38.97,3,671,0.029687,MEDIUM,APPROVED,1,150,600-700,50-75K
BL004675,2024-07-30 11:20:27,764,32216,27.44,8,47778,debt_consolidation,RENT,0,0,0,44.81,1,701,0.011878,LOW,DECLINED,0,0,700-800,<50K
BL004676,2024-05-13 11:19:22,696,105573,27.95,1,44912,debt_consolidation,RENT,1,5,31,6.7,2,668,0.04332,HIGH,APPROVED,1,90,600-700,100K+
BL004677,2024-09-13 18:30:57,678,55878,17.57,0,34036,home_improvement,RENT,2,3,5,53.11,2,615,0.147822,HIGH,APPROVED,0,0,600-700,50-75K
BL004678,2024-01-17 11:14:30,738,31831,22.46,8,13317,home_improvement,RENT,0,0,0,14.01,1,749,0.004566,LOW,APPROVED,0,0,700-800,<50K
BL004679,2024-09-13 11:49:09,614,40221,16.95,2,32292,other,MORTGAGE,0,0,0,76.43,2,565,0.351559,VERY_HIGH,APPROVED,1,120,<600,<50K
BL004680,2024-11-29 02:14:24,700,75096,43.99,10,20631,debt_consolidation,RENT,2,6,47,43.16,2,638,0.084411,HIGH,APPROVED,1,90,600-700,75-100K
BL004681,2024-03-16 14:53:48,637,113767,22.4,4,25488,credit_card,MORTGAGE,1,3,39,36.6,0,647,0.051241,HIGH,APPROVED,0,0,600-700,100K+
BL004682,2024-06-02 09:50:56,625,71039,5.34,2,12168,credit_card,RENT,2,4,22,19.08,4,642,0.071205,HIGH,APPROVED,0,0,600-700,50-75K
BL004683,2024-01-06 14:13:39,604,67857,12.71,0,54588,home_improvement,RENT,1,4,54,29.56,0,646,0.047235,HIGH,APPROVED,0,60,600-700,50-75K
BL004684,2024-10-26 04:13:16,600,57420,3.29,13,10395,major_purchase,OTHER,3,5,13,42.94,2,579,0.290938,VERY_HIGH,APPROVED,0,0,<600,50-75K
BL004685,2024-02-21 12:07:46,735,126694,11.63,2,21224,credit_card,MORTGAGE,0,0,0,46.92,1,774,0.00303,LOW,APPROVED,0,30,700-800,100K+
BL004686,2024-03-24 06:57:26,738,110012,7.3,1,10309,major_purchase,OTHER,2,6,36,74.22,0,710,0.008729,LOW,APPROVED,0,0,700-800,100K+
BL004687,2024-06-08 06:30:53,696,31054,33.52,5,14772,major_purchase,OWN,0,0,0,31.49,1,638,0.060736,HIGH,DECLINED,0,0,600-700,<50K
BL004688,2024-10-18 15:25:39,747,63342,20.83,1,32936,debt_consolidation,MORTGAGE,2,5,37,28.92,0,700,0.021385,MEDIUM,APPROVED,0,0,700-800,50-75K
BL004689,2024-04-01 17:47:57,692,80699,12.32,3,12100,other,MORTGAGE,1,4,19,31.92,1,702,0.013143,LOW,APPROVED,0,0,700-800,75-100K
BL004690,2024-10-18 01:36:23,663,57642,41.5,11,17550,home_improvement,RENT,0,0,0,32.58,1,611,0.190959,VERY_HIGH,APPROVED,1,90,600-700,50-75K
BL004691,2024-05-01 13:50:31,632,76254,19.24,1,22087,debt_consolidation,RENT,3,11,42,51.14,0,591,0.168553,HIGH,DECLINED,0,0,<600,75-100K
BL004692,2024-05-02 00:52:54,732,83747,38.99,6,7344,credit_card,RENT,0,0,0,19.95,0,743,0.005133,LOW,APPROVED,0,0,700-800,75-100K
BL004693,2024-02-12 03:12:38,735,42255,21.27,3,4410,other,MORTGAGE,0,0,0,9.61,0,740,0.005209,LOW,APPROVED,0,0,700-800,<50K
BL004694,2024-05-13 09:44:22,759,110168,23.96,2,23083,home_improvement,RENT,1,5,49,19.86,2,707,0.018993,MEDIUM,APPROVED,0,0,700-800,100K+
BL004695,2024-03-09 16:51:05,647,67134,29.1,6,16441,major_purchase,RENT,0,0,0,22.08,2,619,0.12482,HIGH,DECLINED,0,0,600-700,50-75K
BL004696,2024-01-21 08:06:03,675,100334,37.97,6,18769,credit_card,RENT,2,2,23,34.97,2,567,0.190504,VERY_HIGH,APPROVED,1,60,<600,100K+
BL004697,2024-02-07 20:18:46,617,70929,23.66,5,20528,major_purchase,MORTGAGE,1,4,35,62.46,1,600,0.193783,VERY_HIGH,APPROVED,0,0,600-700,50-75K
BL004698,2024-05-24 19:02:14,753,60476,38.02,27,18822,debt_consolidation,RENT,0,0,0,0.0,1,703,0.012482,LOW,APPROVED,0,0,700-800,50-75K
BL004699,2024-12-16 18:39:07,729,113164,16.22,3,19564,other,OWN,0,0,0,59.38,0,753,0.002506,LOW,APPROVED,0,0,700-800,100K+
BL004700,2024-12-19 15:15:50,719,74171,43.55,21,14246,major_purchase,MORTGAGE,1,5,2,49.92,1,603,0.172146,HIGH,APPROVED,0,0,600-700,50-75K
BL004701,2024-03-21 19:51:02,690,125406,27.3,19,32819,home_improvement,RENT,3,5,23,72.9,2,583,0.172479,HIGH,DECLINED,0,0,<600,100K+
BL004702,2024-12-25 22:11:38,683,82016,25.07,4,27112,credit_card,MORTGAGE,1,6,23,55.17,2,649,0.077734,HIGH,APPROVED,0,0,600-700,75-100K
BL004703,2024-07-04 13:23:09,671,163095,22.2,2,27874,credit_card,RENT,0,0,0,32.67,1,657,0.030725,MEDIUM,APPROVED,0,0,600-700,100K+
BL004704,2024-10-27 13:02:12,750,44671,26.34,11,27655,other,RENT,0,0,0,77.0,2,709,0.011769,LOW,APPROVED,0,0,700-800,<50K
BL004705,2024-11-23 15:56:36,657,65267,29.3,4,19510,debt_consolidation,MORTGAGE,0,0,0,70.27,2,597,0.249054,VERY_HIGH,DECLINED,0,0,<600,50-75K
BL004706,2024-12-16 10:06:44,739,45058,25.92,7,10293,home_improvement,OTHER,1,3,17,45.12,1,697,0.018369,MEDIUM,APPROVED,0,0,600-700,<50K
BL004707,2024-11-05 08:58:41,707,39085,11.42,0,19752,home_improvement,MORTGAGE,0,0,0,75.18,1,675,0.040618,MEDIUM,APPROVED,0,0,600-700,<50K
BL004708,2024-08-16 08:34:05,636,68400,41.34,0,31029,credit_card,RENT,2,5,1,55.84,1,522,0.620951,VERY_HIGH,DECLINED,0,0,<600,50-75K
BL004709,2024-06-16 03:13:43,612,33005,18.25,21,23816,credit_card,RENT,0,0,0,29.72,2,648,0.066697,HIGH,DECLINED,0,0,600-700,<50K
BL004710,2024-01-29 04:17:47,649,60195,16.06,2,32203,debt_consolidation,OTHER,0,0,0,33.63,0,700,0.024781,MEDIUM,APPROVED,0,0,700-800,50-75K
BL004711,2024-03-29 21:30:33,689,110738,14.96,2,26184,major_purchase,MORTGAGE,1,2,19,26.76,1,682,0.017133,MEDIUM,APPROVED,0,0,600-700,100K+
BL004712,2024-04-16 06:22:14,621,79547,30.24,2,38892,debt_consolidation,RENT,1,5,12,40.07,2,615,0.087728,HIGH,APPROVED,1,60,600-700,75-100K
BL004713,2024-02-21 03:14:55,725,49749,16.79,8,16693,debt_consolidation,MORTGAGE,1,3,32,67.7,0,711,0.010293,LOW,APPROVED,0,0,700-800,<50K
BL004714,2024-10-07 03:11:20,753,56251,21.33,1,22770,other,RENT,0,0,0,0.0,1,709,0.008274,LOW,APPROVED,0,0,700-800,50-75K
BL004715,2024-01-30 22:42:16,721,85849,37.85,12,33361,other,OTHER,0,0,0,37.3,0,670,0.024034,MEDIUM,APPROVED,0,0,600-700,75-100K
BL004716,2024-03-25 19:25:29,599,124367,31.78,8,22620,major_purchase,RENT,0,0,0,41.09,0,587,0.2611,VERY_HIGH,DECLINED,0,0,<600,100K+
BL004717,2024-01-10 14:27:24,563,56189,23.76,7,8136,home_improvement,MORTGAGE,1,3,10,82.18,0,541,0.489551,VERY_HIGH,DECLINED,0,0,<600,50-75K
BL004718,2024-08-19 02:36:16,738,66306,14.74,22,30482,debt_consolidation,MORTGAGE,1,7,31,44.36,0,713,0.012066,LOW,APPROVED,0,0,700-800,50-75K
BL004719,2024-11-15 16:37:14,772,77794,23.16,3,26039,credit_card,RENT,0,0,0,32.53,1,730,0.009229,LOW,APPROVED,0,0,700-800,75-100K
BL004720,2024-07-29 18:28:47,669,57949,28.34,22,7989,credit_card,RENT,1,0,25,22.61,0,697,0.020602,MEDIUM,APPROVED,0,0,600-700,50-75K
BL004721,2024-06-27 00:50:19,719,73386,14.96,9,14194,other,RENT,0,0,0,25.67,1,734,0.006683,LOW,APPROVED,0,0,700-800,50-75K
BL004722,2024-07-14 08:17:56,676,70711,17.27,1,22663,debt_consolidation,RENT,1,7,38,20.25,1,689,0.026835,MEDIUM,APPROVED,0,0,600-700,50-75K
BL004723,2024-10-12 07:58:42,656,111652,29.13,9,10397,major_purchase,RENT,1,7,33,36.74,3,584,0.26488,VERY_HIGH,DECLINED,0,0,<600,100K+
BL004724,2024-05-06 18:21:02,745,48522,21.2,10,20704,home_improvement,RENT,2,5,4,78.58,1,695,0.028781,MEDIUM,APPROVED,0,0,600-700,<50K
BL004725,2024-07-06 07:14:15,661,64939,36.75,3,11581,major_purchase,OTHER,1,4,1,55.04,4,573,0.26865,VERY_HIGH,APPROVED,0,0,<600,50-75K
BL004726,2024-10-07 20:39:23,737,72958,11.88,4,23180,major_purchase,RENT,1,4,40,70.62,0,693,0.013067,LOW,APPROVED,0,0,600-700,50-75K
BL004727,2024-10-11 07:28:20,785,45758,19.01,13,18683,debt_consolidation,RENT,0,0,0,33.36,0,740,0.004694,LOW,APPROVED,0,0,700-800,<50K
BL004728,2024-09-08 18:29:31,684,54308,16.62,28,15072,debt_consolidation,MORTGAGE,1,7,14,28.61,1,641,0.053638,HIGH,APPROVED,0,0,600-700,50-75K
BL004729,2024-01-10 14:06:37,793,62110,26.53,39,10891,debt_consolidation,RENT,2,2,4,47.17,1,705,0.011367,LOW,APPROVED,0,0,700-800,50-75K
BL004730,2024-01-12 03:38:57,620,33304,17.7,0,26063,credit_card,MORTGAGE,0,0,0,0.0,1,646,0.039946,MEDIUM,APPROVED,0,0,600-700,<50K
BL004731,2024-04-11 01:50:29,741,50726,32.38,1,9155,debt_consolidation,MORTGAGE,0,0,0,29.72,0,709,0.016523,MEDIUM,APPROVED,0,0,700-800,50-75K
BL004732,2024-10-04 12:26:17,692,38329,40.54,6,19430,credit_card,RENT,2,3,19,34.65,2,624,0.138159,HIGH,APPROVED,0,0,600-700,<50K
BL004733,2024-06-08 16:57:42,831,50230,23.56,8,7860,home_improvement,MORTGAGE,0,0,0,46.55,2,773,0.001893,LOW,APPROVED,0,0,700-800,50-75K
BL004734,2024-03-27 07:03:48,693,46629,27.82,13,16517,credit_card,RENT,3,9,23,8.27,1,621,0.109605,HIGH,APPROVED,0,0,600-700,<50K
BL004735,2024-04-24 14:58:00,648,50605,18.98,2,51151,other,RENT,1,1,6,36.3,2,619,0.125422,HIGH,APPROVED,0,0,600-700,50-75K
BL004736,2024-11-24 02:24:30,780,84968,33.94,3,18030,credit_card,MORTGAGE,1,4,24,36.27,2,741,0.005295,LOW,APPROVED,0,0,700-800,75-100K
BL004737,2024-12-25 16:50:07,608,107276,16.48,3,90000,debt_consolidation,MORTGAGE,0,0,0,7.56,1,702,0.034471,MEDIUM,APPROVED,0,30,700-800,100K+
BL004738,2024-08-28 10:15:46,715,89820,22.71,13,35436,debt_consolidation,MORTGAGE,1,7,5,48.84,0,642,0.088063,HIGH,APPROVED,1,90,600-700,75-100K
BL004739,2024-12-23 14:22:42,649,44159,27.99,12,23410,home_improvement,RENT,2,8,48,75.99,0,593,0.223588,VERY_HIGH,DECLINED,1,90,<600,<50K
BL004740,2024-04-17 11:21:01,766,72081,15.0,2,17848,other,RENT,0,0,0,42.71,0,785,0.001683,LOW,APPROVED,0,0,700-800,50-75K
BL004741,2024-10-08 02:48:31,685,36094,30.25,2,12621,other,MORTGAGE,2,5,39,11.95,2,607,0.114829,HIGH,DECLINED,1,120,600-700,<50K
BL004742,2024-01-18 11:34:42,738,79868,22.15,4,10774,credit_card,MORTGAGE,0,0,0,0.0,1,691,0.017621,MEDIUM,APPROVED,0,0,600-700,75-100K
BL004743,2024-06-11 07:19:10,689,86107,26.88,2,23270,home_improvement,RENT,1,2,33,47.67,2,637,0.067463,HIGH,APPROVED,0,0,600-700,75-100K
BL004744,2024-10-12 14:52:13,631,53855,20.69,5,14377,credit_card,MORTGAGE,1,1,16,14.99,2,654,0.059024,HIGH,APPROVED,0,0,600-700,50-75K
BL004745,2024-01-01 19:38:07,573,63640,12.94,15,9280,major_purchase,RENT,3,5,46,62.13,2,534,0.583958,VERY_HIGH,DECLINED,1,120,<600,50-75K
BL004746,2024-01-10 04:14:52,789,89184,29.92,0,9019,credit_card,OWN,1,2,31,42.88,4,711,0.014148,LOW,APPROVED,0,0,700-800,75-100K
BL004747,2024-12-02 19:32:47,704,85819,25.58,8,23400,credit_card,RENT,0,0,0,48.43,4,646,0.060612,HIGH,APPROVED,0,0,600-700,75-100K
BL004748,2024-07-20 18:35:47,628,49076,25.36,4,35470,other,RENT,0,0,0,44.69,0,606,0.155283,HIGH,APPROVED,1,90,600-700,<50K
BL004749,2024-03-23 11:56:13,674,45495,20.66,2,90000,other,OWN,1,2,14,40.31,2,578,0.177896,VERY_HIGH,APPROVED,0,0,<600,<50K
BL004750,2024-11-20 03:00:45,745,30080,28.76,2,12503,credit_card,RENT,1,8,54,75.25,3,633,0.111257,HIGH,APPROVED,0,0,600-700,<50K
BL004751,2024-05-12 23:49:34,609,53797,20.15,4,58582,major_purchase,OWN,0,0,0,0.0,0,678,0.043243,HIGH,APPROVED,0,30,600-700,50-75K
BL004752,2024-06-06 00:01:47,815,48193,25.52,2,7247,other,RENT,0,0,0,78.34,2,686,0.013325,LOW,APPROVED,0,0,600-700,<50K
BL004753,2024-12-12 02:03:56,677,62118,38.36,1,19363,major_purchase,MORTGAGE,0,0,0,52.06,1,593,0.186397,VERY_HIGH,APPROVED,0,0,<600,50-75K
BL004754,2024-11-19 04:22:12,671,79374,20.68,1,27218,debt_consolidation,RENT,2,4,3,51.88,0,634,0.062871,HIGH,APPROVED,1,90,600-700,75-100K
BL004755,2024-04-25 06:19:25,761,33941,27.9,3,11392,debt_consolidation,RENT,0,0,0,76.02,1,681,0.028468,MEDIUM,APPROVED,0,0,600-700,<50K
BL004756,2024-08-28 14:29:15,702,44765,20.26,16,20897,major_purchase,MORTGAGE,0,0,0,3.78,4,700,0.017631,MEDIUM,APPROVED,0,0,700-800,<50K
BL004757,2024-01-03 18:43:54,636,53594,26.73,20,19083,debt_consolidation,OTHER,2,2,31,46.06,0,591,0.203124,VERY_HIGH,APPROVED,1,150,<600,50-75K
BL004758,2024-10-27 22:14:34,741,31075,22.02,3,17949,debt_consolidation,MORTGAGE,1,6,55,26.94,0,725,0.005985,LOW,APPROVED,0,0,700-800,<50K
BL004759,2024-01-29 16:20:08,715,57088,30.89,2,13658,debt_consolidation,OWN,1,4,59,57.84,3,624,0.077987,HIGH,DECLINED,0,0,600-700,50-75K
BL004760,2024-05-25 19:46:53,752,50074,18.59,14,16762,other,RENT,0,0,0,37.31,0,705,0.010298,LOW,APPROVED,0,0,700-800,50-75K
BL004761,2024-03-01 11:20:41,640,72384,20.72,4,29925,major_purchase,RENT,0,0,0,43.1,1,605,0.134782,HIGH,APPROVED,0,30,600-700,50-75K
BL004762,2024-01-23 15:22:02,629,82898,38.3,1,13351,major_purchase,RENT,0,0,0,58.93,0,569,0.286608,VERY_HIGH,DECLINED,0,0,<600,75-100K
BL004763,2024-01-08 22:59:19,725,83925,25.59,1,20512,debt_consolidation,MORTGAGE,0,0,0,43.5,0,709,0.008827,LOW,APPROVED,0,0,700-800,75-100K
BL004764,2024-01-10 12:15:36,667,55548,39.75,12,28574,credit_card,OWN,0,0,0,35.49,2,637,0.073517,HIGH,DECLINED,0,0,600-700,50-75K
BL004765,2024-12-17 18:04:55,573,68947,22.39,2,10509,debt_consolidation,RENT,0,0,0,67.9,1,561,0.353071,VERY_HIGH,DECLINED,1,120,<600,50-75K
BL004766,2024-10-04 21:30:41,658,67863,14.34,5,17904,debt_consolidation,MORTGAGE,1,3,50,8.47,1,687,0.020792,MEDIUM,APPROVED,0,0,600-700,50-75K
BL004767,2024-05-13 02:29:51,725,97650,23.5,7,10731,major_purchase,OTHER,1,2,52,25.11,1,705,0.013597,LOW,APPROVED,0,0,700-800,75-100K
BL004768,2024-12-01 21:16:16,651,28010,27.55,3,42244,credit_card,RENT,0,0,0,10.31,1,663,0.042973,HIGH,APPROVED,0,0,600-700,<50K
BL004769,2024-01-19 04:02:52,761,55641,22.12,1,45829,credit_card,MORTGAGE,3,7,29,73.55,1,676,0.027536,MEDIUM,APPROVED,0,0,600-700,50-75K
BL004770,2024-06-06 04:01:24,663,44596,11.57,5,20378,debt_consolidation,OWN,1,3,25,33.05,0,660,0.045551,HIGH,APPROVED,0,0,600-700,<50K
BL004771,2024-07-01 08:41:19,685,64885,8.89,3,14718,home_improvement,RENT,0,0,0,52.5,2,686,0.02043,MEDIUM,APPROVED,0,30,600-700,50-75K
BL004772,2024-04-18 08:17:03,601,97350,39.67,4,7764,credit_card,MORTGAGE,0,0,0,41.93,1,561,0.340226,VERY_HIGH,DECLINED,0,0,<600,75-100K
BL004773,2024-03-29 04:51:37,646,67971,16.71,13,41701,debt_consolidation,MORTGAGE,0,0,0,70.67,0,648,0.062673,HIGH,APPROVED,0,0,600-700,50-75K
BL004774,2024-01-13 21:22:39,680,65771,28.15,12,16031,credit_card,RENT,1,4,49,28.58,0,652,0.043228,HIGH,APPROVED,0,0,600-700,50-75K
BL004775,2024-11-22 05:22:08,722,45824,32.3,18,9194,major_purchase,OWN,0,0,0,75.56,0,673,0.044364,HIGH,APPROVED,1,120,600-700,<50K
BL004776,2024-07-03 10:20:25,700,71160,31.72,3,16335,other,RENT,0,0,0,37.58,2,643,0.052651,HIGH,APPROVED,0,0,600-700,50-75K
BL004777,2024-11-16 14:13:27,748,68653,1.0,3,14039,other,RENT,0,0,0,0.0,2,797,0.001201,LOW,APPROVED,0,0,700-800,50-75K
BL004778,2024-12-16 01:26:48,571,40213,9.63,2,27206,debt_consolidation,RENT,0,0,0,43.25,1,618,0.140423,HIGH,APPROVED,0,0,600-700,<50K
BL004779,2024-06-01 22:03:50,691,81570,11.74,2,21561,credit_card,MORTGAGE,0,0,0,76.73,1,709,0.013942,LOW,APPROVED,0,0,700-800,75-100K
BL004780,2024-07-15 02:46:42,682,50703,28.84,5,24843,debt_consolidation,OWN,1,6,4,61.22,0,635,0.09433,HIGH,APPROVED,0,0,600-700,50-75K
BL004781,2024-11-21 01:06:53,633,24816,19.08,18,36970,debt_consolidation,MORTGAGE,1,7,15,37.39,2,564,0.299557,VERY_HIGH,DECLINED,1,150,<600,<50K
BL004782,2024-12-03 00:04:19,688,57068,12.06,22,11591,debt_consolidation,RENT,0,0,0,60.21,0,689,0.01936,MEDIUM,APPROVED,0,30,600-700,50-75K
BL004783,2024-03-11 15:40:20,649,76933,28.84,8,15755,major_purchase,RENT,0,0,0,46.71,1,599,0.130347,HIGH,APPROVED,0,0,<600,75-100K
BL004784,2024-04-06 01:12:10,714,75058,30.27,12,17529,other,OWN,0,0,0,80.6,1,609,0.124326,HIGH,APPROVED,0,0,600-700,75-100K
BL004785,2024-06-29 22:32:49,671,65369,23.9,7,19921,credit_card,MORTGAGE,1,6,49,48.58,1,625,0.103059,HIGH,APPROVED,0,0,600-700,50-75K
BL004786,2024-06-19 00:14:40,718,60494,11.36,1,33290,home_improvement,OWN,1,2,47,28.71,1,757,0.004805,LOW,APPROVED,0,0,700-800,50-75K
BL004787,2024-08-05 15:03:01,640,82131,26.42,6,12799,credit_card,OTHER,1,2,33,75.26,2,583,0.299434,VERY_HIGH,APPROVED,0,0,<600,75-100K
BL004788,2024-03-20 23:37:15,760,79004,15.56,1,7428,credit_card,OWN,1,1,51,14.4,2,745,0.006266,LOW,APPROVED,0,0,700-800,75-100K
BL004789,2024-08-24 21:48:24,712,28055,22.14,16,41285,home_improvement,RENT,0,0,0,58.63,3,718,0.011089,LOW,APPROVED,0,0,700-800,<50K
BL004790,2024-11-29 20:13:58,788,45181,25.86,7,8985,home_improvement,RENT,1,4,21,20.01,1,741,0.006229,LOW,APPROVED,0,0,700-800,<50K
BL004791,2024-06-30 12:37:22,683,64266,25.31,9,37340,debt_consolidation,RENT,1,4,2,62.17,1,599,0.165726,HIGH,DECLINED,0,0,<600,50-75K
BL004792,2024-01-30 21:04:31,662,59746,21.51,6,8562,home_improvement,RENT,0,0,0,29.31,0,679,0.034817,MEDIUM,APPROVED,0,0,600-700,50-75K
BL004793,2024-05-08 00:55:37,697,88122,22.76,9,56175,debt_consolidation,MORTGAGE,0,0,0,65.11,1,692,0.025286,MEDIUM,APPROVED,0,0,600-700,75-100K
BL004794,2024-09-11 01:19:39,664,95165,29.37,7,23801,debt_consolidation,RENT,2,3,1,22.85,2,636,0.073633,HIGH,DECLINED,0,0,600-700,75-100K
BL004795,2024-08-03 02:53:55,633,65839,24.64,5,17167,credit_card,RENT,1,1,32,58.94,1,618,0.107731,HIGH,DECLINED,0,0,600-700,50-75K
BL004796,2024-12-18 14:17:18,691,52416,1.25,0,37974,major_purchase,RENT,1,4,25,21.07,2,685,0.02112,MEDIUM,APPROVED,0,0,600-700,50-75K
BL004797,2024-10-09 22:35:37,686,129738,16.51,16,22726,major_purchase,MORTGAGE,0,0,0,43.89,3,678,0.020862,MEDIUM,APPROVED,0,0,600-700,100K+
BL004798,2024-01-05 19:30:29,654,42810,23.61,0,22380,debt_consolidation,RENT,0,0,0,65.75,1,586,0.279436,VERY_HIGH,APPROVED,0,0,<600,<50K
BL004799,2024-10-05 10:37:46,669,59108,32.82,9,20315,debt_consolidation,RENT,0,0,0,38.45,2,629,0.084484,HIGH,DECLINED,0,0,600-700,50-75K
BL004800,2024-08-17 17:49:29,636,148668,19.0,7,30113,major_purchase,OWN,1,7,8,27.12,1,665,0.028134,MEDIUM,APPROVED,0,0,600-700,100K+
BL004801,2024-10-13 05:11:55,698,81354,18.19,7,25341,debt_consolidation,RENT,0,0,0,20.47,1,690,0.016148,LOW,APPROVED,0,0,600-700,75-100K
BL004802,2024-06-01 08:40:41,616,80275,27.59,5,62444,debt_consolidation,RENT,1,3,23,35.55,1,566,0.398582,VERY_HIGH,APPROVED,0,0,<600,75-100K
BL004803,2024-09-13 15:47:14,783,61804,13.96,0,32764,debt_consolidation,MORTGAGE,0,0,0,0.01,0,844,0.000584,LOW,APPROVED,0,0,800+,50-75K
BL004804,2024-09-23 10:36:23,692,104404,29.27,14,22640,credit_card,MORTGAGE,1,4,59,44.4,2,643,0.048226,HIGH,DECLINED,0,0,600-700,100K+
BL004805,2024-07-09 00:41:08,742,219499,17.95,6,15178,home_improvement,MORTGAGE,0,0,0,53.79,1,756,0.002361,LOW,APPROVED,0,0,700-800,100K+
BL004806,2024-02-05 14:01:52,624,71297,25.29,1,11621,credit_card,MORTGAGE,0,0,0,26.24,1,597,0.123646,HIGH,APPROVED,0,0,<600,50-75K
BL004807,2024-05-20 21:31:54,709,56298,26.64,4,7807,debt_consolidation,RENT,0,0,0,24.88,1,675,0.03251,MEDIUM,APPROVED,0,0,600-700,50-75K
BL004808,2024-09-15 14:18:42,683,103080,27.2,4,20363,major_purchase,OWN,0,0,0,55.07,0,640,0.089518,HIGH,APPROVED,0,0,600-700,100K+
BL004809,2024-04-15 19:20:06,744,142128,33.53,3,7111,home_improvement,MORTGAGE,1,2,2,50.67,1,711,0.011975,LOW,APPROVED,0,0,700-800,100K+
BL004810,2024-07-02 07:49:32,738,73084,21.71,6,24545,major_purchase,RENT,0,0,0,38.25,1,662,0.038556,MEDIUM,APPROVED,0,0,600-700,50-75K
BL004811,2024-03-05 03:04:28,600,43580,16.87,16,9717,other,MORTGAGE,0,0,0,62.46,2,584,0.209739,VERY_HIGH,APPROVED,1,60,<600,<50K
BL004812,2024-03-09 22:43:51,753,72480,23.87,0,49562,major_purchase,MORTGAGE,0,0,0,44.51,1,697,0.015761,LOW,APPROVED,0,0,600-700,50-75K
BL004813,2024-08-30 23:47:23,608,44429,42.72,1,8111,credit_card,MORTGAGE,2,4,38,52.19,2,533,0.513836,VERY_HIGH,DECLINED,1,60,<600,<50K
BL004814,2024-10-23 04:50:41,764,94718,33.38,1,10524,major_purchase,RENT,0,0,0,49.11,3,698,0.013696,LOW,DECLINED,0,0,600-700,75-100K
BL004815,2024-03-28 23:48:24,687,57086,15.11,3,10177,debt_consolidation,RENT,0,0,0,83.87,1,661,0.040127,MEDIUM,APPROVED,0,0,600-700,50-75K
BL004816,2024-02-10 06:21:52,624,78266,12.73,7,21316,debt_consolidation,MORTGAGE,1,5,5,28.07,1,610,0.134948,HIGH,APPROVED,0,0,600-700,75-100K
BL004817,2024-01-03 00:46:04,729,64648,22.13,7,19704,debt_consolidation,RENT,1,5,2,86.02,1,670,0.036533,MEDIUM,APPROVED,0,0,600-700,50-75K
BL004818,2024-09-16 11:52:31,692,89303,10.92,1,19755,other,RENT,0,0,0,31.98,0,730,0.007588,LOW,APPROVED,0,0,700-800,75-100K
BL004819,2024-06-29 04:09:50,635,26047,12.21,4,9533,other,RENT,0,0,0,50.51,0,639,0.061776,HIGH,APPROVED,0,0,600-700,<50K
BL004820,2024-11-27 14:35:28,649,72186,33.74,8,19837,home_improvement,MORTGAGE,0,0,0,15.71,3,629,0.073088,HIGH,APPROVED,0,0,600-700,50-75K
BL004821,2024-10-19 03:30:31,716,67914,33.22,5,11184,major_purchase,RENT,0,0,0,33.55,2,646,0.058797,HIGH,DECLINED,0,0,600-700,50-75K
BL004822,2024-04-04 08:04:15,614,70888,32.32,6,32384,major_purchase,RENT,0,0,0,0.0,4,578,0.265167,VERY_HIGH,APPROVED,0,0,<600,50-75K
BL004823,2024-12-18 12:43:06,642,33372,38.47,3,11614,major_purchase,MORTGAGE,0,0,0,75.83,5,576,0.293162,VERY_HIGH,DECLINED,0,0,<600,<50K
BL004824,2024-08-16 05:55:44,792,112599,5.79,6,15687,debt_consolidation,RENT,0,0,0,15.47,3,800,0.001969,LOW,APPROVED,0,0,800+,100K+
BL004825,2024-06-17 18:54:00,648,47141,25.24,3,30247,debt_consolidation,RENT,0,0,0,66.31,1,654,0.049517,HIGH,APPROVED,0,0,600-700,<50K
BL004826,2024-11-12 01:15:40,710,76465,18.16,5,10169,home_improvement,RENT,1,3,9,60.98,2,701,0.025257,MEDIUM,APPROVED,0,0,700-800,75-100K
BL004827,2024-01-01 19:17:33,715,49979,33.1,3,9557,debt_consolidation,RENT,2,5,34,82.68,0,631,0.072966,HIGH,APPROVED,0,0,600-700,<50K
BL004828,2024-10-02 23:01:10,743,57307,15.0,5,16873,major_purchase,OWN,0,0,0,12.8,2,725,0.007932,LOW,APPROVED,0,0,700-800,50-75K
BL004829,2024-09-19 07:44:16,739,51407,27.76,10,13601,debt_consolidation,MORTGAGE,1,5,24,47.2,0,645,0.046009,HIGH,DECLINED,0,30,600-700,50-75K
BL004830,2024-07-23 01:51:21,551,30977,31.6,1,16438,home_improvement,RENT,1,2,30,33.42,1,525,0.57104,VERY_HIGH,APPROVED,0,0,<600,<50K
BL004831,2024-10-03 10:44:26,663,47341,32.76,4,24160,home_improvement,OWN,1,4,26,40.37,0,636,0.067921,HIGH,APPROVED,0,0,600-700,<50K
BL004832,2024-05-03 01:45:14,755,110362,38.22,2,25433,credit_card,OWN,0,0,0,46.25,1,683,0.021981,MEDIUM,APPROVED,0,0,600-700,100K+
BL004833,2024-07-22 13:02:38,646,38208,37.44,4,18716,other,RENT,1,5,2,52.12,1,588,0.240627,VERY_HIGH,DECLINED,0,0,<600,<50K
BL004834,2024-07-18 16:02:39,791,66043,25.09,2,33461,credit_card,RENT,1,5,42,84.54,2,703,0.014007,LOW,APPROVED,0,0,700-800,50-75K
BL004835,2024-04-20 22:22:30,704,29179,10.24,7,11772,major_purchase,OWN,1,5,30,63.43,1,662,0.032883,MEDIUM,APPROVED,0,0,600-700,<50K
BL004836,2024-01-24 11:24:22,623,100273,27.75,5,34293,home_improvement,RENT,0,0,0,33.03,0,646,0.05068,HIGH,APPROVED,0,0,600-700,100K+
BL004837,2024-08-17 07:49:28,721,34400,37.45,4,10976,credit_card,MORTGAGE,1,5,49,32.09,2,669,0.036535,MEDIUM,APPROVED,0,0,600-700,<50K
BL004838,2024-07-26 15:04:10,798,37859,34.57,10,20214,major_purchase,RENT,0,0,0,31.44,2,710,0.009539,LOW,APPROVED,0,0,700-800,<50K
BL004839,2024-07-31 09:13:42,653,58505,6.08,8,10242,debt_consolidation,MORTGAGE,0,0,0,40.32,1,677,0.022912,MEDIUM,APPROVED,0,0,600-700,50-75K
BL004840,2024-09-09 03:52:00,721,79205,15.59,15,26451,other,MORTGAGE,0,0,0,28.06,1,710,0.013672,LOW,APPROVED,0,0,700-800,75-100K
BL004841,2024-11-23 19:27:00,641,35445,29.71,3,17088,debt_consolidation,RENT,0,0,0,88.26,2,588,0.243642,VERY_HIGH,APPROVED,0,0,<600,<50K
BL004842,2024-08-29 12:06:22,658,60071,29.01,4,29423,credit_card,MORTGAGE,0,0,0,70.37,2,643,0.07335,HIGH,APPROVED,0,0,600-700,50-75K
BL004843,2024-06-28 15:16:13,696,79100,24.95,4,7917,credit_card,MORTGAGE,1,4,43,42.39,4,648,0.041332,MEDIUM,APPROVED,0,0,600-700,75-100K
BL004844,2024-05-25 05:08:23,719,63001,25.19,4,15716,other,MORTGAGE,1,3,4,12.41,0,710,0.01199,LOW,APPROVED,0,0,700-800,50-75K
BL004845,2024-02-21 18:30:47,710,44905,16.97,2,18045,debt_consolidation,MORTGAGE,0,0,0,53.57,1,697,0.012008,LOW,APPROVED,0,0,600-700,<50K
BL004846,2024-06-21 09:24:54,702,76125,28.65,1,15122,major_purchase,RENT,0,0,0,51.62,4,656,0.0518,HIGH,APPROVED,0,0,600-700,75-100K
BL004847,2024-02-10 07:48:33,823,101817,39.88,19,43316,credit_card,RENT,1,4,26,50.67,1,701,0.017818,MEDIUM,APPROVED,0,0,700-800,100K+
BL004848,2024-01-15 20:31:27,630,171393,24.8,9,7321,credit_card,RENT,3,3,57,57.16,2,505,0.58599,VERY_HIGH,APPROVED,0,0,<600,100K+
BL004849,2024-07-13 22:45:19,587,109808,9.0,0,20819,home_improvement,RENT,1,5,38,35.73,3,576,0.294284,VERY_HIGH,DECLINED,1,60,<600,100K+
BL004850,2024-03-28 20:55:41,721,29997,17.89,1,8761,credit_card,RENT,1,3,47,38.29,3,694,0.02098,MEDIUM,APPROVED,1,150,600-700,<50K
BL004851,2024-07-22 10:52:51,701,110434,28.72,6,13492,debt_consolidation,RENT,0,0,0,47.88,0,723,0.01182,LOW,APPROVED,0,0,700-800,100K+
BL004852,2024-06-29 00:41:58,611,98485,29.01,9,17867,major_purchase,RENT,0,0,0,13.66,0,631,0.086259,HIGH,APPROVED,0,0,600-700,75-100K
BL004853,2024-08-28 09:43:14,786,71770,17.26,1,15405,credit_card,MORTGAGE,0,0,0,45.59,0,742,0.00352,LOW,APPROVED,0,0,700-800,50-75K
BL004854,2024-09-19 14:17:00,651,85096,16.37,4,5865,other,MORTGAGE,2,4,51,38.92,1,617,0.086448,HIGH,DECLINED,0,0,600-700,75-100K
BL004855,2024-04-18 13:36:16,612,102595,25.64,1,17569,major_purchase,OWN,0,0,0,42.24,0,625,0.117317,HIGH,APPROVED,0,0,600-700,100K+
BL004856,2024-07-24 05:08:21,714,56300,26.56,5,68756,debt_consolidation,RENT,2,6,34,50.45,2,645,0.061432,HIGH,APPROVED,0,0,600-700,50-75K
BL004857,2024-05-14 05:48:27,726,36912,25.49,5,45044,debt_consolidation,MORTGAGE,1,4,12,32.67,0,693,0.027423,MEDIUM,APPROVED,0,0,600-700,<50K
BL004858,2024-10-15 10:11:51,821,56288,23.95,2,27744,major_purchase,MORTGAGE,1,4,25,9.85,1,794,0.002117,LOW,APPROVED,0,0,700-800,50-75K
BL004859,2024-07-17 19:34:08,605,84278,23.83,3,26197,credit_card,MORTGAGE,0,0,0,4.57,1,645,0.070136,HIGH,DECLINED,0,0,600-700,75-100K
BL004860,2024-01-22 13:37:41,620,49435,17.74,3,22408,credit_card,RENT,1,4,6,41.44,2,639,0.066279,HIGH,APPROVED,0,0,600-700,<50K
BL004861,2024-11-06 17:26:19,675,47528,7.0,2,14480,major_purchase,RENT,1,3,11,58.38,1,643,0.086179,HIGH,APPROVED,0,0,600-700,<50K
BL004862,2024-02-19 07:38:41,666,36366,12.87,5,10217,debt_consolidation,OWN,1,8,16,60.67,0,643,0.087124,HIGH,APPROVED,0,0,600-700,<50K
BL004863,2024-11-20 00:03:56,686,79784,20.51,15,20713,home_improvement,MORTGAGE,1,7,6,82.65,3,611,0.157457,HIGH,APPROVED,0,0,600-700,75-100K
BL004864,2024-08-07 03:57:34,651,39599,30.89,1,13256,home_improvement,OTHER,0,0,0,11.1,1,618,0.1156,HIGH,DECLINED,0,30,600-700,<50K
BL004865,2024-01-24 19:01:50,604,57589,15.99,6,11152,credit_card,RENT,2,7,9,84.03,1,597,0.203231,VERY_HIGH,DECLINED,0,0,<600,50-75K
BL004866,2024-02-17 23:58:54,666,45993,42.4,17,7208,major_purchase,RENT,0,0,0,41.2,1,657,0.059241,HIGH,APPROVED,0,0,600-700,<50K
BL004867,2024-10-14 08:58:43,730,111436,22.64,5,14626,major_purchase,MORTGAGE,1,3,16,30.62,0,715,0.008373,LOW,APPROVED,0,0,700-800,100K+
BL004868,2024-11-27 02:44:45,734,98086,16.89,6,20239,credit_card,RENT,0,0,0,73.13,4,711,0.017281,MEDIUM,APPROVED,0,0,700-800,75-100K
BL004869,2024-07-12 09:01:10,654,172571,30.77,6,10501,credit_card,OWN,0,0,0,77.48,0,636,0.060719,HIGH,APPROVED,0,0,600-700,100K+
BL004870,2024-06-05 06:01:35,720,46582,34.86,9,33921,debt_consolidation,RENT,0,0,0,33.15,2,644,0.054681,HIGH,APPROVED,0,0,600-700,<50K
BL004871,2024-02-04 07:03:43,713,41198,37.43,5,15365,credit_card,MORTGAGE,1,4,10,47.99,4,578,0.221171,VERY_HIGH,APPROVED,0,0,<600,<50K
BL004872,2024-04-24 21:41:54,663,71041,31.79,3,18016,credit_card,OWN,0,0,0,45.22,1,578,0.182542,VERY_HIGH,DECLINED,0,0,<600,50-75K
BL004873,2024-07-06 03:34:47,671,34699,29.12,2,6850,major_purchase,MORTGAGE,0,0,0,54.66,0,625,0.10194,HIGH,DECLINED,0,0,600-700,<50K
BL004874,2024-05-05 18:45:45,693,50959,21.01,6,9568,credit_card,RENT,0,0,0,15.64,3,677,0.03028,MEDIUM,APPROVED,0,0,600-700,50-75K
BL004875,2024-05-01 17:29:13,846,85152,25.76,1,35612,home_improvement,MORTGAGE,0,0,0,54.62,2,755,0.002632,LOW,APPROVED,0,0,700-800,75-100K
BL004876,2024-11-16 11:24:53,700,64801,26.91,6,10113,debt_consolidation,MORTGAGE,0,0,0,40.18,2,669,0.027587,MEDIUM,APPROVED,0,0,600-700,50-75K
BL004877,2024-08-12 15:51:51,641,91814,17.83,0,25293,debt_consolidation,RENT,0,0,0,16.25,1,637,0.070174,HIGH,APPROVED,0,0,600-700,75-100K
BL004878,2024-09-14 04:48:25,682,45745,28.07,3,34166,credit_card,MORTGAGE,0,0,0,20.92,0,667,0.041012,MEDIUM,APPROVED,0,0,600-700,<50K
BL004879,2024-02-22 20:02:32,659,51604,7.69,1,14853,credit_card,MORTGAGE,1,6,45,47.75,1,682,0.019257,MEDIUM,DECLINED,0,0,600-700,50-75K
BL004880,2024-04-23 01:50:06,754,59669,18.01,4,19147,credit_card,MORTGAGE,1,4,55,57.1,1,692,0.015351,LOW,APPROVED,0,0,600-700,50-75K
BL004881,2024-06-28 05:40:38,570,91401,19.99,5,15207,debt_consolidation,RENT,0,0,0,24.08,1,595,0.227035,VERY_HIGH,APPROVED,0,0,<600,75-100K
BL004882,2024-05-22 10:39:02,630,102788,24.54,4,16701,home_improvement,RENT,1,5,17,33.01,2,593,0.15668,HIGH,APPROVED,0,0,<600,100K+
BL004883,2024-09-24 06:48:13,737,107541,28.12,11,45378,major_purchase,MORTGAGE,1,1,2,23.59,1,676,0.027912,MEDIUM,APPROVED,0,0,600-700,100K+
BL004884,2024-09-27 00:03:57,714,66384,27.43,11,14499,home_improvement,RENT,0,0,0,71.91,2,707,0.013097,LOW,APPROVED,0,0,700-800,50-75K
BL004885,2024-05-23 14:27:30,692,46232,26.73,10,49169,debt_consolidation,RENT,3,3,15,44.17,2,580,0.218504,VERY_HIGH,DECLINED,0,0,<600,<50K
BL004886,2024-02-02 03:34:48,730,52819,11.06,14,66978,other,OWN,2,4,22,7.73,0,749,0.005045,LOW,APPROVED,0,0,700-800,50-75K
BL004887,2024-06-12 04:57:00,617,63539,43.53,0,19644,credit_card,MORTGAGE,0,0,0,75.41,2,532,0.470768,VERY_HIGH,APPROVED,1,90,<600,50-75K
BL004888,2024-05-06 11:04:55,711,32301,19.6,1,13074,debt_consolidation,RENT,0,0,0,9.64,0,748,0.004615,LOW,APPROVED,0,0,700-800,<50K
BL004889,2024-06-16 04:07:53,627,42131,35.05,1,14167,credit_card,RENT,0,0,0,30.39,1,655,0.071996,HIGH,APPROVED,0,30,600-700,<50K
BL004890,2024-10-16 04:36:50,619,29628,26.37,20,18582,other,OWN,0,0,0,43.61,0,629,0.117175,HIGH,DECLINED,0,0,600-700,<50K
BL004891,2024-07-24 23:00:34,718,71891,25.39,1,27984,credit_card,OTHER,0,0,0,67.91,2,716,0.014101,LOW,APPROVED,0,30,700-800,50-75K
BL004892,2024-11-12 09:50:34,646,69725,21.77,4,10228,credit_card,OTHER,1,2,18,78.99,0,602,0.156961,HIGH,APPROVED,0,0,600-700,50-75K
BL004893,2024-04-16 02:37:16,671,42339,23.49,3,7069,debt_consolidation,RENT,0,0,0,25.09,1,641,0.093865,HIGH,APPROVED,0,30,600-700,<50K
BL004894,2024-12-03 06:01:01,725,96145,9.63,1,41792,credit_card,RENT,0,0,0,32.43,0,791,0.002525,LOW,APPROVED,0,0,700-800,75-100K
BL004895,2024-03-27 02:42:54,633,65966,20.73,17,37372,other,RENT,0,0,0,60.47,0,650,0.056257,HIGH,APPROVED,0,0,600-700,50-75K
BL004896,2024-10-18 21:33:34,724,59934,43.7,0,23599,debt_consolidation,RENT,2,4,18,0.0,1,690,0.022631,MEDIUM,APPROVED,0,60,600-700,50-75K
BL004897,2024-07-05 02:15:47,815,84737,30.11,8,21392,home_improvement,RENT,0,0,0,67.14,0,734,0.005804,LOW,APPROVED,0,0,700-800,75-100K
BL004898,2024-07-25 15:02:59,680,73405,18.75,16,13428,credit_card,OWN,0,0,0,58.6,0,711,0.019786,MEDIUM,APPROVED,0,0,700-800,50-75K
BL004899,2024-07-06 21:29:58,744,39938,20.32,4,17864,debt_consolidation,RENT,0,0,0,0.0,2,736,0.005691,LOW,APPROVED,0,0,700-800,<50K
BL004900,2024-03-13 13:32:38,734,47256,19.63,4,19640,debt_consolidation,OWN,1,1,5,31.6,3,668,0.057645,HIGH,APPROVED,0,0,600-700,<50K
BL004901,2024-07-20 01:16:01,620,33918,22.34,4,17366,credit_card,MORTGAGE,2,5,45,31.04,2,589,0.215607,VERY_HIGH,DECLINED,0,0,<600,<50K
BL004902,2024-12-23 15:51:33,615,82714,35.67,1,14913,home_improvement,MORTGAGE,0,0,0,45.25,1,571,0.415235,VERY_HIGH,APPROVED,0,0,<600,75-100K
BL004903,2024-01-24 15:28:04,691,60368,28.41,20,16306,credit_card,MORTGAGE,0,0,0,84.07,2,600,0.119632,HIGH,APPROVED,1,90,600-700,50-75K
BL004904,2024-07-31 10:28:00,572,94073,19.11,6,11386,home_improvement,MORTGAGE,0,0,0,43.33,1,587,0.26769,VERY_HIGH,APPROVED,0,0,<600,75-100K
BL004905,2024-06-08 11:49:03,693,46494,4.48,0,16372,debt_consolidation,OWN,0,0,0,39.03,1,735,0.004462,LOW,APPROVED,0,0,700-800,<50K
BL004906,2024-10-03 06:28:17,705,37733,38.9,10,11434,other,MORTGAGE,1,5,36,53.62,5,603,0.240605,VERY_HIGH,DECLINED,0,0,600-700,<50K
BL004907,2024-09-29 06:02:55,717,102891,34.0,0,30408,credit_card,MORTGAGE,1,6,8,50.75,1,647,0.045309,HIGH,APPROVED,0,0,600-700,100K+
BL004908,2024-11-24 21:33:10,716,91039,23.6,9,32625,credit_card,MORTGAGE,1,4,43,32.44,1,658,0.018138,MEDIUM,DECLINED,0,0,600-700,75-100K
BL004909,2024-05-04 01:06:11,765,33546,27.25,6,19545,credit_card,MORTGAGE,3,4,39,36.29,0,676,0.026888,MEDIUM,APPROVED,0,0,600-700,<50K
BL004910,2024-02-16 05:36:59,672,100317,20.39,2,66839,home_improvement,RENT,1,3,49,48.62,0,645,0.048094,HIGH,APPROVED,0,0,600-700,100K+
BL004911,2024-08-25 00:43:31,766,46290,17.97,3,19930,debt_consolidation,MORTGAGE,0,0,0,58.22,2,765,0.005281,LOW,APPROVED,0,0,700-800,<50K
BL004912,2024-09-26 02:51:34,720,122333,45.98,1,21189,credit_card,RENT,0,0,0,6.84,1,701,0.018929,MEDIUM,APPROVED,0,0,700-800,100K+
BL004913,2024-08-04 02:18:53,720,78740,2.85,16,10981,major_purchase,MORTGAGE,0,0,0,31.4,1,774,0.002559,LOW,APPROVED,0,0,700-800,75-100K
BL004914,2024-03-28 18:43:13,682,48518,21.3,14,22322,debt_consolidation,MORTGAGE,2,5,57,39.65,1,639,0.068261,HIGH,APPROVED,0,0,600-700,<50K
BL004915,2024-10-12 00:28:21,744,57060,27.78,7,11287,major_purchase,RENT,0,0,0,75.42,2,666,0.046587,HIGH,APPROVED,0,0,600-700,50-75K
BL004916,2024-12-06 10:12:16,649,58848,28.75,3,23749,credit_card,MORTGAGE,1,6,13,45.75,0,632,0.070491,HIGH,DECLINED,0,0,600-700,50-75K
BL004917,2024-01-13 21:23:54,732,18000,24.36,0,12973,credit_card,RENT,2,3,30,43.54,1,664,0.036739,MEDIUM,APPROVED,1,150,600-700,<50K
BL004918,2024-11-02 22:29:00,753,84898,21.75,2,51103,debt_consolidation,RENT,0,0,0,58.3,2,735,0.006231,LOW,APPROVED,0,0,700-800,75-100K
BL004919,2024-03-08 17:37:14,654,55299,26.89,1,15594,other,RENT,1,3,26,68.13,2,619,0.138373,HIGH,APPROVED,0,0,600-700,50-75K
BL004920,2024-11-03 16:49:41,638,87800,14.18,6,7407,debt_consolidation,OWN,0,0,0,83.07,2,618,0.11574,HIGH,APPROVED,0,0,600-700,75-100K
BL004921,2024-11-15 07:57:38,649,18459,14.13,4,24901,home_improvement,RENT,1,0,44,34.63,2,617,0.108622,HIGH,APPROVED,1,60,600-700,<50K
BL004922,2024-12-21 05:03:51,689,86252,29.36,5,90000,debt_consolidation,OWN,0,0,0,40.01,1,675,0.025773,MEDIUM,APPROVED,0,0,600-700,75-100K
BL004923,2024-04-15 06:07:14,711,64020,17.1,12,33144,debt_consolidation,MORTGAGE,1,4,43,70.68,0,683,0.030902,MEDIUM,APPROVED,0,0,600-700,50-75K
BL004924,2024-01-10 11:43:50,740,38705,30.32,1,30696,other,OTHER,1,3,32,33.94,1,693,0.016146,LOW,APPROVED,0,0,600-700,<50K
BL004925,2024-11-24 15:16:17,797,149328,34.16,1,30299,debt_consolidation,OWN,1,6,55,55.18,1,740,0.005926,LOW,APPROVED,0,0,700-800,100K+
BL004926,2024-06-22 08:55:25,782,90563,36.74,9,30575,debt_consolidation,RENT,0,0,0,48.8,2,733,0.007019,LOW,APPROVED,0,0,700-800,75-100K
BL004927,2024-07-15 09:15:07,707,42055,34.46,3,12641,debt_consolidation,MORTGAGE,0,0,0,57.91,1,636,0.044493,HIGH,APPROVED,0,0,600-700,<50K
BL004928,2024-01-24 20:01:52,670,44582,14.81,4,16503,credit_card,MORTGAGE,2,3,18,44.5,0,637,0.089352,HIGH,APPROVED,0,0,600-700,<50K
BL004929,2024-05-19 19:12:55,624,81688,24.6,4,9459,credit_card,OWN,1,5,21,30.83,2,608,0.16174,HIGH,DECLINED,0,0,600-700,75-100K
BL004930,2024-11-11 13:01:21,737,138032,23.91,10,16719,home_improvement,MORTGAGE,1,1,6,32.82,1,719,0.008562,LOW,APPROVED,0,0,700-800,100K+
BL004931,2024-03-20 09:45:20,720,79421,33.53,13,17719,credit_card,OWN,1,3,26,27.03,1,691,0.022914,MEDIUM,APPROVED,0,0,600-700,75-100K
BL004932,2024-09-18 13:23:33,676,52501,21.44,4,38619,debt_consolidation,OWN,1,5,11,33.99,3,627,0.091482,HIGH,APPROVED,1,90,600-700,50-75K
BL004933,2024-06-16 05:08:23,682,139216,36.14,2,22451,debt_consolidation,MORTGAGE,0,0,0,45.65,1,617,0.122235,HIGH,DECLINED,0,0,600-700,100K+
BL004934,2024-01-31 15:49:34,685,48904,25.51,3,17649,debt_consolidation,RENT,2,3,40,12.01,0,692,0.02142,MEDIUM,APPROVED,0,0,600-700,<50K
BL004935,2024-08-25 08:04:37,548,112981,36.07,1,43361,major_purchase,RENT,0,0,0,10.11,2,562,0.362692,VERY_HIGH,APPROVED,1,90,<600,100K+
BL004936,2024-04-10 17:43:15,688,85256,25.21,8,20208,major_purchase,RENT,1,3,26,61.45,4,569,0.263614,VERY_HIGH,DECLINED,1,90,<600,75-100K
BL004937,2024-03-11 05:38:33,709,60140,25.1,16,69648,credit_card,MORTGAGE,0,0,0,51.31,2,660,0.044519,HIGH,APPROVED,0,0,600-700,50-75K
BL004938,2024-05-06 00:02:52,684,48789,14.53,2,14894,debt_consolidation,OWN,1,3,19,36.81,1,665,0.046519,HIGH,APPROVED,0,0,600-700,<50K
BL004939,2024-09-17 19:55:39,632,49526,20.67,6,6859,credit_card,RENT,0,0,0,40.27,1,673,0.047293,HIGH,APPROVED,0,0,600-700,<50K
BL004940,2024-06-18 12:31:28,694,62852,38.23,3,12038,major_purchase,RENT,0,0,0,68.97,2,616,0.14451,HIGH,DECLINED,1,60,600-700,50-75K
BL004941,2024-03-06 16:17:25,718,116154,37.78,7,18205,home_improvement,RENT,0,0,0,27.91,1,693,0.024655,MEDIUM,APPROVED,0,0,600-700,100K+
BL004942,2024-01-31 01:43:18,792,61806,3.07,1,36035,home_improvement,MORTGAGE,0,0,0,55.84,1,760,0.002557,LOW,APPROVED,0,0,700-800,50-75K
BL004943,2024-12-21 04:03:40,750,43288,45.29,2,25525,home_improvement,MORTGAGE,0,0,0,49.76,3,644,0.072436,HIGH,APPROVED,0,0,600-700,<50K
BL004944,2024-06-16 23:57:08,724,113908,39.6,1,11151,debt_consolidation,MORTGAGE,0,0,0,0.0,1,670,0.025443,MEDIUM,APPROVED,0,0,600-700,100K+
BL004945,2024-10-28 22:13:49,688,99693,17.66,6,16544,other,MORTGAGE,1,7,57,36.32,0,691,0.026412,MEDIUM,APPROVED,0,0,600-700,75-100K
BL004946,2024-12-02 08:48:33,617,66015,30.77,7,14752,debt_consolidation,RENT,0,0,0,47.84,2,578,0.27311,VERY_HIGH,DECLINED,0,0,<600,50-75K
BL004947,2024-07-16 00:14:13,665,109568,32.5,1,17550,major_purchase,RENT,1,7,25,32.87,0,649,0.056249,HIGH,APPROVED,0,0,600-700,100K+
BL004948,2024-12-14 10:18:57,615,69123,1.55,8,46891,home_improvement,MORTGAGE,0,0,0,41.36,2,646,0.044476,HIGH,APPROVED,0,30,600-700,50-75K
BL004949,2024-03-04 06:42:26,686,141325,22.64,1,20929,major_purchase,MORTGAGE,0,0,0,43.09,1,705,0.017204,MEDIUM,APPROVED,0,0,700-800,100K+
BL004950,2024-05-06 19:15:01,751,60803,25.33,12,22270,home_improvement,MORTGAGE,0,0,0,33.35,0,697,0.009408,LOW,APPROVED,0,0,600-700,50-75K
BL004951,2024-07-13 18:52:16,750,46196,22.27,2,24216,home_improvement,MORTGAGE,0,0,0,15.16,3,721,0.012561,LOW,APPROVED,0,0,700-800,<50K
BL004952,2024-12-23 02:26:19,742,52550,11.6,21,18770,credit_card,RENT,1,4,35,66.19,1,704,0.014307,LOW,APPROVED,0,0,700-800,50-75K
BL004953,2024-06-30 05:34:35,692,67199,22.83,1,10738,major_purchase,MORTGAGE,2,5,39,31.54,2,649,0.063688,HIGH,DECLINED,0,0,600-700,50-75K
BL004954,2024-10-28 18:21:51,747,67983,28.95,2,80109,major_purchase,RENT,0,0,0,53.47,1,713,0.017035,MEDIUM,APPROVED,0,0,700-800,50-75K
BL004955,2024-08-24 07:31:03,676,49693,27.76,2,12248,credit_card,RENT,0,0,0,35.07,0,650,0.046019,HIGH,DECLINED,0,0,600-700,<50K
BL004956,2024-04-06 00:26:13,582,50649,14.2,4,16104,major_purchase,RENT,0,0,0,26.26,0,631,0.1203,HIGH,DECLINED,0,0,600-700,50-75K
BL004957,2024-04-18 16:25:31,699,35966,44.85,1,12290,other,OWN,1,6,30,78.84,2,597,0.184154,VERY_HIGH,APPROVED,0,0,<600,<50K
BL004958,2024-05-29 07:13:28,693,50205,14.4,11,24002,credit_card,RENT,0,0,0,24.67,3,684,0.025609,MEDIUM,APPROVED,0,0,600-700,50-75K
BL004959,2024-01-21 04:20:04,594,129313,18.34,10,36169,home_improvement,RENT,1,4,25,49.08,1,611,0.15519,HIGH,APPROVED,0,0,600-700,100K+
BL004960,2024-07-17 15:34:04,662,58395,28.71,4,18883,credit_card,MORTGAGE,1,2,37,64.26,3,613,0.195406,VERY_HIGH,APPROVED,0,0,600-700,50-75K
BL004961,2024-03-19 04:44:47,555,41393,19.38,0,45849,other,RENT,0,0,0,56.88,3,508,0.580488,VERY_HIGH,DECLINED,0,0,<600,<50K
BL004962,2024-09-15 07:14:49,665,47349,18.84,21,19891,other,RENT,2,11,45,45.57,0,633,0.072017,HIGH,APPROVED,0,0,600-700,<50K
BL004963,2024-09-25 00:10:20,759,45270,19.18,12,16076,home_improvement,MORTGAGE,0,0,0,23.17,2,725,0.007596,LOW,APPROVED,0,0,700-800,<50K
BL004964,2024-09-26 06:17:31,655,60125,22.86,2,17087,home_improvement,RENT,0,0,0,79.43,2,614,0.111073,HIGH,APPROVED,0,0,600-700,50-75K
BL004965,2024-04-13 09:41:58,764,43644,45.49,2,90000,major_purchase,MORTGAGE,0,0,0,46.65,0,700,0.01625,MEDIUM,APPROVED,0,0,700-800,<50K
BL004966,2024-08-30 06:09:32,704,105057,21.32,15,12106,debt_consolidation,MORTGAGE,1,3,50,30.96,1,697,0.014381,LOW,APPROVED,0,0,600-700,100K+
BL004967,2024-05-30 04:17:54,650,43848,19.01,1,12651,major_purchase,MORTGAGE,1,1,25,34.51,0,613,0.135821,HIGH,APPROVED,0,0,600-700,<50K
BL004968,2024-12-17 23:50:41,592,56345,13.57,4,90000,debt_consolidation,MORTGAGE,0,0,0,39.33,1,618,0.093277,HIGH,DECLINED,1,120,600-700,50-75K
BL004969,2024-09-20 19:17:47,733,119396,25.86,1,17393,debt_consolidation,MORTGAGE,0,0,0,38.37,1,707,0.009172,LOW,DECLINED,0,0,700-800,100K+
BL004970,2024-03-05 10:14:00,728,62185,29.21,0,22805,major_purchase,OWN,1,0,7,16.31,1,677,0.021508,MEDIUM,APPROVED,0,0,600-700,50-75K
BL004971,2024-06-14 06:15:06,608,109378,16.37,5,9230,credit_card,RENT,0,0,0,13.9,0,662,0.043661,HIGH,APPROVED,0,0,600-700,100K+
BL004972,2024-08-15 03:19:37,668,57943,19.83,28,6103,major_purchase,MORTGAGE,0,0,0,66.66,0,674,0.030288,MEDIUM,APPROVED,1,90,600-700,50-75K
BL004973,2024-05-10 09:44:35,753,88989,27.32,1,7675,debt_consolidation,RENT,1,2,18,49.27,2,703,0.017889,MEDIUM,APPROVED,0,0,700-800,75-100K
BL004974,2024-11-27 04:07:12,650,162805,18.58,5,15620,debt_consolidation,MORTGAGE,3,2,24,51.82,0,635,0.085716,HIGH,APPROVED,0,0,600-700,100K+
BL004975,2024-04-11 16:30:43,713,42178,16.61,4,13734,credit_card,OWN,0,0,0,16.94,1,688,0.021133,MEDIUM,APPROVED,0,0,600-700,<50K
BL004976,2024-03-24 22:04:50,583,79369,30.38,1,21691,home_improvement,MORTGAGE,1,11,46,17.93,2,539,0.533657,VERY_HIGH,DECLINED,0,0,<600,75-100K
BL004977,2024-08-07 08:18:12,640,38985,35.42,2,25929,major_purchase,MORTGAGE,0,0,0,39.91,1,661,0.071794,HIGH,APPROVED,0,0,600-700,<50K
BL004978,2024-02-22 10:18:14,732,62027,20.81,4,12620,credit_card,RENT,1,6,38,60.01,0,705,0.016732,MEDIUM,APPROVED,0,0,700-800,50-75K
BL004979,2024-04-11 03:47:45,625,46989,5.7,2,9902,home_improvement,RENT,0,0,0,42.54,1,655,0.064801,HIGH,APPROVED,0,0,600-700,<50K
BL004980,2024-01-29 01:22:44,611,66463,27.87,14,9178,credit_card,MORTGAGE,2,7,46,47.99,1,535,0.551298,VERY_HIGH,DECLINED,0,0,<600,50-75K
BL004981,2024-01-12 15:45:07,614,37307,9.99,2,16841,debt_consolidation,RENT,1,3,3,19.4,2,606,0.124361,HIGH,DECLINED,1,60,600-700,<50K
BL004982,2024-09-07 18:32:45,670,24901,40.65,3,17448,debt_consolidation,RENT,0,0,0,42.08,1,646,0.101196,HIGH,APPROVED,0,0,600-700,<50K
BL004983,2024-03-24 11:17:06,603,81059,26.38,5,19321,other,RENT,2,3,7,57.49,3,550,0.418525,VERY_HIGH,APPROVED,1,60,<600,75-100K
BL004984,2024-10-19 14:25:44,685,65879,29.67,7,23950,credit_card,MORTGAGE,0,0,0,27.05,2,647,0.05626,HIGH,APPROVED,0,0,600-700,50-75K
BL004985,2024-04-22 22:19:50,722,110964,26.43,6,43817,credit_card,MORTGAGE,1,4,37,35.42,2,681,0.025783,MEDIUM,APPROVED,0,0,600-700,100K+
BL004986,2024-02-17 14:27:28,777,68676,32.91,15,18702,major_purchase,MORTGAGE,1,5,18,62.74,1,691,0.018784,MEDIUM,APPROVED,0,0,600-700,50-75K
BL004987,2024-10-20 19:09:08,669,65751,30.28,9,13810,major_purchase,MORTGAGE,1,6,11,57.93,1,634,0.073071,HIGH,APPROVED,0,0,600-700,50-75K
BL004988,2024-01-01 01:21:48,781,43121,27.82,4,43750,home_improvement,RENT,1,4,48,23.53,2,729,0.008112,LOW,APPROVED,0,0,700-800,<50K
BL004989,2024-11-12 23:13:02,722,34370,25.93,10,17208,major_purchase,MORTGAGE,0,0,0,36.34,1,708,0.016303,MEDIUM,APPROVED,0,0,700-800,<50K
BL004990,2024-08-03 09:06:47,679,66797,10.12,20,14893,home_improvement,RENT,0,0,0,44.47,1,714,0.011361,LOW,APPROVED,0,0,700-800,50-75K
BL004991,2024-07-31 11:24:18,720,37641,29.87,0,21444,home_improvement,OTHER,1,1,20,0.0,0,740,0.009017,LOW,APPROVED,0,0,700-800,<50K
BL004992,2024-04-09 00:39:48,776,115543,21.36,2,21840,debt_consolidation,RENT,0,0,0,29.28,2,790,0.00143,LOW,APPROVED,0,0,700-800,100K+
BL004993,2024-05-17 02:31:34,775,117681,26.24,4,32852,debt_consolidation,RENT,0,0,0,50.09,1,749,0.003961,LOW,APPROVED,0,0,700-800,100K+
BL004994,2024-01-11 03:35:26,733,79661,32.45,2,11891,home_improvement,MORTGAGE,1,1,32,68.59,0,674,0.038259,MEDIUM,APPROVED,0,0,600-700,75-100K
BL004995,2024-05-29 04:12:46,686,107624,16.33,2,18306,major_purchase,OWN,1,4,26,17.67,2,681,0.028622,MEDIUM,APPROVED,0,0,600-700,100K+
BL004996,2024-05-25 13:10:17,738,60676,16.84,13,14395,home_improvement,OWN,1,2,29,35.79,4,688,0.025117,MEDIUM,APPROVED,0,0,600-700,50-75K
BL004997,2024-08-19 04:27:54,703,49716,31.23,4,44202,major_purchase,RENT,1,4,40,48.21,3,657,0.081739,HIGH,DECLINED,0,0,600-700,<50K
BL004998,2024-10-21 19:08:29,701,182095,17.4,9,22647,major_purchase,OTHER,1,7,21,77.44,0,655,0.044599,HIGH,APPROVED,0,0,600-700,100K+
BL004999,2024-04-23 02:22:26,706,56559,19.45,6,7933,major_purchase,RENT,3,2,6,25.14,2,655,0.061689,HIGH,DECLINED,0,0,600-700,50-75K
